video_id,question,answer,pred_answer,retrieved_blocks,retrieve_size,chunk_size
9198b9a4-8d8f-4ba6-9924-4c86982d890a,What task is being performed with vegetables?,Chopping vegetables.,The person is chopping garlic and tomatoes on a wooden cutting board.,48;49;50;51;52;53;54;55;56;57;58;59;60;61;62;63;68;69;70;71;72;73;74;75;76;77;78;79;80;81;82;83;84;85;86;87;100;101;102;103;108;109;110;111;116;117;118;119;124;125;126;127;132;133;134;135;140;141;142;143;144;145;146;147,64,1
9198b9a4-8d8f-4ba6-9924-4c86982d890a,What step is being taken with flatbread?,Wrapping sauce in flatbread.,The flatbread is being filled with the cooked mixture.,48;49;50;51;52;53;54;55;56;57;58;59;60;61;62;63;68;69;70;71;72;73;74;75;76;77;78;79;80;81;82;83;84;85;86;87;100;101;102;103;108;109;110;111;116;117;118;119;124;125;126;127;132;133;134;135;140;141;142;143;144;145;146;147,64,1
9198b9a4-8d8f-4ba6-9924-4c86982d890a,What kitchen fixture is being utilized?,Opening a cabinet.,stove,48;49;50;51;52;53;54;55;56;57;58;59;60;61;62;63;68;69;70;71;72;73;74;75;76;77;78;79;80;81;82;83;84;85;86;87;100;101;102;103;108;109;110;111;116;117;118;119;124;125;126;127;132;133;134;135;140;141;142;143;144;145;146;147,64,1
9198b9a4-8d8f-4ba6-9924-4c86982d890a,What's the overview of the action in the clip?,Preparing ingredients for a meal.,"The video begins with a person preparing food in a kitchen. They are seen chopping tomatoes on a wooden cutting board, with various kitchen utensils and ingredients around them, including a bowl of chopped onions, a bowl of chopped tomatoes, a bowl of grated cheese, and a bowl of chopped vegetables. The person is wearing red nail polish and is focused on the task at hand. The kitchen is well-lit and has a festive atmosphere, with a Christmas tree visible in the background.The scene transitions to the person continuing to chop tomatoes on the wooden cutting board. The kitchen counter is cluttered with various ingredients and utensils, including a bowl of chopped onions, a bowl of grated cheese, a bowl of chopped vegetables, a metal bowl with yellow and green bell peppers, and a bottle of oil. The person is still wearing red nail polish and is focused on the task at hand. The kitchen is well-lit and has a festive atmosphere, with a Christmas tree visible in the background.The video then shows the person continuing to chop tomatoes on the wooden cutting board. The kitchen counter is cluttered with various ingredients and utensils, including a bowl of chopped onions, a bowl of grated cheese, a bowl of chopped vegetables, a metal bowl with yellow and green bell peppers,",48;49;50;51;52;53;54;55;56;57;58;59;60;61;62;63;68;69;70;71;72;73;74;75;76;77;78;79;80;81;82;83;84;85;86;87;100;101;102;103;108;109;110;111;116;117;118;119;124;125;126;127;132;133;134;135;140;141;142;143;144;145;146;147,64,1
9198b9a4-8d8f-4ba6-9924-4c86982d890a,Does the video show someone chopping vegetables?,Yes.,Yes.,48;49;50;51;52;53;54;55;56;57;58;59;60;61;62;63;68;69;70;71;72;73;74;75;76;77;78;79;80;81;82;83;84;85;86;87;100;101;102;103;108;109;110;111;116;117;118;119;124;125;126;127;132;133;134;135;140;141;142;143;144;145;146;147,64,1
9198b9a4-8d8f-4ba6-9924-4c86982d890a,Did the individual successfully open a kitchen cabinet?,Yes.,Yes.,48;49;50;51;52;53;54;55;56;57;58;59;60;61;62;63;68;69;70;71;72;73;74;75;76;77;78;79;80;81;82;83;84;85;86;87;100;101;102;103;108;109;110;111;116;117;118;119;124;125;126;127;132;133;134;135;140;141;142;143;144;145;146;147,64,1
9198b9a4-8d8f-4ba6-9924-4c86982d890a,Is the flatbread being seasoned with sauce?,Yes.,"No, the flatbread is being filled with the meat mixture.",48;49;50;51;52;53;54;55;56;57;58;59;60;61;62;63;68;69;70;71;72;73;74;75;76;77;78;79;80;81;82;83;84;85;86;87;100;101;102;103;104;105;106;107;108;109;110;111;116;117;118;119;124;125;126;127;132;133;134;135;140;141;142;143,64,1
9198b9a4-8d8f-4ba6-9924-4c86982d890a,Is there an occurrence of food being wrapped?,Yes.,Yes.,48;49;50;51;52;53;54;55;56;57;58;59;60;61;62;63;68;69;70;71;72;73;74;75;76;77;78;79;80;81;82;83;84;85;86;87;100;101;102;103;108;109;110;111;116;117;118;119;124;125;126;127;132;133;134;135;140;141;142;143;144;145;146;147,64,1
9198b9a4-8d8f-4ba6-9924-4c86982d890a,Is the person using a knife for cooking tasks?,Yes.,Yes.,48;49;50;51;52;53;54;55;56;57;58;59;60;61;62;63;68;69;70;71;72;73;74;75;76;77;78;79;80;81;82;83;84;85;86;87;100;101;102;103;108;109;110;111;116;117;118;119;124;125;126;127;132;133;134;135;140;141;142;143;144;145;146;147,64,1
9198b9a4-8d8f-4ba6-9924-4c86982d890a,What is the location in the video clip?,A kitchen.,The location in the video clip is a kitchen.,56;57;58;59;60;61;62;63;68;69;70;71;72;73;74;75;116;117;118;119;132;133;134;135;168;169;170;171;192;193;194;195;196;197;198;199;200;201;202;203;216;217;218;219;220;221;222;223;236;237;238;239;240;241;242;243;260;261;262;263;276;277;278;279,64,1
9198b9a4-8d8f-4ba6-9924-4c86982d890a,What kitchen activity is underway in the clip?,Cutting vegetables.,"The clip shows the preparation of a meal involving filling and cooking tortillas, with a focus on the cooking process and the ingredients used.",56;57;58;59;60;61;62;63;68;69;70;71;72;73;74;75;116;117;118;119;132;133;134;135;168;169;170;171;192;193;194;195;196;197;198;199;200;201;202;203;216;217;218;219;220;221;222;223;236;237;238;239;240;241;242;243;260;261;262;263;276;277;278;279,64,1
9198b9a4-8d8f-4ba6-9924-4c86982d890a,What tool does the person in the video use?,Knives.,The person in the video uses a spatula to handle the food.,56;57;58;59;60;61;62;63;68;69;70;71;72;73;74;75;116;117;118;119;132;133;134;135;168;169;170;171;192;193;194;195;196;197;198;199;200;201;202;203;216;217;218;219;220;221;222;223;236;237;238;239;240;241;242;243;260;261;262;263;276;277;278;279,64,1
9198b9a4-8d8f-4ba6-9924-4c86982d890a,What appliance does the person in the video handle?,The heat regulator of the cooker.,The person in the video handles a black griddle.,56;57;58;59;60;61;62;63;68;69;70;71;72;73;74;75;116;117;118;119;132;133;134;135;168;169;170;171;192;193;194;195;196;197;198;199;200;201;202;203;216;217;218;219;220;221;222;223;236;237;238;239;240;241;242;243;260;261;262;263;276;277;278;279,64,1
9198b9a4-8d8f-4ba6-9924-4c86982d890a,What part of the kitchen furniture does the person interact with?,Drawers.,"The person interacts with the stove, cutting board, and various kitchen utensils.",56;57;58;59;60;61;62;63;68;69;70;71;72;73;74;75;116;117;118;119;132;133;134;135;168;169;170;171;192;193;194;195;196;197;198;199;200;201;202;203;216;217;218;219;220;221;222;223;236;237;238;239;240;241;242;243;260;261;262;263;276;277;278;279,64,1
9198b9a4-8d8f-4ba6-9924-4c86982d890a,How is the person controlling the cooking temperature?,Operating the heat regulator.,The person is adjusting the stove knobs to control the cooking temperature.,56;57;58;59;60;61;62;63;68;69;70;71;72;73;74;75;116;117;118;119;132;133;134;135;168;169;170;171;192;193;194;195;196;197;198;199;200;201;202;203;216;217;218;219;220;221;222;223;236;237;238;239;240;241;242;243;260;261;262;263;276;277;278;279,64,1
9198b9a4-8d8f-4ba6-9924-4c86982d890a,What can be inferred from the person's actions with the drawers?,Searching or organizing.,"The person's actions with the drawers suggest they are organizing or retrieving items, possibly related to the cooking process.",56;57;58;59;60;61;62;63;68;69;70;71;72;73;74;75;116;117;118;119;132;133;134;135;168;169;170;171;192;193;194;195;196;197;198;199;200;201;202;203;216;217;218;219;220;221;222;223;236;237;238;239;240;241;242;243;260;261;262;263;276;277;278;279,64,1
9198b9a4-8d8f-4ba6-9924-4c86982d890a,Does the clip show any cooking taking place?,"No direct cooking, only preparation.","Yes, the clip shows the person cooking by placing the tortillas on the griddle and spreading the filling inside them.",56;57;58;59;60;61;62;63;68;69;70;71;72;73;74;75;116;117;118;119;132;133;134;135;168;169;170;171;192;193;194;195;196;197;198;199;200;201;202;203;216;217;218;219;220;221;222;223;236;237;238;239;240;241;242;243;260;261;262;263;276;277;278;279,64,1
9198b9a4-8d8f-4ba6-9924-4c86982d890a,Did the person successfully cut the vegetables?,Yes.,"Yes, the person successfully cut the vegetables into smaller pieces.",56;57;58;59;60;61;62;63;68;69;70;71;72;73;74;75;116;117;118;119;132;133;134;135;168;169;170;171;192;193;194;195;196;197;198;199;200;201;202;203;216;217;218;219;220;221;222;223;236;237;238;239;240;241;242;243;260;261;262;263;276;277;278;279,64,1
9198b9a4-8d8f-4ba6-9924-4c86982d890a,Was the heat regulator adjusted to a specific level?,"Yes, it was operated.","Yes, the heat regulator was adjusted to a specific level.",56;57;58;59;60;61;62;63;68;69;70;71;72;73;74;75;116;117;118;119;132;133;134;135;168;169;170;171;192;193;194;195;196;197;198;199;200;201;202;203;216;217;218;219;220;221;222;223;236;237;238;239;240;241;242;243;260;261;262;263;276;277;278;279,64,1
9198b9a4-8d8f-4ba6-9924-4c86982d890a,Did the person use any other kitchen tools besides knives?,Heat regulator only mentioned.,"Yes, the person used a spatula to handle the food on the stove.",56;57;58;59;60;61;62;63;68;69;70;71;72;73;74;75;116;117;118;119;132;133;134;135;168;169;170;171;192;193;194;195;196;197;198;199;200;201;202;203;216;217;218;219;220;221;222;223;236;237;238;239;240;241;242;243;260;261;262;263;276;277;278;279,64,1
9198b9a4-8d8f-4ba6-9924-4c86982d890a,Is the cabinet opened before wrapping the sauce in flat bread?,No,"Yes, the cabinet is opened to reveal a stack of tortillas before wrapping the sauce in flat bread.",56;57;58;59;60;61;62;63;68;69;70;71;72;73;74;75;116;117;118;119;132;133;134;135;168;169;170;171;192;193;194;195;196;197;198;199;200;201;202;203;216;217;218;219;220;221;222;223;236;237;238;239;240;241;242;243;260;261;262;263;276;277;278;279,64,1
9198b9a4-8d8f-4ba6-9924-4c86982d890a,Do I cut vegetables before operating the heat regulator on the cooker?,Yes,"Yes, you cut vegetables before operating the heat regulator on the cooker.",56;57;58;59;60;61;62;63;68;69;70;71;72;73;74;75;116;117;118;119;132;133;134;135;168;169;170;171;192;193;194;195;196;197;198;199;200;201;202;203;216;217;218;219;220;221;222;223;236;237;238;239;240;241;242;243;260;261;262;263;276;277;278;279,64,1
9198b9a4-8d8f-4ba6-9924-4c86982d890a,Is the drawer opened before the vegetables are chopped?,No,Yes.,56;57;58;59;60;61;62;63;68;69;70;71;72;73;74;75;116;117;118;119;132;133;134;135;168;169;170;171;192;193;194;195;196;197;198;199;200;201;202;203;216;217;218;219;220;221;222;223;236;237;238;239;240;241;242;243;260;261;262;263;276;277;278;279,64,1
9198b9a4-8d8f-4ba6-9924-4c86982d890a,Does wrapping sauce in flat bread happen after cutting vegetables?,Yes,"Yes, wrapping sauce in flat bread happens after cutting vegetables.",56;57;58;59;60;61;62;63;68;69;70;71;72;73;74;75;116;117;118;119;132;133;134;135;168;169;170;171;192;193;194;195;196;197;198;199;200;201;202;203;216;217;218;219;220;221;222;223;236;237;238;239;240;241;242;243;260;261;262;263;276;277;278;279,64,1
9198b9a4-8d8f-4ba6-9924-4c86982d890a,Do I open the cabinet before chopping the vegetables?,No,"No, you should open the cabinet after chopping the vegetables.",56;57;58;59;60;61;62;63;68;69;70;71;72;73;74;75;116;117;118;119;132;133;134;135;168;169;170;171;192;193;194;195;196;197;198;199;200;201;202;203;216;217;218;219;220;221;222;223;236;237;238;239;240;241;242;243;260;261;262;263;276;277;278;279,64,1
9198b9a4-8d8f-4ba6-9924-4c86982d890a,What occurs just before wrapping the sauce in flat bread?,Chopping vegetables,The sauce is scooped into tortillas.,56;57;58;59;60;61;62;63;68;69;70;71;72;73;74;75;116;117;118;119;132;133;134;135;168;169;170;171;192;193;194;195;196;197;198;199;200;201;202;203;216;217;218;219;220;221;222;223;236;237;238;239;240;241;242;243;260;261;262;263;276;277;278;279,64,1
9198b9a4-8d8f-4ba6-9924-4c86982d890a,What takes place right before operating the heat regulator of the cooker?,Cutting vegetables with knives,"Right before operating the heat regulator of the cooker, the person is seen holding a spatula and a spoon, likely preparing to adjust the heat or stir the contents of the pan.",56;57;58;59;60;61;62;63;68;69;70;71;72;73;74;75;116;117;118;119;132;133;134;135;168;169;170;171;192;193;194;195;196;197;198;199;200;201;202;203;216;217;218;219;220;221;222;223;236;237;238;239;240;241;242;243;260;261;262;263;276;277;278;279,64,1
9198b9a4-8d8f-4ba6-9924-4c86982d890a,What setting is shown in this video clip?,A kitchen.,The video clip shows a kitchen setting where a person is preparing food.,60;61;62;63;68;69;70;71;116;117;118;119;132;133;134;135;168;169;170;171;192;193;194;195;196;197;198;199;200;201;202;203;216;217;218;219;220;221;222;223;236;237;238;239;260;261;262;263;300;301;302;303;316;317;318;319;336;337;338;339;388;389;390;391,64,1
9198b9a4-8d8f-4ba6-9924-4c86982d890a,What task is being performed with tomatoes?,Cutting tomatoes.,The tomatoes are being chopped and added to the pan with the other ingredients.,60;61;62;63;68;69;70;71;116;117;118;119;168;169;170;171;192;193;194;195;196;197;198;199;200;201;202;203;216;217;218;219;220;221;222;223;236;237;238;239;260;261;262;263;276;277;278;279;300;301;302;303;316;317;318;319;336;337;338;339;388;389;390;391,64,1
9198b9a4-8d8f-4ba6-9924-4c86982d890a,Is there an electronic device being used in this scene?,"Yes, a mobile phone.",Yes.,60;61;62;63;68;69;70;71;116;117;118;119;168;169;170;171;192;193;194;195;196;197;198;199;200;201;202;203;216;217;218;219;220;221;222;223;236;237;238;239;260;261;262;263;276;277;278;279;300;301;302;303;316;317;318;319;336;337;338;339;388;389;390;391,64,1
9198b9a4-8d8f-4ba6-9924-4c86982d890a,How is the sauce being utilized in the cooking process?,By spreading it on flatbreads.,"The sauce is being used to fill the tortillas, which are then placed on a grill pan to be cooked.",56;57;58;59;60;61;62;63;68;69;70;71;116;117;118;119;192;193;194;195;196;197;198;199;200;201;202;203;216;217;218;219;220;221;222;223;236;237;238;239;260;261;262;263;276;277;278;279;300;301;302;303;316;317;318;319;336;337;338;339;388;389;390;391,64,1
9198b9a4-8d8f-4ba6-9924-4c86982d890a,What activity is occurring aside from food preparation?,Operating a mobile phone.,"Aside from food preparation, the activity occurring is the person's hands being shown with red nail polish, indicating a personal touch or style preference.",60;61;62;63;68;69;70;71;116;117;118;119;132;133;134;135;168;169;170;171;192;193;194;195;196;197;198;199;200;201;202;203;216;217;218;219;220;221;222;223;236;237;238;239;260;261;262;263;300;301;302;303;316;317;318;319;336;337;338;339;388;389;390;391,64,1
9198b9a4-8d8f-4ba6-9924-4c86982d890a,What manual task is depicted involving food items?,"Cutting vegetables, specifically tomatoes.","The manual task depicted is the preparation of food items, specifically filling tortillas with a meat mixture and placing them on a grill pan.",56;57;58;59;60;61;62;63;68;69;70;71;116;117;118;119;168;169;170;171;192;193;194;195;196;197;198;199;200;201;202;203;216;217;218;219;220;221;222;223;236;237;238;239;260;261;262;263;300;301;302;303;316;317;318;319;336;337;338;339;388;389;390;391,64,1
9198b9a4-8d8f-4ba6-9924-4c86982d890a,Is someone chopping vegetables in the video?,Yes.,"No, there is no chopping of vegetables shown in the video.",56;57;58;59;60;61;62;63;68;69;70;71;116;117;118;119;192;193;194;195;196;197;198;199;200;201;202;203;216;217;218;219;220;221;222;223;236;237;238;239;260;261;262;263;276;277;278;279;300;301;302;303;316;317;318;319;336;337;338;339;388;389;390;391,64,1
9198b9a4-8d8f-4ba6-9924-4c86982d890a,Is the sauce being poured into a bowl?,"No, it's being rolled in flatbreads.","No, the sauce is being poured into a pan.",60;61;62;63;68;69;70;71;116;117;118;119;168;169;170;171;192;193;194;195;196;197;198;199;200;201;202;203;216;217;218;219;220;221;222;223;236;237;238;239;260;261;262;263;276;277;278;279;300;301;302;303;316;317;318;319;336;337;338;339;388;389;390;391,64,1
9198b9a4-8d8f-4ba6-9924-4c86982d890a,Is a cooking activity happening in a bedroom?,"No, it's happening in a kitchen.",no,56;57;58;59;60;61;62;63;68;69;70;71;116;117;118;119;192;193;194;195;196;197;198;199;200;201;202;203;216;217;218;219;220;221;222;223;236;237;238;239;260;261;262;263;276;277;278;279;300;301;302;303;316;317;318;319;336;337;338;339;388;389;390;391,64,1
9198b9a4-8d8f-4ba6-9924-4c86982d890a,Does the frame capture the act of grilling or frying?,No.,"The frame captures the act of grilling or frying, as the tortillas are being cooked on a grill pan.",60;61;62;63;68;69;70;71;116;117;118;119;168;169;170;171;192;193;194;195;196;197;198;199;200;201;202;203;216;217;218;219;220;221;222;223;236;237;238;239;260;261;262;263;276;277;278;279;300;301;302;303;316;317;318;319;336;337;338;339;388;389;390;391,64,1
9198b9a4-8d8f-4ba6-9924-4c86982d890a,"In the video, are vegetables cut before the heat regulator is operated?",Yes,"Yes, vegetables are cut before the heat regulator is operated.",60;61;62;63;68;69;70;71;116;117;118;119;168;169;170;171;192;193;194;195;196;197;198;199;200;201;202;203;216;217;218;219;220;221;222;223;236;237;238;239;260;261;262;263;276;277;278;279;300;301;302;303;316;317;318;319;336;337;338;339;388;389;390;391,64,1
9198b9a4-8d8f-4ba6-9924-4c86982d890a,Does rolling sauce in flatbreads occur after cutting tomatoes?,Yes,"No, rolling sauce in flatbreads occurs before cutting tomatoes.",56;57;58;59;60;61;62;63;68;69;70;71;116;117;118;119;192;193;194;195;196;197;198;199;200;201;202;203;216;217;218;219;220;221;222;223;236;237;238;239;260;261;262;263;276;277;278;279;300;301;302;303;316;317;318;319;336;337;338;339;388;389;390;391,64,1
9198b9a4-8d8f-4ba6-9924-4c86982d890a,Does the opening of the drawers happen before using the mobile phone?,No,"No, the opening of the drawers happens after using the mobile phone.",60;61;62;63;68;69;70;71;116;117;118;119;168;169;170;171;192;193;194;195;196;197;198;199;200;201;202;203;216;217;218;219;220;221;222;223;236;237;238;239;260;261;262;263;276;277;278;279;300;301;302;303;316;317;318;319;336;337;338;339;388;389;390;391,64,1
9198b9a4-8d8f-4ba6-9924-4c86982d890a,Is the heat regulator operated before rolling sauce in flatbreads?,No,"Yes, the heat regulator is operated before rolling sauce in flatbreads.",56;57;58;59;60;61;62;63;68;69;70;71;116;117;118;119;192;193;194;195;196;197;198;199;200;201;202;203;216;217;218;219;220;221;222;223;236;237;238;239;260;261;262;263;276;277;278;279;300;301;302;303;316;317;318;319;336;337;338;339;388;389;390;391,64,1
9198b9a4-8d8f-4ba6-9924-4c86982d890a,What occurs just before rolling sauce in flatbreads?,Cutting tomatoes with a knife.,The sauce is scooped into the flatbreads.,60;61;62;63;68;69;70;71;116;117;118;119;168;169;170;171;192;193;194;195;196;197;198;199;200;201;202;203;216;217;218;219;220;221;222;223;236;237;238;239;260;261;262;263;276;277;278;279;300;301;302;303;316;317;318;319;336;337;338;339;388;389;390;391,64,1
9198b9a4-8d8f-4ba6-9924-4c86982d890a,What happens just before operating the heat regulator?,Cutting vegetables with knives.,"Just before operating the heat regulator, the person is seen holding a spatula and a plate with tortillas, preparing to place the tortillas on the griddle.",60;61;62;63;68;69;70;71;116;117;118;119;168;169;170;171;192;193;194;195;196;197;198;199;200;201;202;203;216;217;218;219;220;221;222;223;236;237;238;239;260;261;262;263;276;277;278;279;300;301;302;303;316;317;318;319;336;337;338;339;388;389;390;391,64,1
9198b9a4-8d8f-4ba6-9924-4c86982d890a,What is done just before opening drawers in the kitchen?,Operating the heat regulator of the cooker.,"Just before opening drawers in the kitchen, a person is seen holding a spatula and a white bowl, possibly preparing to serve or mix ingredients.",60;61;62;63;68;69;70;71;116;117;118;119;168;169;170;171;192;193;194;195;196;197;198;199;200;201;202;203;216;217;218;219;220;221;222;223;236;237;238;239;260;261;262;263;276;277;278;279;300;301;302;303;316;317;318;319;336;337;338;339;388;389;390;391,64,1
9198b9a4-8d8f-4ba6-9924-4c86982d890a,What activity occurs just before operating a mobile phone?,Rolling sauce in flatbreads.,The activity that occurs just before operating a mobile phone is holding the phone.,60;61;62;63;68;69;70;71;116;117;118;119;168;169;170;171;192;193;194;195;196;197;198;199;200;201;202;203;216;217;218;219;220;221;222;223;236;237;238;239;260;261;262;263;276;277;278;279;300;301;302;303;316;317;318;319;336;337;338;339;388;389;390;391,64,1
9198b9a4-8d8f-4ba6-9924-4c86982d890a,Is the cabinet opened before the vegetables are chopped?,No,No.,56;57;58;59;60;61;62;63;68;69;70;71;116;117;118;119;192;193;194;195;196;197;198;199;200;201;202;203;216;217;218;219;220;221;222;223;236;237;238;239;260;261;262;263;276;277;278;279;300;301;302;303;316;317;318;319;336;337;338;339;388;389;390;391,64,1
9198b9a4-8d8f-4ba6-9924-4c86982d890a,Does operating the heat regulator happen after chopping vegetables?,Yes,"Yes, operating the heat regulator happens after chopping vegetables.",56;57;58;59;60;61;62;63;68;69;70;71;116;117;118;119;192;193;194;195;196;197;198;199;200;201;202;203;216;217;218;219;220;221;222;223;236;237;238;239;260;261;262;263;276;277;278;279;300;301;302;303;316;317;318;319;336;337;338;339;388;389;390;391,64,1
9198b9a4-8d8f-4ba6-9924-4c86982d890a,Is wrapping sauce in flat bread before cutting vegetables?,No,"No, wrapping sauce in flat bread is after cutting vegetables.",56;57;58;59;60;61;62;63;68;69;70;71;116;117;118;119;168;169;170;171;192;193;194;195;196;197;198;199;200;201;202;203;216;217;218;219;220;221;222;223;236;237;238;239;260;261;262;263;300;301;302;303;316;317;318;319;336;337;338;339;388;389;390;391,64,1
9198b9a4-8d8f-4ba6-9924-4c86982d890a,Do I use the mobile phone before opening drawers?,Yes,"No, you should not use the mobile phone before opening drawers.",60;61;62;63;68;69;70;71;116;117;118;119;168;169;170;171;192;193;194;195;196;197;198;199;200;201;202;203;216;217;218;219;220;221;222;223;236;237;238;239;260;261;262;263;276;277;278;279;300;301;302;303;316;317;318;319;336;337;338;339;388;389;390;391,64,1
9198b9a4-8d8f-4ba6-9924-4c86982d890a,What happens just before the cabinet is opened in the video?,Chopping vegetables,A hand is seen holding a white bowl filled with chopped vegetables.,60;61;62;63;68;69;70;71;116;117;118;119;168;169;170;171;192;193;194;195;196;197;198;199;200;201;202;203;216;217;218;219;220;221;222;223;236;237;238;239;260;261;262;263;276;277;278;279;300;301;302;303;316;317;318;319;336;337;338;339;388;389;390;391,64,1
9198b9a4-8d8f-4ba6-9924-4c86982d890a,What occurs immediately before operating the heat regulator?,Cutting vegetables with knives,"Immediately before operating the heat regulator, the person is seen holding a spatula and a plate with tortillas, preparing to place the tortillas on the griddle.",60;61;62;63;68;69;70;71;116;117;118;119;168;169;170;171;192;193;194;195;196;197;198;199;200;201;202;203;216;217;218;219;220;221;222;223;236;237;238;239;260;261;262;263;276;277;278;279;300;301;302;303;316;317;318;319;336;337;338;339;388;389;390;391,64,1
9198b9a4-8d8f-4ba6-9924-4c86982d890a,What do I do right before rolling sauce in flat breads?,Cutting tomatoes,"Before rolling the sauce in flat breads, you should ensure that the flat breads are warm and pliable. This can be achieved by either heating them in a pan or oven or by wrapping them in a damp cloth to keep them soft. Once the flat breads are warm, you can place a spoonful of the sauce onto the center of the flat bread, leaving a small border around the edges. Then, fold the flat bread over the sauce, tucking in the sides to form a neat roll. Repeat this process with the remaining flat breads and sauce.",56;57;58;59;60;61;62;63;68;69;70;71;116;117;118;119;192;193;194;195;196;197;198;199;200;201;202;203;216;217;218;219;220;221;222;223;236;237;238;239;260;261;262;263;276;277;278;279;300;301;302;303;316;317;318;319;336;337;338;339;388;389;390;391,64,1
9198b9a4-8d8f-4ba6-9924-4c86982d890a,What action takes place just before using the mobile phone?,Rolling sauce in flat breads,The person is seen holding a white bowl filled with chopped vegetables.,60;61;62;63;68;69;70;71;116;117;118;119;132;133;134;135;168;169;170;171;192;193;194;195;196;197;198;199;200;201;202;203;216;217;218;219;220;221;222;223;236;237;238;239;260;261;262;263;300;301;302;303;316;317;318;319;336;337;338;339;388;389;390;391,64,1
9198b9a4-8d8f-4ba6-9924-4c86982d890a,What is done directly before opening drawers in the kitchen?,Operating the heat regulator.,"Directly before opening drawers in the kitchen, a person is seen holding a spatula and stirring a pan of food.",60;61;62;63;68;69;70;71;116;117;118;119;168;169;170;171;192;193;194;195;196;197;198;199;200;201;202;203;216;217;218;219;220;221;222;223;236;237;238;239;260;261;262;263;276;277;278;279;300;301;302;303;316;317;318;319;336;337;338;339;388;389;390;391,64,1
9198b9a4-8d8f-4ba6-9924-4c86982d890a,What is the setting of the latest video frame?,A kitchen.,"The setting of the latest video frame is a kitchen with a tiled backsplash, a stove with a pot of chili, a pan with a mixture of vegetables, and a tray with rolled tortillas.",68;69;70;71;116;117;118;119;192;193;194;195;196;197;198;199;200;201;202;203;216;217;218;219;220;221;222;223;236;237;238;239;260;261;262;263;300;301;302;303;316;317;318;319;336;337;338;339;388;389;390;391;428;429;430;431;432;433;434;435;480;481;482;483,64,1
9198b9a4-8d8f-4ba6-9924-4c86982d890a,What can be seen on the stove in the video clip?,A pan with shawarma filling and bread.,A pot of chili and a pan with a mixture of diced vegetables can be seen on the stove.,68;69;70;71;116;117;118;119;192;193;194;195;196;197;198;199;200;201;202;203;216;217;218;219;220;221;222;223;236;237;238;239;260;261;262;263;300;301;302;303;316;317;318;319;336;337;338;339;388;389;390;391;428;429;430;431;432;433;434;435;480;481;482;483,64,1
9198b9a4-8d8f-4ba6-9924-4c86982d890a,How many pans are on the stove in the video?,Two pans.,There are two pans on the stove in the video.,68;69;70;71;116;117;118;119;192;193;194;195;196;197;198;199;200;201;202;203;216;217;218;219;220;221;222;223;236;237;238;239;260;261;262;263;300;301;302;303;316;317;318;319;336;337;338;339;388;389;390;391;428;429;430;431;432;433;434;435;480;481;482;483,64,1
9198b9a4-8d8f-4ba6-9924-4c86982d890a,What objects are visible on the kitchen counter in the video?,Ingredients and utensils.,"A plastic container with tortillas, a bowl of chopped vegetables, and a container of spices are visible on the kitchen counter.",68;69;70;71;116;117;118;119;192;193;194;195;196;197;198;199;200;201;202;203;216;217;218;219;220;221;222;223;236;237;238;239;260;261;262;263;300;301;302;303;316;317;318;319;336;337;338;339;388;389;390;391;428;429;430;431;432;433;434;435;480;481;482;483,64,1
9198b9a4-8d8f-4ba6-9924-4c86982d890a,What cooking process is happening in the new frames?,Shawarma filling is being prepared.,"In the new frames, the person is cooking a mixture of vegetables and meat in a pan on the stove.",68;69;70;71;116;117;118;119;192;193;194;195;196;197;198;199;200;201;202;203;216;217;218;219;220;221;222;223;236;237;238;239;260;261;262;263;300;301;302;303;316;317;318;319;336;337;338;339;388;389;390;391;428;429;430;431;432;433;434;435;480;481;482;483,64,1
9198b9a4-8d8f-4ba6-9924-4c86982d890a,What action was the cook performing?,Adding bread to the shawarma filling.,"The cook was preparing a dish by filling tortillas with a meat mixture, placing them on a baking tray, and then cooking them in a pan.",68;69;70;71;116;117;118;119;192;193;194;195;196;197;198;199;200;201;202;203;216;217;218;219;220;221;222;223;236;237;238;239;260;261;262;263;300;301;302;303;316;317;318;319;336;337;338;339;388;389;390;391;428;429;430;431;432;433;434;435;480;481;482;483,64,1
9198b9a4-8d8f-4ba6-9924-4c86982d890a,How is the cook interacting with the food?,By stirring and combining ingredients.,"The cook is interacting with the food by using a spatula to stir the mixture in the pan, placing the tortillas on the griddle, and filling them with the meat mixture.",68;69;70;71;116;117;118;119;192;193;194;195;196;197;198;199;200;201;202;203;216;217;218;219;220;221;222;223;236;237;238;239;260;261;262;263;300;301;302;303;316;317;318;319;336;337;338;339;388;389;390;391;428;429;430;431;432;433;434;435;480;481;482;483,64,1
9198b9a4-8d8f-4ba6-9924-4c86982d890a,Describe the cook's technique in the video clip.,Carefully scooping and spreading filling onto bread.,"The cook in the video clip is seen preparing a dish that involves filling tortillas with a mixture of meat and vegetables. The process begins with the cook holding a tortilla in one hand and using a spatula to scoop the filling from a pan with a mixture of ground meat and vegetables. The filling appears to be a combination of cooked meat, possibly beef, and diced vegetables such as carrots and green bell peppers. The cook then places the filling onto the tortilla and folds it over the filling, creating a rolled tortilla. This process is repeated several times, with the cook filling multiple tortillas and placing them on a tray or plate.The cook's technique is methodical and precise, ensuring that each tortilla is filled evenly and neatly. The cook's hands are steady, and the movements are deliberate, indicating experience and care in the preparation of the dish. The cook also uses a spatula to help fold the tortilla and to ensure that the filling is evenly distributed.The video clip shows the cook working in a kitchen environment with various cooking utensils and ingredients visible on the counter. The cook is seen using a pan on the stove to cook the filling, and there are several tortillas on a tray or plate, indicating that the cook is preparing multiple servings of",68;69;70;71;116;117;118;119;192;193;194;195;196;197;198;199;200;201;202;203;216;217;218;219;220;221;222;223;236;237;238;239;260;261;262;263;300;301;302;303;316;317;318;319;336;337;338;339;388;389;390;391;428;429;430;431;432;433;434;435;480;481;482;483,64,1
9198b9a4-8d8f-4ba6-9924-4c86982d890a,Is there more than one dish being cooked simultaneously?,Yes.,Yes.,68;69;70;71;116;117;118;119;192;193;194;195;196;197;198;199;200;201;202;203;216;217;218;219;220;221;222;223;236;237;238;239;260;261;262;263;300;301;302;303;316;317;318;319;336;337;338;339;388;389;390;391;428;429;430;431;432;433;434;435;480;481;482;483,64,1
9198b9a4-8d8f-4ba6-9924-4c86982d890a,Is the cook wearing any protective gloves in the video?,No.,"No, the cook is not wearing any protective gloves in the video.",68;69;70;71;116;117;118;119;192;193;194;195;196;197;198;199;200;201;202;203;216;217;218;219;220;221;222;223;236;237;238;239;260;261;262;263;300;301;302;303;316;317;318;319;336;337;338;339;388;389;390;391;428;429;430;431;432;433;434;435;480;481;482;483,64,1
9198b9a4-8d8f-4ba6-9924-4c86982d890a,Does the video capture the addition of toppings to the shawarma?,No.,"Yes, the video captures the addition of toppings to the shawarma, as the person is seen placing the cooked shawarma onto the flatbread and adding toppings.",68;69;70;71;116;117;118;119;192;193;194;195;196;197;198;199;200;201;202;203;216;217;218;219;220;221;222;223;236;237;238;239;260;261;262;263;300;301;302;303;316;317;318;319;336;337;338;339;388;389;390;391;428;429;430;431;432;433;434;435;480;481;482;483,64,1
9198b9a4-8d8f-4ba6-9924-4c86982d890a,Is the mobile phone operated before rolling sauce in flat breads?,No,No.,68;69;70;71;116;117;118;119;192;193;194;195;196;197;198;199;200;201;202;203;216;217;218;219;220;221;222;223;236;237;238;239;260;261;262;263;300;301;302;303;316;317;318;319;336;337;338;339;388;389;390;391;428;429;430;431;432;433;434;435;480;481;482;483,64,1
9198b9a4-8d8f-4ba6-9924-4c86982d890a,Do I cut the tomatoes before preparing the shawarma?,Yes,"No, you do not cut the tomatoes before preparing the shawarma. The tomatoes are added to the shawarma after it has been cooked and is being assembled.",68;69;70;71;116;117;118;119;192;193;194;195;196;197;198;199;200;201;202;203;216;217;218;219;220;221;222;223;236;237;238;239;260;261;262;263;300;301;302;303;316;317;318;319;336;337;338;339;388;389;390;391;428;429;430;431;432;433;434;435;480;481;482;483,64,1
9198b9a4-8d8f-4ba6-9924-4c86982d890a,Is the shawarma prepared before cutting tomatoes?,No,"Yes, the shawarma is prepared before cutting tomatoes.",68;69;70;71;116;117;118;119;192;193;194;195;196;197;198;199;200;201;202;203;216;217;218;219;220;221;222;223;236;237;238;239;260;261;262;263;300;301;302;303;316;317;318;319;336;337;338;339;388;389;390;391;428;429;430;431;432;433;434;435;480;481;482;483,64,1
9198b9a4-8d8f-4ba6-9924-4c86982d890a,Do I roll sauce in flat breads after cutting tomatoes?,Yes,"No, you do not roll sauce in flat breads after cutting tomatoes. The video shows the preparation of a dish involving filling flat breads with a mixture of meat and vegetables, and then cooking them on a griddle or pan. The process does not include rolling sauce in flat breads after cutting tomatoes.",68;69;70;71;116;117;118;119;192;193;194;195;196;197;198;199;200;201;202;203;216;217;218;219;220;221;222;223;236;237;238;239;260;261;262;263;300;301;302;303;316;317;318;319;336;337;338;339;388;389;390;391;428;429;430;431;432;433;434;435;480;481;482;483,64,1
9198b9a4-8d8f-4ba6-9924-4c86982d890a,Is the mobile phone operated after preparing the shawarma?,Yes,No.,68;69;70;71;116;117;118;119;192;193;194;195;196;197;198;199;200;201;202;203;216;217;218;219;220;221;222;223;236;237;238;239;260;261;262;263;300;301;302;303;316;317;318;319;336;337;338;339;388;389;390;391;428;429;430;431;432;433;434;435;480;481;482;483,64,1
9198b9a4-8d8f-4ba6-9924-4c86982d890a,What action occurs just before I operated the mobile phone?,Rolling sauce in flat breads,The person is seen stirring the contents of a pan on the stove.,68;69;70;71;116;117;118;119;192;193;194;195;196;197;198;199;200;201;202;203;216;217;218;219;220;221;222;223;236;237;238;239;260;261;262;263;300;301;302;303;316;317;318;319;336;337;338;339;388;389;390;391;428;429;430;431;432;433;434;435;480;481;482;483,64,1
9198b9a4-8d8f-4ba6-9924-4c86982d890a,What do I do before cutting the tomatoes?,"Nothing, it is the first action.","Before cutting the tomatoes, you should first wash them thoroughly under running water to remove any dirt or debris. Then, you can use a sharp knife to slice them. If you want to cut them into smaller pieces or wedges, you can do so by making vertical and horizontal cuts, creating smaller sections. If you prefer to dice the tomatoes, you can cut them into halves, quarters, or smaller pieces, and then chop them into smaller cubes. Make sure to handle the knife carefully to avoid any accidents.",68;69;70;71;116;117;118;119;192;193;194;195;196;197;198;199;200;201;202;203;216;217;218;219;220;221;222;223;236;237;238;239;260;261;262;263;300;301;302;303;316;317;318;319;336;337;338;339;388;389;390;391;428;429;430;431;432;433;434;435;480;481;482;483,64,1
9198b9a4-8d8f-4ba6-9924-4c86982d890a,What occurs just before preparing the shawarma?,Operating the mobile phone,The person is seen holding a tortilla and preparing to fill it with the meat.,68;69;70;71;116;117;118;119;192;193;194;195;196;197;198;199;200;201;202;203;216;217;218;219;220;221;222;223;236;237;238;239;260;261;262;263;300;301;302;303;316;317;318;319;336;337;338;339;388;389;390;391;428;429;430;431;432;433;434;435;480;481;482;483,64,1
9198b9a4-8d8f-4ba6-9924-4c86982d890a,"In the video, did I open the kitchen drawers before cutting vegetables?",No,"No, you did not open the kitchen drawers before cutting vegetables.",68;69;70;71;116;117;118;119;192;193;194;195;196;197;198;199;200;201;202;203;216;217;218;219;220;221;222;223;236;237;238;239;260;261;262;263;300;301;302;303;316;317;318;319;336;337;338;339;388;389;390;391;428;429;430;431;432;433;434;435;480;481;482;483,64,1
9198b9a4-8d8f-4ba6-9924-4c86982d890a,Does the cooking of shawarma happen before regulating the cooker's heat?,Yes,"No, the cooking of shawarma happens after regulating the cooker's heat.",116;117;118;119;192;193;194;195;196;197;198;199;200;201;202;203;216;217;218;219;220;221;222;223;236;237;238;239;260;261;262;263;300;301;302;303;316;317;318;319;336;337;338;339;388;389;390;391;428;429;430;431;432;433;434;435;480;481;482;483;512;513;514;515,64,1
9198b9a4-8d8f-4ba6-9924-4c86982d890a,"In the video, is the mobile phone operated after the sauce is rolled in flatbreads?",Yes,"No, the mobile phone is not operated after the sauce is rolled in flatbreads.",68;69;70;71;116;117;118;119;192;193;194;195;196;197;198;199;200;201;202;203;216;217;218;219;220;221;222;223;236;237;238;239;260;261;262;263;300;301;302;303;316;317;318;319;336;337;338;339;388;389;390;391;428;429;430;431;432;433;434;435;480;481;482;483,64,1
9198b9a4-8d8f-4ba6-9924-4c86982d890a,Is heat regulation done before cutting tomatoes with a knife?,No,"Yes, heat regulation is done before cutting tomatoes with a knife.",68;69;70;71;116;117;118;119;192;193;194;195;196;197;198;199;200;201;202;203;216;217;218;219;220;221;222;223;236;237;238;239;260;261;262;263;300;301;302;303;316;317;318;319;336;337;338;339;388;389;390;391;428;429;430;431;432;433;434;435;480;481;482;483,64,1
9198b9a4-8d8f-4ba6-9924-4c86982d890a,"In the video sequence, what do I do before cooking shawarma?",Cut vegetables,"In the video sequence, the preparation for cooking shawarma involves several steps before the actual cooking process. Here's a breakdown of the steps shown:1. **Preparation of Ingredients**: The video starts with the preparation of ingredients, including chopping vegetables and preparing the shawarma meat. The vegetables are diced and placed in a pan, while the shawarma meat is seasoned and ready for cooking.2. **Assembly of Shawarma**: The next step is the assembly of the shawarma. The person is seen placing the seasoned shawarma meat into the pita bread, which is then folded over the meat and vegetables.3. **Cooking the Shawarma**: The assembled shawarma is then cooked on a grill or a griddle. The person uses a spatula to ensure even cooking and to flip the shawarma for optimal heat distribution.4. **Cooking the Vegetables**: While the shawarma is cooking, the person also cooks the diced vegetables in a pan, likely to soften them and add flavor to the dish.5. **Final Touches**: After the shawarma is cooked, it is served hot, often garnished with additional toppings like tahini sauce, lemon juice, and parsley.Throughout the video, the",68;69;70;71;116;117;118;119;192;193;194;195;196;197;198;199;200;201;202;203;216;217;218;219;220;221;222;223;236;237;238;239;260;261;262;263;300;301;302;303;316;317;318;319;336;337;338;339;388;389;390;391;428;429;430;431;432;433;434;435;480;481;482;483,64,1
9198b9a4-8d8f-4ba6-9924-4c86982d890a,Describe the setting shown in the video clip.,A kitchen where shawarma is being prepared.,"The video takes place in a kitchen with a tiled backsplash and various cooking utensils and ingredients visible on the counter. The main focus is on the preparation of a dish involving rolled tortillas, a mixture of cooked meat and vegetables, and a colorful vegetable mixture. The person in the video is seen handling the rolled tortillas, adding the meat mixture to them, and stirring the vegetable mixture in a pan. The kitchen counter is cluttered with various items such as jars of spices, a blender, and a container of tortillas. The person is wearing a dark-colored shirt and has red-painted nails. The video captures the step-by-step process of preparing the dish, from adding the meat mixture to the tortillas to stirring the vegetable mixture in the pan.",192;193;194;195;196;197;198;199;216;217;218;219;220;221;222;223;236;237;238;239;260;261;262;263;300;301;302;303;316;317;318;319;336;337;338;339;388;389;390;391;428;429;430;431;432;433;434;435;480;481;482;483;608;609;610;611;620;621;622;623;624;625;626;627,64,1
9198b9a4-8d8f-4ba6-9924-4c86982d890a,What is happening in these new frames?,Shawarma is being filled with ingredients.,"In the new frames, we see a person in a kitchen preparing food. They are working with a pan on the stove that contains a mixture of vegetables and possibly meat, which they are stirring with a spatula. To the left, there is a stack of tortillas, and to the right, there is a container with a lid, possibly holding more ingredients or prepared food. The person is also holding a tortilla in their left hand, which suggests they might be preparing to fill it with the mixture from the pan. The kitchen counter is cluttered with various cooking utensils and ingredients, indicating an active cooking session. The person appears to be focused on the task, and the environment suggests a home cooking scenario.",192;193;194;195;196;197;198;199;200;201;202;203;216;217;218;219;220;221;222;223;236;237;238;239;260;261;262;263;300;301;302;303;316;317;318;319;336;337;338;339;388;389;390;391;428;429;430;431;432;433;434;435;480;481;482;483;620;621;622;623;624;625;626;627,64,1
9198b9a4-8d8f-4ba6-9924-4c86982d890a,Is the person in the video making a meal?,Yes.,Yes.,192;193;194;195;196;197;198;199;216;217;218;219;220;221;222;223;236;237;238;239;260;261;262;263;300;301;302;303;316;317;318;319;336;337;338;339;388;389;390;391;428;429;430;431;432;433;434;435;480;481;482;483;608;609;610;611;620;621;622;623;624;625;626;627,64,1
9198b9a4-8d8f-4ba6-9924-4c86982d890a,Is the kitchen the main location in these frames?,Yes.,Yes.,192;193;194;195;196;197;198;199;216;217;218;219;220;221;222;223;236;237;238;239;260;261;262;263;300;301;302;303;316;317;318;319;336;337;338;339;388;389;390;391;428;429;430;431;432;433;434;435;480;481;482;483;608;609;610;611;620;621;622;623;624;625;626;627,64,1
9198b9a4-8d8f-4ba6-9924-4c86982d890a,Does the video capture the moment of grilling meat for the shawarma?,No.,"No, the video does not capture the moment of grilling meat for the shawarma.",192;193;194;195;196;197;198;199;216;217;218;219;220;221;222;223;236;237;238;239;260;261;262;263;300;301;302;303;316;317;318;319;336;337;338;339;388;389;390;391;428;429;430;431;432;433;434;435;480;481;482;483;608;609;610;611;620;621;622;623;624;625;626;627,64,1
9198b9a4-8d8f-4ba6-9924-4c86982d890a,Are spices being added to the food in this clip?,No.,"Yes, spices are being added to the food in this clip.",192;193;194;195;196;197;198;199;200;201;202;203;216;217;218;219;220;221;222;223;236;237;238;239;260;261;262;263;300;301;302;303;316;317;318;319;336;337;338;339;388;389;390;391;428;429;430;431;480;481;482;483;608;609;610;611;620;621;622;623;624;625;626;627,64,1
9198b9a4-8d8f-4ba6-9924-4c86982d890a,"In the video, is the shawarma filling added to the bread before wrapping it?",Yes,"Yes, the shawarma filling is added to the bread before wrapping it.",192;193;194;195;196;197;198;199;200;201;202;203;216;217;218;219;220;221;222;223;236;237;238;239;260;261;262;263;300;301;302;303;316;317;318;319;336;337;338;339;388;389;390;391;428;429;430;431;432;433;434;435;480;481;482;483;620;621;622;623;624;625;626;627,64,1
9198b9a4-8d8f-4ba6-9924-4c86982d890a,Does the chopping of vegetables occur before heating the pan?,No,"Yes, the chopping of vegetables occurs before heating the pan.",192;193;194;195;196;197;198;199;200;201;202;203;216;217;218;219;220;221;222;223;236;237;238;239;260;261;262;263;300;301;302;303;316;317;318;319;336;337;338;339;388;389;390;391;428;429;430;431;432;433;434;435;480;481;482;483;620;621;622;623;624;625;626;627,64,1
9198b9a4-8d8f-4ba6-9924-4c86982d890a,Is the stove turned off before removing the pan from heat?,Yes,Yes.,192;193;194;195;196;197;198;199;216;217;218;219;220;221;222;223;236;237;238;239;260;261;262;263;300;301;302;303;316;317;318;319;336;337;338;339;388;389;390;391;428;429;430;431;432;433;434;435;480;481;482;483;608;609;610;611;620;621;622;623;624;625;626;627,64,1
9198b9a4-8d8f-4ba6-9924-4c86982d890a,"In the video, is the bread placed on the pan before adding fillings?",Yes,"Yes, the bread is placed on the pan before adding fillings.",192;193;194;195;196;197;198;199;216;217;218;219;220;221;222;223;236;237;238;239;260;261;262;263;300;301;302;303;316;317;318;319;336;337;338;339;388;389;390;391;428;429;430;431;432;433;434;435;480;481;482;483;608;609;610;611;620;621;622;623;624;625;626;627,64,1
9198b9a4-8d8f-4ba6-9924-4c86982d890a,Is the shawarma served before adding sauce?,No,"Yes, the shawarma is served before adding sauce.",192;193;194;195;196;197;198;199;216;217;218;219;220;221;222;223;236;237;238;239;260;261;262;263;300;301;302;303;316;317;318;319;336;337;338;339;388;389;390;391;428;429;430;431;432;433;434;435;480;481;482;483;608;609;610;611;620;621;622;623;624;625;626;627,64,1
9198b9a4-8d8f-4ba6-9924-4c86982d890a,What do I do before adding the shawarma filling to the bread?,Chop vegetables,"Before adding the shawarma filling to the bread, you should ensure that the bread is warm and ready to be filled. Typically, this involves heating the bread in a pan or oven to give it a soft texture. Once the bread is warm, you can start assembling the shawarma by placing the meat, vegetables, and any sauces or condiments onto the bread. It's important to layer the ingredients carefully, starting with the meat, followed by vegetables, and then any sauces or condiments, to ensure that the shawarma is flavorful and well-balanced.",192;193;194;195;196;197;198;199;216;217;218;219;220;221;222;223;236;237;238;239;260;261;262;263;300;301;302;303;316;317;318;319;336;337;338;339;388;389;390;391;428;429;430;431;432;433;434;435;480;481;482;483;608;609;610;611;620;621;622;623;624;625;626;627,64,1
9198b9a4-8d8f-4ba6-9924-4c86982d890a,What is done before turning off the stove?,Cook shawarma,"Before turning off the stove, the person ensures that the tortillas are evenly spaced and the mixture is well-mixed.",116;117;118;119;192;193;194;195;196;197;198;199;216;217;218;219;220;221;222;223;236;237;238;239;260;261;262;263;300;301;302;303;316;317;318;319;336;337;338;339;388;389;390;391;428;429;430;431;432;433;434;435;480;481;482;483;620;621;622;623;624;625;626;627,64,1
9198b9a4-8d8f-4ba6-9924-4c86982d890a,What is the immediate step before serving the shawarma?,Add sauce,The immediate step before serving the shawarma is to add the vegetable mixture to the shawarma and then fold the pita bread over it.,192;193;194;195;196;197;198;199;216;217;218;219;220;221;222;223;236;237;238;239;260;261;262;263;300;301;302;303;316;317;318;319;336;337;338;339;388;389;390;391;428;429;430;431;432;433;434;435;480;481;482;483;608;609;610;611;620;621;622;623;624;625;626;627,64,1
9198b9a4-8d8f-4ba6-9924-4c86982d890a,"In the video, is the sauce added to the flat bread before cutting the tomatoes?",No,"No, the sauce is added to the flat bread after cutting the tomatoes.",192;193;194;195;196;197;198;199;200;201;202;203;216;217;218;219;220;221;222;223;236;237;238;239;260;261;262;263;300;301;302;303;316;317;318;319;336;337;338;339;388;389;390;391;428;429;430;431;432;433;434;435;480;481;482;483;620;621;622;623;624;625;626;627,64,1
9198b9a4-8d8f-4ba6-9924-4c86982d890a,Does the person operate the mobile phone after rolling the sauce in the flat breads?,Yes,"Yes, the person operates the mobile phone after rolling the sauce in the flat breads.",192;193;194;195;196;197;198;199;216;217;218;219;220;221;222;223;236;237;238;239;260;261;262;263;300;301;302;303;316;317;318;319;336;337;338;339;388;389;390;391;428;429;430;431;432;433;434;435;480;481;482;483;608;609;610;611;620;621;622;623;624;625;626;627,64,1
9198b9a4-8d8f-4ba6-9924-4c86982d890a,Is the shawarma prepared before the tomatoes are cut with a knife?,Yes,"Yes, the shawarma is prepared before the tomatoes are cut with a knife.",192;193;194;195;196;197;198;199;216;217;218;219;220;221;222;223;236;237;238;239;260;261;262;263;300;301;302;303;316;317;318;319;336;337;338;339;388;389;390;391;428;429;430;431;432;433;434;435;480;481;482;483;608;609;610;611;620;621;622;623;624;625;626;627,64,1
9198b9a4-8d8f-4ba6-9924-4c86982d890a,"In the video, does rolling the sauce happen before the shawarma preparation?",No,"No, rolling the sauce happens after the shawarma preparation.",192;193;194;195;196;197;198;199;216;217;218;219;220;221;222;223;236;237;238;239;260;261;262;263;300;301;302;303;316;317;318;319;336;337;338;339;388;389;390;391;428;429;430;431;432;433;434;435;480;481;482;483;608;609;610;611;620;621;622;623;624;625;626;627,64,1
9198b9a4-8d8f-4ba6-9924-4c86982d890a,Is the flat bread used before operating the mobile phone?,Yes,No.,192;193;194;195;196;197;198;199;200;201;202;203;216;217;218;219;220;221;222;223;236;237;238;239;260;261;262;263;300;301;302;303;316;317;318;319;336;337;338;339;388;389;390;391;428;429;430;431;432;433;434;435;480;481;482;483;620;621;622;623;624;625;626;627,64,1
9198b9a4-8d8f-4ba6-9924-4c86982d890a,What setting is portrayed in the latest clip?,A kitchen setting.,"The latest clip portrays a kitchen setting with a tiled backsplash, various cooking utensils, and ingredients on the counter.",192;193;194;195;196;197;198;199;200;201;202;203;216;217;218;219;220;221;222;223;236;237;238;239;260;261;262;263;300;301;302;303;316;317;318;319;336;337;338;339;388;389;390;391;428;429;430;431;432;433;434;435;480;481;482;483;620;621;622;623;624;625;626;627,64,1
9198b9a4-8d8f-4ba6-9924-4c86982d890a,What activity is featured in the frame?,Preparing shawarma.,The activity featured in the frame is cooking.,192;193;194;195;196;197;198;199;216;217;218;219;220;221;222;223;236;237;238;239;260;261;262;263;300;301;302;303;316;317;318;319;336;337;338;339;388;389;390;391;428;429;430;431;432;433;434;435;480;481;482;483;608;609;610;611;620;621;622;623;624;625;626;627,64,1
9198b9a4-8d8f-4ba6-9924-4c86982d890a,Is the shawarma preparation process completed in the clip?,No.,"No, the clip ends with the shawarma being prepared, but the video does not show the final steps of cooking or serving the shawarma.",192;193;194;195;196;197;198;199;216;217;218;219;220;221;222;223;236;237;238;239;260;261;262;263;300;301;302;303;316;317;318;319;336;337;338;339;388;389;390;391;428;429;430;431;432;433;434;435;480;481;482;483;608;609;610;611;620;621;622;623;624;625;626;627,64,1
9198b9a4-8d8f-4ba6-9924-4c86982d890a,Is there more than one person visible in the kitchen?,No.,"No, there is only one person visible in the kitchen.",192;193;194;195;196;197;198;199;216;217;218;219;220;221;222;223;236;237;238;239;260;261;262;263;300;301;302;303;316;317;318;319;336;337;338;339;388;389;390;391;428;429;430;431;432;433;434;435;480;481;482;483;608;609;610;611;620;621;622;623;624;625;626;627,64,1
9198b9a4-8d8f-4ba6-9924-4c86982d890a,Does the clip show any cooking appliances being used?,No.,"Yes, the clip shows the use of a stove and a blender.",192;193;194;195;196;197;198;199;200;201;202;203;216;217;218;219;220;221;222;223;236;237;238;239;260;261;262;263;300;301;302;303;316;317;318;319;336;337;338;339;388;389;390;391;428;429;430;431;432;433;434;435;480;481;482;483;620;621;622;623;624;625;626;627,64,1
9198b9a4-8d8f-4ba6-9924-4c86982d890a,Is there any sign of food already cooked in the scene?,No.,"Yes, there is a pot of chili on the stove and a tray of rolled tortillas on the counter.",192;193;194;195;196;197;198;199;216;217;218;219;220;221;222;223;236;237;238;239;260;261;262;263;300;301;302;303;316;317;318;319;336;337;338;339;388;389;390;391;428;429;430;431;432;433;434;435;480;481;482;483;608;609;610;611;620;621;622;623;624;625;626;627,64,1
9198b9a4-8d8f-4ba6-9924-4c86982d890a,Is the person in the frame wearing gloves?,No.,"No, the person is not wearing gloves.",192;193;194;195;196;197;198;199;216;217;218;219;220;221;222;223;236;237;238;239;260;261;262;263;300;301;302;303;316;317;318;319;336;337;338;339;388;389;390;391;428;429;430;431;432;433;434;435;480;481;482;483;608;609;610;611;620;621;622;623;624;625;626;627,64,1
9198b9a4-8d8f-4ba6-9924-4c86982d890a,"In the video, is the meat added to the shawarma wrap before chopping the herbs?",No,"No, the meat is added to the shawarma wrap after chopping the herbs.",192;193;194;195;196;197;198;199;200;201;202;203;216;217;218;219;220;221;222;223;236;237;238;239;260;261;262;263;300;301;302;303;316;317;318;319;336;337;338;339;388;389;390;391;428;429;430;431;432;433;434;435;480;481;482;483;620;621;622;623;624;625;626;627,64,1
9198b9a4-8d8f-4ba6-9924-4c86982d890a,"In the video, is the shawarma wrap prepared before the vegetables are chopped?",Yes,"No, the shawarma wrap is not prepared before the vegetables are chopped. The video shows the preparation of the shawarma wrap after the vegetables are chopped.",192;193;194;195;196;197;198;199;200;201;202;203;216;217;218;219;220;221;222;223;236;237;238;239;260;261;262;263;300;301;302;303;316;317;318;319;336;337;338;339;388;389;390;391;428;429;430;431;432;433;434;435;480;481;482;483;620;621;622;623;624;625;626;627,64,1
9198b9a4-8d8f-4ba6-9924-4c86982d890a,Does chopping herbs happen after the vegetables are mixed in the bowl?,No,"Yes, chopping herbs happens after the vegetables are mixed in the bowl.",192;193;194;195;196;197;198;199;200;201;202;203;216;217;218;219;220;221;222;223;236;237;238;239;260;261;262;263;300;301;302;303;316;317;318;319;336;337;338;339;388;389;390;391;428;429;430;431;432;433;434;435;480;481;482;483;620;621;622;623;624;625;626;627,64,1
9198b9a4-8d8f-4ba6-9924-4c86982d890a,Is the shawarma meat cooked before the vegetables are cut?,Yes,"Yes, the shawarma meat is cooked before the vegetables are cut.",192;193;194;195;196;197;198;199;216;217;218;219;220;221;222;223;236;237;238;239;260;261;262;263;300;301;302;303;316;317;318;319;336;337;338;339;388;389;390;391;428;429;430;431;432;433;434;435;480;481;482;483;608;609;610;611;620;621;622;623;624;625;626;627,64,1
9198b9a4-8d8f-4ba6-9924-4c86982d890a,What happens just before the shawarma meat is added to the wrap in the video?,The vegetables are mixed in a bowl,The shawarma meat is placed on a tortilla.,192;193;194;195;196;197;198;199;216;217;218;219;220;221;222;223;236;237;238;239;260;261;262;263;300;301;302;303;316;317;318;319;336;337;338;339;388;389;390;391;428;429;430;431;432;433;434;435;480;481;482;483;608;609;610;611;620;621;622;623;624;625;626;627,64,1
9198b9a4-8d8f-4ba6-9924-4c86982d890a,What action takes place before the wrap is rolled up in the video?,The meat and vegetables are added to it,"Before the wrap is rolled up, the person places a spoonful of the meat mixture onto the tortilla and then uses a spatula to spread it evenly.",116;117;118;119;192;193;194;195;196;197;198;199;216;217;218;219;220;221;222;223;236;237;238;239;260;261;262;263;300;301;302;303;316;317;318;319;336;337;338;339;388;389;390;391;428;429;430;431;432;433;434;435;480;481;482;483;620;621;622;623;624;625;626;627,64,1
9198b9a4-8d8f-4ba6-9924-4c86982d890a,"In the video, is the meat placed on the bread before adding vegetables?",No,"Yes, the meat is placed on the bread before adding vegetables.",192;193;194;195;196;197;198;199;200;201;202;203;216;217;218;219;220;221;222;223;236;237;238;239;260;261;262;263;300;301;302;303;316;317;318;319;336;337;338;339;388;389;390;391;428;429;430;431;432;433;434;435;480;481;482;483;620;621;622;623;624;625;626;627,64,1
9198b9a4-8d8f-4ba6-9924-4c86982d890a,Is the bread toasted before spreading the meat on it?,No,Yes.,192;193;194;195;196;197;198;199;200;201;202;203;216;217;218;219;220;221;222;223;236;237;238;239;260;261;262;263;300;301;302;303;316;317;318;319;336;337;338;339;388;389;390;391;428;429;430;431;432;433;434;435;480;481;482;483;620;621;622;623;624;625;626;627,64,1
9198b9a4-8d8f-4ba6-9924-4c86982d890a,"In the clip, is the chopping of vegetables shown before the frying of meat?",Yes,"No, the chopping of vegetables is shown after the frying of meat.",192;193;194;195;196;197;198;199;200;201;202;203;216;217;218;219;220;221;222;223;236;237;238;239;260;261;262;263;300;301;302;303;316;317;318;319;336;337;338;339;388;389;390;391;428;429;430;431;432;433;434;435;480;481;482;483;620;621;622;623;624;625;626;627,64,1
9198b9a4-8d8f-4ba6-9924-4c86982d890a,Does the video show adding condiments after the meat is placed on the bread?,Yes,"Yes, the video shows adding condiments after the meat is placed on the bread.",192;193;194;195;196;197;198;199;216;217;218;219;220;221;222;223;236;237;238;239;260;261;262;263;300;301;302;303;316;317;318;319;336;337;338;339;388;389;390;391;428;429;430;431;432;433;434;435;480;481;482;483;608;609;610;611;620;621;622;623;624;625;626;627,64,1
9198b9a4-8d8f-4ba6-9924-4c86982d890a,What occurs just before the meat is added to the bread in the video?,Vegetables are chopped,The meat is scooped from a pot and placed into a bowl of mixed vegetables.,192;193;194;195;196;197;198;199;200;201;202;203;216;217;218;219;220;221;222;223;236;237;238;239;260;261;262;263;300;301;302;303;316;317;318;319;336;337;338;339;388;389;390;391;428;429;430;431;432;433;434;435;480;481;482;483;620;621;622;623;624;625;626;627,64,1
9198b9a4-8d8f-4ba6-9924-4c86982d890a,"In the video sequence, what do we see happening before the bread is picked up?",Vegetables being sautéed,"Before the bread is picked up, we see a close-up of the kitchen counter with various ingredients and utensils, including a container of tortillas, a bowl of chopped vegetables, and a blender.",192;193;194;195;196;197;198;199;216;217;218;219;220;221;222;223;236;237;238;239;260;261;262;263;300;301;302;303;316;317;318;319;336;337;338;339;388;389;390;391;428;429;430;431;432;433;434;435;480;481;482;483;608;609;610;611;620;621;622;623;624;625;626;627,64,1
9198b9a4-8d8f-4ba6-9924-4c86982d890a,"Before the chopping of vegetables, what event is shown in the clip?",Preparing other ingredients,"Before the chopping of vegetables, the clip shows a person holding a white bowl filled with chopped vegetables, likely preparing to add them to the pan.",192;193;194;195;196;197;198;199;200;201;202;203;216;217;218;219;220;221;222;223;236;237;238;239;260;261;262;263;300;301;302;303;316;317;318;319;336;337;338;339;388;389;390;391;428;429;430;431;432;433;434;435;480;481;482;483;620;621;622;623;624;625;626;627,64,1
9198b9a4-8d8f-4ba6-9924-4c86982d890a,What does the cook do before adding condiments to the shawarma?,Place meat on the bread,The cook spreads a mixture of minced meat and vegetables on the flatbread before adding condiments.,192;193;194;195;196;197;198;199;216;217;218;219;220;221;222;223;236;237;238;239;260;261;262;263;300;301;302;303;316;317;318;319;336;337;338;339;388;389;390;391;428;429;430;431;432;433;434;435;480;481;482;483;608;609;610;611;620;621;622;623;624;625;626;627,64,1
9198b9a4-8d8f-4ba6-9924-4c86982d890a,What is the setting of this scene?,A kitchen.,The setting of this scene is a kitchen where a person is preparing food.,192;193;194;195;196;197;198;199;216;217;218;219;220;221;222;223;236;237;238;239;260;261;262;263;300;301;302;303;316;317;318;319;336;337;338;339;388;389;390;391;428;429;430;431;432;433;434;435;480;481;482;483;608;609;610;611;620;621;622;623;624;625;626;627,64,1
9198b9a4-8d8f-4ba6-9924-4c86982d890a,What culinary activity is taking place?,Preparing shawarma.,"The video shows the preparation of a meal involving the cooking of a mixture of vegetables and meat in a pan, the assembly of rolled tortillas, and the blending of ingredients in a blender.",192;193;194;195;196;197;198;199;216;217;218;219;220;221;222;223;236;237;238;239;260;261;262;263;300;301;302;303;316;317;318;319;336;337;338;339;388;389;390;391;428;429;430;431;432;433;434;435;480;481;482;483;608;609;610;611;620;621;622;623;624;625;626;627,64,1
9198b9a4-8d8f-4ba6-9924-4c86982d890a,Which type of cuisine is being worked on?,"Middle Eastern, specifically shawarma.",Mexican cuisine,192;193;194;195;196;197;198;199;216;217;218;219;220;221;222;223;236;237;238;239;260;261;262;263;300;301;302;303;316;317;318;319;336;337;338;339;388;389;390;391;428;429;430;431;432;433;434;435;480;481;482;483;608;609;610;611;620;621;622;623;624;625;626;627,64,1
9198b9a4-8d8f-4ba6-9924-4c86982d890a,Are any other tasks being carried out besides cooking?,"No, just cooking.","Yes, besides cooking, the person is also preparing a bowl of mixed vegetables and using a blender to process the mixture.",192;193;194;195;196;197;198;199;216;217;218;219;220;221;222;223;236;237;238;239;260;261;262;263;300;301;302;303;316;317;318;319;336;337;338;339;388;389;390;391;428;429;430;431;432;433;434;435;480;481;482;483;608;609;610;611;620;621;622;623;624;625;626;627,64,1
9198b9a4-8d8f-4ba6-9924-4c86982d890a,Is the kitchen residential or commercial?,It appears residential.,Residential,192;193;194;195;196;197;198;199;200;201;202;203;216;217;218;219;220;221;222;223;236;237;238;239;260;261;262;263;300;301;302;303;316;317;318;319;336;337;338;339;388;389;390;391;428;429;430;431;432;433;434;435;480;481;482;483;620;621;622;623;624;625;626;627,64,1
9198b9a4-8d8f-4ba6-9924-4c86982d890a,Is any equipment being used in the action?,"Yes, a knife for chopping.","Yes, a blender is being used to blend the vegetable mixture.",192;193;194;195;196;197;198;199;216;217;218;219;220;221;222;223;236;237;238;239;260;261;262;263;300;301;302;303;316;317;318;319;336;337;338;339;388;389;390;391;428;429;430;431;432;433;434;435;480;481;482;483;608;609;610;611;620;621;622;623;624;625;626;627,64,1
9198b9a4-8d8f-4ba6-9924-4c86982d890a,Is the person cooking alone or with others?,The clip only shows one person cooking.,The video does not provide information about whether the person is cooking alone or with others.,192;193;194;195;196;197;198;199;200;201;202;203;216;217;218;219;220;221;222;223;236;237;238;239;260;261;262;263;300;301;302;303;316;317;318;319;336;337;338;339;388;389;390;391;428;429;430;431;432;433;434;435;480;481;482;483;620;621;622;623;624;625;626;627,64,1
9198b9a4-8d8f-4ba6-9924-4c86982d890a,Is there more than one person in this scene?,No.,"No, there is only one person in the scene.",192;193;194;195;196;197;198;199;216;217;218;219;220;221;222;223;236;237;238;239;260;261;262;263;300;301;302;303;316;317;318;319;336;337;338;339;388;389;390;391;428;429;430;431;432;433;434;435;480;481;482;483;608;609;610;611;620;621;622;623;624;625;626;627,64,1
9198b9a4-8d8f-4ba6-9924-4c86982d890a,Has the meal been completed in this frame?,No.,"No, the meal has not been completed in this frame. The video shows the preparation of a meal, including the cooking of a mixture of vegetables and meat in a pan, the assembly of rolled tortillas, and the blending of ingredients in a food processor. The video concludes with the person still in the process of preparing the meal, with the food processor in use and the rolled tortillas on the stovetop.",192;193;194;195;196;197;198;199;200;201;202;203;216;217;218;219;220;221;222;223;236;237;238;239;260;261;262;263;300;301;302;303;316;317;318;319;336;337;338;339;388;389;390;391;428;429;430;431;432;433;434;435;480;481;482;483;620;621;622;623;624;625;626;627,64,1
9198b9a4-8d8f-4ba6-9924-4c86982d890a,Is the person in the video cleaning?,No.,"No, the person in the video is cooking.",192;193;194;195;196;197;198;199;216;217;218;219;220;221;222;223;236;237;238;239;260;261;262;263;300;301;302;303;316;317;318;319;336;337;338;339;388;389;390;391;428;429;430;431;432;433;434;435;480;481;482;483;608;609;610;611;620;621;622;623;624;625;626;627,64,1
9198b9a4-8d8f-4ba6-9924-4c86982d890a,Does this clip show the finished shawarma dish?,No.,"No, the clip does not show the finished shawarma dish. It shows the preparation process, including the cooking of the meat and vegetables, but the final dish is not presented.",192;193;194;195;196;197;198;199;216;217;218;219;220;221;222;223;236;237;238;239;260;261;262;263;300;301;302;303;316;317;318;319;336;337;338;339;388;389;390;391;428;429;430;431;432;433;434;435;480;481;482;483;608;609;610;611;620;621;622;623;624;625;626;627,64,1
9198b9a4-8d8f-4ba6-9924-4c86982d890a,Are there any children present in this video?,No.,"No, there are no children present in this video.",192;193;194;195;196;197;198;199;216;217;218;219;220;221;222;223;236;237;238;239;260;261;262;263;300;301;302;303;316;317;318;319;336;337;338;339;388;389;390;391;428;429;430;431;432;433;434;435;480;481;482;483;608;609;610;611;620;621;622;623;624;625;626;627,64,1
9198b9a4-8d8f-4ba6-9924-4c86982d890a,"In the video, is the shawarma prepared after I washed the vegetables?",No,"No, the shawarma is not prepared after washing the vegetables. The video shows the preparation of shawarma, including the cooking of the meat and vegetables, but it does not show the washing of vegetables.",192;193;194;195;196;197;198;199;216;217;218;219;220;221;222;223;236;237;238;239;260;261;262;263;300;301;302;303;316;317;318;319;336;337;338;339;388;389;390;391;428;429;430;431;432;433;434;435;480;481;482;483;608;609;610;611;620;621;622;623;624;625;626;627,64,1
9198b9a4-8d8f-4ba6-9924-4c86982d890a,"In the video, do I chop the parsley before assembling the shawarma?",Yes,"Yes, in the video, the parsley is chopped before being used in the shawarma assembly.",192;193;194;195;196;197;198;199;216;217;218;219;220;221;222;223;236;237;238;239;260;261;262;263;300;301;302;303;316;317;318;319;336;337;338;339;388;389;390;391;428;429;430;431;432;433;434;435;480;481;482;483;608;609;610;611;620;621;622;623;624;625;626;627,64,1
9198b9a4-8d8f-4ba6-9924-4c86982d890a,Does cutting tomatoes occur before the marinating of meat?,Yes,"No, cutting tomatoes occurs after the marinating of meat.",192;193;194;195;196;197;198;199;200;201;202;203;216;217;218;219;220;221;222;223;236;237;238;239;260;261;262;263;300;301;302;303;316;317;318;319;336;337;338;339;388;389;390;391;428;429;430;431;432;433;434;435;480;481;482;483;620;621;622;623;624;625;626;627,64,1
9198b9a4-8d8f-4ba6-9924-4c86982d890a,"In the clip, is the garlic crushed before the tzatziki sauce is mixed?",Yes,"Yes, the garlic is crushed before the tzatziki sauce is mixed.",192;193;194;195;196;197;198;199;200;201;202;203;216;217;218;219;220;221;222;223;236;237;238;239;260;261;262;263;300;301;302;303;316;317;318;319;336;337;338;339;388;389;390;391;428;429;430;431;432;433;434;435;480;481;482;483;620;621;622;623;624;625;626;627,64,1
9198b9a4-8d8f-4ba6-9924-4c86982d890a,Is the lettuce shredded after the hummus is spread on the bread?,Yes,"No, the lettuce is not shredded after the hummus is spread on the bread.",192;193;194;195;196;197;198;199;200;201;202;203;216;217;218;219;220;221;222;223;236;237;238;239;260;261;262;263;300;301;302;303;316;317;318;319;336;337;338;339;388;389;390;391;428;429;430;431;432;433;434;435;480;481;482;483;620;621;622;623;624;625;626;627,64,1
9198b9a4-8d8f-4ba6-9924-4c86982d890a,What happens before I season the shawarma meat?,Chopping onions,"Before seasoning the shawarma meat, the person is seen preparing the ingredients on the kitchen counter. They have a plate with sliced vegetables, a bowl with a mixture that could be a marinade or seasoning, and a container with what appears to be a spice blend. The person is also holding a piece of shawarma meat, which they will season with the mixture from the bowl.",192;193;194;195;196;197;198;199;216;217;218;219;220;221;222;223;236;237;238;239;260;261;262;263;300;301;302;303;316;317;318;319;336;337;338;339;388;389;390;391;428;429;430;431;432;433;434;435;480;481;482;483;608;609;610;611;620;621;622;623;624;625;626;627,64,1
9198b9a4-8d8f-4ba6-9924-4c86982d890a,What do I do just before wrapping the shawarma?,Adding sauces,"Just before wrapping the shawarma, you typically assemble the ingredients in the order that you prefer. This usually includes placing the shawarma meat inside a pita bread, followed by any desired vegetables, sauces, and garnishes. The exact order can vary based on personal preference, but it's common to start with a sauce or spread, followed by vegetables, and then the meat. After adding all the ingredients, you would then fold the pita bread over the filling to create a neat wrap.",192;193;194;195;196;197;198;199;216;217;218;219;220;221;222;223;236;237;238;239;260;261;262;263;300;301;302;303;316;317;318;319;336;337;338;339;388;389;390;391;428;429;430;431;432;433;434;435;480;481;482;483;608;609;610;611;620;621;622;623;624;625;626;627,64,1
9198b9a4-8d8f-4ba6-9924-4c86982d890a,What occurs before I put the shawarma on the grill?,Skewing meat,"Before putting the shawarma on the grill, the person is seen preparing the ingredients, including a bowl of chopped vegetables and a plate of shawarma wraps. They are also seen handling a spatula and a pair of tongs, indicating they are ready to cook. The kitchen counter is cluttered with various cooking utensils and ingredients, suggesting that the preparation process has been ongoing. The person appears to be in the process of cooking, as evidenced by the presence of a pot on the stove and the use of a spatula to handle the food.",192;193;194;195;196;197;198;199;216;217;218;219;220;221;222;223;236;237;238;239;260;261;262;263;300;301;302;303;316;317;318;319;336;337;338;339;388;389;390;391;428;429;430;431;432;433;434;435;480;481;482;483;608;609;610;611;620;621;622;623;624;625;626;627,64,1
9198b9a4-8d8f-4ba6-9924-4c86982d890a,"In the video, what action precedes slicing the cooked shawarma?",Removing from heat,The action that precedes slicing the cooked shawarma is stirring the vegetable mixture in the pan.,192;193;194;195;196;197;198;199;216;217;218;219;220;221;222;223;236;237;238;239;260;261;262;263;300;301;302;303;316;317;318;319;336;337;338;339;388;389;390;391;428;429;430;431;432;433;434;435;480;481;482;483;608;609;610;611;620;621;622;623;624;625;626;627,64,1
9198b9a4-8d8f-4ba6-9924-4c86982d890a,What task is completed before garnishing the dish with parsley?,Placing the shawarma on the plate.,"Before garnishing the dish with parsley, the person completes the task of adding a colorful vegetable mixture to the pan.",116;117;118;119;192;193;194;195;196;197;198;199;200;201;202;203;216;217;218;219;220;221;222;223;236;237;238;239;260;261;262;263;300;301;302;303;316;317;318;319;336;337;338;339;388;389;390;391;428;429;430;431;432;433;434;435;480;481;482;483;624;625;626;627,64,1
9198b9a4-8d8f-4ba6-9924-4c86982d890a,"In the kitchen, is shawarma added to the pita before chopping the herbs?",No,"No, shawarma is not added to the pita before chopping the herbs.",192;193;194;195;196;197;198;199;216;217;218;219;220;221;222;223;236;237;238;239;260;261;262;263;300;301;302;303;316;317;318;319;336;337;338;339;388;389;390;391;428;429;430;431;432;433;434;435;480;481;482;483;608;609;610;611;620;621;622;623;624;625;626;627,64,1
9198b9a4-8d8f-4ba6-9924-4c86982d890a,Are the herbs chopped before the shawarma is cooked?,Yes,"Yes, the herbs are chopped before the shawarma is cooked.",192;193;194;195;196;197;198;199;216;217;218;219;220;221;222;223;236;237;238;239;260;261;262;263;300;301;302;303;316;317;318;319;336;337;338;339;388;389;390;391;428;429;430;431;432;433;434;435;480;481;482;483;608;609;610;611;620;621;622;623;624;625;626;627,64,1
9198b9a4-8d8f-4ba6-9924-4c86982d890a,Is the pita prepared before any cooking starts?,No,"Yes, the pita is prepared before any cooking starts.",192;193;194;195;196;197;198;199;216;217;218;219;220;221;222;223;236;237;238;239;260;261;262;263;300;301;302;303;316;317;318;319;336;337;338;339;388;389;390;391;428;429;430;431;432;433;434;435;480;481;482;483;608;609;610;611;620;621;622;623;624;625;626;627,64,1
9198b9a4-8d8f-4ba6-9924-4c86982d890a,Is the pan on the stove before chopping the herbs?,Yes,No.,192;193;194;195;196;197;198;199;200;201;202;203;216;217;218;219;220;221;222;223;236;237;238;239;260;261;262;263;300;301;302;303;316;317;318;319;336;337;338;339;388;389;390;391;428;429;430;431;432;433;434;435;480;481;482;483;620;621;622;623;624;625;626;627,64,1
9198b9a4-8d8f-4ba6-9924-4c86982d890a,What happens before the pita is filled with shawarma?,Shawarma is cooked.,"Before the pita is filled with shawarma, it is placed on a grill pan to toast.",192;193;194;195;196;197;198;199;216;217;218;219;220;221;222;223;236;237;238;239;260;261;262;263;300;301;302;303;316;317;318;319;336;337;338;339;388;389;390;391;428;429;430;431;432;433;434;435;480;481;482;483;608;609;610;611;620;621;622;623;624;625;626;627,64,1
9198b9a4-8d8f-4ba6-9924-4c86982d890a,What is the action performed after placing the pan on the stove?,Cooking shawarma.,"After placing the pan on the stove, the person uses a spatula to stir the contents of the pan.",116;117;118;119;192;193;194;195;196;197;198;199;216;217;218;219;220;221;222;223;236;237;238;239;260;261;262;263;300;301;302;303;316;317;318;319;336;337;338;339;388;389;390;391;428;429;430;431;432;433;434;435;480;481;482;483;620;621;622;623;624;625;626;627,64,1
9198b9a4-8d8f-4ba6-9924-4c86982d890a,What is the setting shown in the video clip?,A kitchen.,The setting shown in the video clip is a kitchen.,192;193;194;195;196;197;198;199;216;217;218;219;220;221;222;223;236;237;238;239;260;261;262;263;300;301;302;303;316;317;318;319;336;337;338;339;388;389;390;391;428;429;430;431;432;433;434;435;480;481;482;483;608;609;610;611;620;621;622;623;624;625;626;627,64,1
9198b9a4-8d8f-4ba6-9924-4c86982d890a,Which dish is being prepared in this video?,Shawarma.,"The video shows the preparation of a dish that includes rolled tortillas, a mixture of cooked meat and vegetables, and a colorful vegetable mixture. The final dish appears to be a type of enchilada or burrito, with the vegetable mixture being added to the rolled tortillas.",192;193;194;195;196;197;198;199;216;217;218;219;220;221;222;223;236;237;238;239;260;261;262;263;300;301;302;303;316;317;318;319;336;337;338;339;388;389;390;391;428;429;430;431;432;433;434;435;480;481;482;483;608;609;610;611;620;621;622;623;624;625;626;627,64,1
9198b9a4-8d8f-4ba6-9924-4c86982d890a,Are there any decorations visible in the video scene?,"Yes, a Christmas tree.","No, there are no decorations visible in the video scene.",192;193;194;195;196;197;198;199;216;217;218;219;220;221;222;223;236;237;238;239;260;261;262;263;300;301;302;303;316;317;318;319;336;337;338;339;388;389;390;391;428;429;430;431;432;433;434;435;480;481;482;483;608;609;610;611;620;621;622;623;624;625;626;627,64,1
9198b9a4-8d8f-4ba6-9924-4c86982d890a,What appliances are present in the video scene?,A stove and fridge are visible.,"The video scene includes a stove, a pot, a pan, a blender, and a container of tortillas.",192;193;194;195;196;197;198;199;216;217;218;219;220;221;222;223;236;237;238;239;260;261;262;263;300;301;302;303;316;317;318;319;336;337;338;339;388;389;390;391;428;429;430;431;432;433;434;435;480;481;482;483;608;609;610;611;620;621;622;623;624;625;626;627,64,1
9198b9a4-8d8f-4ba6-9924-4c86982d890a,Is the kitchen depicted as clean or messy?,It appears clean.,"The kitchen is depicted as somewhat cluttered, with various ingredients and utensils scattered around.",192;193;194;195;196;197;198;199;200;201;202;203;216;217;218;219;220;221;222;223;236;237;238;239;260;261;262;263;300;301;302;303;316;317;318;319;336;337;338;339;388;389;390;391;428;429;430;431;432;433;434;435;480;481;482;483;620;621;622;623;624;625;626;627,64,1
9198b9a4-8d8f-4ba6-9924-4c86982d890a,Is any cooking appliance being used in the frames?,The stove is being used.,"Yes, a stove is being used in the frames.",192;193;194;195;196;197;198;199;200;201;202;203;216;217;218;219;220;221;222;223;236;237;238;239;260;261;262;263;300;301;302;303;316;317;318;319;336;337;338;339;388;389;390;391;428;429;430;431;432;433;434;435;480;481;482;483;620;621;622;623;624;625;626;627,64,1
9198b9a4-8d8f-4ba6-9924-4c86982d890a,Is there any evidence of recent cooking in the video?,"Yes, a pan is on the stovetop.","Yes, there is evidence of recent cooking in the video. The stove has a pot of chili and a pan with a colorful vegetable mixture, and there are several uncooked tortillas on a tray.",192;193;194;195;196;197;198;199;200;201;202;203;216;217;218;219;220;221;222;223;236;237;238;239;260;261;262;263;300;301;302;303;316;317;318;319;336;337;338;339;388;389;390;391;428;429;430;431;480;481;482;483;608;609;610;611;620;621;622;623;624;625;626;627,64,1
9198b9a4-8d8f-4ba6-9924-4c86982d890a,Is food being cooked or assembled?,"Assembled, as shawarma is being prepared.","Yes, food is being cooked and assembled.",192;193;194;195;196;197;198;199;200;201;202;203;216;217;218;219;220;221;222;223;236;237;238;239;260;261;262;263;300;301;302;303;316;317;318;319;336;337;338;339;388;389;390;391;428;429;430;431;432;433;434;435;480;481;482;483;620;621;622;623;624;625;626;627,64,1
9198b9a4-8d8f-4ba6-9924-4c86982d890a,Does the clip show any ingredient being chopped or sliced?,"No, not depicted in the clip.","No, the clip does not show any ingredient being chopped or sliced.",192;193;194;195;196;197;198;199;200;201;202;203;216;217;218;219;220;221;222;223;236;237;238;239;260;261;262;263;300;301;302;303;316;317;318;319;336;337;338;339;388;389;390;391;428;429;430;431;480;481;482;483;608;609;610;611;620;621;622;623;624;625;626;627,64,1
9198b9a4-8d8f-4ba6-9924-4c86982d890a,Is there a person visible in the video clip?,No.,"Yes, there is a person visible in the video clip.",192;193;194;195;196;197;198;199;216;217;218;219;220;221;222;223;236;237;238;239;260;261;262;263;300;301;302;303;316;317;318;319;336;337;338;339;388;389;390;391;428;429;430;431;432;433;434;435;480;481;482;483;608;609;610;611;620;621;622;623;624;625;626;627,64,1
9198b9a4-8d8f-4ba6-9924-4c86982d890a,Does the clip include any festive decorations?,Yes.,"No, the clip does not include any festive decorations.",192;193;194;195;196;197;198;199;200;201;202;203;216;217;218;219;220;221;222;223;236;237;238;239;260;261;262;263;300;301;302;303;316;317;318;319;336;337;338;339;388;389;390;391;428;429;430;431;480;481;482;483;608;609;610;611;620;621;622;623;624;625;626;627,64,1
9198b9a4-8d8f-4ba6-9924-4c86982d890a,Can you see any finished dish in the clip?,No.,"Yes, there is a finished dish of a colorful vegetable mixture in a bowl.",192;193;194;195;196;197;198;199;200;201;202;203;216;217;218;219;220;221;222;223;236;237;238;239;260;261;262;263;300;301;302;303;316;317;318;319;336;337;338;339;388;389;390;391;428;429;430;431;480;481;482;483;608;609;610;611;620;621;622;623;624;625;626;627,64,1
9198b9a4-8d8f-4ba6-9924-4c86982d890a,Does the clip show someone doing the dishes?,No.,"No, the clip does not show someone doing the dishes. It focuses on the cooking process.",192;193;194;195;196;197;198;199;200;201;202;203;216;217;218;219;220;221;222;223;236;237;238;239;260;261;262;263;300;301;302;303;316;317;318;319;336;337;338;339;388;389;390;391;428;429;430;431;432;433;434;435;480;481;482;483;620;621;622;623;624;625;626;627,64,1
9198b9a4-8d8f-4ba6-9924-4c86982d890a,Is there any visible flame or food being cooked directly?,No.,"No, there is no visible flame or food being cooked directly.",192;193;194;195;196;197;198;199;216;217;218;219;220;221;222;223;236;237;238;239;260;261;262;263;300;301;302;303;316;317;318;319;336;337;338;339;388;389;390;391;428;429;430;431;432;433;434;435;480;481;482;483;608;609;610;611;620;621;622;623;624;625;626;627,64,1
9198b9a4-8d8f-4ba6-9924-4c86982d890a,What is the setting of the latest video clip?,The setting is a kitchen.,The setting of the latest video clip is a kitchen with a tiled backsplash and various cooking utensils and ingredients on the counter.,192;193;194;195;196;197;198;199;216;217;218;219;220;221;222;223;236;237;238;239;260;261;262;263;300;301;302;303;316;317;318;319;336;337;338;339;388;389;390;391;428;429;430;431;432;433;434;435;480;481;482;483;608;609;610;611;620;621;622;623;624;625;626;627,64,1
9198b9a4-8d8f-4ba6-9924-4c86982d890a,Describe the activity being carried out.,Cooking or food preparation is being performed.,"The video begins with a person preparing a meal in a kitchen. The scene shows a countertop with various ingredients and utensils, including a container of tortillas, a bowl of chopped vegetables, and a pot of cooked meat. The person is seen holding a tortilla and placing a portion of the cooked meat onto it. They then fold the tortilla and place it on a tray with other prepared tortillas. The person continues to prepare more tortillas, adding the meat and folding them.The video develops through the person continuing to prepare the tortillas, placing the meat onto each one and folding them. The countertop remains cluttered with various ingredients and utensils, including a bowl of chopped vegetables, a pot of cooked meat, and a container of tortillas. The person uses a spatula to handle the tortillas and a spoon to scoop the meat. The scene transitions to the person placing the folded tortillas on a tray and then moving to a stove where they are cooking the tortillas.The video wraps up with the person cooking the tortillas on a stove. They use a spatula to handle the tortillas and a spoon to scoop the meat. The countertop remains cluttered with various ingredients and utensils, including a bowl of chopped vegetables, a",116;117;118;119;192;193;194;195;196;197;198;199;216;217;218;219;220;221;222;223;236;237;238;239;260;261;262;263;300;301;302;303;316;317;318;319;336;337;338;339;388;389;390;391;428;429;430;431;432;433;434;435;480;481;482;483;620;621;622;623;624;625;626;627,64,1
9198b9a4-8d8f-4ba6-9924-4c86982d890a,Does the person open the refrigerator in the video?,Yes.,"No, the person does not open the refrigerator in the video.",192;193;194;195;196;197;198;199;216;217;218;219;220;221;222;223;236;237;238;239;260;261;262;263;300;301;302;303;316;317;318;319;336;337;338;339;388;389;390;391;428;429;430;431;432;433;434;435;480;481;482;483;608;609;610;611;620;621;622;623;624;625;626;627,64,1
9198b9a4-8d8f-4ba6-9924-4c86982d890a,"In the video, is the refrigerator opened before the cheese is retrieved?",Yes,"No, the refrigerator is not opened before the cheese is retrieved.",116;117;118;119;192;193;194;195;196;197;198;199;216;217;218;219;220;221;222;223;236;237;238;239;260;261;262;263;300;301;302;303;316;317;318;319;336;337;338;339;388;389;390;391;428;429;430;431;432;433;434;435;480;481;482;483;620;621;622;623;624;625;626;627,64,1
9198b9a4-8d8f-4ba6-9924-4c86982d890a,Is the kitchen light turned on after I enter the room?,No,"Yes, the kitchen light is turned on after you enter the room.",192;193;194;195;196;197;198;199;216;217;218;219;220;221;222;223;236;237;238;239;260;261;262;263;300;301;302;303;316;317;318;319;336;337;338;339;388;389;390;391;428;429;430;431;432;433;434;435;480;481;482;483;608;609;610;611;620;621;622;623;624;625;626;627,64,1
9198b9a4-8d8f-4ba6-9924-4c86982d890a,Do I start preparing shawarma before setting the ingredients on the counter?,No,"No, you start preparing shawarma after setting the ingredients on the counter.",192;193;194;195;196;197;198;199;216;217;218;219;220;221;222;223;236;237;238;239;260;261;262;263;300;301;302;303;316;317;318;319;336;337;338;339;388;389;390;391;428;429;430;431;432;433;434;435;480;481;482;483;608;609;610;611;620;621;622;623;624;625;626;627,64,1
9198b9a4-8d8f-4ba6-9924-4c86982d890a,"In the video, is the tree decorated before I begin cooking?",Yes,"No, the tree is not decorated before I begin cooking.",192;193;194;195;196;197;198;199;200;201;202;203;216;217;218;219;220;221;222;223;236;237;238;239;260;261;262;263;300;301;302;303;316;317;318;319;336;337;338;339;388;389;390;391;428;429;430;431;432;433;434;435;480;481;482;483;620;621;622;623;624;625;626;627,64,1
9198b9a4-8d8f-4ba6-9924-4c86982d890a,What's the setting of the video clip?,In a kitchen.,The setting of the video clip is a kitchen where a person is preparing food.,192;193;194;195;196;197;198;199;216;217;218;219;220;221;222;223;236;237;238;239;260;261;262;263;300;301;302;303;316;317;318;319;336;337;338;339;388;389;390;391;428;429;430;431;432;433;434;435;480;481;482;483;608;609;610;611;620;621;622;623;624;625;626;627,64,1
9198b9a4-8d8f-4ba6-9924-4c86982d890a,What objects are present in this scene?,"Glass cup, glass bowls, steel bowls, whipping cream, flour, eggs, whisker.","In the scene, there are several objects present:1. A stove with a pot of chili and a pan with a mixture of vegetables.2. A cutting board with rolled tortillas.3. A container with tortilla chips.4. A bowl with a mixture of chopped vegetables.5. A spatula.6. A spoon.7. A container with a white substance, possibly sour cream or cheese.8. A bottle of oil.9. A container with a white substance, possibly salt or sugar.10. A container with a yellow substance, possibly mustard or another condiment.11. A container with a red substance, possibly tomato sauce or salsa.12. A container with a green substance, possibly cilantro or parsley.13. A container with a brown substance, possibly ground meat or beans.14. A container with a white substance, possibly flour or cornmeal.15. A container with a blue substance, possibly a spice or seasoning.16. A container with a red substance, possibly a spice or seasoning.17. A container with a yellow substance, possibly a spice or seasoning.18. A container with a green substance, possibly a spice or seasoning.19. A container with",192;193;194;195;196;197;198;199;200;201;202;203;216;217;218;219;220;221;222;223;236;237;238;239;260;261;262;263;300;301;302;303;316;317;318;319;336;337;338;339;388;389;390;391;428;429;430;431;432;433;434;435;480;481;482;483;620;621;622;623;624;625;626;627,64,1
9198b9a4-8d8f-4ba6-9924-4c86982d890a,What is the main activity taking place?,Baking preparation.,"The main activity is the preparation and cooking of a meal, specifically making tacos.",192;193;194;195;196;197;198;199;216;217;218;219;220;221;222;223;236;237;238;239;260;261;262;263;300;301;302;303;316;317;318;319;336;337;338;339;388;389;390;391;428;429;430;431;432;433;434;435;480;481;482;483;608;609;610;611;620;621;622;623;624;625;626;627,64,1
9198b9a4-8d8f-4ba6-9924-4c86982d890a,Are there any kitchen appliances visible?,"Yes, a stove and a sink.","Yes, there are kitchen appliances visible, including a blender and a spice rack.",192;193;194;195;196;197;198;199;200;201;202;203;216;217;218;219;220;221;222;223;236;237;238;239;260;261;262;263;300;301;302;303;316;317;318;319;336;337;338;339;388;389;390;391;428;429;430;431;480;481;482;483;608;609;610;611;620;621;622;623;624;625;626;627,64,1
9198b9a4-8d8f-4ba6-9924-4c86982d890a,Can you identify the ingredients used?,"Heavy whipping cream, flour, and eggs.","The video shows a cooking process involving several ingredients, which are not explicitly named but can be described based on their appearance and context. Here are the ingredients and items visible in the video:1. Tortillas: Rolled tortillas are placed on a baking tray, likely to be filled with the cooked ingredients.2. Ground meat: A pan on the stove contains a browned mixture that appears to be ground meat, possibly seasoned with spices.3. Vegetables: There are colorful vegetables being sautéed in a pan, which include diced carrots, green bell peppers, and possibly onions or tomatoes.4. Cheese: A block of cheese is visible, which might be used to melt over the tortillas or mixed into the filling.5. Spices and seasonings: Various jars and containers with spices and seasonings are present, suggesting a flavorful dish.6. Tomato-based sauce: A pot on the stove contains a thick, red sauce, which could be a tomato-based sauce or salsa.7. Corn: There is a bowl of corn kernels, which might be used as a topping or mixed into the filling.8. Cheese sauce: A bowl with a creamy, yellowish sauce, likely a cheese sauce, is also visible.The video shows the preparation of",192;193;194;195;196;197;198;199;216;217;218;219;220;221;222;223;236;237;238;239;260;261;262;263;300;301;302;303;316;317;318;319;336;337;338;339;388;389;390;391;428;429;430;431;432;433;434;435;480;481;482;483;608;609;610;611;620;621;622;623;624;625;626;627,64,1
9198b9a4-8d8f-4ba6-9924-4c86982d890a,What is being prepared in the kitchen?,A baking recipe.,Tortillas are being prepared in the kitchen.,192;193;194;195;196;197;198;199;200;201;202;203;216;217;218;219;220;221;222;223;236;237;238;239;260;261;262;263;300;301;302;303;316;317;318;319;336;337;338;339;388;389;390;391;428;429;430;431;432;433;434;435;480;481;482;483;620;621;622;623;624;625;626;627,64,1
9198b9a4-8d8f-4ba6-9924-4c86982d890a,What action does the person perform with the eggs?,Cracking and whipping them.,The person cracks eggs into a bowl and then pours them into a pan with the vegetable mixture.,116;117;118;119;192;193;194;195;196;197;198;199;216;217;218;219;220;221;222;223;236;237;238;239;260;261;262;263;300;301;302;303;316;317;318;319;336;337;338;339;388;389;390;391;428;429;430;431;432;433;434;435;480;481;482;483;620;621;622;623;624;625;626;627,64,1
9198b9a4-8d8f-4ba6-9924-4c86982d890a,What tool is used for whipping the eggs?,A whisker.,A whisk is used for whipping the eggs.,116;117;118;119;192;193;194;195;196;197;198;199;200;201;202;203;216;217;218;219;220;221;222;223;236;237;238;239;260;261;262;263;300;301;302;303;316;317;318;319;336;337;338;339;388;389;390;391;428;429;430;431;480;481;482;483;620;621;622;623;624;625;626;627,64,1
9198b9a4-8d8f-4ba6-9924-4c86982d890a,Where are the ingredients placed after being prepared?,In glass and steel bowls.,The ingredients are placed in a plastic container and a bowl.,192;193;194;195;196;197;198;199;200;201;202;203;216;217;218;219;220;221;222;223;236;237;238;239;260;261;262;263;300;301;302;303;316;317;318;319;336;337;338;339;388;389;390;391;428;429;430;431;432;433;434;435;480;481;482;483;620;621;622;623;624;625;626;627,64,1
9198b9a4-8d8f-4ba6-9924-4c86982d890a,How are the ingredients combined?,Poured into bowls and whipped.,"The ingredients are combined by scooping the meat mixture from the pot and placing it into the tortillas, then folding the tortillas to form burritos.",192;193;194;195;196;197;198;199;200;201;202;203;216;217;218;219;220;221;222;223;236;237;238;239;260;261;262;263;300;301;302;303;316;317;318;319;336;337;338;339;388;389;390;391;428;429;430;431;432;433;434;435;480;481;482;483;620;621;622;623;624;625;626;627,64,1
9198b9a4-8d8f-4ba6-9924-4c86982d890a,Is there an egg crate visible in the scene?,Yes.,"Yes, there is an egg crate visible in the scene.",192;193;194;195;196;197;198;199;200;201;202;203;216;217;218;219;220;221;222;223;236;237;238;239;260;261;262;263;300;301;302;303;316;317;318;319;336;337;338;339;388;389;390;391;428;429;430;431;432;433;434;435;480;481;482;483;620;621;622;623;624;625;626;627,64,1
9198b9a4-8d8f-4ba6-9924-4c86982d890a,Did the person crack eggs from both a slab and the fridge?,Yes.,"No, the person cracked eggs from a slab and a bowl, not from the fridge.",192;193;194;195;196;197;198;199;216;217;218;219;220;221;222;223;236;237;238;239;260;261;262;263;300;301;302;303;316;317;318;319;336;337;338;339;388;389;390;391;428;429;430;431;432;433;434;435;480;481;482;483;608;609;610;611;620;621;622;623;624;625;626;627,64,1
9198b9a4-8d8f-4ba6-9924-4c86982d890a,Were the flour and whipping cream poured into separate containers?,Yes.,"No, the flour and whipping cream were not poured into separate containers. The flour was poured into a bowl, and the whipping cream was poured into a separate bowl.",116;117;118;119;192;193;194;195;196;197;198;199;200;201;202;203;216;217;218;219;220;221;222;223;236;237;238;239;260;261;262;263;300;301;302;303;316;317;318;319;336;337;338;339;388;389;390;391;428;429;430;431;432;433;434;435;480;481;482;483;624;625;626;627,64,1
9198b9a4-8d8f-4ba6-9924-4c86982d890a,Is the heavy whipping cream poured before cracking the eggs?,Yes,"No, the heavy whipping cream is poured after the eggs are cracked.",192;193;194;195;196;197;198;199;200;201;202;203;216;217;218;219;220;221;222;223;236;237;238;239;260;261;262;263;300;301;302;303;316;317;318;319;336;337;338;339;388;389;390;391;428;429;430;431;432;433;434;435;480;481;482;483;620;621;622;623;624;625;626;627,64,1
9198b9a4-8d8f-4ba6-9924-4c86982d890a,Is the flour added to the bowl before the eggs are cracked?,Yes,"No, the flour is added to the bowl after the eggs are cracked.",192;193;194;195;196;197;198;199;200;201;202;203;216;217;218;219;220;221;222;223;236;237;238;239;260;261;262;263;300;301;302;303;316;317;318;319;336;337;338;339;388;389;390;391;428;429;430;431;432;433;434;435;480;481;482;483;620;621;622;623;624;625;626;627,64,1
9198b9a4-8d8f-4ba6-9924-4c86982d890a,What did I do just before whipping the eggs in the video?,Crack the eggs into steel bowls,"Just before whipping the eggs in the video, you were seen preparing a mixture in a bowl, which included ingredients such as flour, sugar, and possibly some spices or seasonings. You were using a whisk to mix these ingredients together. The scene then transitions to you cracking eggs into a separate bowl, indicating that you were about to whip the eggs as part of the recipe preparation.",192;193;194;195;196;197;198;199;216;217;218;219;220;221;222;223;236;237;238;239;260;261;262;263;300;301;302;303;316;317;318;319;336;337;338;339;388;389;390;391;428;429;430;431;432;433;434;435;480;481;482;483;608;609;610;611;620;621;622;623;624;625;626;627,64,1
9198b9a4-8d8f-4ba6-9924-4c86982d890a,What takes place just before flour is poured into a bowl?,Pouring cream into a glass cup,"A hand holding a white bowl is shown, and then the bowl is poured into a pan with a spatula.",116;117;118;119;192;193;194;195;196;197;198;199;216;217;218;219;220;221;222;223;236;237;238;239;260;261;262;263;300;301;302;303;316;317;318;319;336;337;338;339;388;389;390;391;428;429;430;431;432;433;434;435;480;481;482;483;620;621;622;623;624;625;626;627,64,1
9198b9a4-8d8f-4ba6-9924-4c86982d890a,What do we see happening before the egg crate is put in the fridge?,Cracking eggs on the slab,"Before the egg crate is put in the fridge, we see a person holding a carton of eggs and placing it into the fridge.",192;193;194;195;196;197;198;199;200;201;202;203;216;217;218;219;220;221;222;223;236;237;238;239;260;261;262;263;300;301;302;303;316;317;318;319;336;337;338;339;388;389;390;391;428;429;430;431;432;433;434;435;480;481;482;483;620;621;622;623;624;625;626;627,64,1
9198b9a4-8d8f-4ba6-9924-4c86982d890a,What occurs just before the shawarma preparation in the video?,Taking the egg crate out of the fridge,"The video shows the preparation of a mixture of vegetables and spices in a blender, which is then used to fill the shawarma wraps.",192;193;194;195;196;197;198;199;216;217;218;219;220;221;222;223;236;237;238;239;260;261;262;263;300;301;302;303;316;317;318;319;336;337;338;339;388;389;390;391;428;429;430;431;432;433;434;435;480;481;482;483;608;609;610;611;620;621;622;623;624;625;626;627,64,1
9198b9a4-8d8f-4ba6-9924-4c86982d890a,"In the video, is the egg cracked into the bowl before the cream is poured?",No,"No, the egg is cracked into the bowl after the cream is poured.",192;193;194;195;196;197;198;199;200;201;202;203;216;217;218;219;220;221;222;223;236;237;238;239;260;261;262;263;300;301;302;303;316;317;318;319;336;337;338;339;388;389;390;391;428;429;430;431;432;433;434;435;480;481;482;483;620;621;622;623;624;625;626;627,64,1
9198b9a4-8d8f-4ba6-9924-4c86982d890a,Does the egg crate go back into the fridge after the eggs are cracked?,Yes,"Yes, the egg crate is placed back into the fridge after the eggs are cracked.",192;193;194;195;196;197;198;199;200;201;202;203;216;217;218;219;220;221;222;223;236;237;238;239;260;261;262;263;300;301;302;303;316;317;318;319;336;337;338;339;388;389;390;391;428;429;430;431;432;433;434;435;480;481;482;483;620;621;622;623;624;625;626;627,64,1
9198b9a4-8d8f-4ba6-9924-4c86982d890a,"In the video, is the flour poured into the bowl after the egg is cracked?",Yes,"No, the flour is poured into the bowl before the egg is cracked.",192;193;194;195;196;197;198;199;200;201;202;203;216;217;218;219;220;221;222;223;236;237;238;239;260;261;262;263;300;301;302;303;316;317;318;319;336;337;338;339;388;389;390;391;428;429;430;431;432;433;434;435;480;481;482;483;620;621;622;623;624;625;626;627,64,1
9198b9a4-8d8f-4ba6-9924-4c86982d890a,Does the preparation of shawarma occur before the cream is poured into the cup?,Yes,"No, the preparation of shawarma does not occur before the cream is poured into the cup. The video shows the preparation of shawarma after the cream is poured into the cup.",192;193;194;195;196;197;198;199;216;217;218;219;220;221;222;223;236;237;238;239;260;261;262;263;300;301;302;303;316;317;318;319;336;337;338;339;388;389;390;391;428;429;430;431;432;433;434;435;480;481;482;483;608;609;610;611;620;621;622;623;624;625;626;627,64,1
9198b9a4-8d8f-4ba6-9924-4c86982d890a,What happens just before the egg crate is put back in the fridge?,The eggs are cracked.,The egg crate is removed from the fridge and placed on the kitchen counter.,192;193;194;195;196;197;198;199;216;217;218;219;220;221;222;223;236;237;238;239;260;261;262;263;300;301;302;303;316;317;318;319;336;337;338;339;388;389;390;391;428;429;430;431;432;433;434;435;480;481;482;483;608;609;610;611;620;621;622;623;624;625;626;627,64,1
9198b9a4-8d8f-4ba6-9924-4c86982d890a,What occurs just before the whipping of the egg?,The egg is cracked into the bowl.,"The person is seen holding a bowl of chopped vegetables, likely preparing to add them to the pan.",192;193;194;195;196;197;198;199;200;201;202;203;216;217;218;219;220;221;222;223;236;237;238;239;260;261;262;263;300;301;302;303;316;317;318;319;336;337;338;339;388;389;390;391;428;429;430;431;432;433;434;435;480;481;482;483;620;621;622;623;624;625;626;627,64,1
9198b9a4-8d8f-4ba6-9924-4c86982d890a,"In the video, what do we see happening before the flour is poured into the bowl?",The cream is poured into a cup.,"Before the flour is poured into the bowl, we see a hand holding a bowl of flour over a stove.",192;193;194;195;196;197;198;199;200;201;202;203;216;217;218;219;220;221;222;223;236;237;238;239;260;261;262;263;300;301;302;303;316;317;318;319;336;337;338;339;388;389;390;391;428;429;430;431;432;433;434;435;480;481;482;483;620;621;622;623;624;625;626;627,64,1
9198b9a4-8d8f-4ba6-9924-4c86982d890a,What happens just before the cream is poured into the cup?,Shawarma is prepared.,The cream is poured into the cup.,116;117;118;119;192;193;194;195;196;197;198;199;216;217;218;219;220;221;222;223;236;237;238;239;260;261;262;263;300;301;302;303;316;317;318;319;336;337;338;339;388;389;390;391;428;429;430;431;432;433;434;435;480;481;482;483;620;621;622;623;624;625;626;627,64,1
9198b9a4-8d8f-4ba6-9924-4c86982d890a,What is the setting of the video clip?,In a kitchen.,The setting of the video clip is a kitchen.,192;193;194;195;196;197;198;199;216;217;218;219;220;221;222;223;236;237;238;239;260;261;262;263;300;301;302;303;316;317;318;319;336;337;338;339;388;389;390;391;428;429;430;431;432;433;434;435;480;481;482;483;608;609;610;611;620;621;622;623;624;625;626;627,64,1
9198b9a4-8d8f-4ba6-9924-4c86982d890a,What ingredients are combined in the mixture?,"Egg, cheese, baking soda, cream, sugar, vegetables.","The mixture contains diced vegetables, possibly including carrots and bell peppers, and a brown, chunky mixture that could be a meat-based filling.",192;193;194;195;196;197;198;199;200;201;202;203;216;217;218;219;220;221;222;223;236;237;238;239;260;261;262;263;300;301;302;303;316;317;318;319;336;337;338;339;388;389;390;391;428;429;430;431;432;433;434;435;480;481;482;483;620;621;622;623;624;625;626;627,64,1
9198b9a4-8d8f-4ba6-9924-4c86982d890a,What utensil is used to stir the mixture?,A spatula.,A spatula is used to stir the mixture.,192;193;194;195;196;197;198;199;200;201;202;203;216;217;218;219;220;221;222;223;236;237;238;239;260;261;262;263;300;301;302;303;316;317;318;319;336;337;338;339;388;389;390;391;428;429;430;431;480;481;482;483;608;609;610;611;620;621;622;623;624;625;626;627,64,1
9198b9a4-8d8f-4ba6-9924-4c86982d890a,Where is the dough placed after removal from the fridge?,On a board on a slab in the kitchen.,The dough is placed on a tray.,192;193;194;195;196;197;198;199;200;201;202;203;216;217;218;219;220;221;222;223;236;237;238;239;260;261;262;263;300;301;302;303;316;317;318;319;336;337;338;339;388;389;390;391;428;429;430;431;432;433;434;435;480;481;482;483;620;621;622;623;624;625;626;627,64,1
9198b9a4-8d8f-4ba6-9924-4c86982d890a,What does the person do with the dough and mixture?,Stir the mixture; place dough on board.,"The person places the dough on a flat surface, spreads the mixture inside, and then rolls it up.",116;117;118;119;192;193;194;195;196;197;198;199;216;217;218;219;220;221;222;223;236;237;238;239;260;261;262;263;300;301;302;303;316;317;318;319;336;337;338;339;388;389;390;391;428;429;430;431;432;433;434;435;480;481;482;483;620;621;622;623;624;625;626;627,64,1
9198b9a4-8d8f-4ba6-9924-4c86982d890a,What preparation is shown in the video clip?,Making some food involving a mixed batter.,"The video clip shows the preparation of a dish involving rolled tortillas, a mixture of cooked meat and vegetables, and a colorful vegetable mixture.",192;193;194;195;196;197;198;199;200;201;202;203;216;217;218;219;220;221;222;223;236;237;238;239;260;261;262;263;300;301;302;303;316;317;318;319;336;337;338;339;388;389;390;391;428;429;430;431;480;481;482;483;608;609;610;611;620;621;622;623;624;625;626;627,64,1
9198b9a4-8d8f-4ba6-9924-4c86982d890a,What sequence of actions is depicted in the clip?,"Stirring mixture, retrieving, placing dough.","The clip depicts the preparation and cooking of a meal, starting with the person holding a tortilla and adding a filling, then placing it on a tray, and finally cooking the filling in a pan.",192;193;194;195;196;197;198;199;216;217;218;219;220;221;222;223;236;237;238;239;260;261;262;263;300;301;302;303;316;317;318;319;336;337;338;339;388;389;390;391;428;429;430;431;432;433;434;435;480;481;482;483;608;609;610;611;620;621;622;623;624;625;626;627,64,1
9198b9a4-8d8f-4ba6-9924-4c86982d890a,Does the person whip cream into the mixture?,Yes.,"No, the person does not whip cream into the mixture.",192;193;194;195;196;197;198;199;216;217;218;219;220;221;222;223;236;237;238;239;260;261;262;263;300;301;302;303;316;317;318;319;336;337;338;339;388;389;390;391;428;429;430;431;432;433;434;435;480;481;482;483;608;609;610;611;620;621;622;623;624;625;626;627,64,1
9198b9a4-8d8f-4ba6-9924-4c86982d890a,Does the person transfer the mixture to another container?,No.,"Yes, the person transfers the mixture to a blender.",192;193;194;195;196;197;198;199;216;217;218;219;220;221;222;223;236;237;238;239;260;261;262;263;300;301;302;303;316;317;318;319;336;337;338;339;388;389;390;391;428;429;430;431;432;433;434;435;480;481;482;483;608;609;610;611;620;621;622;623;624;625;626;627,64,1
9198b9a4-8d8f-4ba6-9924-4c86982d890a,Is the dough placed in an oven?,No.,no,116;117;118;119;192;193;194;195;196;197;198;199;200;201;202;203;216;217;218;219;220;221;222;223;236;237;238;239;260;261;262;263;300;301;302;303;316;317;318;319;336;337;338;339;388;389;390;391;428;429;430;431;432;433;434;435;480;481;482;483;624;625;626;627,64,1
9198b9a4-8d8f-4ba6-9924-4c86982d890a,Does the person knead the dough in the clip?,No.,"No, the person does not knead the dough in the clip.",192;193;194;195;196;197;198;199;216;217;218;219;220;221;222;223;236;237;238;239;260;261;262;263;300;301;302;303;316;317;318;319;336;337;338;339;388;389;390;391;428;429;430;431;432;433;434;435;480;481;482;483;608;609;610;611;620;621;622;623;624;625;626;627,64,1
9198b9a4-8d8f-4ba6-9924-4c86982d890a,Is there a moment when sugar is added to the mixture?,No (sugar was already added before).,"Yes, there is a moment when sugar is added to the mixture.",116;117;118;119;192;193;194;195;196;197;198;199;200;201;202;203;216;217;218;219;220;221;222;223;236;237;238;239;260;261;262;263;300;301;302;303;316;317;318;319;336;337;338;339;388;389;390;391;428;429;430;431;480;481;482;483;620;621;622;623;624;625;626;627,64,1
9198b9a4-8d8f-4ba6-9924-4c86982d890a,Was the cream poured into a cup before the eggs were cracked?,Yes,"No, the cream was poured into a cup after the eggs were cracked.",192;193;194;195;196;197;198;199;200;201;202;203;216;217;218;219;220;221;222;223;236;237;238;239;260;261;262;263;300;301;302;303;316;317;318;319;336;337;338;339;388;389;390;391;428;429;430;431;432;433;434;435;480;481;482;483;620;621;622;623;624;625;626;627,64,1
9198b9a4-8d8f-4ba6-9924-4c86982d890a,Was the mixture stirred before the dough was brought out?,Yes,"Yes, the mixture was stirred before the dough was brought out.",116;117;118;119;192;193;194;195;196;197;198;199;200;201;202;203;216;217;218;219;220;221;222;223;236;237;238;239;260;261;262;263;300;301;302;303;316;317;318;319;336;337;338;339;388;389;390;391;428;429;430;431;432;433;434;435;480;481;482;483;624;625;626;627,64,1
9198b9a4-8d8f-4ba6-9924-4c86982d890a,Did the whipping of eggs happen after the flour was poured?,Yes,"No, the whipping of eggs happened before the flour was poured.",192;193;194;195;196;197;198;199;200;201;202;203;216;217;218;219;220;221;222;223;236;237;238;239;260;261;262;263;300;301;302;303;316;317;318;319;336;337;338;339;388;389;390;391;428;429;430;431;432;433;434;435;480;481;482;483;620;621;622;623;624;625;626;627,64,1
9198b9a4-8d8f-4ba6-9924-4c86982d890a,Is sugar added to the mixture after the egg is whipped?,Yes,"No, sugar is not added to the mixture after the egg is whipped.",192;193;194;195;196;197;198;199;200;201;202;203;216;217;218;219;220;221;222;223;236;237;238;239;260;261;262;263;300;301;302;303;316;317;318;319;336;337;338;339;388;389;390;391;428;429;430;431;432;433;434;435;480;481;482;483;620;621;622;623;624;625;626;627,64,1
9198b9a4-8d8f-4ba6-9924-4c86982d890a,What happened before the dough was placed on the board?,Stirring the mixture,"Before the dough was placed on the board, it was rolled out on a surface.",116;117;118;119;192;193;194;195;196;197;198;199;216;217;218;219;220;221;222;223;236;237;238;239;260;261;262;263;300;301;302;303;316;317;318;319;336;337;338;339;388;389;390;391;428;429;430;431;432;433;434;435;480;481;482;483;620;621;622;623;624;625;626;627,64,1
9198b9a4-8d8f-4ba6-9924-4c86982d890a,What occurs just before the eggs are whipped?,Cracking eggs into bowls,A hand is seen cracking eggs into a bowl.,116;117;118;119;192;193;194;195;196;197;198;199;216;217;218;219;220;221;222;223;236;237;238;239;260;261;262;263;300;301;302;303;316;317;318;319;336;337;338;339;388;389;390;391;428;429;430;431;432;433;434;435;480;481;482;483;620;621;622;623;624;625;626;627,64,1
9198b9a4-8d8f-4ba6-9924-4c86982d890a,What is done just before cracking eggs from the fridge?,Pouring cream into a cup,"Just before cracking eggs from the fridge, the person is seen holding a carton of eggs and standing in front of the fridge.",116;117;118;119;192;193;194;195;196;197;198;199;216;217;218;219;220;221;222;223;236;237;238;239;260;261;262;263;300;301;302;303;316;317;318;319;336;337;338;339;388;389;390;391;428;429;430;431;432;433;434;435;480;481;482;483;620;621;622;623;624;625;626;627,64,1
9198b9a4-8d8f-4ba6-9924-4c86982d890a,What is done right before adding grated cheese to the mixture?,Stirring the mixture,"Right before adding grated cheese to the mixture, the person is seen stirring a colorful mixture of vegetables in a pan.",192;193;194;195;196;197;198;199;216;217;218;219;220;221;222;223;236;237;238;239;260;261;262;263;300;301;302;303;316;317;318;319;336;337;338;339;388;389;390;391;428;429;430;431;432;433;434;435;480;481;482;483;608;609;610;611;620;621;622;623;624;625;626;627,64,1
9198b9a4-8d8f-4ba6-9924-4c86982d890a,"In the video, does the cheese get grated before the eggs are cracked?",No,"No, the cheese is grated after the eggs are cracked.",192;193;194;195;196;197;198;199;200;201;202;203;216;217;218;219;220;221;222;223;236;237;238;239;260;261;262;263;300;301;302;303;316;317;318;319;336;337;338;339;388;389;390;391;428;429;430;431;432;433;434;435;480;481;482;483;620;621;622;623;624;625;626;627,64,1
9198b9a4-8d8f-4ba6-9924-4c86982d890a,Is the heavy whipping cream poured into a cup after the flour?,Yes,"Yes, the heavy whipping cream is poured into a cup after the flour.",192;193;194;195;196;197;198;199;200;201;202;203;216;217;218;219;220;221;222;223;236;237;238;239;260;261;262;263;300;301;302;303;316;317;318;319;336;337;338;339;388;389;390;391;428;429;430;431;432;433;434;435;480;481;482;483;620;621;622;623;624;625;626;627,64,1
9198b9a4-8d8f-4ba6-9924-4c86982d890a,Does the dough come out of the fridge before the eggs are whipped?,No,"No, the dough comes out of the fridge after the eggs are whisked.",192;193;194;195;196;197;198;199;216;217;218;219;220;221;222;223;236;237;238;239;260;261;262;263;300;301;302;303;316;317;318;319;336;337;338;339;388;389;390;391;428;429;430;431;432;433;434;435;480;481;482;483;608;609;610;611;620;621;622;623;624;625;626;627,64,1
9198b9a4-8d8f-4ba6-9924-4c86982d890a,"In the video, is the sugar added to the mixture before the vegetables?",Yes,"No, the sugar is added to the mixture after the vegetables.",192;193;194;195;196;197;198;199;200;201;202;203;216;217;218;219;220;221;222;223;236;237;238;239;260;261;262;263;300;301;302;303;316;317;318;319;336;337;338;339;388;389;390;391;428;429;430;431;432;433;434;435;480;481;482;483;620;621;622;623;624;625;626;627,64,1
9198b9a4-8d8f-4ba6-9924-4c86982d890a,Does the mixture get stirred before the eggs are cracked?,No,"Yes, the mixture is stirred before the eggs are cracked.",116;117;118;119;192;193;194;195;196;197;198;199;200;201;202;203;216;217;218;219;220;221;222;223;236;237;238;239;260;261;262;263;300;301;302;303;316;317;318;319;336;337;338;339;388;389;390;391;428;429;430;431;432;433;434;435;480;481;482;483;624;625;626;627,64,1
9198b9a4-8d8f-4ba6-9924-4c86982d890a,What happens just before the dough is placed on the board?,The mixture is stirred,The dough is rolled out on a surface.,116;117;118;119;192;193;194;195;196;197;198;199;216;217;218;219;220;221;222;223;236;237;238;239;260;261;262;263;300;301;302;303;316;317;318;319;336;337;338;339;388;389;390;391;428;429;430;431;432;433;434;435;480;481;482;483;620;621;622;623;624;625;626;627,64,1
9198b9a4-8d8f-4ba6-9924-4c86982d890a,"In the video sequence, what action is taken before pouring flour into a glass bowl?",Preparing shawarma,"Before pouring flour into a glass bowl, the person is seen holding a glass bowl and a white spatula, indicating they are about to mix or add ingredients.",192;193;194;195;196;197;198;199;200;201;202;203;216;217;218;219;220;221;222;223;236;237;238;239;260;261;262;263;300;301;302;303;316;317;318;319;336;337;338;339;388;389;390;391;428;429;430;431;432;433;434;435;480;481;482;483;620;621;622;623;624;625;626;627,64,1
9198b9a4-8d8f-4ba6-9924-4c86982d890a,What occurs just before grating the cheese?,Stirring the mixture,"Just before grating the cheese, the person is seen holding a white bowl filled with a colorful mixture of diced vegetables.",192;193;194;195;196;197;198;199;216;217;218;219;220;221;222;223;236;237;238;239;260;261;262;263;300;301;302;303;316;317;318;319;336;337;338;339;388;389;390;391;428;429;430;431;432;433;434;435;480;481;482;483;608;609;610;611;620;621;622;623;624;625;626;627,64,1
9198b9a4-8d8f-4ba6-9924-4c86982d890a,"In the video, what happens right before whipping the egg?",Cracking the eggs,"Right before whipping the egg, the person is seen cracking an egg into a bowl.",116;117;118;119;192;193;194;195;196;197;198;199;200;201;202;203;216;217;218;219;220;221;222;223;236;237;238;239;260;261;262;263;300;301;302;303;316;317;318;319;336;337;338;339;388;389;390;391;428;429;430;431;480;481;482;483;620;621;622;623;624;625;626;627,64,1
9198b9a4-8d8f-4ba6-9924-4c86982d890a,What do we see happening before the heavy whipping cream is poured?,Preparing shawarma,"Before the heavy whipping cream is poured, we see a hand holding a white bowl filled with chopped vegetables, including red and yellow bell peppers, and a spatula.",192;193;194;195;196;197;198;199;200;201;202;203;216;217;218;219;220;221;222;223;236;237;238;239;260;261;262;263;300;301;302;303;316;317;318;319;336;337;338;339;388;389;390;391;428;429;430;431;432;433;434;435;480;481;482;483;620;621;622;623;624;625;626;627,64,1
9198b9a4-8d8f-4ba6-9924-4c86982d890a,What is the setting of the video clip?,The setting is a kitchen.,The setting of the video clip is a kitchen.,192;193;194;195;196;197;198;199;216;217;218;219;220;221;222;223;236;237;238;239;260;261;262;263;300;301;302;303;316;317;318;319;336;337;338;339;388;389;390;391;428;429;430;431;432;433;434;435;480;481;482;483;608;609;610;611;620;621;622;623;624;625;626;627,64,1
9198b9a4-8d8f-4ba6-9924-4c86982d890a,What ingredients are being used?,Dough and mixtures in bowls.,"The video shows the preparation of a dish that includes the following ingredients:1. Tortillas - These are being filled with a mixture of meat and vegetables.2. Ground meat - This is being cooked in a pan and used as a filling for the tortillas.3. Vegetables - The vegetables include diced tomatoes, onions, and possibly bell peppers, which are being sautéed in a pan.4. Cheese - Shredded cheese is being used to top the tortillas.5. Spices and seasonings - Various spices and seasonings are being used to flavor the dish, although specific types are not mentioned.6. Tortilla chips - These are being used as a topping for the dish.The video also shows the use of a blender, which might be used to blend some of the ingredients for a sauce or dip.",116;117;118;119;192;193;194;195;196;197;198;199;216;217;218;219;220;221;222;223;236;237;238;239;260;261;262;263;300;301;302;303;316;317;318;319;336;337;338;339;388;389;390;391;428;429;430;431;432;433;434;435;480;481;482;483;620;621;622;623;624;625;626;627,64,1
9198b9a4-8d8f-4ba6-9924-4c86982d890a,What equipment is being utilized?,Rolling pin and spatulas.,stove,116;117;118;119;192;193;194;195;196;197;198;199;216;217;218;219;220;221;222;223;236;237;238;239;260;261;262;263;300;301;302;303;316;317;318;319;336;337;338;339;388;389;390;391;428;429;430;431;432;433;434;435;480;481;482;483;620;621;622;623;624;625;626;627,64,1
9198b9a4-8d8f-4ba6-9924-4c86982d890a,What is the main activity occurring?,Preparing dough and mixtures for baking.,"The main activity is the preparation of a meal, specifically making tacos.",192;193;194;195;196;197;198;199;200;201;202;203;216;217;218;219;220;221;222;223;236;237;238;239;260;261;262;263;300;301;302;303;316;317;318;319;336;337;338;339;388;389;390;391;428;429;430;431;432;433;434;435;480;481;482;483;620;621;622;623;624;625;626;627,64,1
9198b9a4-8d8f-4ba6-9924-4c86982d890a,What task is being performed with the dough?,Rolling the dough with a rolling pin.,The dough is being rolled out and placed on a tray.,116;117;118;119;192;193;194;195;196;197;198;199;216;217;218;219;220;221;222;223;236;237;238;239;260;261;262;263;300;301;302;303;316;317;318;319;336;337;338;339;388;389;390;391;428;429;430;431;432;433;434;435;480;481;482;483;620;621;622;623;624;625;626;627,64,1
9198b9a4-8d8f-4ba6-9924-4c86982d890a,What is being done to the mixtures?,The mixtures are being stirred in steel bowls.,The mixtures are being cooked and stirred.,116;117;118;119;192;193;194;195;196;197;198;199;216;217;218;219;220;221;222;223;236;237;238;239;260;261;262;263;300;301;302;303;316;317;318;319;336;337;338;339;388;389;390;391;428;429;430;431;480;481;482;483;608;609;610;611;620;621;622;623;624;625;626;627,64,1
9198b9a4-8d8f-4ba6-9924-4c86982d890a,Is the dough being prepared for baking?,Yes.,"No, the dough is being prepared for cooking.",116;117;118;119;192;193;194;195;196;197;198;199;200;201;202;203;216;217;218;219;220;221;222;223;236;237;238;239;260;261;262;263;300;301;302;303;316;317;318;319;336;337;338;339;388;389;390;391;428;429;430;431;432;433;434;435;480;481;482;483;624;625;626;627,64,1
9198b9a4-8d8f-4ba6-9924-4c86982d890a,Is only one type of spatula being used?,"No, two different spatulas are being used.","No, there are multiple spatulas being used in the video.",192;193;194;195;196;197;198;199;216;217;218;219;220;221;222;223;236;237;238;239;260;261;262;263;300;301;302;303;316;317;318;319;336;337;338;339;388;389;390;391;428;429;430;431;432;433;434;435;480;481;482;483;608;609;610;611;620;621;622;623;624;625;626;627,64,1
9198b9a4-8d8f-4ba6-9924-4c86982d890a,Did the same person handle all tasks shown in the summary?,Yes.,"Yes, the same person is shown handling all the tasks in the video summary, from preparing the ingredients to cooking the food.",192;193;194;195;196;197;198;199;216;217;218;219;220;221;222;223;236;237;238;239;260;261;262;263;300;301;302;303;316;317;318;319;336;337;338;339;388;389;390;391;428;429;430;431;432;433;434;435;480;481;482;483;608;609;610;611;620;621;622;623;624;625;626;627,64,1
9198b9a4-8d8f-4ba6-9924-4c86982d890a,Is anything being cooked in the clip?,"No, only preparation steps are shown.","Yes, the clip shows a person cooking food on a stovetop.",192;193;194;195;196;197;198;199;200;201;202;203;216;217;218;219;220;221;222;223;236;237;238;239;260;261;262;263;300;301;302;303;316;317;318;319;336;337;338;339;388;389;390;391;428;429;430;431;432;433;434;435;480;481;482;483;620;621;622;623;624;625;626;627,64,1
9198b9a4-8d8f-4ba6-9924-4c86982d890a,Is the dough placed on the board before the mixture is stirred?,No,"No, the dough is placed on the board after the mixture is stirred.",116;117;118;119;192;193;194;195;196;197;198;199;200;201;202;203;216;217;218;219;220;221;222;223;236;237;238;239;260;261;262;263;300;301;302;303;316;317;318;319;336;337;338;339;388;389;390;391;428;429;430;431;432;433;434;435;480;481;482;483;624;625;626;627,64,1
9198b9a4-8d8f-4ba6-9924-4c86982d890a,Is the doe taken out of the fridge before the rolling pin is used?,Yes,"No, the dough is taken out of the fridge after the rolling pin is used.",192;193;194;195;196;197;198;199;216;217;218;219;220;221;222;223;236;237;238;239;260;261;262;263;300;301;302;303;316;317;318;319;336;337;338;339;388;389;390;391;428;429;430;431;432;433;434;435;480;481;482;483;608;609;610;611;620;621;622;623;624;625;626;627,64,1
9198b9a4-8d8f-4ba6-9924-4c86982d890a,What do we see happening before the spatula stirs the mixture in the steel bowls?,The rolling pin rolls on the dough,"Before the spatula stirs the mixture, we see a close-up of the kitchen counter with various ingredients and utensils, including a container of tortillas, a jar of spices, and a blender.",192;193;194;195;196;197;198;199;216;217;218;219;220;221;222;223;236;237;238;239;260;261;262;263;300;301;302;303;316;317;318;319;336;337;338;339;388;389;390;391;428;429;430;431;432;433;434;435;480;481;482;483;608;609;610;611;620;621;622;623;624;625;626;627,64,1
9198b9a4-8d8f-4ba6-9924-4c86982d890a,Did I pour heavy whipping cream before cracking eggs?,Yes,"No, you did not pour heavy whipping cream before cracking eggs.",192;193;194;195;196;197;198;199;200;201;202;203;216;217;218;219;220;221;222;223;236;237;238;239;260;261;262;263;300;301;302;303;316;317;318;319;336;337;338;339;388;389;390;391;428;429;430;431;432;433;434;435;480;481;482;483;620;621;622;623;624;625;626;627,64,1
9198b9a4-8d8f-4ba6-9924-4c86982d890a,Is the dough rolled before stirring mixtures in bowls?,Yes,"Yes, the dough is rolled before stirring mixtures in bowls.",192;193;194;195;196;197;198;199;200;201;202;203;216;217;218;219;220;221;222;223;236;237;238;239;260;261;262;263;300;301;302;303;316;317;318;319;336;337;338;339;388;389;390;391;428;429;430;431;480;481;482;483;608;609;610;611;620;621;622;623;624;625;626;627,64,1
9198b9a4-8d8f-4ba6-9924-4c86982d890a,Do I place the dough on the board after pouring flour?,Yes,"Yes, after pouring flour, you should place the dough on the board.",192;193;194;195;196;197;198;199;200;201;202;203;216;217;218;219;220;221;222;223;236;237;238;239;260;261;262;263;300;301;302;303;316;317;318;319;336;337;338;339;388;389;390;391;428;429;430;431;432;433;434;435;480;481;482;483;620;621;622;623;624;625;626;627,64,1
9198b9a4-8d8f-4ba6-9924-4c86982d890a,What happens just before I place the dough on the board?,I bring out the dough from the fridge.,"Just before placing the dough on the board, the person is seen holding a piece of dough and preparing to roll it out.",116;117;118;119;192;193;194;195;196;197;198;199;216;217;218;219;220;221;222;223;236;237;238;239;260;261;262;263;300;301;302;303;316;317;318;319;336;337;338;339;388;389;390;391;428;429;430;431;432;433;434;435;480;481;482;483;620;621;622;623;624;625;626;627,64,1
9198b9a4-8d8f-4ba6-9924-4c86982d890a,What is the setting of the video clip?,A kitchen with a board and cooking items.,The setting of the video clip is a kitchen.,192;193;194;195;196;197;198;199;216;217;218;219;220;221;222;223;236;237;238;239;260;261;262;263;300;301;302;303;316;317;318;319;336;337;338;339;388;389;390;391;428;429;430;431;432;433;434;435;480;481;482;483;608;609;610;611;620;621;622;623;624;625;626;627,64,1
9198b9a4-8d8f-4ba6-9924-4c86982d890a,What object is primarily shown in the scene?,A doe laid out on a mat on a kitchen board.,The scene primarily shows a kitchen stove with a pot of chili and a pan of mixed vegetables.,192;193;194;195;196;197;198;199;216;217;218;219;220;221;222;223;236;237;238;239;260;261;262;263;300;301;302;303;316;317;318;319;336;337;338;339;388;389;390;391;428;429;430;431;432;433;434;435;480;481;482;483;608;609;610;611;620;621;622;623;624;625;626;627,64,1
9198b9a4-8d8f-4ba6-9924-4c86982d890a,Which item is used in the scene?,A knife to trim edges of the doe.,spoon,192;193;194;195;196;197;198;199;216;217;218;219;220;221;222;223;236;237;238;239;260;261;262;263;300;301;302;303;316;317;318;319;336;337;338;339;388;389;390;391;428;429;430;431;432;433;434;435;480;481;482;483;608;609;610;611;620;621;622;623;624;625;626;627,64,1
9198b9a4-8d8f-4ba6-9924-4c86982d890a,What stage of the process is shown?,Trimming and folding the prepared doe.,"The video shows the preparation and cooking stages of making a dish with tortillas, a mixture of meat and vegetables, and a colorful vegetable mixture.",192;193;194;195;196;197;198;199;216;217;218;219;220;221;222;223;236;237;238;239;260;261;262;263;300;301;302;303;316;317;318;319;336;337;338;339;388;389;390;391;428;429;430;431;432;433;434;435;480;481;482;483;608;609;610;611;620;621;622;623;624;625;626;627,64,1
9198b9a4-8d8f-4ba6-9924-4c86982d890a,Can you describe the main task at hand?,Trimming rough edges of the doe.,"The video showcases a detailed cooking process in a kitchen setting. The main task involves preparing and cooking a dish that includes rolled tortillas, a mixture of cooked meat and vegetables, and a colorful vegetable mixture. The video begins with a close-up of a kitchen counter where several rolled tortillas are placed on a black tray. In the background, there is a pot of cooked meat and a pan with a colorful vegetable mixture. Various kitchen utensils and ingredients are visible, including a spatula, a container of spices, and a blender.The person in the video, who has red-painted nails, is seen handling the rolled tortillas and the vegetable mixture. They use a spatula to stir the vegetable mixture in a pan on the stove. The person then places a portion of the vegetable mixture onto one of the tortillas, preparing to assemble the dish.The video continues with a close-up of the person assembling the dish. They place the vegetable mixture onto a tortilla and then fold it over the filling. The person uses a spatula to press down on the tortilla, ensuring it is properly sealed. The video shows the person placing the assembled tortilla onto a black tray with other prepared tortillas.The video progresses with the person continuing to assemble the tortillas.",192;193;194;195;196;197;198;199;216;217;218;219;220;221;222;223;236;237;238;239;260;261;262;263;300;301;302;303;316;317;318;319;336;337;338;339;388;389;390;391;428;429;430;431;432;433;434;435;480;481;482;483;608;609;610;611;620;621;622;623;624;625;626;627,64,1
9198b9a4-8d8f-4ba6-9924-4c86982d890a,What preparation step is shown in the clip?,Folding the trimmed doe together.,"The clip shows the preparation of a dish involving filling tortillas with a mixture of meat and vegetables, and then placing them on a baking tray.",192;193;194;195;196;197;198;199;200;201;202;203;216;217;218;219;220;221;222;223;236;237;238;239;260;261;262;263;300;301;302;303;316;317;318;319;336;337;338;339;388;389;390;391;428;429;430;431;480;481;482;483;608;609;610;611;620;621;622;623;624;625;626;627,64,1
9198b9a4-8d8f-4ba6-9924-4c86982d890a,Did the person use a knife in the video?,Yes.,"No, the person did not use a knife in the video.",192;193;194;195;196;197;198;199;216;217;218;219;220;221;222;223;236;237;238;239;260;261;262;263;300;301;302;303;316;317;318;319;336;337;338;339;388;389;390;391;428;429;430;431;432;433;434;435;480;481;482;483;608;609;610;611;620;621;622;623;624;625;626;627,64,1
9198b9a4-8d8f-4ba6-9924-4c86982d890a,Is there any folding action happening?,Yes.,"Yes, there is a folding action happening. The person is folding tortillas around the filling.",192;193;194;195;196;197;198;199;200;201;202;203;216;217;218;219;220;221;222;223;236;237;238;239;260;261;262;263;300;301;302;303;316;317;318;319;336;337;338;339;388;389;390;391;428;429;430;431;432;433;434;435;480;481;482;483;620;621;622;623;624;625;626;627,64,1
9198b9a4-8d8f-4ba6-9924-4c86982d890a,Did the person complete the trimming action?,Yes.,"Yes, the person completed the trimming action.",192;193;194;195;196;197;198;199;200;201;202;203;216;217;218;219;220;221;222;223;236;237;238;239;260;261;262;263;300;301;302;303;316;317;318;319;336;337;338;339;388;389;390;391;428;429;430;431;432;433;434;435;480;481;482;483;620;621;622;623;624;625;626;627,64,1
9198b9a4-8d8f-4ba6-9924-4c86982d890a,Is the dough folded before trimming the rough edges?,No,"Yes, the dough is folded before trimming the rough edges.",116;117;118;119;192;193;194;195;196;197;198;199;200;201;202;203;216;217;218;219;220;221;222;223;236;237;238;239;260;261;262;263;300;301;302;303;316;317;318;319;336;337;338;339;388;389;390;391;428;429;430;431;432;433;434;435;480;481;482;483;624;625;626;627,64,1
9198b9a4-8d8f-4ba6-9924-4c86982d890a,Does stirring in the steel bowls happen after folding the dough?,No,"Yes, stirring in the steel bowls happens after folding the dough.",192;193;194;195;196;197;198;199;200;201;202;203;216;217;218;219;220;221;222;223;236;237;238;239;260;261;262;263;300;301;302;303;316;317;318;319;336;337;338;339;388;389;390;391;428;429;430;431;432;433;434;435;480;481;482;483;620;621;622;623;624;625;626;627,64,1
9198b9a4-8d8f-4ba6-9924-4c86982d890a,What occurs just before folding the dough?,Trimming the rough edges with a knife,"Just before folding the dough, the person scoops the meat mixture from the pan and places it onto the dough.",116;117;118;119;192;193;194;195;196;197;198;199;216;217;218;219;220;221;222;223;236;237;238;239;260;261;262;263;300;301;302;303;316;317;318;319;336;337;338;339;388;389;390;391;428;429;430;431;432;433;434;435;480;481;482;483;620;621;622;623;624;625;626;627,64,1
9198b9a4-8d8f-4ba6-9924-4c86982d890a,What happens before stirring mixtures in steel bowls?,Rolling the pin on the dough,"Before stirring mixtures in steel bowls, the person uses a spatula to scoop the contents of the bowls.",192;193;194;195;196;197;198;199;200;201;202;203;216;217;218;219;220;221;222;223;236;237;238;239;260;261;262;263;300;301;302;303;316;317;318;319;336;337;338;339;388;389;390;391;428;429;430;431;480;481;482;483;608;609;610;611;620;621;622;623;624;625;626;627,64,1
9198b9a4-8d8f-4ba6-9924-4c86982d890a,Does rolling the dough with a rolling pin happen before trimming its edges?,Yes,"Yes, rolling the dough with a rolling pin happens before trimming its edges.",116;117;118;119;192;193;194;195;196;197;198;199;200;201;202;203;216;217;218;219;220;221;222;223;236;237;238;239;260;261;262;263;300;301;302;303;316;317;318;319;336;337;338;339;388;389;390;391;428;429;430;431;432;433;434;435;480;481;482;483;624;625;626;627,64,1
9198b9a4-8d8f-4ba6-9924-4c86982d890a,Is the trimmed dough folded before stirring the mixture?,No,"Yes, the trimmed dough is folded before stirring the mixture.",116;117;118;119;192;193;194;195;196;197;198;199;200;201;202;203;216;217;218;219;220;221;222;223;236;237;238;239;260;261;262;263;300;301;302;303;316;317;318;319;336;337;338;339;388;389;390;391;428;429;430;431;432;433;434;435;480;481;482;483;624;625;626;627,64,1
9198b9a4-8d8f-4ba6-9924-4c86982d890a,Do I take out the dough from the fridge before preparing mixtures?,Yes,"Yes, you should take out the dough from the fridge before preparing the mixtures.",192;193;194;195;196;197;198;199;216;217;218;219;220;221;222;223;236;237;238;239;260;261;262;263;300;301;302;303;316;317;318;319;336;337;338;339;388;389;390;391;428;429;430;431;432;433;434;435;480;481;482;483;608;609;610;611;620;621;622;623;624;625;626;627,64,1
9198b9a4-8d8f-4ba6-9924-4c86982d890a,What occurs before folding the trimmed dough?,Trimming the rough edges with a knife,"Before folding the trimmed dough, the person places a spoonful of the meat mixture onto the center of the dough.",116;117;118;119;192;193;194;195;196;197;198;199;200;201;202;203;216;217;218;219;220;221;222;223;236;237;238;239;260;261;262;263;300;301;302;303;316;317;318;319;336;337;338;339;388;389;390;391;428;429;430;431;432;433;434;435;480;481;482;483;624;625;626;627,64,1
9198b9a4-8d8f-4ba6-9924-4c86982d890a,What is the first thing I do with the dough after taking it out from the fridge?,Placing it on a board,"The first thing you do with the dough after taking it out from the fridge is to let it rest at room temperature for a few minutes to soften slightly. This allows the dough to become more pliable and easier to work with. After that, you can proceed with shaping the dough into the desired form, such as rolling it out for a pie or cutting it into smaller pieces for a different recipe.",116;117;118;119;192;193;194;195;196;197;198;199;216;217;218;219;220;221;222;223;236;237;238;239;260;261;262;263;300;301;302;303;316;317;318;319;336;337;338;339;388;389;390;391;428;429;430;431;432;433;434;435;480;481;482;483;620;621;622;623;624;625;626;627,64,1
0fa75cb3-c4a0-4232-bdc4-15116ed39d88,What is the setting of the video clip?,It is in an outdoor field.,"The setting of the video clip is a coastal area with a clear sky, palm trees, and a road with street lamps.",40;41;42;43;88;89;90;91;224;225;226;227;228;229;230;231;232;233;234;235;236;237;238;239;240;241;242;243;244;245;246;247;276;277;278;279;288;289;290;291;320;321;322;323;328;329;330;331;332;333;334;335;340;341;342;343;360;361;362;363;368;369;370;371,64,1
0fa75cb3-c4a0-4232-bdc4-15116ed39d88,Is the scene occurring in an urban or rural environment?,Rural environment.,"The scene is occurring in an urban environment, as indicated by the presence of street lamps, traffic signs, and the well-maintained road.",40;41;42;43;88;89;90;91;224;225;226;227;228;229;230;231;232;233;234;235;236;237;238;239;240;241;242;243;244;245;246;247;276;277;278;279;288;289;290;291;320;321;322;323;328;329;330;331;332;333;334;335;340;341;342;343;360;361;362;363;368;369;370;371,64,1
0fa75cb3-c4a0-4232-bdc4-15116ed39d88,What time of day does the scene appear to be set in?,It appears to be set in the evening.,"The scene appears to be set in the evening, as indicated by the soft, warm light and the long shadows cast by the palm trees and street lamps.",40;41;42;43;88;89;90;91;224;225;226;227;228;229;230;231;232;233;234;235;236;237;238;239;240;241;242;243;244;245;246;247;276;277;278;279;288;289;290;291;320;321;322;323;328;329;330;331;332;333;334;335;340;341;342;343;360;361;362;363;368;369;370;371,64,1
0fa75cb3-c4a0-4232-bdc4-15116ed39d88,How is the subject navigating the outdoor space?,The subject is walking on the field and then heads home.,"The subject is navigating the outdoor space by walking along a sidewalk, passing by palm trees, and moving along a road with street lamps.",40;41;42;43;88;89;90;91;224;225;226;227;228;229;230;231;232;233;234;235;236;237;238;239;240;241;242;243;244;245;246;247;276;277;278;279;288;289;290;291;320;321;322;323;328;329;330;331;332;333;334;335;340;341;342;343;360;361;362;363;368;369;370;371,64,1
0fa75cb3-c4a0-4232-bdc4-15116ed39d88,Can you provide an overview of the action in this clip?,"Subject walks outdoors, across a field, and returns home.","The video begins with a view of a street lined with palm trees and modern buildings. The sky is clear, and the sun is low on the horizon, indicating either early morning or late evening. The street is relatively empty, with a few parked cars visible. The camera moves along the sidewalk, showing well-maintained landscaping and streetlights. The architecture of the buildings is contemporary, with clean lines and large windows. The palm trees are tall and healthy, providing a tropical ambiance to the setting.As the video progresses, the camera continues along the sidewalk, maintaining the same clear sky and low sun. The street remains mostly empty, with a few pedestrians visible in the distance. The modern buildings have a uniform design, with white exteriors and flat roofs. The landscaping includes neatly trimmed bushes and a variety of plants, contributing to the overall aesthetic of the area. The streetlights are evenly spaced along the sidewalk, providing a sense of order and safety.The video wraps up with the camera still moving along the sidewalk, showing more of the street and its surroundings. The sun continues to be low on the horizon, casting a warm glow over the scene. The palm trees remain prominent, and the modern buildings continue to line the street. The streetlights are still visible, and the",40;41;42;43;88;89;90;91;224;225;226;227;228;229;230;231;232;233;234;235;236;237;238;239;240;241;242;243;244;245;246;247;276;277;278;279;288;289;290;291;320;321;322;323;328;329;330;331;332;333;334;335;340;341;342;343;360;361;362;363;368;369;370;371,64,1
0fa75cb3-c4a0-4232-bdc4-15116ed39d88,Does the video show the subject entering a building?,No.,"No, the video does not show the subject entering a building.",40;41;42;43;88;89;90;91;224;225;226;227;228;229;230;231;232;233;234;235;236;237;238;239;240;241;242;243;244;245;246;247;276;277;278;279;288;289;290;291;320;321;322;323;328;329;330;331;332;333;334;335;340;341;342;343;360;361;362;363;368;369;370;371,64,1
0fa75cb3-c4a0-4232-bdc4-15116ed39d88,Is the subject interacting with other people in the video?,No.,"No, the subject is not interacting with other people in the video.",40;41;42;43;88;89;90;91;224;225;226;227;228;229;230;231;232;233;234;235;236;237;238;239;240;241;242;243;244;245;246;247;276;277;278;279;288;289;290;291;320;321;322;323;328;329;330;331;332;333;334;335;340;341;342;343;360;361;362;363;368;369;370;371,64,1
0fa75cb3-c4a0-4232-bdc4-15116ed39d88,Does the video capture the subject engaging in a sport?,No.,"No, the video does not capture the subject engaging in a sport.",40;41;42;43;88;89;90;91;224;225;226;227;228;229;230;231;232;233;234;235;236;237;238;239;240;241;242;243;244;245;246;247;276;277;278;279;288;289;290;291;320;321;322;323;328;329;330;331;332;333;334;335;340;341;342;343;360;361;362;363;368;369;370;371,64,1
0fa75cb3-c4a0-4232-bdc4-15116ed39d88,Is the subject seen leaving the field in the video?,Yes.,"No, the subject is not seen leaving the field in the video.",40;41;42;43;88;89;90;91;224;225;226;227;228;229;230;231;232;233;234;235;236;237;238;239;240;241;242;243;244;245;246;247;276;277;278;279;288;289;290;291;320;321;322;323;328;329;330;331;332;333;334;335;340;341;342;343;360;361;362;363;368;369;370;371,64,1
0fa75cb3-c4a0-4232-bdc4-15116ed39d88,Does the video show the subject at home?,"No, just heading home.","Yes, the video shows the subject at home.",40;41;42;43;88;89;90;91;224;225;226;227;228;229;230;231;232;233;234;235;236;237;238;239;240;241;242;243;244;245;246;247;276;277;278;279;288;289;290;291;320;321;322;323;328;329;330;331;332;333;334;335;340;341;342;343;360;361;362;363;368;369;370;371,64,1
0fa75cb3-c4a0-4232-bdc4-15116ed39d88,What is the location of the video clip?,The video clip is in a field with a walkway.,"The video clip is set in a coastal area with palm trees, a sidewalk, and a road.",40;41;42;43;88;89;90;91;224;225;226;227;228;229;230;231;232;233;234;235;236;237;238;239;240;241;242;243;244;245;246;247;276;277;278;279;288;289;290;291;320;321;322;323;328;329;330;331;332;333;334;335;340;341;342;343;360;361;362;363;368;369;370;371,64,1
0fa75cb3-c4a0-4232-bdc4-15116ed39d88,What activity is shown in the video?,Walking on a walkway and looking around.,The video shows a person walking on a sidewalk next to a road.,40;41;42;43;88;89;90;91;224;225;226;227;228;229;230;231;232;233;234;235;236;237;238;239;240;241;242;243;244;245;246;247;276;277;278;279;288;289;290;291;320;321;322;323;328;329;330;331;332;333;334;335;340;341;342;343;360;361;362;363;368;369;370;371,64,1
0fa75cb3-c4a0-4232-bdc4-15116ed39d88,What time of day does the video depict?,The video depicts evening or dusk.,"The video depicts either dawn or dusk, as indicated by the soft, warm light and the long shadows cast by the palm trees and street lamps.",40;41;42;43;88;89;90;91;224;225;226;227;228;229;230;231;232;233;234;235;236;237;238;239;240;241;242;243;244;245;246;247;276;277;278;279;288;289;290;291;320;321;322;323;328;329;330;331;332;333;334;335;340;341;342;343;360;361;362;363;368;369;370;371,64,1
0fa75cb3-c4a0-4232-bdc4-15116ed39d88,What natural features can be seen in the video?,There is a body of water visible.,"Palm trees, a sandy beach, and a calm sea can be seen in the video.",40;41;42;43;88;89;90;91;224;225;226;227;228;229;230;231;232;233;234;235;236;237;238;239;240;241;242;243;244;245;246;247;276;277;278;279;288;289;290;291;320;321;322;323;328;329;330;331;332;333;334;335;340;341;342;343;360;361;362;363;368;369;370;371,64,1
0fa75cb3-c4a0-4232-bdc4-15116ed39d88,Does the person stop to observe a specific scene?,Yes.,"Yes, the person stops to observe a specific scene.",40;41;42;43;88;89;90;91;224;225;226;227;228;229;230;231;232;233;234;235;236;237;238;239;240;241;242;243;244;245;246;247;276;277;278;279;288;289;290;291;320;321;322;323;328;329;330;331;332;333;334;335;340;341;342;343;360;361;362;363;368;369;370;371,64,1
0fa75cb3-c4a0-4232-bdc4-15116ed39d88,"In the video, did I look at the scenes before walking on the field?",No,"Yes, you looked at the scenes before walking on the field.",40;41;42;43;88;89;90;91;224;225;226;227;228;229;230;231;232;233;234;235;236;237;238;239;240;241;242;243;244;245;246;247;276;277;278;279;288;289;290;291;320;321;322;323;328;329;330;331;332;333;334;335;340;341;342;343;360;361;362;363;368;369;370;371,64,1
0fa75cb3-c4a0-4232-bdc4-15116ed39d88,"In the video, was I indoors before going to the field?",No,"Yes, you were indoors before going to the field.",40;41;42;43;88;89;90;91;224;225;226;227;228;229;230;231;232;233;234;235;236;237;238;239;240;241;242;243;244;245;246;247;276;277;278;279;288;289;290;291;320;321;322;323;328;329;330;331;332;333;334;335;340;341;342;343;360;361;362;363;368;369;370;371,64,1
0fa75cb3-c4a0-4232-bdc4-15116ed39d88,What happened before I walked on the walkway in the video?,I was in the field,"Before you walked on the walkway in the video, you were standing on a paved area with a clear view of the surrounding environment. The sky was overcast, and the lighting suggests it might be early morning or late afternoon. There were palm trees, street lamps, and a few buildings in the background. The walkway was empty, and there were no people or vehicles visible in the immediate vicinity. The scene was calm and quiet, with no apparent activity or movement.",40;41;42;43;88;89;90;91;224;225;226;227;228;229;230;231;232;233;234;235;236;237;238;239;240;241;242;243;244;245;246;247;276;277;278;279;288;289;290;291;320;321;322;323;328;329;330;331;332;333;334;335;340;341;342;343;360;361;362;363;368;369;370;371,64,1
0fa75cb3-c4a0-4232-bdc4-15116ed39d88,What is depicted in the current frame?,It shows a sidewalk lined with palm trees and buildings.,"The current frame shows a street view with a sidewalk on the right side. There are palm trees lining the sidewalk, and the street is flanked by buildings with white walls and flat roofs. The sky is overcast, and the lighting suggests it could be either early morning or late afternoon. There are street lamps along the sidewalk, and the road appears to be relatively quiet with no visible traffic. The overall atmosphere is calm and serene.",40;41;42;43;88;89;90;91;224;225;226;227;228;229;230;231;232;233;234;235;236;237;238;239;244;245;246;247;276;277;278;279;288;289;290;291;320;321;322;323;328;329;330;331;332;333;334;335;340;341;342;343;360;361;362;363;368;369;370;371;672;673;674;675,64,1
0fa75cb3-c4a0-4232-bdc4-15116ed39d88,What activity is taking place in these frames?,Walking along a residential sidewalk.,"The frames depict a street scene with a focus on a sidewalk lined with palm trees and street lamps. The area appears to be a residential or possibly a resort area, given the well-maintained landscaping and the presence of large, white buildings that could be houses or hotel accommodations. The sky is overcast, suggesting it might be early morning or late afternoon. There are no people or moving vehicles visible in the frames, which gives the scene a calm and quiet atmosphere. The street is empty, and the overall setting seems peaceful and serene.",40;41;42;43;88;89;90;91;224;225;226;227;228;229;230;231;232;233;234;235;236;237;238;239;244;245;246;247;276;277;278;279;288;289;290;291;320;321;322;323;328;329;330;331;332;333;334;335;340;341;342;343;360;361;362;363;368;369;370;371;672;673;674;675,64,1
0fa75cb3-c4a0-4232-bdc4-15116ed39d88,Does this video show a busy city street?,No.,"No, the video does not show a busy city street. It shows a quiet street with minimal traffic and a calm atmosphere.",40;41;42;43;88;89;90;91;224;225;226;227;228;229;230;231;232;233;234;235;236;237;238;239;240;241;242;243;244;245;246;247;276;277;278;279;288;289;290;291;320;321;322;323;328;329;330;331;340;341;342;343;360;361;362;363;368;369;370;371;672;673;674;675,64,1
0fa75cb3-c4a0-4232-bdc4-15116ed39d88,Does the clip capture any interaction with people?,No.,"No, the clip does not capture any interaction with people.",40;41;42;43;88;89;90;91;224;225;226;227;228;229;230;231;232;233;234;235;236;237;238;239;244;245;246;247;276;277;278;279;288;289;290;291;320;321;322;323;328;329;330;331;332;333;334;335;340;341;342;343;360;361;362;363;368;369;370;371;672;673;674;675,64,1
0fa75cb3-c4a0-4232-bdc4-15116ed39d88,Is the person entering a building in this scene?,No.,no,40;41;42;43;88;89;90;91;224;225;226;227;228;229;230;231;232;233;234;235;236;237;238;239;244;245;246;247;276;277;278;279;288;289;290;291;320;321;322;323;328;329;330;331;332;333;334;335;340;341;342;343;360;361;362;363;368;369;370;371;672;673;674;675,64,1
0fa75cb3-c4a0-4232-bdc4-15116ed39d88,Was I in the field after walking on the walkway?,No.,"Yes, after walking on the walkway, you entered the field.",40;41;42;43;88;89;90;91;224;225;226;227;228;229;230;231;232;233;234;235;236;237;238;239;240;241;242;243;244;245;246;247;276;277;278;279;288;289;290;291;320;321;322;323;328;329;330;331;332;333;334;335;360;361;362;363;368;369;370;371;672;673;674;675,64,1
0fa75cb3-c4a0-4232-bdc4-15116ed39d88,Did I go home before looking at the scenes?,No.,"It seems like you've been describing a series of scenes, possibly from a video or a sequence of images, and you've asked if you went home before looking at those scenes. However, without more context, it's not possible to determine if you went home before looking at the scenes. If you're asking whether you viewed the scenes before going home, that would depend on the timing of when you viewed the scenes and when you went home. If you went home after viewing the scenes, then the answer would be no. If you went home before viewing the scenes, then the answer would be yes.",40;41;42;43;88;89;90;91;224;225;226;227;228;229;230;231;232;233;234;235;236;237;238;239;240;241;242;243;244;245;246;247;276;277;278;279;288;289;290;291;320;321;322;323;328;329;330;331;332;333;334;335;360;361;362;363;368;369;370;371;672;673;674;675,64,1
0fa75cb3-c4a0-4232-bdc4-15116ed39d88,What occurs just before I look at the scenes?,I walk on the walkway.,"The video begins with a view of a street lined with palm trees and modern buildings. The sky is clear, and the sun is low on the horizon, indicating either early morning or late evening. The street is relatively empty, with a few parked cars and a bus in the distance. The architecture of the buildings suggests a contemporary design, and the palm trees add a tropical feel to the scene. The street is well-lit with street lamps, and there are sidewalks on both sides. The video captures the calmness of the area, with no visible pedestrians or moving vehicles.",40;41;42;43;88;89;90;91;224;225;226;227;228;229;230;231;232;233;234;235;236;237;238;239;244;245;246;247;276;277;278;279;288;289;290;291;320;321;322;323;328;329;330;331;332;333;334;335;340;341;342;343;360;361;362;363;368;369;370;371;672;673;674;675,64,1
0fa75cb3-c4a0-4232-bdc4-15116ed39d88,What do I do before walking on the walkway?,I am in the field.,"Before walking on the walkway, you should ensure that the area is clear of any obstacles or hazards. It's also a good idea to be aware of your surroundings, including any traffic or other pedestrians, and to follow any posted signs or rules for the area. Additionally, if you're in a public space, it's always a good practice to be respectful of other people's privacy and personal space.",40;41;42;43;88;89;90;91;224;225;226;227;228;229;230;231;232;233;234;235;236;237;238;239;244;245;246;247;276;277;278;279;288;289;290;291;320;321;322;323;328;329;330;331;332;333;334;335;340;341;342;343;360;361;362;363;368;369;370;371;672;673;674;675,64,1
0fa75cb3-c4a0-4232-bdc4-15116ed39d88,Did I walk on the field before looking at the scenes?,Yes,"No, you did not walk on the field before looking at the scenes. The scenes you described are part of a video walkthrough of a virtual environment, and the actions you mentioned are part of the video's narrative.",40;41;42;43;88;89;90;91;224;225;226;227;228;229;230;231;232;233;234;235;236;237;238;239;240;241;242;243;244;245;246;247;276;277;278;279;288;289;290;291;320;321;322;323;328;329;330;331;332;333;334;335;360;361;362;363;368;369;370;371;672;673;674;675,64,1
0fa75cb3-c4a0-4232-bdc4-15116ed39d88,Is the walk on the walkway shown before going home in the video?,Yes,"Yes, the walk on the walkway shown before going home in the video is the first scene.",40;41;42;43;88;89;90;91;224;225;226;227;228;229;230;231;232;233;234;235;236;237;238;239;244;245;246;247;276;277;278;279;288;289;290;291;320;321;322;323;328;329;330;331;332;333;334;335;340;341;342;343;360;361;362;363;368;369;370;371;672;673;674;675,64,1
0fa75cb3-c4a0-4232-bdc4-15116ed39d88,"In the video, do we see walking through the walkways before walking on the field?",No,"Yes, the video shows walking through the walkways before walking on the field.",40;41;42;43;88;89;90;91;224;225;226;227;228;229;230;231;232;233;234;235;236;237;238;239;240;241;242;243;244;245;246;247;276;277;278;279;288;289;290;291;320;321;322;323;328;329;330;331;332;333;334;335;360;361;362;363;368;369;370;371;672;673;674;675,64,1
0fa75cb3-c4a0-4232-bdc4-15116ed39d88,Do I walk along the water before walking under the trees as shown in the clip?,Yes,"The video does not show you walking along the water before walking under the trees. It starts with a view of a street lined with palm trees and a sidewalk, and then transitions to a view of a beachfront area with palm trees and a clear sky. The sequence of scenes does not depict walking along the water before walking under the trees.",40;41;42;43;88;89;90;91;224;225;226;227;228;229;230;231;232;233;234;235;236;237;238;239;244;245;246;247;276;277;278;279;288;289;290;291;320;321;322;323;328;329;330;331;332;333;334;335;340;341;342;343;360;361;362;363;368;369;370;371;672;673;674;675,64,1
0fa75cb3-c4a0-4232-bdc4-15116ed39d88,"In the video sequence, what occurs before walking on the field?",Being outdoors,"Before walking on the field, the video shows a view of a sandy beach with palm trees, a clear sky, and a calm sea.",40;41;42;43;88;89;90;91;224;225;226;227;228;229;230;231;232;233;234;235;236;237;238;239;244;245;246;247;276;277;278;279;288;289;290;291;320;321;322;323;328;329;330;331;332;333;334;335;340;341;342;343;360;361;362;363;368;369;370;371;672;673;674;675,64,1
0fa75cb3-c4a0-4232-bdc4-15116ed39d88,What event takes place before walking under the trees in the clip?,Walking along the water,"Before walking under the trees in the clip, the event that takes place is walking along a sidewalk next to a road with palm trees, street lamps, and a clear sky.",40;41;42;43;88;89;90;91;224;225;226;227;228;229;230;231;232;233;234;235;236;237;238;239;244;245;246;247;276;277;278;279;288;289;290;291;320;321;322;323;328;329;330;331;332;333;334;335;340;341;342;343;360;361;362;363;368;369;370;371;672;673;674;675,64,1
0fa75cb3-c4a0-4232-bdc4-15116ed39d88,What is the setting of the scenario seen in the video?,A residential area with palm trees and walkways.,"The setting of the scenario seen in the video is a well-maintained urban area with modern infrastructure, including a wide road, streetlights, and a pedestrian walkway.",40;41;42;43;224;225;226;227;228;229;230;231;232;233;234;235;236;237;238;239;244;245;246;247;288;289;290;291;328;329;330;331;360;361;362;363;368;369;370;371;672;673;674;675;728;729;730;731;740;741;742;743;744;745;746;747;796;797;798;799;812;813;814;815,64,1
0fa75cb3-c4a0-4232-bdc4-15116ed39d88,What can be seen in the background of the video frame?,"Houses, streetlights, and a clear sky.","In the background of the video frame, there is a clear sky with a gradient from light to darker blue, indicating either early morning or late evening.",40;41;42;43;224;225;226;227;228;229;230;231;232;233;234;235;236;237;238;239;244;245;246;247;288;289;290;291;328;329;330;331;360;361;362;363;368;369;370;371;672;673;674;675;728;729;730;731;740;741;742;743;744;745;746;747;796;797;798;799;812;813;814;815,64,1
0fa75cb3-c4a0-4232-bdc4-15116ed39d88,What are the dominant features of the environment in this clip?,"Landscaped pathways, streetlamps, and tropical foliage.","The dominant features of the environment in this clip are palm trees, street lamps, and a clear sky.",40;41;42;43;224;225;226;227;228;229;230;231;232;233;234;235;236;237;238;239;244;245;246;247;288;289;290;291;320;321;322;323;328;329;330;331;360;361;362;363;368;369;370;371;672;673;674;675;728;729;730;731;740;741;742;743;744;745;746;747;812;813;814;815,64,1
0fa75cb3-c4a0-4232-bdc4-15116ed39d88,Can you characterize the location shown in the video?,A well-maintained suburban neighborhood.,"The video shows a well-maintained urban area with a focus on a street lined with palm trees and modern buildings. The architecture of the buildings suggests a contemporary design, with clean lines and a neutral color palette. The street is wide and appears to be a main thoroughfare, with a median strip and sidewalks on either side. There are street lamps and traffic signs, indicating a well-regulated traffic system. The presence of palm trees and the clear skies suggest a warm climate, possibly in a region where such vegetation is common. The area looks peaceful and orderly, with no visible pedestrians or vehicles, giving it a serene atmosphere.",40;41;42;43;224;225;226;227;228;229;230;231;232;233;234;235;236;237;238;239;244;245;246;247;288;289;290;291;320;321;322;323;328;329;330;331;360;361;362;363;368;369;370;371;672;673;674;675;728;729;730;731;740;741;742;743;744;745;746;747;812;813;814;815,64,1
0fa75cb3-c4a0-4232-bdc4-15116ed39d88,What action is being undertaken in the new frames?,Walking along a residential street.,"In the new frames, a person is seen walking on the sidewalk, and a child is riding a bicycle. The person is wearing a green jacket and dark pants, and the child is wearing a blue helmet and a green top. The environment is a well-lit street with palm trees, street lamps, and a clear sky. The street is lined with buildings, and there is a visible ""Slow"" sign on the side of the road. The overall atmosphere is calm and serene, with no other people or vehicles in sight.",40;41;42;43;224;225;226;227;228;229;230;231;232;233;234;235;236;237;238;239;244;245;246;247;288;289;290;291;320;321;322;323;328;329;330;331;360;361;362;363;368;369;370;371;672;673;674;675;728;729;730;731;740;741;742;743;744;745;746;747;812;813;814;815,64,1
0fa75cb3-c4a0-4232-bdc4-15116ed39d88,Is there any sign of wildlife in the frames provided?,No.,"No, there is no sign of wildlife in the frames provided.",40;41;42;43;224;225;226;227;228;229;230;231;232;233;234;235;236;237;238;239;244;245;246;247;288;289;290;291;320;321;322;323;328;329;330;331;360;361;362;363;368;369;370;371;672;673;674;675;728;729;730;731;740;741;742;743;744;745;746;747;812;813;814;815,64,1
0fa75cb3-c4a0-4232-bdc4-15116ed39d88,Did the person in the video use any transportation other than walking?,No.,"Yes, the person in the video used a bicycle for transportation.",40;41;42;43;88;89;90;91;224;225;226;227;228;229;230;231;232;233;234;235;236;237;238;239;244;245;246;247;288;289;290;291;328;329;330;331;360;361;362;363;368;369;370;371;672;673;674;675;728;729;730;731;740;741;742;743;744;745;746;747;812;813;814;815,64,1
0fa75cb3-c4a0-4232-bdc4-15116ed39d88,Does the footage include any sporting activities?,No.,"No, the footage does not include any sporting activities.",40;41;42;43;224;225;226;227;228;229;230;231;232;233;234;235;236;237;238;239;244;245;246;247;288;289;290;291;320;321;322;323;328;329;330;331;360;361;362;363;368;369;370;371;672;673;674;675;728;729;730;731;740;741;742;743;744;745;746;747;812;813;814;815,64,1
0fa75cb3-c4a0-4232-bdc4-15116ed39d88,"Is the person in the video engaging with the environment, like sitting or touching?",No.,"No, the person in the video is not engaging with the environment in a way that suggests sitting or touching.",40;41;42;43;224;225;226;227;228;229;230;231;232;233;234;235;236;237;238;239;244;245;246;247;288;289;290;291;320;321;322;323;328;329;330;331;360;361;362;363;368;369;370;371;672;673;674;675;728;729;730;731;740;741;742;743;744;745;746;747;812;813;814;815,64,1
0fa75cb3-c4a0-4232-bdc4-15116ed39d88,Did I tour the park before walking on the walkways?,Yes,"It seems like you've been describing a tour of a park or a similar outdoor area, but you haven't explicitly stated whether you walked on the walkways before or after the tour. Based on your description, it appears that you might have walked on the walkways during the tour, as you mentioned walking along the paths and observing the surroundings. However, without a clear sequence of events, it's not possible to definitively say whether you walked on the walkways before or after the tour.",40;41;42;43;224;225;226;227;228;229;230;231;232;233;234;235;236;237;238;239;244;245;246;247;288;289;290;291;320;321;322;323;328;329;330;331;360;361;362;363;368;369;370;371;672;673;674;675;728;729;730;731;740;741;742;743;744;745;746;747;812;813;814;815,64,1
0fa75cb3-c4a0-4232-bdc4-15116ed39d88,What do I do before touring the park?,"Nothing, it is the first activity","Before touring the park, you should first ensure that you have a clear understanding of the park's layout and the attractions you want to visit. Here are some steps you can take:1. **Plan Your Route**: Decide on the order in which you want to visit the attractions. This will help you make the most of your time and ensure you don't miss any key points of interest.2. **Check the Park Hours**: Make sure you know the opening and closing times of the park so you can plan your day accordingly.3. **Review the Map**: Familiarize yourself with the park map to understand the location of different attractions, restrooms, food stands, and any other facilities.4. **Prepare Your Gear**: Bring any necessary items such as sunscreen, a hat, sunglasses, comfortable shoes, and a water bottle to stay hydrated.5. **Charge Your Devices**: If you plan to use your phone for navigation or to take photos, make sure your devices are charged.6. **Plan for Snacks and Meals**: Decide where you want to eat and when, as well as what snacks you might need throughout the day.7. **Consider Weather Conditions**: Check the weather forecast and dress appropriately. If it's hot, wear light clothing and stay hydrated",40;41;42;43;88;89;90;91;224;225;226;227;228;229;230;231;232;233;234;235;236;237;238;239;244;245;246;247;288;289;290;291;328;329;330;331;360;361;362;363;368;369;370;371;672;673;674;675;728;729;730;731;740;741;742;743;744;745;746;747;812;813;814;815,64,1
0fa75cb3-c4a0-4232-bdc4-15116ed39d88,Did I walk through the park before going home?,Yes,"It seems like you've been describing a journey through a park and a residential area, but you haven't explicitly mentioned walking through a park before going home. Based on the information provided, it appears you walked along a sidewalk, passed by palm trees, and observed street signs, but there's no clear indication of walking through a park. If you did walk through a park, it's not mentioned in the details you've shared.",40;41;42;43;224;225;226;227;228;229;230;231;232;233;234;235;236;237;238;239;244;245;246;247;288;289;290;291;320;321;322;323;328;329;330;331;360;361;362;363;368;369;370;371;672;673;674;675;728;729;730;731;740;741;742;743;744;745;746;747;812;813;814;815,64,1
0fa75cb3-c4a0-4232-bdc4-15116ed39d88,What environment is depicted in this video clip?,"An outdoor, paved area with street lamps.","The video clip depicts a coastal urban environment during what appears to be either dawn or dusk, given the soft lighting and long shadows. The setting includes a wide, well-maintained road with a pedestrian sidewalk alongside it. Palm trees are prominently featured, suggesting a warm climate, possibly in a region where such vegetation is common. The architecture of the buildings in the background has a modern design with clean lines and a neutral color palette, which is typical of many contemporary urban areas. The presence of street lamps and the absence of heavy traffic suggest a peaceful, possibly affluent neighborhood. The video captures the transition from day to night or vice versa, highlighting the calmness and beauty of the area during these times of day.",40;41;42;43;224;225;226;227;228;229;230;231;232;233;234;235;236;237;238;239;244;245;246;247;288;289;290;291;328;329;330;331;360;361;362;363;368;369;370;371;672;673;674;675;728;729;730;731;740;741;742;743;744;745;746;747;828;829;830;831;832;833;834;835,64,1
0fa75cb3-c4a0-4232-bdc4-15116ed39d88,What action am I performing in this clip?,Walking on a pavement outdoors.,"In the clip, you are seen riding a bicycle on a road. The environment suggests a suburban or semi-urban area with palm trees, street lamps, and buildings in the background. The sky appears to be clear, indicating it might be daytime. You are wearing casual clothing suitable for cycling, and there is a person walking on the sidewalk in the distance. The clip captures a moment of outdoor activity, likely for exercise or transportation.",40;41;42;43;224;225;226;227;228;229;230;231;232;233;234;235;236;237;238;239;244;245;246;247;288;289;290;291;328;329;330;331;360;361;362;363;368;369;370;371;672;673;674;675;728;729;730;731;740;741;742;743;744;745;746;747;828;829;830;831;832;833;834;835,64,1
0fa75cb3-c4a0-4232-bdc4-15116ed39d88,Do I interact with anyone in this video clip?,No.,"No, there is no interaction with anyone in this video clip. The video shows a series of scenes from a street view, including palm trees, street lamps, and a few pedestrians at a distance. The focus is on the environment and the architecture, with no direct interaction with people.",40;41;42;43;224;225;226;227;228;229;230;231;232;233;234;235;236;237;238;239;244;245;246;247;288;289;290;291;328;329;330;331;360;361;362;363;368;369;370;371;672;673;674;675;728;729;730;731;740;741;742;743;744;745;746;747;828;829;830;831;832;833;834;835,64,1
0fa75cb3-c4a0-4232-bdc4-15116ed39d88,What is the setting of this video clip?,The setting is an outdoor pavement in a residential area.,"The setting of the video clip is a coastal area with a wide, paved road lined with palm trees and street lamps. The road is bordered by a sidewalk and a grassy area with a few scattered trees. The sky is overcast, and the lighting suggests it is either dawn or dusk. There are no visible vehicles or pedestrians, giving the scene a tranquil and deserted appearance. The architecture of the buildings in the background is modern, with clean lines and a neutral color palette, which is typical of many coastal urban areas.",40;41;42;43;224;225;226;227;228;229;230;231;232;233;234;235;236;237;238;239;244;245;246;247;288;289;290;291;328;329;330;331;360;361;362;363;368;369;370;371;672;673;674;675;728;729;730;731;740;741;742;743;744;745;746;747;828;829;830;831;832;833;834;835,64,1
0fa75cb3-c4a0-4232-bdc4-15116ed39d88,What time of day is depicted in this frame?,It appears to be twilight or early evening.,"The time of day depicted in this frame is dusk, as indicated by the soft, diffused light and the presence of street lamps that are turned on.",40;41;42;43;224;225;226;227;228;229;230;231;232;233;234;235;236;237;238;239;244;245;246;247;288;289;290;291;328;329;330;331;360;361;362;363;368;369;370;371;672;673;674;675;728;729;730;731;740;741;742;743;744;745;746;747;828;829;830;831;832;833;834;835,64,1
0fa75cb3-c4a0-4232-bdc4-15116ed39d88,What elements indicate that this is a residential area?,The presence of housing structures and lack of commercial signs.,"The presence of well-maintained sidewalks, street lamps, and the absence of commercial signage or heavy traffic suggest that this is a residential area.",40;41;42;43;224;225;226;227;228;229;230;231;232;233;234;235;236;237;238;239;244;245;246;247;288;289;290;291;328;329;330;331;360;361;362;363;368;369;370;371;672;673;674;675;728;729;730;731;740;741;742;743;744;745;746;747;828;829;830;831;832;833;834;835,64,1
0fa75cb3-c4a0-4232-bdc4-15116ed39d88,What type of path is the person on in the video?,The person is on a paved walkway.,The person is on a paved path.,40;41;42;43;224;225;226;227;228;229;230;231;232;233;234;235;236;237;238;239;244;245;246;247;288;289;290;291;328;329;330;331;360;361;362;363;368;369;370;371;672;673;674;675;728;729;730;731;740;741;742;743;744;745;746;747;828;829;830;831;832;833;834;835,64,1
0fa75cb3-c4a0-4232-bdc4-15116ed39d88,Does the scene suggest a leisurely or rushed pace?,The scene suggests a leisurely pace.,The scene suggests a leisurely pace.,40;41;42;43;224;225;226;227;228;229;230;231;232;233;234;235;236;237;238;239;244;245;246;247;288;289;290;291;328;329;330;331;360;361;362;363;368;369;370;371;672;673;674;675;728;729;730;731;740;741;742;743;744;745;746;747;828;829;830;831;832;833;834;835,64,1
0fa75cb3-c4a0-4232-bdc4-15116ed39d88,Does the person interact with any objects in the scene?,No.,"No, the person does not interact with any objects in the scene.",40;41;42;43;224;225;226;227;228;229;230;231;232;233;234;235;236;237;238;239;244;245;246;247;288;289;290;291;328;329;330;331;360;361;362;363;368;369;370;371;672;673;674;675;728;729;730;731;740;741;742;743;744;745;746;747;828;829;830;831;832;833;834;835,64,1
0fa75cb3-c4a0-4232-bdc4-15116ed39d88,Is the person traveling with someone else?,No.,"Yes, the person is traveling with a child who is riding a bicycle.",40;41;42;43;224;225;226;227;228;229;230;231;232;233;234;235;236;237;238;239;244;245;246;247;288;289;290;291;328;329;330;331;360;361;362;363;368;369;370;371;672;673;674;675;728;729;730;731;740;741;742;743;744;745;746;747;828;829;830;831;832;833;834;835,64,1
0fa75cb3-c4a0-4232-bdc4-15116ed39d88,Does the video capture any animals in the scene?,No.,"No, the video does not capture any animals in the scene.",40;41;42;43;224;225;226;227;228;229;230;231;232;233;234;235;236;237;238;239;244;245;246;247;288;289;290;291;328;329;330;331;360;361;362;363;368;369;370;371;672;673;674;675;728;729;730;731;740;741;742;743;744;745;746;747;828;829;830;831;832;833;834;835,64,1
0fa75cb3-c4a0-4232-bdc4-15116ed39d88,Does the individual seem to be lost or searching for directions?,No.,"No, the individual does not seem to be lost or searching for directions.",40;41;42;43;224;225;226;227;228;229;230;231;232;233;234;235;236;237;238;239;244;245;246;247;288;289;290;291;328;329;330;331;360;361;362;363;368;369;370;371;672;673;674;675;728;729;730;731;740;741;742;743;744;745;746;747;828;829;830;831;832;833;834;835,64,1
