video_id,question,answer,pred_answer,retrieved_blocks,retrieve_size,chunk_size
9198b9a4-8d8f-4ba6-9924-4c86982d890a,What task is being performed with vegetables?,Chopping vegetables.,,1;10;12;13;17;18;20;25;27;28;30;41;45;49;50;52;55;56;59;60;63;65;66;69;70;74;75;76;80;86;88;91;92;94;96;103;105;106;108;109;113;115;118;119;121;124;126;128;129;134;140;143;144;146,64,1
9198b9a4-8d8f-4ba6-9924-4c86982d890a,What step is being taken with flatbread?,Wrapping sauce in flatbread.,,1;10;12;13;17;18;20;25;27;28;30;41;45;49;50;52;55;56;59;60;63;65;66;69;70;74;75;76;80;86;87;88;91;92;94;96;103;105;106;108;109;113;115;118;119;121;124;126;128;129;134;140;143;144;146,64,1
9198b9a4-8d8f-4ba6-9924-4c86982d890a,What kitchen fixture is being utilized?,Opening a cabinet.,,1;10;12;13;17;18;20;25;27;28;30;45;49;50;52;55;56;59;60;63;65;66;69;70;74;75;76;80;86;88;91;92;94;96;103;105;106;108;109;113;115;118;119;121;124;126;128;129;134;140;143;144;146,64,1
9198b9a4-8d8f-4ba6-9924-4c86982d890a,What's the overview of the action in the clip?,Preparing ingredients for a meal.,,1;10;12;13;17;18;20;25;27;28;30;40;41;45;49;50;52;55;56;59;60;63;65;66;69;70;74;75;76;80;86;88;91;92;94;96;103;105;106;108;109;113;115;118;119;121;124;126;128;129;134;140;143;144;146,64,1
9198b9a4-8d8f-4ba6-9924-4c86982d890a,Does the video show someone chopping vegetables?,Yes.,,1;10;12;13;17;18;20;25;27;28;30;40;45;49;50;52;55;56;59;60;63;65;66;69;70;74;75;76;80;86;88;91;92;94;96;103;105;106;108;109;113;115;118;119;121;124;126;128;129;134;140;143;144;146,64,1
9198b9a4-8d8f-4ba6-9924-4c86982d890a,Did the individual successfully open a kitchen cabinet?,Yes.,,1;10;12;13;17;18;20;25;27;28;30;40;45;49;50;52;55;56;59;60;63;65;66;69;70;74;75;76;80;86;88;91;92;94;96;103;105;106;108;109;113;115;118;119;121;124;126;128;129;134;140;143;144;146,64,1
9198b9a4-8d8f-4ba6-9924-4c86982d890a,Is the flatbread being seasoned with sauce?,Yes.,,1;10;12;13;17;18;20;25;27;28;30;45;49;50;52;55;56;59;60;63;65;66;69;70;74;75;76;80;86;88;91;92;94;96;103;105;106;108;109;113;115;118;119;121;124;126;128;129;134;140;143;144;146,64,1
9198b9a4-8d8f-4ba6-9924-4c86982d890a,Is there an occurrence of food being wrapped?,Yes.,,1;10;12;13;17;18;20;25;27;28;30;41;45;49;50;52;55;56;59;60;63;65;66;69;70;74;75;76;80;86;88;91;92;94;96;103;105;106;108;109;113;115;118;119;121;124;126;128;129;134;140;143;144;146,64,1
9198b9a4-8d8f-4ba6-9924-4c86982d890a,Is the person using a knife for cooking tasks?,Yes.,,1;10;12;13;17;18;20;25;27;28;30;45;49;50;52;55;56;59;60;63;65;66;69;70;74;75;76;80;86;88;91;92;94;96;103;105;106;108;109;113;115;118;119;121;124;126;128;129;134;140;143;144;146,64,1
9198b9a4-8d8f-4ba6-9924-4c86982d890a,What is the location in the video clip?,A kitchen.,,10;17;25;45;50;55;56;59;60;63;65;69;70;74;76;91;92;94;96;109;115;118;119;124;129;134;151;166;169;190;195;196;198;202;203;205;207;208;215;217;219;220;221;238;243;247;251;253;262;264;268;271;274;275;278;280,64,1
9198b9a4-8d8f-4ba6-9924-4c86982d890a,What kitchen activity is underway in the clip?,Cutting vegetables.,,10;17;25;45;50;55;56;59;60;63;65;69;70;74;76;91;92;94;96;109;115;118;124;129;134;151;166;169;190;195;196;198;202;203;205;207;208;215;217;219;220;221;238;243;247;251;261;262;264;268;271;274;275;278;280,64,1
9198b9a4-8d8f-4ba6-9924-4c86982d890a,What tool does the person in the video use?,Knives.,,10;17;25;45;50;55;56;59;60;63;65;69;70;74;76;91;92;94;109;115;118;119;124;129;134;166;169;190;195;196;198;202;203;205;207;208;215;217;219;220;221;238;243;247;251;252;253;262;264;268;271;274;275;278;280,64,1
9198b9a4-8d8f-4ba6-9924-4c86982d890a,What appliance does the person in the video handle?,The heat regulator of the cooker.,,10;17;25;45;50;55;56;59;60;63;65;69;70;74;76;91;92;94;96;109;115;118;119;124;129;134;166;169;190;195;196;198;202;203;205;207;208;215;217;219;220;221;238;243;247;251;253;262;264;268;271;274;275;278;280,64,1
9198b9a4-8d8f-4ba6-9924-4c86982d890a,What part of the kitchen furniture does the person interact with?,Drawers.,,10;17;25;45;50;55;56;59;60;63;65;69;70;74;76;91;92;94;96;109;115;118;124;129;134;166;169;190;195;196;198;202;203;205;207;208;215;217;219;220;221;238;243;247;251;261;262;264;268;271;274;275;278;280,64,1
9198b9a4-8d8f-4ba6-9924-4c86982d890a,How is the person controlling the cooking temperature?,Operating the heat regulator.,,10;17;25;45;50;55;56;59;60;63;65;69;70;74;76;91;92;94;96;109;115;118;124;129;134;169;190;195;196;198;202;203;205;207;208;215;217;219;220;221;238;243;247;251;261;262;264;268;271;274;275;278;280,64,1
9198b9a4-8d8f-4ba6-9924-4c86982d890a,What can be inferred from the person's actions with the drawers?,Searching or organizing.,,10;13;17;25;45;50;55;56;59;60;63;65;69;70;74;76;91;92;94;96;109;115;118;124;129;134;166;169;190;195;196;198;202;203;205;207;208;215;217;219;220;221;238;243;247;251;253;261;262;264;268;271;274;275;278;280,64,1
9198b9a4-8d8f-4ba6-9924-4c86982d890a,Does the clip show any cooking taking place?,"No direct cooking, only preparation.",,10;17;25;50;55;56;59;60;63;65;69;70;74;76;91;92;94;96;109;115;118;119;124;129;134;166;169;190;195;196;198;202;203;205;207;208;215;217;219;220;221;238;243;247;251;253;261;262;264;268;271;274;275;278;280,64,1
9198b9a4-8d8f-4ba6-9924-4c86982d890a,Did the person successfully cut the vegetables?,Yes.,,10;17;25;50;55;56;59;60;63;65;69;70;74;76;91;92;94;96;109;115;118;124;129;134;153;166;169;190;195;196;198;202;203;205;207;208;215;217;219;220;221;238;243;247;251;252;261;262;264;268;271;274;275;278;280,64,1
9198b9a4-8d8f-4ba6-9924-4c86982d890a,Was the heat regulator adjusted to a specific level?,"Yes, it was operated.",,10;17;25;50;55;56;59;60;63;65;69;70;74;76;91;92;94;96;109;115;118;124;129;134;166;169;190;195;196;198;202;203;205;207;208;215;217;219;220;221;238;243;247;251;253;261;262;264;268;271;274;275;278;280,64,1
9198b9a4-8d8f-4ba6-9924-4c86982d890a,Did the person use any other kitchen tools besides knives?,Heat regulator only mentioned.,,10;17;25;50;55;56;59;60;63;65;69;70;74;76;91;92;94;96;109;115;118;124;129;134;166;169;190;195;196;198;202;203;205;207;208;215;217;219;220;221;238;243;247;251;252;261;262;264;268;271;274;275;278;280,64,1
9198b9a4-8d8f-4ba6-9924-4c86982d890a,Is the cabinet opened before wrapping the sauce in flat bread?,No,,10;17;25;50;55;56;59;60;63;65;69;70;74;76;91;92;94;96;109;115;118;124;129;134;169;190;195;196;198;202;203;205;207;208;215;217;219;220;221;238;243;247;251;261;262;264;268;271;274;275;278;280,64,1
9198b9a4-8d8f-4ba6-9924-4c86982d890a,Do I cut vegetables before operating the heat regulator on the cooker?,Yes,,10;17;25;50;55;56;59;60;65;69;70;74;76;91;92;94;96;109;115;118;124;129;134;169;190;195;196;198;202;203;205;207;208;215;217;219;220;221;238;243;247;251;253;261;262;264;268;271;274;275;278;280,64,1
9198b9a4-8d8f-4ba6-9924-4c86982d890a,Is the drawer opened before the vegetables are chopped?,No,,10;17;25;50;55;56;59;60;63;65;69;70;74;76;91;92;94;96;109;115;118;124;129;134;169;190;195;196;198;202;203;205;207;208;215;217;219;220;221;238;243;247;251;253;261;262;264;268;271;274;275;278;280,64,1
9198b9a4-8d8f-4ba6-9924-4c86982d890a,Does wrapping sauce in flat bread happen after cutting vegetables?,Yes,,10;17;25;50;55;56;59;60;63;65;69;70;74;76;91;92;94;96;109;115;118;124;129;134;166;169;190;195;196;198;202;203;205;207;208;215;217;219;220;221;238;243;247;251;261;262;264;268;271;274;275;278;280,64,1
9198b9a4-8d8f-4ba6-9924-4c86982d890a,Do I open the cabinet before chopping the vegetables?,No,,10;17;25;50;55;56;59;60;63;65;69;70;74;76;91;92;94;96;108;109;115;118;124;129;134;169;190;195;196;198;202;203;205;207;208;215;217;219;220;221;238;243;247;251;261;262;264;268;271;274;275;278;280,64,1
9198b9a4-8d8f-4ba6-9924-4c86982d890a,What occurs just before wrapping the sauce in flat bread?,Chopping vegetables,,10;17;25;45;50;55;56;59;60;63;65;69;70;74;76;91;92;94;96;109;115;118;119;124;129;134;166;169;190;195;196;198;202;203;205;207;208;215;217;219;220;221;238;243;247;251;261;262;264;268;271;274;275;278;280,64,1
9198b9a4-8d8f-4ba6-9924-4c86982d890a,What takes place right before operating the heat regulator of the cooker?,Cutting vegetables with knives,,10;17;25;50;55;56;59;60;63;65;69;70;74;76;91;92;94;96;109;115;118;124;129;134;166;169;190;195;196;198;202;203;205;207;208;215;217;219;220;221;238;243;247;251;253;261;262;264;268;271;274;275;278;280,64,1
9198b9a4-8d8f-4ba6-9924-4c86982d890a,What setting is shown in this video clip?,A kitchen.,,10;25;50;59;65;70;76;91;92;94;109;115;118;124;129;134;169;190;195;196;198;202;203;205;207;208;215;217;219;220;221;238;243;247;262;264;268;271;275;278;280;288;291;297;299;300;301;307;309;310;314;316;317;328;335;338;342;344;388;390;413,64,1
9198b9a4-8d8f-4ba6-9924-4c86982d890a,What task is being performed with tomatoes?,Cutting tomatoes.,,10;17;25;50;59;65;70;76;91;92;94;109;115;118;124;129;134;169;190;195;196;198;202;203;205;207;208;215;217;219;220;221;238;243;247;262;264;271;275;278;280;288;291;297;299;300;301;307;309;310;314;316;317;328;335;338;342;344;388;390;413,64,1
9198b9a4-8d8f-4ba6-9924-4c86982d890a,Is there an electronic device being used in this scene?,"Yes, a mobile phone.",,10;25;50;59;65;70;76;91;92;94;109;115;118;124;129;134;169;190;195;196;198;202;203;205;207;208;215;217;219;220;221;238;243;247;262;264;271;275;278;280;288;291;297;299;300;301;307;309;310;314;316;317;328;335;338;342;344;388;390;413,64,1
9198b9a4-8d8f-4ba6-9924-4c86982d890a,How is the sauce being utilized in the cooking process?,By spreading it on flatbreads.,,10;17;25;50;59;65;70;76;91;92;94;109;115;118;124;129;134;169;190;195;196;198;202;203;205;207;208;215;217;219;220;221;238;243;247;262;264;271;275;278;280;288;291;297;299;300;301;307;309;310;314;316;317;328;338;342;344;388;390;413,64,1
9198b9a4-8d8f-4ba6-9924-4c86982d890a,What activity is occurring aside from food preparation?,Operating a mobile phone.,,10;17;25;50;59;65;70;76;91;92;94;109;115;118;124;129;134;169;190;195;196;198;202;203;205;207;208;215;217;219;220;221;238;243;247;262;264;268;271;275;278;280;288;291;297;299;300;301;307;309;310;314;316;317;328;338;342;344;388;390;413,64,1
9198b9a4-8d8f-4ba6-9924-4c86982d890a,What manual task is depicted involving food items?,"Cutting vegetables, specifically tomatoes.",,10;25;50;59;65;70;76;91;92;94;109;115;118;124;129;134;169;190;195;196;198;202;203;205;207;208;215;217;219;220;221;238;243;247;262;264;271;275;278;280;288;291;297;299;300;301;307;309;310;314;316;317;328;335;338;342;344;388;390;413,64,1
9198b9a4-8d8f-4ba6-9924-4c86982d890a,Is someone chopping vegetables in the video?,Yes.,,10;17;25;50;59;65;70;76;91;92;94;109;115;118;124;129;134;169;190;195;196;198;202;203;205;207;208;215;217;219;220;221;238;243;247;262;264;271;275;278;280;288;291;297;299;300;301;307;309;310;314;316;317;328;335;338;342;344;388;390;413,64,1
9198b9a4-8d8f-4ba6-9924-4c86982d890a,Is the sauce being poured into a bowl?,"No, it's being rolled in flatbreads.",,10;25;50;59;65;70;76;91;92;94;109;115;118;124;129;134;169;190;195;196;198;202;203;205;207;208;215;217;219;220;221;238;243;247;262;264;271;278;280;288;291;297;299;300;301;307;309;310;314;316;317;328;335;338;342;344;384;388;390;413,64,1
9198b9a4-8d8f-4ba6-9924-4c86982d890a,Is a cooking activity happening in a bedroom?,"No, it's happening in a kitchen.",,10;25;50;59;65;70;76;91;92;94;109;115;118;124;129;134;169;190;195;196;198;202;203;205;207;208;215;217;219;220;221;238;243;247;262;264;271;275;278;280;288;291;297;299;300;301;307;309;310;314;316;317;328;335;338;342;344;384;388;390;413,64,1
9198b9a4-8d8f-4ba6-9924-4c86982d890a,Does the frame capture the act of grilling or frying?,No.,,10;25;50;59;65;70;76;91;92;94;109;115;118;124;129;134;169;190;195;196;198;202;203;205;207;208;215;217;219;220;221;238;243;247;262;264;271;275;278;280;288;291;297;299;300;301;307;309;310;314;316;317;328;335;338;342;344;384;388;390;413,64,1
9198b9a4-8d8f-4ba6-9924-4c86982d890a,"In the video, are vegetables cut before the heat regulator is operated?",Yes,,10;25;50;59;65;70;76;91;92;94;109;115;118;124;134;169;190;195;196;198;202;203;205;207;208;215;217;219;220;221;238;243;247;262;264;268;271;275;278;280;288;291;297;299;300;301;307;309;310;314;316;317;328;335;338;342;344;388;390;413,64,1
9198b9a4-8d8f-4ba6-9924-4c86982d890a,Does rolling sauce in flatbreads occur after cutting tomatoes?,Yes,,10;17;25;50;59;65;70;76;91;92;94;109;115;118;124;129;134;169;190;196;198;202;203;205;207;208;215;217;219;220;221;238;243;247;262;264;271;278;280;288;291;297;299;300;301;307;309;310;314;316;317;328;335;338;342;344;384;388;390;413,64,1
9198b9a4-8d8f-4ba6-9924-4c86982d890a,Does the opening of the drawers happen before using the mobile phone?,No,,10;25;50;59;65;70;76;91;92;94;109;115;118;124;129;134;169;190;195;196;198;202;203;205;207;208;215;217;219;220;221;238;243;247;262;264;271;275;278;280;288;291;297;299;300;301;307;309;310;314;316;317;328;335;338;342;344;388;390;413,64,1
9198b9a4-8d8f-4ba6-9924-4c86982d890a,Is the heat regulator operated before rolling sauce in flatbreads?,No,,10;25;50;59;65;70;76;91;92;94;109;115;118;124;129;134;169;190;195;196;198;202;203;205;207;208;215;217;219;220;221;238;243;247;262;264;271;278;280;288;291;297;299;300;301;307;309;310;314;316;317;328;335;338;342;344;384;388;390;413,64,1
9198b9a4-8d8f-4ba6-9924-4c86982d890a,What occurs just before rolling sauce in flatbreads?,Cutting tomatoes with a knife.,,10;17;25;50;59;65;70;76;91;92;94;109;115;118;124;129;134;169;190;195;196;198;202;203;205;207;208;215;217;219;220;221;238;243;247;262;264;271;278;280;288;291;297;299;300;301;307;309;310;314;316;317;328;335;338;342;344;384;388;390;413,64,1
9198b9a4-8d8f-4ba6-9924-4c86982d890a,What happens just before operating the heat regulator?,Cutting vegetables with knives.,,10;25;50;59;65;70;76;91;92;94;109;115;118;124;129;134;169;190;195;196;198;202;203;205;207;208;215;217;219;220;221;238;243;247;262;264;271;275;278;280;288;291;297;299;300;301;307;309;310;314;316;317;328;335;338;342;344;384;388;390;413,64,1
9198b9a4-8d8f-4ba6-9924-4c86982d890a,What is done just before opening drawers in the kitchen?,Operating the heat regulator of the cooker.,,10;17;25;50;59;65;70;76;91;92;94;109;115;118;124;134;169;190;195;196;198;202;203;205;207;208;215;217;219;220;221;238;243;247;262;264;268;271;275;278;280;288;291;297;299;300;301;307;309;310;314;316;317;328;335;338;342;344;388;390;413,64,1
9198b9a4-8d8f-4ba6-9924-4c86982d890a,What activity occurs just before operating a mobile phone?,Rolling sauce in flatbreads.,,10;25;50;59;65;70;76;91;92;94;109;115;118;124;129;134;169;190;195;196;198;202;203;205;207;208;215;217;219;220;221;238;243;247;262;264;271;275;278;280;288;291;297;299;300;301;307;309;310;314;316;317;328;335;338;342;344;384;388;390;413,64,1
9198b9a4-8d8f-4ba6-9924-4c86982d890a,Is the cabinet opened before the vegetables are chopped?,No,,10;25;50;59;65;70;76;91;92;94;109;115;118;124;129;134;169;190;195;196;198;202;203;205;207;208;215;217;219;220;221;238;243;247;262;264;271;275;278;280;288;291;297;299;300;301;307;309;310;314;316;317;328;338;342;344;384;388;390;413,64,1
9198b9a4-8d8f-4ba6-9924-4c86982d890a,Does operating the heat regulator happen after chopping vegetables?,Yes,,10;25;50;59;65;70;76;91;92;94;109;115;118;124;129;134;169;190;195;196;198;202;203;205;207;208;215;217;219;220;221;238;243;247;261;262;264;271;278;280;288;291;297;299;300;301;307;309;310;314;316;317;328;335;338;342;344;384;388;390;413,64,1
9198b9a4-8d8f-4ba6-9924-4c86982d890a,Is wrapping sauce in flat bread before cutting vegetables?,No,,10;17;25;50;59;65;70;76;91;92;94;109;115;118;124;129;134;169;190;196;198;202;203;205;207;208;215;217;219;220;221;238;243;247;261;262;264;271;278;280;288;291;297;299;300;301;307;309;310;314;316;317;328;338;342;344;384;388;390;413,64,1
9198b9a4-8d8f-4ba6-9924-4c86982d890a,Do I use the mobile phone before opening drawers?,Yes,,10;25;50;59;65;70;76;91;92;94;109;115;118;124;129;134;169;190;195;196;198;202;203;205;207;208;215;217;219;220;221;238;243;247;262;264;271;278;280;288;291;297;299;300;301;307;309;310;314;316;317;328;335;338;342;344;384;388;390;413,64,1
9198b9a4-8d8f-4ba6-9924-4c86982d890a,What happens just before the cabinet is opened in the video?,Chopping vegetables,,10;17;25;50;59;65;70;76;91;92;94;109;115;118;124;134;169;190;195;196;198;202;203;205;207;208;215;217;219;220;221;238;243;247;262;264;268;271;275;278;280;288;291;297;299;300;301;307;309;310;314;316;317;328;335;338;342;344;388;390;413,64,1
9198b9a4-8d8f-4ba6-9924-4c86982d890a,What occurs immediately before operating the heat regulator?,Cutting vegetables with knives,,10;25;50;59;65;70;76;91;92;94;109;115;118;124;129;134;169;190;195;196;198;202;203;205;207;208;215;217;219;220;221;238;243;247;262;264;271;275;278;280;288;291;297;299;300;301;307;309;310;314;316;317;328;335;338;342;344;384;388;390;413,64,1
9198b9a4-8d8f-4ba6-9924-4c86982d890a,What do I do right before rolling sauce in flat breads?,Cutting tomatoes,,10;25;50;59;65;70;76;91;92;94;109;115;118;124;134;169;190;195;196;198;202;203;205;207;208;215;217;219;220;221;238;243;247;262;264;271;275;278;280;288;291;297;299;300;301;307;309;310;314;316;317;328;335;338;342;344;384;388;390;413,64,1
9198b9a4-8d8f-4ba6-9924-4c86982d890a,What action takes place just before using the mobile phone?,Rolling sauce in flat breads,,10;50;59;60;65;70;76;91;92;94;109;115;118;124;134;169;190;195;196;198;202;203;207;208;215;217;219;220;221;238;243;247;262;264;271;275;278;280;288;291;297;299;300;301;307;309;310;314;316;317;328;335;338;340;342;344;384;388;390;413,64,1
9198b9a4-8d8f-4ba6-9924-4c86982d890a,What is done directly before opening drawers in the kitchen?,Operating the heat regulator.,,10;17;25;50;59;65;70;76;91;92;94;109;115;118;124;129;134;169;190;195;196;198;202;203;205;207;208;215;217;219;220;221;238;243;247;262;264;271;275;278;280;288;291;297;299;300;301;307;309;310;314;316;317;328;335;338;342;344;388;390;413,64,1
9198b9a4-8d8f-4ba6-9924-4c86982d890a,What is the setting of the latest video frame?,A kitchen.,,50;65;76;91;92;94;109;134;169;190;196;198;202;203;207;217;219;220;221;238;262;264;271;278;280;288;291;297;300;301;307;309;310;314;316;317;328;338;344;388;390;431;435;446;449;458;459;462;463;470;473;475;478;480;482;484;487;488;512;522;540;547;548,64,1
9198b9a4-8d8f-4ba6-9924-4c86982d890a,What can be seen on the stove in the video clip?,A pan with shawarma filling and bread.,,50;65;70;76;91;92;94;109;134;169;190;196;198;202;203;207;217;219;220;221;238;262;264;271;278;280;288;291;297;300;301;307;309;310;314;316;317;328;338;344;388;390;431;435;446;449;458;459;462;463;470;473;475;478;480;482;484;487;512;522;540;547;548,64,1
9198b9a4-8d8f-4ba6-9924-4c86982d890a,How many pans are on the stove in the video?,Two pans.,,50;65;76;91;92;94;109;134;169;190;196;198;202;203;207;217;219;220;221;238;262;264;271;278;280;288;291;297;300;301;307;309;310;316;317;328;338;344;388;390;420;431;435;446;449;458;459;462;463;470;473;475;478;480;482;484;487;488;512;522;540;547;548,64,1
9198b9a4-8d8f-4ba6-9924-4c86982d890a,What objects are visible on the kitchen counter in the video?,Ingredients and utensils.,,50;65;76;91;92;94;109;134;169;190;196;198;202;203;207;217;219;220;221;238;262;264;271;278;280;288;291;297;300;301;307;309;310;314;316;317;328;338;344;388;390;431;435;446;449;458;459;462;463;470;473;475;478;480;482;484;487;488;512;522;540;547;548,64,1
9198b9a4-8d8f-4ba6-9924-4c86982d890a,What cooking process is happening in the new frames?,Shawarma filling is being prepared.,,50;65;76;91;92;94;109;134;169;190;196;198;202;203;207;217;219;220;221;238;262;264;271;278;280;288;291;297;300;301;307;309;310;316;317;328;338;344;388;390;420;431;435;446;449;458;459;462;463;470;473;475;478;480;482;484;487;488;512;522;540;547;548,64,1
9198b9a4-8d8f-4ba6-9924-4c86982d890a,What action was the cook performing?,Adding bread to the shawarma filling.,,50;59;65;76;91;92;94;109;134;169;190;196;198;202;203;207;217;219;220;221;238;262;264;271;278;280;288;291;297;300;301;307;309;310;314;316;317;328;338;344;388;390;431;435;446;449;458;459;462;463;470;473;475;478;480;482;484;487;512;522;540;547;548,64,1
9198b9a4-8d8f-4ba6-9924-4c86982d890a,How is the cook interacting with the food?,By stirring and combining ingredients.,,50;59;65;76;91;92;94;109;134;169;190;196;198;202;203;207;217;219;220;221;238;262;264;271;278;280;288;291;297;300;301;307;309;310;316;317;328;338;342;344;388;390;431;435;446;449;458;459;462;463;470;473;475;478;480;482;484;487;512;522;540;547;548,64,1
9198b9a4-8d8f-4ba6-9924-4c86982d890a,Describe the cook's technique in the video clip.,Carefully scooping and spreading filling onto bread.,,50;65;76;91;92;94;109;134;169;190;196;198;202;203;207;217;219;220;221;238;262;264;271;278;280;288;291;297;300;301;307;309;310;316;317;328;338;344;388;390;420;431;435;446;449;458;459;462;463;470;473;475;478;480;482;484;487;488;512;522;540;547;548,64,1
9198b9a4-8d8f-4ba6-9924-4c86982d890a,Is there more than one dish being cooked simultaneously?,Yes.,,50;65;76;91;92;94;109;134;169;190;196;198;202;203;207;217;219;220;221;238;262;264;271;278;280;288;291;297;300;301;307;309;310;314;316;317;328;338;344;388;390;420;431;435;446;449;458;459;462;463;470;473;475;478;480;482;484;487;488;512;522;540;547,64,1
9198b9a4-8d8f-4ba6-9924-4c86982d890a,Is the cook wearing any protective gloves in the video?,No.,,50;65;76;91;92;94;109;134;169;190;196;198;202;203;207;217;219;220;221;238;262;264;271;278;280;288;291;297;300;301;307;309;310;316;317;328;338;344;388;390;420;431;435;446;449;458;459;462;463;470;473;475;478;480;482;484;487;488;512;522;540;547;548,64,1
9198b9a4-8d8f-4ba6-9924-4c86982d890a,Does the video capture the addition of toppings to the shawarma?,No.,,50;76;91;92;94;109;134;169;190;196;198;202;203;207;215;217;219;220;221;238;262;264;271;278;280;288;291;297;300;301;307;309;310;316;317;328;338;344;388;390;420;431;435;446;449;458;459;462;463;470;473;475;478;480;482;484;487;488;512;522;540;547;548,64,1
9198b9a4-8d8f-4ba6-9924-4c86982d890a,Is the mobile phone operated before rolling sauce in flat breads?,No,,50;65;76;91;92;94;109;134;169;190;196;198;202;203;207;217;219;220;221;238;262;264;271;278;280;288;291;297;300;301;307;309;310;316;317;328;338;342;344;388;390;431;435;446;449;458;459;462;463;470;473;475;478;480;482;484;487;488;512;522;540;547;548,64,1
9198b9a4-8d8f-4ba6-9924-4c86982d890a,Do I cut the tomatoes before preparing the shawarma?,Yes,,50;76;91;92;94;109;134;169;190;196;198;202;203;207;217;219;220;221;238;262;264;271;278;280;288;291;297;300;301;307;309;310;316;317;328;338;342;344;388;390;420;431;435;446;449;458;459;462;463;470;473;475;478;480;482;484;487;488;512;522;540;547;548,64,1
9198b9a4-8d8f-4ba6-9924-4c86982d890a,Is the shawarma prepared before cutting tomatoes?,No,,50;76;91;92;94;109;134;169;190;196;198;202;203;207;217;219;220;221;238;262;264;271;278;280;288;291;297;300;301;307;309;310;316;317;328;338;342;344;388;390;420;431;435;446;449;458;459;462;463;470;473;475;478;480;482;484;487;488;512;522;540;547;548,64,1
9198b9a4-8d8f-4ba6-9924-4c86982d890a,Do I roll sauce in flat breads after cutting tomatoes?,Yes,,50;65;76;91;92;94;109;134;169;190;196;198;202;203;207;217;219;220;221;238;262;264;271;278;280;288;291;297;300;301;307;309;310;316;317;328;338;344;388;390;420;431;435;446;449;458;459;462;463;470;473;475;478;480;482;484;487;488;512;522;540;547;548,64,1
9198b9a4-8d8f-4ba6-9924-4c86982d890a,Is the mobile phone operated after preparing the shawarma?,Yes,,50;76;91;92;94;109;134;169;190;196;198;202;203;207;217;219;220;221;238;262;264;271;278;280;288;291;297;300;301;307;309;310;316;317;328;338;342;344;388;390;420;431;435;446;449;458;459;462;463;470;473;475;478;480;482;484;487;488;512;522;540;547;548,64,1
9198b9a4-8d8f-4ba6-9924-4c86982d890a,What action occurs just before I operated the mobile phone?,Rolling sauce in flat breads,,50;65;76;91;92;94;109;134;169;190;196;198;202;203;207;217;219;220;221;238;262;264;271;278;280;288;291;297;300;301;307;309;310;314;316;317;328;338;344;388;390;431;435;446;449;458;459;462;463;470;473;475;478;480;482;484;487;488;512;522;540;547;548,64,1
9198b9a4-8d8f-4ba6-9924-4c86982d890a,What do I do before cutting the tomatoes?,"Nothing, it is the first action.",,50;65;76;91;92;94;109;134;169;190;196;198;202;203;207;217;219;220;221;238;262;264;271;278;280;288;291;297;300;301;307;309;310;314;316;317;328;338;344;388;390;431;435;446;449;458;459;462;463;470;473;475;478;480;482;484;487;488;512;522;540;547;548,64,1
9198b9a4-8d8f-4ba6-9924-4c86982d890a,What occurs just before preparing the shawarma?,Operating the mobile phone,,50;76;91;92;94;109;134;169;190;196;198;202;203;207;215;217;219;220;221;238;262;264;271;278;280;288;291;297;300;301;307;309;310;316;317;328;338;344;388;390;420;431;435;446;449;458;459;462;463;470;473;475;478;480;482;484;487;488;512;522;540;547;548,64,1
9198b9a4-8d8f-4ba6-9924-4c86982d890a,"In the video, did I open the kitchen drawers before cutting vegetables?",No,,50;65;76;91;92;94;109;134;169;190;196;198;202;203;207;217;219;220;221;238;262;264;271;278;280;288;291;297;300;301;307;309;310;316;317;328;338;344;388;390;420;431;435;446;449;458;459;462;463;470;473;475;478;480;482;484;487;488;512;522;540;547;548,64,1
9198b9a4-8d8f-4ba6-9924-4c86982d890a,Does the cooking of shawarma happen before regulating the cooker's heat?,Yes,,50;76;91;92;94;109;134;169;190;196;198;202;203;207;217;219;220;221;238;262;264;271;278;280;288;291;297;300;301;307;309;310;316;317;328;338;342;344;388;390;420;431;435;446;449;458;459;462;463;470;473;475;478;480;482;484;487;488;512;522;540;547;548,64,1
9198b9a4-8d8f-4ba6-9924-4c86982d890a,"In the video, is the mobile phone operated after the sauce is rolled in flatbreads?",Yes,,50;65;76;91;92;94;109;134;169;190;196;198;202;203;207;217;219;220;221;238;262;264;271;278;280;288;291;297;300;301;307;309;310;316;317;328;338;344;388;390;420;431;435;446;449;458;459;462;463;470;473;475;478;480;482;484;487;488;512;522;540;547;548,64,1
9198b9a4-8d8f-4ba6-9924-4c86982d890a,Is heat regulation done before cutting tomatoes with a knife?,No,,50;65;76;91;92;94;109;134;169;190;196;198;202;203;207;217;219;220;221;238;262;264;271;278;280;288;291;297;300;301;307;309;310;316;317;328;338;342;344;388;390;431;435;446;449;458;459;462;463;470;473;475;478;480;482;484;487;488;512;522;540;547;548,64,1
9198b9a4-8d8f-4ba6-9924-4c86982d890a,"In the video sequence, what do I do before cooking shawarma?",Cut vegetables,,50;65;76;91;92;94;109;134;169;190;196;198;202;203;207;217;219;220;221;238;262;264;271;278;280;288;291;297;300;301;307;309;310;314;316;317;328;338;344;388;390;431;435;446;449;458;459;462;463;470;473;475;478;480;482;484;487;488;512;522;540;547;548,64,1
9198b9a4-8d8f-4ba6-9924-4c86982d890a,Describe the setting shown in the video clip.,A kitchen where shawarma is being prepared.,,50;76;91;92;109;134;169;190;198;202;203;207;217;219;220;221;238;262;264;271;278;280;291;297;300;307;309;310;317;328;338;344;388;431;435;446;449;458;459;462;463;470;473;475;478;480;482;484;487;512;522;540;547;555;557;569;596;606;608;610;619;623;624;630,64,1
9198b9a4-8d8f-4ba6-9924-4c86982d890a,What is happening in these new frames?,Shawarma is being filled with ingredients.,,50;76;91;92;109;134;169;190;198;202;203;207;217;219;220;221;238;262;264;271;278;280;291;297;300;307;309;310;316;317;328;338;344;388;431;435;446;449;458;459;462;463;470;473;475;478;480;482;484;487;512;522;540;547;555;557;569;596;606;608;610;623;624;630,64,1
9198b9a4-8d8f-4ba6-9924-4c86982d890a,Is the person in the video making a meal?,Yes.,,50;76;91;92;109;134;169;190;196;198;202;203;207;217;219;220;221;238;262;264;271;278;280;291;297;300;307;309;310;317;328;338;344;388;431;435;446;449;458;459;462;463;470;473;475;478;480;482;484;487;512;540;547;555;557;569;596;606;608;610;619;623;624;630,64,1
9198b9a4-8d8f-4ba6-9924-4c86982d890a,Is the kitchen the main location in these frames?,Yes.,,50;76;91;92;109;134;169;190;198;202;203;207;217;219;220;221;238;262;264;271;278;280;291;297;300;307;309;310;317;328;338;344;388;431;435;446;449;458;459;462;463;470;473;475;478;480;482;484;487;512;522;540;547;555;557;569;596;606;608;610;619;623;624;630,64,1
9198b9a4-8d8f-4ba6-9924-4c86982d890a,Does the video capture the moment of grilling meat for the shawarma?,No.,,50;76;91;92;109;134;169;190;198;202;203;207;217;219;220;221;238;262;264;271;278;280;291;297;300;307;309;310;317;328;338;344;388;431;435;446;449;458;459;462;463;470;473;475;478;480;482;484;487;512;522;540;547;555;557;569;593;596;606;608;610;623;624;630,64,1
9198b9a4-8d8f-4ba6-9924-4c86982d890a,Are spices being added to the food in this clip?,No.,,50;76;91;92;109;134;169;190;198;202;203;207;217;219;220;221;238;262;264;271;278;280;291;297;300;307;309;310;316;317;328;338;344;388;431;435;446;449;458;459;462;463;470;473;475;478;480;482;484;487;512;522;540;547;555;557;569;596;606;608;610;623;624;630,64,1
9198b9a4-8d8f-4ba6-9924-4c86982d890a,"In the video, is the shawarma filling added to the bread before wrapping it?",Yes,,50;76;91;92;109;134;169;190;198;202;203;207;217;219;220;221;238;262;264;271;278;280;291;297;300;307;309;310;316;317;328;338;344;388;431;435;446;449;458;459;462;463;470;473;475;478;480;482;484;487;512;522;540;547;555;557;569;596;606;608;610;623;624;630,64,1
9198b9a4-8d8f-4ba6-9924-4c86982d890a,Does the chopping of vegetables occur before heating the pan?,No,,50;76;91;92;109;134;169;190;198;202;203;207;217;219;220;221;238;262;264;271;278;280;291;297;300;307;309;310;317;328;338;344;388;431;435;446;449;458;459;462;463;470;473;475;478;480;482;484;487;512;522;540;547;555;557;569;593;596;606;608;610;623;624;630,64,1
9198b9a4-8d8f-4ba6-9924-4c86982d890a,Is the stove turned off before removing the pan from heat?,Yes,,50;76;92;109;134;169;190;196;198;202;203;207;217;219;220;221;238;262;264;271;278;280;291;297;300;307;309;310;317;328;338;344;388;431;435;446;449;458;459;462;463;470;473;475;478;480;482;484;487;512;522;540;547;555;557;569;593;596;606;608;610;623;624;630,64,1
9198b9a4-8d8f-4ba6-9924-4c86982d890a,"In the video, is the bread placed on the pan before adding fillings?",Yes,,50;76;91;92;109;134;169;190;196;198;202;203;207;217;219;220;221;262;264;271;278;280;291;297;300;307;309;310;317;328;338;344;388;431;435;446;449;458;459;462;463;470;473;475;478;480;482;484;487;512;522;540;547;555;557;569;596;606;608;610;619;623;624;630,64,1
9198b9a4-8d8f-4ba6-9924-4c86982d890a,Is the shawarma served before adding sauce?,No,,50;76;91;92;109;134;169;190;198;202;203;207;217;219;220;221;238;262;264;271;278;280;291;297;300;307;309;310;317;328;338;344;388;431;435;446;449;458;459;462;463;470;473;475;478;480;482;484;487;512;522;540;547;555;557;569;593;596;606;608;610;623;624;630,64,1
9198b9a4-8d8f-4ba6-9924-4c86982d890a,What do I do before adding the shawarma filling to the bread?,Chop vegetables,,50;76;91;92;109;134;169;190;198;202;203;207;217;219;220;221;238;262;264;271;278;280;291;297;300;307;309;310;317;328;338;344;388;431;435;446;449;458;459;462;463;470;473;475;478;480;482;484;487;512;522;540;547;555;557;569;596;606;608;610;619;623;624;630,64,1
9198b9a4-8d8f-4ba6-9924-4c86982d890a,What is done before turning off the stove?,Cook shawarma,,50;76;91;92;109;134;169;190;196;198;202;203;207;217;219;220;221;262;264;271;278;280;291;297;300;307;309;310;316;317;328;338;344;388;431;435;446;449;458;459;462;463;470;473;475;478;480;482;484;487;512;522;540;547;555;557;569;596;606;608;610;623;624;630,64,1
9198b9a4-8d8f-4ba6-9924-4c86982d890a,What is the immediate step before serving the shawarma?,Add sauce,,50;76;91;92;109;134;169;190;198;202;203;207;217;219;220;221;238;262;264;271;278;280;291;297;300;307;309;310;317;328;338;344;388;431;435;446;449;458;459;462;463;470;473;475;478;480;482;484;487;512;522;540;547;555;557;569;596;606;608;610;619;623;624;630,64,1
9198b9a4-8d8f-4ba6-9924-4c86982d890a,"In the video, is the sauce added to the flat bread before cutting the tomatoes?",No,,50;76;91;92;109;134;169;190;198;202;203;207;217;219;220;221;238;262;264;271;278;280;291;297;300;307;309;310;316;317;328;338;344;388;431;435;446;449;458;459;462;463;470;473;475;478;480;482;484;487;512;522;540;547;555;557;569;596;606;608;610;623;624;630,64,1
9198b9a4-8d8f-4ba6-9924-4c86982d890a,Does the person operate the mobile phone after rolling the sauce in the flat breads?,Yes,,50;76;91;92;109;134;169;190;196;198;202;203;207;217;219;220;221;238;262;264;271;278;280;291;297;300;307;309;310;317;328;338;344;388;431;435;446;449;458;459;462;463;470;473;475;478;480;482;484;487;512;522;540;547;555;557;569;596;606;608;610;623;624;630,64,1
9198b9a4-8d8f-4ba6-9924-4c86982d890a,Is the shawarma prepared before the tomatoes are cut with a knife?,Yes,,50;76;91;92;109;134;169;190;198;202;203;207;217;219;220;221;238;262;264;271;278;280;291;297;300;307;309;310;317;328;338;344;388;431;435;446;449;458;459;462;463;470;473;475;478;480;482;484;487;512;522;540;547;555;557;569;593;596;606;608;610;623;624;630,64,1
9198b9a4-8d8f-4ba6-9924-4c86982d890a,"In the video, does rolling the sauce happen before the shawarma preparation?",No,,50;76;91;92;109;134;169;190;198;202;203;207;217;219;220;221;238;262;264;271;278;280;291;297;300;307;309;310;317;328;338;344;388;431;435;446;449;458;459;462;463;470;473;475;478;480;482;484;487;512;522;540;547;555;557;569;596;606;608;610;619;623;624;630,64,1
9198b9a4-8d8f-4ba6-9924-4c86982d890a,Is the flat bread used before operating the mobile phone?,Yes,,50;76;91;92;134;169;190;198;202;203;207;217;219;220;221;238;262;264;271;278;280;291;297;300;307;309;310;317;328;338;344;388;431;435;446;449;458;459;462;463;470;473;475;478;480;482;484;487;512;522;540;547;555;557;569;593;596;606;608;610;623;624;630,64,1
9198b9a4-8d8f-4ba6-9924-4c86982d890a,What setting is portrayed in the latest clip?,A kitchen setting.,,50;76;92;134;169;190;198;202;203;207;217;219;220;221;262;264;271;278;280;291;297;300;307;309;310;317;338;344;388;435;446;449;458;459;462;463;470;473;475;478;480;482;484;487;540;547;555;557;569;596;606;608;610;623;624;630;689;717;736;746;764;766;770;775,64,1
9198b9a4-8d8f-4ba6-9924-4c86982d890a,What activity is featured in the frame?,Preparing shawarma.,,50;76;92;134;169;190;198;202;203;207;217;219;220;221;262;264;271;278;280;291;297;300;307;309;310;317;338;344;388;435;446;449;458;459;462;463;470;473;475;478;480;482;484;487;512;540;547;555;557;569;596;606;608;610;623;624;630;717;736;746;764;766;770;775,64,1
9198b9a4-8d8f-4ba6-9924-4c86982d890a,Is the shawarma preparation process completed in the clip?,No.,,50;76;91;92;134;169;190;198;202;203;207;217;219;220;221;238;262;264;278;280;291;297;300;307;309;310;317;338;344;388;435;446;449;458;459;462;463;470;473;475;478;480;482;484;487;540;547;555;557;596;606;608;610;623;624;630;689;717;736;746;764;766;770;775,64,1
9198b9a4-8d8f-4ba6-9924-4c86982d890a,Is there more than one person visible in the kitchen?,No.,,50;76;92;134;169;190;198;202;203;207;217;219;220;221;262;264;271;278;280;291;297;300;307;309;310;317;328;338;344;388;435;446;449;458;459;462;463;470;473;475;478;480;482;484;487;540;547;555;557;596;606;608;610;623;624;630;689;717;736;746;764;766;770;775,64,1
9198b9a4-8d8f-4ba6-9924-4c86982d890a,Does the clip show any cooking appliances being used?,No.,,50;76;92;134;169;190;198;202;203;207;217;220;221;238;262;264;278;280;291;297;300;307;309;310;317;338;344;388;435;446;449;458;459;462;463;470;473;475;478;480;482;484;487;512;540;547;555;557;569;596;606;608;610;623;624;630;689;717;736;746;764;766;770;775,64,1
9198b9a4-8d8f-4ba6-9924-4c86982d890a,Is there any sign of food already cooked in the scene?,No.,,50;76;92;134;169;190;198;202;203;207;217;219;220;221;262;264;271;278;280;291;297;300;307;309;310;317;328;338;344;388;435;446;449;458;459;462;463;470;473;475;478;480;482;484;487;540;547;555;557;596;606;608;610;623;624;630;689;717;736;746;764;766;770;775,64,1
9198b9a4-8d8f-4ba6-9924-4c86982d890a,Is the person in the frame wearing gloves?,No.,,50;76;92;134;169;190;198;202;203;207;217;219;220;221;238;262;264;271;278;280;291;297;300;307;309;310;317;338;344;388;435;446;449;458;459;462;463;470;473;475;478;480;482;484;487;540;547;555;557;596;606;608;610;623;624;630;689;717;736;746;764;766;770;775,64,1
9198b9a4-8d8f-4ba6-9924-4c86982d890a,"In the video, is the meat added to the shawarma wrap before chopping the herbs?",No,,50;76;91;92;134;169;190;198;202;203;207;217;219;220;221;238;262;264;278;280;291;297;300;307;309;310;317;338;344;388;435;446;449;458;459;462;463;470;473;475;478;480;482;484;487;540;547;555;557;596;606;608;610;623;624;630;689;717;736;746;764;766;770;775,64,1
9198b9a4-8d8f-4ba6-9924-4c86982d890a,"In the video, is the shawarma wrap prepared before the vegetables are chopped?",Yes,,50;76;92;134;169;190;198;202;203;207;217;219;220;221;238;262;264;271;278;280;291;297;300;307;309;310;317;338;344;388;435;446;449;458;459;462;463;470;473;475;478;480;482;484;487;540;547;555;557;596;606;608;610;623;624;630;689;717;736;746;764;766;770;775,64,1
9198b9a4-8d8f-4ba6-9924-4c86982d890a,Does chopping herbs happen after the vegetables are mixed in the bowl?,No,,50;76;91;92;134;169;190;198;202;203;207;217;220;221;238;262;264;278;280;291;297;300;307;309;310;317;338;344;388;431;435;446;449;458;459;462;463;470;473;475;478;480;482;484;487;540;547;555;557;596;606;608;610;623;624;630;689;717;736;746;764;766;770;775,64,1
9198b9a4-8d8f-4ba6-9924-4c86982d890a,Is the shawarma meat cooked before the vegetables are cut?,Yes,,50;76;92;134;169;190;198;202;203;207;217;219;220;221;238;262;264;278;280;291;297;300;307;309;310;317;328;338;344;388;435;446;449;458;459;462;463;470;473;475;478;480;482;484;487;540;547;555;557;596;606;608;610;623;624;630;689;717;736;746;764;766;770;775,64,1
9198b9a4-8d8f-4ba6-9924-4c86982d890a,What happens just before the shawarma meat is added to the wrap in the video?,The vegetables are mixed in a bowl,,50;76;92;134;169;190;198;202;203;207;217;219;220;221;262;264;271;278;280;291;297;300;307;309;310;317;328;338;344;388;435;446;449;458;459;462;463;470;473;475;478;480;482;484;487;540;547;555;557;596;606;608;610;623;624;630;689;717;736;746;764;766;770;775,64,1
9198b9a4-8d8f-4ba6-9924-4c86982d890a,What action takes place before the wrap is rolled up in the video?,The meat and vegetables are added to it,,50;76;92;134;169;190;198;202;203;207;217;219;220;221;262;264;271;278;280;291;297;300;307;309;310;317;328;338;344;388;435;446;449;458;459;462;463;470;473;475;478;480;482;484;487;512;540;547;555;557;596;606;608;610;623;624;630;717;736;746;764;766;770;775,64,1
9198b9a4-8d8f-4ba6-9924-4c86982d890a,"In the video, is the meat placed on the bread before adding vegetables?",No,,50;76;92;134;169;190;198;202;203;207;217;219;220;221;262;264;271;278;280;291;297;300;307;309;310;317;338;344;388;435;446;449;458;459;462;463;470;473;475;478;480;482;484;487;540;547;555;557;569;596;606;608;610;623;624;630;689;717;736;746;764;766;770;775,64,1
9198b9a4-8d8f-4ba6-9924-4c86982d890a,Is the bread toasted before spreading the meat on it?,No,,50;76;91;92;134;169;190;198;202;203;207;217;220;221;262;264;278;280;291;297;300;307;309;310;317;338;344;388;431;435;446;449;458;459;462;463;470;473;475;478;480;482;484;487;512;540;547;555;557;596;606;608;610;623;624;630;689;717;736;746;764;766;770;775,64,1
9198b9a4-8d8f-4ba6-9924-4c86982d890a,"In the clip, is the chopping of vegetables shown before the frying of meat?",Yes,,50;76;91;92;134;169;190;198;202;203;207;217;220;221;238;262;264;278;280;291;297;300;307;309;310;317;338;344;388;431;435;446;449;458;459;462;463;470;473;475;478;480;482;484;487;540;547;555;557;596;606;608;610;623;624;630;689;717;736;746;764;766;770;775,64,1
9198b9a4-8d8f-4ba6-9924-4c86982d890a,Does the video show adding condiments after the meat is placed on the bread?,Yes,,50;76;92;134;169;190;198;202;203;207;217;219;220;221;262;264;271;278;280;291;297;300;307;309;310;317;338;344;388;435;446;449;458;459;462;463;470;473;475;478;480;482;484;487;512;540;547;555;557;596;606;608;610;623;624;630;689;717;736;746;764;766;770;775,64,1
9198b9a4-8d8f-4ba6-9924-4c86982d890a,What occurs just before the meat is added to the bread in the video?,Vegetables are chopped,,50;76;92;134;169;190;198;202;203;207;217;219;220;221;262;264;278;280;291;297;300;307;309;310;317;338;344;388;435;446;449;458;459;462;463;470;473;475;478;480;482;484;487;512;540;547;555;557;569;596;606;608;610;623;624;630;689;717;736;746;764;766;770;775,64,1
9198b9a4-8d8f-4ba6-9924-4c86982d890a,"In the video sequence, what do we see happening before the bread is picked up?",Vegetables being sautéed,,50;76;91;92;134;169;190;198;202;203;207;217;220;221;262;264;278;280;291;297;300;307;309;310;317;338;344;388;435;446;449;458;459;462;463;470;473;475;478;480;482;484;487;512;540;547;555;557;569;596;606;608;610;623;624;630;689;717;736;746;764;766;770;775,64,1
9198b9a4-8d8f-4ba6-9924-4c86982d890a,"Before the chopping of vegetables, what event is shown in the clip?",Preparing other ingredients,,50;76;91;92;134;169;190;198;202;203;207;217;220;221;262;264;271;278;280;291;297;300;307;309;310;317;338;344;388;435;446;449;458;459;462;463;470;473;475;478;480;482;484;487;512;540;547;555;557;596;606;608;610;623;624;630;689;717;736;746;764;766;770;775,64,1
9198b9a4-8d8f-4ba6-9924-4c86982d890a,What does the cook do before adding condiments to the shawarma?,Place meat on the bread,,50;76;92;134;169;190;198;202;203;207;217;219;220;221;262;264;271;278;280;291;297;300;307;309;310;317;328;338;344;388;435;446;449;458;459;462;463;470;473;475;478;480;482;484;487;540;547;555;557;596;606;608;610;623;624;630;689;717;736;746;764;766;770;775,64,1
9198b9a4-8d8f-4ba6-9924-4c86982d890a,What is the setting of this scene?,A kitchen.,,50;76;92;134;169;190;198;202;203;207;217;219;220;221;262;264;271;278;280;291;297;300;307;309;310;317;338;344;388;435;446;449;458;459;462;463;470;473;475;478;480;482;484;487;512;540;547;555;557;569;596;606;608;610;623;624;630;717;736;746;764;766;770;775,64,1
9198b9a4-8d8f-4ba6-9924-4c86982d890a,What culinary activity is taking place?,Preparing shawarma.,,50;76;92;134;169;190;198;202;203;207;217;219;220;221;262;264;278;280;291;297;300;307;309;310;317;328;338;344;388;435;446;449;458;459;462;463;470;473;475;478;480;482;484;487;512;540;547;555;557;596;606;608;610;623;624;630;689;717;736;746;764;766;770;775,64,1
9198b9a4-8d8f-4ba6-9924-4c86982d890a,Which type of cuisine is being worked on?,"Middle Eastern, specifically shawarma.",,50;76;92;134;169;190;198;202;203;207;217;219;220;221;262;264;271;278;280;291;297;300;307;309;310;317;338;344;388;435;446;449;458;459;462;463;470;473;475;478;480;482;484;487;512;540;547;555;557;596;606;608;610;623;624;630;689;717;736;746;764;766;770;775,64,1
9198b9a4-8d8f-4ba6-9924-4c86982d890a,Are any other tasks being carried out besides cooking?,"No, just cooking.",,50;76;91;92;134;169;190;198;202;203;207;217;220;221;262;264;278;280;291;297;300;307;309;310;317;328;338;344;388;435;446;449;458;459;462;463;470;473;475;478;480;482;484;487;522;540;547;555;557;596;606;608;610;623;624;630;689;717;736;746;764;766;770;775,64,1
9198b9a4-8d8f-4ba6-9924-4c86982d890a,Is the kitchen residential or commercial?,It appears residential.,,50;76;91;92;134;169;190;198;202;203;217;219;220;221;262;264;278;280;291;297;300;307;309;310;317;338;344;388;431;435;446;449;458;459;462;463;470;473;475;478;480;482;484;487;540;547;555;557;593;596;606;608;610;623;624;630;689;717;736;746;764;766;770;775,64,1
9198b9a4-8d8f-4ba6-9924-4c86982d890a,Is any equipment being used in the action?,"Yes, a knife for chopping.",,50;76;92;134;169;190;198;202;203;207;217;219;220;221;262;264;271;278;280;291;297;300;307;309;310;317;328;338;344;388;435;446;449;458;459;462;463;470;473;475;478;480;482;484;487;540;547;555;557;596;606;608;610;623;624;630;689;717;736;746;764;766;770;775,64,1
9198b9a4-8d8f-4ba6-9924-4c86982d890a,Is the person cooking alone or with others?,The clip only shows one person cooking.,,50;76;91;92;134;169;190;198;202;203;207;217;219;220;221;262;264;278;280;291;297;300;307;309;310;317;338;344;388;431;435;446;449;458;459;462;463;470;473;475;478;480;482;484;487;540;547;555;557;596;606;608;610;623;624;630;689;717;736;746;764;766;770;775,64,1
9198b9a4-8d8f-4ba6-9924-4c86982d890a,Is there more than one person in this scene?,No.,,50;76;92;134;169;190;198;202;203;207;217;219;220;221;262;264;271;278;280;291;297;300;307;309;310;317;338;344;388;435;446;449;458;459;462;463;470;473;475;478;480;482;484;487;522;540;547;555;557;569;596;606;608;610;623;630;689;717;736;746;764;766;770;775,64,1
9198b9a4-8d8f-4ba6-9924-4c86982d890a,Has the meal been completed in this frame?,No.,,50;76;92;134;169;190;198;202;203;207;217;219;220;221;262;264;278;280;291;297;300;307;309;310;317;338;344;388;431;435;446;449;458;459;462;463;470;473;475;478;480;482;484;487;512;540;547;555;557;596;606;608;610;623;624;630;689;717;736;746;764;766;770;775,64,1
9198b9a4-8d8f-4ba6-9924-4c86982d890a,Is the person in the video cleaning?,No.,,50;76;92;134;169;190;198;202;203;207;217;219;220;221;262;264;271;278;280;291;297;300;307;309;310;317;338;344;388;435;446;449;458;459;462;463;470;473;475;478;480;482;484;487;512;540;547;555;557;596;606;608;610;623;624;630;689;717;736;746;764;766;770;775,64,1
9198b9a4-8d8f-4ba6-9924-4c86982d890a,Does this clip show the finished shawarma dish?,No.,,50;76;91;92;134;169;190;198;202;203;207;217;219;220;221;262;264;278;280;291;297;300;307;309;310;317;338;344;388;435;446;449;458;459;462;463;470;473;475;478;480;482;484;487;512;540;547;555;557;596;606;608;610;623;624;630;689;717;736;746;764;766;770;775,64,1
9198b9a4-8d8f-4ba6-9924-4c86982d890a,Are there any children present in this video?,No.,,50;76;92;134;169;190;198;202;203;207;217;219;220;221;262;264;278;280;291;297;300;307;309;310;317;328;338;344;388;435;446;449;458;459;462;463;470;473;475;478;480;482;484;487;512;540;547;555;557;596;606;608;610;623;624;630;689;717;736;746;764;766;770;775,64,1
9198b9a4-8d8f-4ba6-9924-4c86982d890a,"In the video, is the shawarma prepared after I washed the vegetables?",No,,50;76;91;92;134;169;190;198;202;203;207;217;219;220;221;262;264;271;278;280;291;297;300;307;309;310;317;338;344;388;435;446;449;458;459;462;463;470;473;475;478;480;482;484;487;540;547;555;557;596;606;608;610;623;624;630;689;717;736;746;764;766;770;775,64,1
9198b9a4-8d8f-4ba6-9924-4c86982d890a,"In the video, do I chop the parsley before assembling the shawarma?",Yes,,50;76;91;92;109;134;169;190;198;202;203;207;217;219;220;221;262;264;278;280;291;297;300;307;309;310;317;338;344;388;431;435;446;449;458;459;462;463;470;473;475;478;480;482;484;487;540;547;555;557;596;606;608;610;623;624;630;717;736;746;764;766;770;775,64,1
9198b9a4-8d8f-4ba6-9924-4c86982d890a,Does cutting tomatoes occur before the marinating of meat?,Yes,,50;76;91;92;134;169;190;198;202;203;207;217;219;220;221;238;262;264;278;280;291;297;300;307;309;310;317;338;344;388;435;446;449;458;459;462;463;470;473;475;478;480;482;484;487;540;547;555;557;596;606;608;610;623;624;630;689;717;736;746;764;766;770;775,64,1
9198b9a4-8d8f-4ba6-9924-4c86982d890a,"In the clip, is the garlic crushed before the tzatziki sauce is mixed?",Yes,,50;76;91;92;134;169;190;198;202;203;207;217;219;220;221;238;262;264;278;280;291;297;300;307;309;310;317;338;344;388;431;435;446;449;458;459;462;463;470;473;475;478;480;482;484;487;540;547;555;557;596;606;608;610;623;624;630;717;736;746;764;766;770;775,64,1
9198b9a4-8d8f-4ba6-9924-4c86982d890a,Is the lettuce shredded after the hummus is spread on the bread?,Yes,,50;76;91;92;134;169;190;198;202;203;207;217;219;220;221;238;262;264;271;278;280;291;297;300;307;309;310;317;338;344;388;435;446;449;458;459;462;463;470;473;475;478;480;482;484;487;540;547;555;557;596;606;608;610;623;624;630;717;736;746;764;766;770;775,64,1
9198b9a4-8d8f-4ba6-9924-4c86982d890a,What happens before I season the shawarma meat?,Chopping onions,,50;76;92;134;169;190;198;202;203;207;217;219;220;221;238;262;264;278;280;291;297;300;307;309;310;317;328;338;344;388;435;446;449;458;459;462;463;470;473;475;478;480;482;484;487;540;547;555;557;596;606;608;610;623;624;630;689;717;736;746;764;766;770;775,64,1
9198b9a4-8d8f-4ba6-9924-4c86982d890a,What do I do just before wrapping the shawarma?,Adding sauces,,50;76;91;92;134;169;190;198;202;203;207;217;219;220;221;262;264;271;278;280;291;297;300;307;309;310;317;338;344;388;435;446;449;458;459;462;463;470;473;475;478;480;482;484;487;540;547;555;557;596;606;608;610;623;624;630;689;717;736;746;764;766;770;775,64,1
9198b9a4-8d8f-4ba6-9924-4c86982d890a,What occurs before I put the shawarma on the grill?,Skewing meat,,50;76;92;134;169;190;198;202;203;207;217;219;220;221;262;264;271;278;280;291;297;300;307;309;310;317;328;338;344;388;435;446;449;458;459;462;463;470;473;475;478;480;482;484;487;512;540;547;555;557;596;606;608;610;623;624;630;717;736;746;764;766;770;775,64,1
9198b9a4-8d8f-4ba6-9924-4c86982d890a,"In the video, what action precedes slicing the cooked shawarma?",Removing from heat,,50;76;91;92;134;169;190;198;202;203;207;217;219;220;221;262;264;271;278;280;291;297;300;307;309;310;317;338;344;388;435;446;449;458;459;462;463;470;473;475;478;480;482;484;487;540;547;555;557;596;606;608;610;623;624;630;689;717;736;746;764;766;770;775,64,1
9198b9a4-8d8f-4ba6-9924-4c86982d890a,What task is completed before garnishing the dish with parsley?,Placing the shawarma on the plate.,,50;76;91;92;134;169;190;198;202;203;207;217;219;220;221;262;264;278;280;291;297;300;307;309;310;317;338;344;388;431;435;446;449;458;459;462;463;470;473;475;478;480;482;484;487;540;547;555;557;596;606;608;610;623;624;630;689;717;736;746;764;766;770;775,64,1
9198b9a4-8d8f-4ba6-9924-4c86982d890a,"In the kitchen, is shawarma added to the pita before chopping the herbs?",No,,50;76;91;92;109;134;169;190;198;202;203;207;217;219;220;221;262;264;271;278;280;291;297;300;307;309;310;317;338;344;388;435;446;449;458;459;462;463;470;473;475;478;480;482;484;487;540;547;555;557;596;606;608;610;623;624;630;717;736;746;764;766;770;775,64,1
9198b9a4-8d8f-4ba6-9924-4c86982d890a,Are the herbs chopped before the shawarma is cooked?,Yes,,50;76;92;109;134;169;190;198;202;203;207;217;219;220;221;238;262;264;278;280;291;297;300;307;309;310;317;338;344;388;435;446;449;458;459;462;463;470;473;475;478;480;482;484;487;540;547;555;557;593;596;606;608;610;623;624;630;717;736;746;764;766;770;775,64,1
9198b9a4-8d8f-4ba6-9924-4c86982d890a,Is the pita prepared before any cooking starts?,No,,50;76;92;134;169;190;198;202;203;207;217;220;221;262;264;278;280;291;297;300;307;309;310;317;328;338;344;388;435;446;449;458;459;462;463;470;473;475;478;480;482;484;487;512;540;547;555;557;593;596;606;608;610;623;624;630;689;717;736;746;764;766;770;775,64,1
9198b9a4-8d8f-4ba6-9924-4c86982d890a,Is the pan on the stove before chopping the herbs?,Yes,,50;76;91;92;134;169;190;198;202;203;207;217;219;220;221;238;262;264;278;280;291;297;300;307;309;310;317;338;344;388;431;435;446;449;458;459;462;463;470;473;475;478;480;482;484;487;540;547;555;557;596;606;608;610;623;624;630;717;736;746;764;766;770;775,64,1
9198b9a4-8d8f-4ba6-9924-4c86982d890a,What happens before the pita is filled with shawarma?,Shawarma is cooked.,,50;76;92;134;169;190;198;202;203;207;217;219;220;221;262;264;271;278;280;291;297;300;307;309;310;317;328;338;344;388;435;446;449;458;459;462;463;470;473;475;478;480;482;484;487;512;540;547;555;557;596;606;608;610;623;624;630;717;736;746;764;766;770;775,64,1
9198b9a4-8d8f-4ba6-9924-4c86982d890a,What is the action performed after placing the pan on the stove?,Cooking shawarma.,,50;76;92;134;169;190;198;202;203;207;217;219;220;221;262;264;271;278;280;291;297;300;307;309;310;317;338;344;388;435;446;449;458;459;462;463;470;473;475;478;480;482;484;487;512;540;547;555;557;569;596;606;608;610;623;624;630;717;736;746;764;766;770;775,64,1
9198b9a4-8d8f-4ba6-9924-4c86982d890a,What is the setting shown in the video clip?,A kitchen.,,50;76;92;134;169;190;198;202;203;207;217;219;220;221;262;264;278;280;291;297;300;307;309;310;317;338;344;388;435;446;449;458;459;462;463;470;473;475;478;480;482;484;487;512;540;547;555;557;569;596;606;608;610;623;624;630;689;717;736;746;764;766;770;775,64,1
9198b9a4-8d8f-4ba6-9924-4c86982d890a,Which dish is being prepared in this video?,Shawarma.,,50;76;92;134;169;190;198;202;203;207;217;219;220;221;262;264;278;280;291;297;300;307;309;310;317;338;344;388;435;446;449;458;459;462;463;470;473;475;478;480;482;484;487;512;540;547;555;557;569;596;606;608;610;623;624;630;689;717;736;746;764;766;770;775,64,1
9198b9a4-8d8f-4ba6-9924-4c86982d890a,Are there any decorations visible in the video scene?,"Yes, a Christmas tree.",,50;76;92;134;169;190;198;202;203;207;217;219;220;221;262;264;278;280;291;297;300;307;309;310;317;328;338;344;388;435;446;449;458;459;462;463;470;473;475;478;480;482;484;487;512;540;547;555;557;596;606;608;610;623;624;630;689;717;736;746;764;766;770;775,64,1
9198b9a4-8d8f-4ba6-9924-4c86982d890a,What appliances are present in the video scene?,A stove and fridge are visible.,,50;76;92;134;169;190;198;202;203;207;217;219;220;221;262;264;271;278;280;291;297;300;307;309;310;317;338;344;388;435;446;449;458;459;462;463;470;473;475;478;480;482;484;487;540;547;555;557;569;596;606;608;610;623;624;630;689;717;736;746;764;766;770;775,64,1
9198b9a4-8d8f-4ba6-9924-4c86982d890a,Is the kitchen depicted as clean or messy?,It appears clean.,,50;76;92;134;169;190;198;202;203;207;217;219;220;221;238;262;264;271;278;280;291;297;300;307;309;310;317;338;344;388;435;446;449;458;459;462;463;470;473;475;478;480;482;484;487;540;547;555;557;596;606;608;610;623;624;630;689;717;736;746;764;766;770;775,64,1
9198b9a4-8d8f-4ba6-9924-4c86982d890a,Is any cooking appliance being used in the frames?,The stove is being used.,,50;76;92;134;169;190;198;202;203;207;217;220;221;238;262;264;278;280;291;297;300;307;309;310;317;328;338;344;388;431;435;446;449;458;459;462;463;470;473;475;478;480;482;484;487;540;547;555;557;596;606;608;610;623;624;630;689;717;736;746;764;766;770;775,64,1
9198b9a4-8d8f-4ba6-9924-4c86982d890a,Is there any evidence of recent cooking in the video?,"Yes, a pan is on the stovetop.",,50;76;92;134;169;190;198;202;203;207;217;219;220;221;262;264;271;278;280;291;297;300;307;309;310;317;338;344;388;435;446;449;458;459;462;463;470;473;475;478;480;482;484;487;512;540;547;555;557;596;606;608;610;623;624;630;689;717;736;746;764;766;770;775,64,1
9198b9a4-8d8f-4ba6-9924-4c86982d890a,Is food being cooked or assembled?,"Assembled, as shawarma is being prepared.",,50;76;92;134;169;190;198;202;203;217;219;220;221;238;262;264;278;280;291;297;300;307;309;310;317;328;338;344;388;435;446;449;458;459;462;463;470;473;475;478;480;482;484;487;540;547;555;557;593;596;606;608;610;623;624;630;689;717;736;746;764;766;770;775,64,1
9198b9a4-8d8f-4ba6-9924-4c86982d890a,Does the clip show any ingredient being chopped or sliced?,"No, not depicted in the clip.",,50;76;91;92;134;169;190;198;202;203;207;217;220;221;238;262;264;278;280;291;297;300;307;309;310;317;338;344;388;435;446;449;458;459;462;463;470;473;475;478;480;482;484;487;512;540;547;555;557;596;606;608;610;623;624;630;689;717;736;746;764;766;770;775,64,1
9198b9a4-8d8f-4ba6-9924-4c86982d890a,Is there a person visible in the video clip?,No.,,50;76;92;134;169;190;198;202;203;207;217;219;220;221;262;264;271;278;280;291;297;300;307;309;310;317;338;344;388;435;446;449;458;459;462;463;470;473;475;478;480;482;484;487;512;540;547;555;557;596;606;608;610;623;624;630;689;717;736;746;764;766;770;775,64,1
9198b9a4-8d8f-4ba6-9924-4c86982d890a,Does the clip include any festive decorations?,Yes.,,50;76;92;109;134;169;190;198;202;203;207;217;220;221;238;262;264;278;280;291;297;300;307;309;310;317;338;344;388;435;446;449;458;459;462;463;470;473;475;478;480;482;484;487;512;540;547;555;557;596;606;608;610;623;624;630;689;717;736;746;764;766;770;775,64,1
9198b9a4-8d8f-4ba6-9924-4c86982d890a,Can you see any finished dish in the clip?,No.,,50;76;91;92;134;169;190;198;202;203;207;217;220;221;262;264;278;280;291;297;300;307;309;310;317;338;344;388;435;446;449;458;459;462;463;470;473;475;478;480;482;484;487;512;540;547;555;557;569;596;606;608;610;623;624;630;689;717;736;746;764;766;770;775,64,1
9198b9a4-8d8f-4ba6-9924-4c86982d890a,Does the clip show someone doing the dishes?,No.,,50;76;91;92;134;169;190;198;202;203;207;217;220;221;262;264;278;280;291;297;300;307;309;310;317;338;344;388;431;435;446;449;458;459;462;463;470;473;475;478;480;482;484;487;512;540;547;555;557;596;606;608;610;623;624;630;689;717;736;746;764;766;770;775,64,1
9198b9a4-8d8f-4ba6-9924-4c86982d890a,Is there any visible flame or food being cooked directly?,No.,,50;76;92;134;169;190;198;202;203;207;217;220;221;238;262;264;278;280;291;297;300;307;309;310;317;328;338;344;388;435;446;449;458;459;462;463;470;473;475;478;480;482;484;487;540;547;555;557;593;596;606;608;610;623;624;630;689;717;736;746;764;766;770;775,64,1
9198b9a4-8d8f-4ba6-9924-4c86982d890a,What is the setting of the latest video clip?,The setting is a kitchen.,,50;76;92;134;169;190;198;202;203;207;217;219;220;221;262;264;271;278;280;291;297;300;307;309;310;317;338;344;388;435;446;449;458;459;462;463;470;473;475;478;480;482;484;487;512;540;547;555;557;569;596;606;608;610;623;624;630;717;736;746;764;766;770;775,64,1
9198b9a4-8d8f-4ba6-9924-4c86982d890a,Describe the activity being carried out.,Cooking or food preparation is being performed.,,50;76;92;134;169;190;198;202;203;207;217;220;221;262;264;271;278;280;291;297;300;307;309;310;317;328;338;344;388;435;446;449;458;459;462;463;470;473;475;478;480;482;484;487;512;540;547;555;557;596;606;608;610;623;624;630;689;717;736;746;764;766;770;775,64,1
9198b9a4-8d8f-4ba6-9924-4c86982d890a,Does the person open the refrigerator in the video?,Yes.,,50;76;92;134;169;190;198;202;203;207;217;219;220;221;262;264;271;278;280;291;297;300;307;309;310;317;338;344;388;435;446;449;458;459;462;463;470;473;475;478;480;482;484;487;512;540;547;555;557;596;606;608;610;623;624;630;689;717;736;746;764;766;770;775,64,1
9198b9a4-8d8f-4ba6-9924-4c86982d890a,"In the video, is the refrigerator opened before the cheese is retrieved?",Yes,,50;76;92;134;169;190;198;202;203;207;217;219;220;221;262;264;271;278;280;291;297;300;307;309;310;317;338;344;388;431;435;446;449;458;459;462;463;470;473;475;478;480;482;484;487;540;547;555;557;569;596;606;608;610;623;624;630;717;736;746;764;766;770;775,64,1
9198b9a4-8d8f-4ba6-9924-4c86982d890a,Is the kitchen light turned on after I enter the room?,No,,50;76;92;134;169;190;198;202;203;207;217;219;220;221;262;264;271;278;280;291;297;300;307;309;310;317;328;338;344;388;435;446;449;458;459;462;463;470;473;475;478;480;482;484;487;512;540;547;555;557;596;606;608;610;623;624;630;717;736;746;764;766;770;775,64,1
9198b9a4-8d8f-4ba6-9924-4c86982d890a,Do I start preparing shawarma before setting the ingredients on the counter?,No,,50;76;92;134;169;190;198;202;203;207;217;219;220;221;262;264;271;278;280;291;297;300;307;309;310;317;328;338;344;388;435;446;449;458;459;462;463;470;473;475;478;480;482;484;487;540;547;555;557;596;606;608;610;623;624;630;689;717;736;746;764;766;770;775,64,1
9198b9a4-8d8f-4ba6-9924-4c86982d890a,"In the video, is the tree decorated before I begin cooking?",Yes,,50;76;92;134;169;190;198;202;203;207;217;219;220;221;262;264;271;278;280;291;297;300;307;309;310;317;338;344;388;435;446;449;458;459;462;463;470;473;475;478;480;482;484;487;540;547;555;557;569;596;606;608;610;623;624;630;689;717;736;746;764;766;770;775,64,1
9198b9a4-8d8f-4ba6-9924-4c86982d890a,What's the setting of the video clip?,In a kitchen.,,50;76;92;134;169;190;198;202;203;207;217;219;220;221;262;264;271;278;280;291;297;300;307;309;310;317;338;344;388;435;446;449;458;459;462;463;470;473;475;478;480;482;484;487;512;540;547;555;557;569;596;606;608;610;623;624;630;717;736;746;764;766;770;775,64,1
9198b9a4-8d8f-4ba6-9924-4c86982d890a,What objects are present in this scene?,"Glass cup, glass bowls, steel bowls, whipping cream, flour, eggs, whisker.",,50;76;92;134;169;190;198;202;203;207;217;219;220;221;262;264;271;278;280;291;297;300;307;309;310;317;338;344;388;435;446;449;458;459;462;463;470;473;475;478;480;482;484;487;512;540;547;555;557;596;606;608;610;623;624;630;689;717;736;746;764;766;770;775,64,1
9198b9a4-8d8f-4ba6-9924-4c86982d890a,What is the main activity taking place?,Baking preparation.,,50;76;92;134;169;190;198;202;203;207;217;219;220;221;262;264;278;280;291;297;300;307;309;310;317;328;338;344;388;435;446;449;458;459;462;463;470;473;475;478;480;482;484;487;512;540;547;555;557;569;596;606;608;610;623;630;689;717;736;746;764;766;770;775,64,1
9198b9a4-8d8f-4ba6-9924-4c86982d890a,Are there any kitchen appliances visible?,"Yes, a stove and a sink.",,50;76;92;134;169;190;198;202;203;207;217;220;221;238;262;264;278;280;291;297;300;307;309;310;317;338;344;388;435;446;449;458;459;462;463;470;473;475;478;480;482;484;487;512;540;547;555;557;593;596;606;608;610;623;624;630;689;717;736;746;764;766;770;775,64,1
9198b9a4-8d8f-4ba6-9924-4c86982d890a,Can you identify the ingredients used?,"Heavy whipping cream, flour, and eggs.",,50;76;92;134;169;190;198;202;203;207;217;219;220;221;262;264;271;278;280;291;297;300;307;309;310;317;338;344;388;435;446;449;458;459;462;463;470;473;475;478;480;482;484;487;512;540;547;555;557;596;606;608;610;623;624;630;689;717;736;746;764;766;770;775,64,1
9198b9a4-8d8f-4ba6-9924-4c86982d890a,What is being prepared in the kitchen?,A baking recipe.,,50;76;92;134;169;190;198;202;203;207;217;219;220;221;262;264;271;278;280;291;297;300;307;309;310;317;338;344;388;435;446;449;458;459;462;463;470;473;475;478;480;482;484;487;512;540;547;555;557;596;606;608;610;623;624;630;689;717;736;746;764;766;770;775,64,1
9198b9a4-8d8f-4ba6-9924-4c86982d890a,What action does the person perform with the eggs?,Cracking and whipping them.,,50;76;92;134;169;190;198;202;203;207;217;219;220;221;262;264;271;278;280;291;297;300;307;309;310;317;338;344;388;435;446;449;458;459;462;463;470;473;475;478;480;482;484;487;512;540;547;555;557;596;606;608;610;623;624;630;689;717;736;746;764;766;770;775,64,1
9198b9a4-8d8f-4ba6-9924-4c86982d890a,What tool is used for whipping the eggs?,A whisker.,,50;76;92;134;169;190;198;202;203;207;217;219;220;221;262;264;271;278;280;291;297;300;307;309;310;317;338;344;388;435;446;449;458;459;462;463;470;473;475;478;480;482;484;487;512;540;547;555;557;596;606;608;610;623;624;630;689;717;736;746;764;766;770;775,64,1
9198b9a4-8d8f-4ba6-9924-4c86982d890a,Where are the ingredients placed after being prepared?,In glass and steel bowls.,,50;76;92;134;169;190;198;202;203;207;217;220;221;262;264;271;278;280;291;297;300;307;309;310;317;338;344;388;435;446;449;458;459;462;463;470;473;475;478;480;482;484;487;512;540;547;555;557;569;596;606;608;610;623;624;630;689;717;736;746;764;766;770;775,64,1
9198b9a4-8d8f-4ba6-9924-4c86982d890a,How are the ingredients combined?,Poured into bowls and whipped.,,50;76;92;134;169;190;198;202;203;207;217;219;220;221;262;264;271;278;280;291;297;300;307;309;310;317;338;344;388;431;435;446;449;458;459;462;463;470;473;475;478;480;482;484;487;540;547;555;557;596;606;608;610;623;624;630;689;717;736;746;764;766;770;775,64,1
9198b9a4-8d8f-4ba6-9924-4c86982d890a,Is there an egg crate visible in the scene?,Yes.,,50;76;92;134;169;190;198;202;203;207;217;219;220;221;262;264;271;278;280;291;297;300;307;309;310;317;338;344;388;435;446;449;458;459;462;463;470;473;475;478;480;482;484;487;512;540;547;555;557;596;606;608;610;623;624;630;689;717;736;746;764;766;770;775,64,1
9198b9a4-8d8f-4ba6-9924-4c86982d890a,Did the person crack eggs from both a slab and the fridge?,Yes.,,50;76;91;92;109;134;169;190;198;202;203;207;217;219;220;221;262;264;278;280;291;297;300;307;309;310;317;338;344;388;431;435;446;449;458;459;462;463;470;473;475;478;480;482;484;487;540;547;555;557;596;606;608;610;623;624;630;717;736;746;764;766;770;775,64,1
9198b9a4-8d8f-4ba6-9924-4c86982d890a,Were the flour and whipping cream poured into separate containers?,Yes.,,50;76;92;109;134;169;190;198;202;203;217;219;220;221;238;262;264;278;280;291;297;300;307;309;310;317;338;344;388;435;446;449;458;459;462;463;470;473;475;478;480;482;484;487;540;547;555;557;593;596;606;608;610;623;624;630;689;717;736;746;764;766;770;775,64,1
9198b9a4-8d8f-4ba6-9924-4c86982d890a,Is the heavy whipping cream poured before cracking the eggs?,Yes,,50;76;92;134;169;190;198;202;203;217;219;220;221;238;262;264;278;280;291;297;300;307;309;310;317;338;344;388;431;435;446;449;458;459;462;463;470;473;475;478;480;482;484;487;540;547;555;557;593;596;606;608;610;623;624;630;689;717;736;746;764;766;770;775,64,1
9198b9a4-8d8f-4ba6-9924-4c86982d890a,Is the flour added to the bowl before the eggs are cracked?,Yes,,50;76;91;92;134;169;190;198;202;203;207;217;219;220;221;262;264;271;278;280;291;297;300;307;309;310;317;338;344;388;431;435;446;449;458;459;462;463;470;473;475;478;480;482;484;487;540;547;555;557;596;606;608;610;623;624;630;717;736;746;764;766;770;775,64,1
9198b9a4-8d8f-4ba6-9924-4c86982d890a,What did I do just before whipping the eggs in the video?,Crack the eggs into steel bowls,,50;76;92;134;169;190;198;202;203;207;217;219;220;221;262;264;278;280;291;297;300;307;309;310;317;338;344;388;435;446;449;458;459;462;463;470;473;475;478;480;482;484;487;512;540;547;555;557;569;596;606;608;610;623;624;630;689;717;736;746;764;766;770;775,64,1
9198b9a4-8d8f-4ba6-9924-4c86982d890a,What takes place just before flour is poured into a bowl?,Pouring cream into a glass cup,,50;76;92;134;169;190;198;202;203;207;217;219;220;221;262;264;271;278;280;291;297;300;307;309;310;317;328;338;344;388;435;446;449;458;459;462;463;470;473;475;478;480;482;484;487;540;547;555;557;569;596;606;608;610;623;624;630;717;736;746;764;766;770;775,64,1
9198b9a4-8d8f-4ba6-9924-4c86982d890a,What do we see happening before the egg crate is put in the fridge?,Cracking eggs on the slab,,50;76;91;92;134;169;190;198;202;203;207;217;219;220;221;262;264;278;280;291;297;300;307;309;310;317;338;344;388;435;446;449;458;459;462;463;470;473;475;478;480;482;484;487;512;540;547;555;557;596;606;608;610;623;624;630;689;717;736;746;764;766;770;775,64,1
9198b9a4-8d8f-4ba6-9924-4c86982d890a,What occurs just before the shawarma preparation in the video?,Taking the egg crate out of the fridge,,50;76;91;92;134;169;190;198;202;203;207;217;219;220;221;262;264;278;280;291;297;300;307;309;310;317;338;344;388;435;446;449;458;459;462;463;470;473;475;478;480;482;484;487;512;540;547;555;557;596;606;608;610;623;624;630;689;717;736;746;764;766;770;775,64,1
9198b9a4-8d8f-4ba6-9924-4c86982d890a,"In the video, is the egg cracked into the bowl before the cream is poured?",No,,50;76;92;134;169;190;198;202;203;207;217;219;220;221;262;264;271;278;280;291;297;300;307;309;310;317;338;344;388;431;435;446;449;458;459;462;463;470;473;475;478;480;482;484;487;540;547;555;557;569;596;606;608;610;623;624;630;717;736;746;764;766;770;775,64,1
9198b9a4-8d8f-4ba6-9924-4c86982d890a,Does the egg crate go back into the fridge after the eggs are cracked?,Yes,,50;76;92;109;134;169;190;198;202;203;207;217;219;220;221;238;262;264;271;278;280;291;297;300;307;309;310;317;338;344;388;435;446;449;458;459;462;463;470;473;475;478;480;482;484;487;540;547;555;557;596;606;608;610;623;624;630;717;736;746;764;766;770;775,64,1
9198b9a4-8d8f-4ba6-9924-4c86982d890a,"In the video, is the flour poured into the bowl after the egg is cracked?",Yes,,50;76;91;92;134;169;190;198;202;203;207;217;219;220;221;262;264;271;278;280;291;297;300;307;309;310;317;338;344;388;431;435;446;449;458;459;462;463;470;473;475;478;480;482;484;487;540;547;555;557;596;606;608;610;623;624;630;717;736;746;764;766;770;775,64,1
9198b9a4-8d8f-4ba6-9924-4c86982d890a,Does the preparation of shawarma occur before the cream is poured into the cup?,Yes,,50;76;92;134;169;190;198;202;203;207;217;219;220;221;238;262;264;271;278;280;291;297;300;307;309;310;317;338;344;388;435;446;449;458;459;462;463;470;473;475;478;480;482;484;487;540;547;555;557;596;606;608;610;623;624;630;689;717;736;746;764;766;770;775,64,1
9198b9a4-8d8f-4ba6-9924-4c86982d890a,What happens just before the egg crate is put back in the fridge?,The eggs are cracked.,,50;76;92;134;169;190;198;202;203;207;217;219;220;221;262;264;271;278;280;291;297;300;307;309;310;317;338;344;388;435;446;449;458;459;462;463;470;473;475;478;480;482;484;487;512;540;547;555;557;596;606;608;610;623;624;630;689;717;736;746;764;766;770;775,64,1
9198b9a4-8d8f-4ba6-9924-4c86982d890a,What occurs just before the whipping of the egg?,The egg is cracked into the bowl.,,50;76;91;92;134;169;190;198;202;203;207;217;219;220;221;262;264;278;280;291;297;300;307;309;310;317;338;344;388;431;435;446;449;458;459;462;463;470;473;475;478;480;482;484;487;512;540;547;555;557;596;606;608;610;623;624;630;717;736;746;764;766;770;775,64,1
9198b9a4-8d8f-4ba6-9924-4c86982d890a,"In the video, what do we see happening before the flour is poured into the bowl?",The cream is poured into a cup.,,50;76;91;92;134;169;190;198;202;203;207;217;219;220;221;262;264;278;280;291;297;300;307;309;310;317;338;344;388;435;446;449;458;459;462;463;470;473;475;478;480;482;484;487;540;547;555;557;569;596;606;608;610;623;624;630;689;717;736;746;764;766;770;775,64,1
9198b9a4-8d8f-4ba6-9924-4c86982d890a,What happens just before the cream is poured into the cup?,Shawarma is prepared.,,50;76;92;134;169;190;198;202;203;207;217;219;220;221;262;264;271;278;280;291;297;300;307;309;310;317;328;338;344;388;435;446;449;458;459;462;463;470;473;475;478;480;482;484;487;512;540;547;555;557;596;606;608;610;623;624;630;717;736;746;764;766;770;775,64,1
9198b9a4-8d8f-4ba6-9924-4c86982d890a,What is the setting of the video clip?,In a kitchen.,,50;76;92;134;169;190;198;202;203;207;217;219;220;221;262;264;271;278;280;291;297;300;307;309;310;317;338;344;388;435;446;449;458;459;462;463;470;473;475;478;480;482;484;487;512;540;547;555;557;569;596;606;608;610;623;624;630;717;736;746;764;766;770;775,64,1
9198b9a4-8d8f-4ba6-9924-4c86982d890a,What ingredients are combined in the mixture?,"Egg, cheese, baking soda, cream, sugar, vegetables.",,50;76;92;134;169;190;198;202;203;207;217;219;220;221;262;264;271;278;280;291;297;300;307;309;310;317;338;344;388;431;435;446;449;458;459;462;463;470;473;475;478;480;482;484;487;540;547;555;557;596;606;608;610;623;624;630;689;717;736;746;764;766;770;775,64,1
9198b9a4-8d8f-4ba6-9924-4c86982d890a,What utensil is used to stir the mixture?,A spatula.,,50;76;91;92;134;169;190;198;202;203;207;217;219;220;221;262;264;271;278;280;291;297;300;307;309;310;317;338;344;388;435;446;449;458;459;462;463;470;473;475;478;480;482;484;487;540;547;555;557;596;606;608;610;623;624;630;689;717;736;746;764;766;770;775,64,1
9198b9a4-8d8f-4ba6-9924-4c86982d890a,Where is the dough placed after removal from the fridge?,On a board on a slab in the kitchen.,,50;76;92;134;169;190;198;202;203;207;217;219;220;221;238;262;264;271;278;280;291;297;300;307;309;310;317;338;344;388;435;446;449;458;459;462;463;470;473;475;478;480;482;484;487;540;547;555;557;596;606;608;610;623;624;630;689;717;736;746;764;766;770;775,64,1
9198b9a4-8d8f-4ba6-9924-4c86982d890a,What does the person do with the dough and mixture?,Stir the mixture; place dough on board.,,50;76;91;92;134;169;190;198;202;203;207;217;219;220;221;262;264;271;278;280;291;297;300;307;309;310;317;338;344;388;435;446;449;458;459;462;463;470;473;475;478;480;482;484;487;540;547;555;557;596;606;608;610;623;624;630;689;717;736;746;764;766;770;775,64,1
9198b9a4-8d8f-4ba6-9924-4c86982d890a,What preparation is shown in the video clip?,Making some food involving a mixed batter.,,50;76;92;134;169;190;198;202;203;207;217;219;220;221;262;264;278;280;291;297;300;307;309;310;317;338;344;388;435;446;449;458;459;462;463;470;473;475;478;480;482;484;487;512;540;547;555;557;569;596;606;608;610;623;624;630;689;717;736;746;764;766;770;775,64,1
9198b9a4-8d8f-4ba6-9924-4c86982d890a,What sequence of actions is depicted in the clip?,"Stirring mixture, retrieving, placing dough.",,50;76;92;134;169;190;198;202;203;207;217;219;220;221;262;264;271;278;280;291;297;300;307;309;310;317;338;344;388;435;446;449;458;459;462;463;470;473;475;478;480;482;484;487;512;540;547;555;557;596;606;608;610;623;624;630;689;717;736;746;764;766;770;775,64,1
9198b9a4-8d8f-4ba6-9924-4c86982d890a,Does the person whip cream into the mixture?,Yes.,,50;76;92;134;169;190;198;202;203;207;217;219;220;221;238;262;264;271;278;280;291;297;300;307;309;310;317;338;344;388;435;446;449;458;459;462;463;470;473;475;478;480;482;484;487;540;547;555;557;596;606;608;610;623;624;630;689;717;736;746;764;766;770;775,64,1
9198b9a4-8d8f-4ba6-9924-4c86982d890a,Does the person transfer the mixture to another container?,No.,,50;76;91;92;134;169;190;198;202;203;207;217;220;221;238;262;264;278;280;291;297;300;307;309;310;317;338;344;388;431;435;446;449;458;459;462;463;470;473;475;478;480;482;484;487;540;547;555;557;596;606;608;610;623;624;630;689;717;736;746;764;766;770;775,64,1
9198b9a4-8d8f-4ba6-9924-4c86982d890a,Is the dough placed in an oven?,No.,,50;76;91;92;134;169;190;198;202;203;207;217;219;220;221;238;262;264;278;280;291;297;300;307;309;310;317;338;344;388;431;435;446;449;458;459;462;463;470;473;475;478;480;482;484;487;540;547;555;557;596;606;608;610;623;624;630;717;736;746;764;766;770;775,64,1
9198b9a4-8d8f-4ba6-9924-4c86982d890a,Does the person knead the dough in the clip?,No.,,50;76;91;92;134;169;190;198;202;203;207;217;219;220;221;262;264;271;278;280;291;297;300;307;309;310;317;338;344;388;431;435;446;449;458;459;462;463;470;473;475;478;480;482;484;487;540;547;555;557;596;606;608;610;623;624;630;717;736;746;764;766;770;775,64,1
9198b9a4-8d8f-4ba6-9924-4c86982d890a,Is there a moment when sugar is added to the mixture?,No (sugar was already added before).,,50;76;92;134;169;190;198;202;203;207;217;219;220;221;262;264;271;278;280;291;297;300;307;309;310;317;338;344;388;435;446;449;458;459;462;463;470;473;475;478;480;482;484;487;540;547;555;557;569;596;606;608;610;623;624;630;689;717;736;746;764;766;770;775,64,1
9198b9a4-8d8f-4ba6-9924-4c86982d890a,Was the cream poured into a cup before the eggs were cracked?,Yes,,50;76;92;134;169;190;198;202;203;207;217;219;220;221;238;262;264;271;278;280;291;297;300;307;309;310;317;328;338;344;388;435;446;449;458;459;462;463;470;473;475;478;480;482;484;487;540;547;555;557;596;606;608;610;623;624;630;717;736;746;764;766;770;775,64,1
9198b9a4-8d8f-4ba6-9924-4c86982d890a,Was the mixture stirred before the dough was brought out?,Yes,,50;76;92;134;169;190;198;202;203;207;217;219;220;221;262;264;271;278;280;291;297;300;307;309;310;317;338;344;388;435;446;449;458;459;462;463;470;473;475;478;480;482;484;487;540;547;555;557;569;596;606;608;610;623;624;630;689;717;736;746;764;766;770;775,64,1
9198b9a4-8d8f-4ba6-9924-4c86982d890a,Did the whipping of eggs happen after the flour was poured?,Yes,,50;76;91;92;134;169;190;198;202;203;207;217;220;221;238;262;264;278;280;291;297;300;307;309;310;317;338;344;388;431;435;446;449;458;459;462;463;470;473;475;478;480;482;484;487;540;547;555;557;596;606;608;610;623;624;630;689;717;736;746;764;766;770;775,64,1
9198b9a4-8d8f-4ba6-9924-4c86982d890a,Is sugar added to the mixture after the egg is whipped?,Yes,,50;76;92;134;169;190;198;202;203;207;217;219;220;221;238;262;264;271;278;280;291;297;300;307;309;310;317;338;344;388;431;435;446;449;458;459;462;463;470;473;475;478;480;482;484;487;540;547;555;557;596;606;608;610;623;624;630;717;736;746;764;766;770;775,64,1
9198b9a4-8d8f-4ba6-9924-4c86982d890a,What happened before the dough was placed on the board?,Stirring the mixture,,50;76;92;134;169;190;198;202;203;207;217;219;220;221;262;264;271;278;280;291;297;300;307;309;310;317;338;344;388;435;446;449;458;459;462;463;470;473;475;478;480;482;484;487;512;540;547;555;557;569;596;606;608;610;623;624;630;717;736;746;764;766;770;775,64,1
9198b9a4-8d8f-4ba6-9924-4c86982d890a,What occurs just before the eggs are whipped?,Cracking eggs into bowls,,50;76;92;134;169;190;198;202;203;207;217;219;220;221;262;264;271;278;280;291;297;300;307;309;310;317;338;344;388;435;446;449;458;459;462;463;470;473;475;478;480;482;484;487;512;540;547;555;557;569;596;606;608;610;623;624;630;717;736;746;764;766;770;775,64,1
9198b9a4-8d8f-4ba6-9924-4c86982d890a,What is done just before cracking eggs from the fridge?,Pouring cream into a cup,,50;76;92;109;134;169;190;198;202;203;207;217;219;220;221;262;264;271;278;280;291;297;300;307;309;310;317;338;344;388;435;446;449;458;459;462;463;470;473;475;478;480;482;484;487;540;547;555;557;596;606;608;610;623;624;630;689;717;736;746;764;766;770;775,64,1
9198b9a4-8d8f-4ba6-9924-4c86982d890a,What is done right before adding grated cheese to the mixture?,Stirring the mixture,,50;76;92;134;169;190;198;202;203;207;217;219;220;221;262;264;278;280;291;297;300;307;309;310;317;328;338;344;388;435;446;449;458;459;462;463;470;473;475;478;480;482;484;487;522;540;547;555;557;596;606;608;610;623;624;630;689;717;736;746;764;766;770;775,64,1
9198b9a4-8d8f-4ba6-9924-4c86982d890a,"In the video, does the cheese get grated before the eggs are cracked?",No,,50;76;92;134;169;190;198;202;203;207;217;219;220;221;262;264;271;278;280;291;297;300;307;309;310;317;338;344;388;435;446;449;458;459;462;463;470;473;475;478;480;482;484;487;512;540;547;555;557;596;606;608;610;623;624;630;689;717;736;746;764;766;770;775,64,1
9198b9a4-8d8f-4ba6-9924-4c86982d890a,Is the heavy whipping cream poured into a cup after the flour?,Yes,,50;76;92;109;134;169;190;198;202;203;207;217;219;220;221;238;262;264;278;280;291;297;300;307;309;310;317;338;344;388;435;446;449;458;459;462;463;470;473;475;478;480;482;484;487;540;547;555;557;593;596;606;608;610;623;624;630;717;736;746;764;766;770;775,64,1
9198b9a4-8d8f-4ba6-9924-4c86982d890a,Does the dough come out of the fridge before the eggs are whipped?,No,,50;76;91;92;134;169;190;198;202;203;207;217;219;220;221;262;264;271;278;280;291;297;300;307;309;310;317;338;344;388;431;435;446;449;458;459;462;463;470;473;475;478;480;482;484;487;540;547;555;557;596;606;608;610;623;624;630;717;736;746;764;766;770;775,64,1
9198b9a4-8d8f-4ba6-9924-4c86982d890a,"In the video, is the sugar added to the mixture before the vegetables?",Yes,,50;76;91;92;134;169;190;198;202;203;207;217;220;221;262;264;278;280;291;297;300;307;309;310;317;338;344;388;431;435;446;449;458;459;462;463;470;473;475;478;480;482;484;487;540;547;555;557;569;596;606;608;610;623;624;630;689;717;736;746;764;766;770;775,64,1
9198b9a4-8d8f-4ba6-9924-4c86982d890a,Does the mixture get stirred before the eggs are cracked?,No,,50;76;92;134;169;190;198;202;203;207;217;219;220;221;238;262;264;271;278;280;291;297;300;307;309;310;317;338;344;388;435;446;449;458;459;462;463;470;473;475;478;480;482;484;487;540;547;555;557;596;606;608;610;623;624;630;689;717;736;746;764;766;770;775,64,1
9198b9a4-8d8f-4ba6-9924-4c86982d890a,What happens just before the dough is placed on the board?,The mixture is stirred,,50;76;92;134;169;190;198;202;203;207;217;219;220;221;262;264;278;280;291;297;300;307;309;310;317;338;344;388;435;446;449;458;459;462;463;470;473;475;478;480;482;484;487;512;540;547;555;557;569;596;606;608;610;623;624;630;689;717;736;746;764;766;770;775,64,1
9198b9a4-8d8f-4ba6-9924-4c86982d890a,"In the video sequence, what action is taken before pouring flour into a glass bowl?",Preparing shawarma,,50;76;92;134;169;190;198;202;203;207;217;219;220;221;262;264;271;278;280;291;297;300;307;309;310;317;338;344;388;435;446;449;458;459;462;463;470;473;475;478;480;482;484;487;512;540;547;555;557;596;606;608;610;623;624;630;689;717;736;746;764;766;770;775,64,1
9198b9a4-8d8f-4ba6-9924-4c86982d890a,What occurs just before grating the cheese?,Stirring the mixture,,50;76;92;134;169;190;198;202;203;207;217;219;220;221;262;264;278;280;291;297;300;307;309;310;317;328;338;344;388;435;446;449;458;459;462;463;470;473;475;478;480;482;484;487;512;540;547;555;557;596;606;608;610;623;624;630;689;717;736;746;764;766;770;775,64,1
9198b9a4-8d8f-4ba6-9924-4c86982d890a,"In the video, what happens right before whipping the egg?",Cracking the eggs,,50;76;92;134;169;190;198;202;203;207;217;219;220;221;262;264;278;280;291;297;300;307;309;310;317;338;344;388;435;446;449;458;459;462;463;470;473;475;478;480;482;484;487;512;540;547;555;557;569;596;606;608;610;623;624;630;689;717;736;746;764;766;770;775,64,1
9198b9a4-8d8f-4ba6-9924-4c86982d890a,What do we see happening before the heavy whipping cream is poured?,Preparing shawarma,,50;76;91;92;134;169;190;198;202;203;207;217;219;220;221;238;262;264;278;280;291;297;300;307;309;310;317;338;344;388;435;446;449;458;459;462;463;470;473;475;478;480;482;484;487;540;547;555;557;596;606;608;610;623;624;630;689;717;736;746;764;766;770;775,64,1
9198b9a4-8d8f-4ba6-9924-4c86982d890a,What is the setting of the video clip?,The setting is a kitchen.,,50;76;92;134;169;190;198;202;203;207;217;219;220;221;262;264;271;278;280;291;297;300;307;309;310;317;338;344;388;435;446;449;458;459;462;463;470;473;475;478;480;482;484;487;512;540;547;555;557;569;596;606;608;610;623;624;630;717;736;746;764;766;770;775,64,1
9198b9a4-8d8f-4ba6-9924-4c86982d890a,What ingredients are being used?,Dough and mixtures in bowls.,,50;76;92;134;169;190;198;202;203;207;217;219;220;221;262;264;271;278;280;291;297;300;307;309;310;317;338;344;388;435;446;449;458;459;462;463;470;473;475;478;480;482;484;487;512;540;547;555;557;569;596;606;608;610;623;630;689;717;736;746;764;766;770;775,64,1
9198b9a4-8d8f-4ba6-9924-4c86982d890a,What equipment is being utilized?,Rolling pin and spatulas.,,50;76;92;134;169;190;198;202;203;207;217;219;220;221;262;264;278;280;291;297;300;307;309;310;317;338;344;388;435;446;449;458;459;462;463;470;473;475;478;480;482;484;487;512;540;547;555;557;569;596;606;608;610;623;624;630;689;717;736;746;764;766;770;775,64,1
9198b9a4-8d8f-4ba6-9924-4c86982d890a,What is the main activity occurring?,Preparing dough and mixtures for baking.,,50;76;91;92;134;169;190;198;202;203;207;217;220;221;262;264;278;280;291;297;300;307;309;310;317;338;344;388;435;446;449;458;459;462;463;470;473;475;478;480;482;484;487;512;540;547;555;557;569;596;606;608;610;623;624;630;689;717;736;746;764;766;770;775,64,1
9198b9a4-8d8f-4ba6-9924-4c86982d890a,What task is being performed with the dough?,Rolling the dough with a rolling pin.,,50;76;92;134;169;190;198;202;203;207;217;219;220;221;262;264;271;278;280;291;297;300;307;309;310;317;338;344;388;435;446;449;458;459;462;463;470;473;475;478;480;482;484;487;512;540;547;555;557;596;606;608;610;623;624;630;689;717;736;746;764;766;770;775,64,1
9198b9a4-8d8f-4ba6-9924-4c86982d890a,What is being done to the mixtures?,The mixtures are being stirred in steel bowls.,,50;76;92;134;169;190;198;202;203;207;217;220;221;262;264;271;278;280;291;297;300;307;309;310;317;338;344;388;435;446;449;458;459;462;463;470;473;475;478;480;482;484;487;512;540;547;555;557;569;596;606;608;610;623;624;630;689;717;736;746;764;766;770;775,64,1
9198b9a4-8d8f-4ba6-9924-4c86982d890a,Is the dough being prepared for baking?,Yes.,,50;76;92;134;169;190;198;202;203;207;217;220;221;238;262;264;278;280;291;297;300;307;309;310;317;338;344;388;435;446;449;458;459;462;463;470;473;475;478;480;482;484;487;512;540;547;555;557;593;596;606;608;610;623;624;630;689;717;736;746;764;766;770;775,64,1
9198b9a4-8d8f-4ba6-9924-4c86982d890a,Is only one type of spatula being used?,"No, two different spatulas are being used.",,50;76;92;134;169;190;198;202;203;207;217;219;220;221;262;264;271;278;280;291;297;300;307;309;310;317;328;338;344;388;435;446;449;458;459;462;463;470;473;475;478;480;482;484;487;540;547;555;557;596;606;608;610;623;624;630;689;717;736;746;764;766;770;775,64,1
9198b9a4-8d8f-4ba6-9924-4c86982d890a,Did the same person handle all tasks shown in the summary?,Yes.,,50;76;91;92;134;169;190;198;202;203;207;217;220;221;262;264;271;278;280;291;297;300;307;309;310;317;338;344;388;435;446;449;458;459;462;463;470;473;475;478;480;482;484;487;512;540;547;555;557;596;606;608;610;623;624;630;689;717;736;746;764;766;770;775,64,1
9198b9a4-8d8f-4ba6-9924-4c86982d890a,Is anything being cooked in the clip?,"No, only preparation steps are shown.",,50;76;92;134;169;190;198;202;203;207;217;219;220;221;262;264;271;278;280;291;297;300;307;309;310;317;338;344;388;435;446;449;458;459;462;463;470;473;475;478;480;482;484;487;512;540;547;555;557;596;606;608;610;623;624;630;689;717;736;746;764;766;770;775,64,1
9198b9a4-8d8f-4ba6-9924-4c86982d890a,Is the dough placed on the board before the mixture is stirred?,No,,50;76;91;92;134;169;190;198;202;203;207;217;220;221;262;264;271;278;280;291;297;300;307;309;310;317;338;344;388;435;446;449;458;459;462;463;470;473;475;478;480;482;484;487;540;547;555;557;569;596;606;608;610;623;624;630;689;717;736;746;764;766;770;775,64,1
9198b9a4-8d8f-4ba6-9924-4c86982d890a,Is the doe taken out of the fridge before the rolling pin is used?,Yes,,50;76;92;134;169;190;198;202;203;207;217;219;220;221;238;262;264;271;278;280;291;297;300;307;309;310;317;328;338;344;388;435;446;449;458;459;462;463;470;473;475;478;480;482;484;487;540;547;555;557;596;606;608;610;623;624;630;717;736;746;764;766;770;775,64,1
9198b9a4-8d8f-4ba6-9924-4c86982d890a,What do we see happening before the spatula stirs the mixture in the steel bowls?,The rolling pin rolls on the dough,,50;76;91;92;134;169;190;198;202;203;207;217;219;220;221;238;262;264;278;280;291;297;300;307;309;310;317;338;344;388;435;446;449;458;459;462;463;470;473;475;478;480;482;484;487;540;547;555;557;596;606;608;610;623;624;630;689;717;736;746;764;766;770;775,64,1
9198b9a4-8d8f-4ba6-9924-4c86982d890a,Did I pour heavy whipping cream before cracking eggs?,Yes,,50;76;92;109;134;169;190;198;202;203;217;219;220;221;238;262;264;278;280;291;297;300;307;309;310;317;338;344;388;435;446;449;458;459;462;463;470;473;475;478;480;482;484;487;540;547;555;557;593;596;606;608;610;623;624;630;689;717;736;746;764;766;770;775,64,1
9198b9a4-8d8f-4ba6-9924-4c86982d890a,Is the dough rolled before stirring mixtures in bowls?,Yes,,50;76;91;92;134;169;190;198;202;203;207;217;220;221;238;262;264;278;280;291;297;300;307;309;310;317;338;344;388;431;435;446;449;458;459;462;463;470;473;475;478;480;482;484;487;540;547;555;557;596;606;608;610;623;624;630;689;717;736;746;764;766;770;775,64,1
9198b9a4-8d8f-4ba6-9924-4c86982d890a,Do I place the dough on the board after pouring flour?,Yes,,50;76;92;134;169;190;198;202;203;207;217;219;220;221;238;262;264;271;278;280;291;297;300;307;309;310;317;338;344;388;435;446;449;458;459;462;463;470;473;475;478;480;482;484;487;540;547;555;557;596;606;608;610;623;624;630;689;717;736;746;764;766;770;775,64,1
9198b9a4-8d8f-4ba6-9924-4c86982d890a,What happens just before I place the dough on the board?,I bring out the dough from the fridge.,,50;76;92;134;169;190;198;202;203;207;217;219;220;221;262;264;278;280;291;297;300;307;309;310;317;328;338;344;388;435;446;449;458;459;462;463;470;473;475;478;480;482;484;487;512;540;547;555;557;569;596;606;608;610;623;624;630;717;736;746;764;766;770;775,64,1
9198b9a4-8d8f-4ba6-9924-4c86982d890a,What is the setting of the video clip?,A kitchen with a board and cooking items.,,50;76;92;134;169;190;198;202;203;207;217;219;220;221;262;264;271;278;280;291;297;300;307;309;310;317;338;344;388;435;446;449;458;459;462;463;470;473;475;478;480;482;484;487;512;540;547;555;557;569;596;606;608;610;623;624;630;717;736;746;764;766;770;775,64,1
9198b9a4-8d8f-4ba6-9924-4c86982d890a,What object is primarily shown in the scene?,A doe laid out on a mat on a kitchen board.,,50;76;92;134;169;190;198;202;203;207;217;219;220;221;262;264;271;278;280;291;297;300;307;309;310;317;338;344;388;435;446;449;458;459;462;463;470;473;475;478;480;482;484;487;512;540;547;555;557;596;606;608;610;623;624;630;689;717;736;746;764;766;770;775,64,1
9198b9a4-8d8f-4ba6-9924-4c86982d890a,Which item is used in the scene?,A knife to trim edges of the doe.,,50;76;92;134;169;190;198;202;203;207;217;219;220;221;262;264;271;278;280;291;297;300;307;309;310;317;338;344;388;435;446;449;458;459;462;463;470;473;475;478;480;482;484;487;512;540;547;555;557;596;606;608;610;623;624;630;689;717;736;746;764;766;770;775,64,1
9198b9a4-8d8f-4ba6-9924-4c86982d890a,What stage of the process is shown?,Trimming and folding the prepared doe.,,50;76;92;134;169;190;198;202;203;207;217;219;220;221;262;264;271;278;280;291;297;300;307;309;310;317;338;344;388;435;446;449;458;459;462;463;470;473;475;478;480;482;484;487;512;540;547;555;557;596;606;608;610;623;624;630;689;717;736;746;764;766;770;775,64,1
9198b9a4-8d8f-4ba6-9924-4c86982d890a,Can you describe the main task at hand?,Trimming rough edges of the doe.,,50;76;92;134;169;190;198;202;203;207;217;219;220;221;262;264;278;280;291;297;300;307;309;310;317;338;344;388;435;446;449;458;459;462;463;470;473;475;478;480;482;484;487;512;540;547;555;557;569;596;606;608;610;623;624;630;689;717;736;746;764;766;770;775,64,1
9198b9a4-8d8f-4ba6-9924-4c86982d890a,What preparation step is shown in the clip?,Folding the trimmed doe together.,,50;76;92;134;169;190;198;202;203;207;217;219;220;221;262;264;278;280;291;297;300;307;309;310;317;338;344;388;435;446;449;458;459;462;463;470;473;475;478;480;482;484;487;512;540;547;555;557;569;596;606;608;610;623;624;630;689;717;736;746;764;766;770;775,64,1
9198b9a4-8d8f-4ba6-9924-4c86982d890a,Did the person use a knife in the video?,Yes.,,50;76;92;134;169;190;198;202;203;207;217;219;220;221;262;264;271;278;280;291;297;300;307;309;310;317;338;344;388;435;446;449;458;459;462;463;470;473;475;478;480;482;484;487;540;547;555;557;569;596;606;608;610;623;624;630;689;717;736;746;764;766;770;775,64,1
9198b9a4-8d8f-4ba6-9924-4c86982d890a,Is there any folding action happening?,Yes.,,50;76;92;134;169;190;198;202;203;207;217;219;220;221;262;264;278;280;291;297;300;307;309;310;317;328;338;344;388;435;446;449;458;459;462;463;470;473;475;478;480;482;484;487;512;540;547;555;557;596;606;608;610;623;624;630;689;717;736;746;764;766;770;775,64,1
9198b9a4-8d8f-4ba6-9924-4c86982d890a,Did the person complete the trimming action?,Yes.,,50;76;91;92;134;169;190;198;202;203;207;217;219;220;221;238;262;264;278;280;291;297;300;307;309;310;317;338;344;388;435;446;449;458;459;462;463;470;473;475;478;480;482;484;487;540;547;555;557;596;606;608;610;623;624;630;689;717;736;746;764;766;770;775,64,1
9198b9a4-8d8f-4ba6-9924-4c86982d890a,Is the dough folded before trimming the rough edges?,No,,50;76;91;92;134;169;190;198;202;203;217;220;221;238;262;264;278;280;291;297;300;307;309;310;317;338;344;388;431;435;446;449;458;459;462;463;470;473;475;478;480;482;484;487;540;547;555;557;593;596;606;608;610;623;624;630;689;717;736;746;764;766;770;775,64,1
9198b9a4-8d8f-4ba6-9924-4c86982d890a,Does stirring in the steel bowls happen after folding the dough?,No,,50;76;91;92;134;169;190;198;202;203;207;217;219;220;221;238;262;264;278;280;291;297;300;307;309;310;317;338;344;388;435;446;449;458;459;462;463;470;473;475;478;480;482;484;487;540;547;555;557;596;606;608;610;623;624;630;689;717;736;746;764;766;770;775,64,1
9198b9a4-8d8f-4ba6-9924-4c86982d890a,What occurs just before folding the dough?,Trimming the rough edges with a knife,,50;76;92;134;169;190;198;202;203;207;217;219;220;221;262;264;278;280;291;297;300;307;309;310;317;338;344;388;435;446;449;458;459;462;463;470;473;475;478;480;482;484;487;512;540;547;555;557;569;596;606;608;610;623;624;630;689;717;736;746;764;766;770;775,64,1
9198b9a4-8d8f-4ba6-9924-4c86982d890a,What happens before stirring mixtures in steel bowls?,Rolling the pin on the dough,,50;76;91;92;134;169;190;198;202;203;207;217;220;221;262;264;278;280;291;297;300;307;309;310;317;328;338;344;388;435;446;449;458;459;462;463;470;473;475;478;480;482;484;487;512;540;547;555;557;596;606;608;610;623;624;630;689;717;736;746;764;766;770;775,64,1
9198b9a4-8d8f-4ba6-9924-4c86982d890a,Does rolling the dough with a rolling pin happen before trimming its edges?,Yes,,50;76;92;134;169;190;198;202;203;207;217;219;220;221;238;262;264;271;278;280;291;297;300;307;309;310;317;328;338;344;388;435;446;449;458;459;462;463;470;473;475;478;480;482;484;487;540;547;555;557;596;606;608;610;623;624;630;717;736;746;764;766;770;775,64,1
9198b9a4-8d8f-4ba6-9924-4c86982d890a,Is the trimmed dough folded before stirring the mixture?,No,,50;76;91;92;134;169;190;198;202;203;217;220;221;238;262;264;278;280;291;297;300;307;309;310;317;338;344;388;431;435;446;449;458;459;462;463;470;473;475;478;480;482;484;487;540;547;555;557;593;596;606;608;610;623;624;630;689;717;736;746;764;766;770;775,64,1
9198b9a4-8d8f-4ba6-9924-4c86982d890a,Do I take out the dough from the fridge before preparing mixtures?,Yes,,50;76;92;134;169;190;198;202;203;207;217;219;220;221;238;262;264;271;278;280;291;297;300;307;309;310;317;338;344;388;435;446;449;458;459;462;463;470;473;475;478;480;482;484;487;540;547;555;557;596;606;608;610;623;624;630;689;717;736;746;764;766;770;775,64,1
9198b9a4-8d8f-4ba6-9924-4c86982d890a,What occurs before folding the trimmed dough?,Trimming the rough edges with a knife,,50;76;92;134;169;190;198;202;203;207;217;219;220;221;238;262;264;278;280;291;297;300;307;309;310;317;338;344;388;431;435;446;449;458;459;462;463;470;473;475;478;480;482;484;487;540;547;555;557;596;606;608;610;623;624;630;689;717;736;746;764;766;770;775,64,1
9198b9a4-8d8f-4ba6-9924-4c86982d890a,What is the first thing I do with the dough after taking it out from the fridge?,Placing it on a board,,50;76;92;134;169;190;198;202;203;207;217;219;220;221;262;264;271;278;280;291;297;300;307;309;310;317;338;344;388;435;446;449;458;459;462;463;470;473;475;478;480;482;484;487;512;540;547;555;557;569;596;606;608;610;623;624;630;717;736;746;764;766;770;775,64,1
0fa75cb3-c4a0-4232-bdc4-15116ed39d88,What is the setting of the video clip?,It is in an outdoor field.,,21;24;28;40;41;45;47;69;72;73;76;77;86;89;90;93;100;178;195;218;223;224;226;228;229;235;236;237;240;242;245;249;258;260;268;270;273;275;277;279;281;283;287;288;290;293;296;308;329;332;334;336;337;342;345;348;360;367;368;387;393;397;400;410,64,1
0fa75cb3-c4a0-4232-bdc4-15116ed39d88,Is the scene occurring in an urban or rural environment?,Rural environment.,,21;24;28;40;41;45;47;69;72;73;76;77;86;90;92;93;100;178;195;218;222;223;224;226;228;229;235;236;237;240;242;245;249;258;260;268;270;273;275;277;279;281;283;287;288;290;293;296;308;329;334;336;337;342;345;348;360;367;368;387;393;397;400;410,64,1
0fa75cb3-c4a0-4232-bdc4-15116ed39d88,What time of day does the scene appear to be set in?,It appears to be set in the evening.,,21;24;28;40;41;45;47;69;73;76;77;86;89;90;92;93;100;178;195;218;223;226;228;229;235;236;237;240;242;245;249;258;260;268;270;273;275;277;279;281;283;287;288;290;293;296;308;324;329;332;336;337;342;345;348;360;367;368;387;393;397;400;401;410,64,1
0fa75cb3-c4a0-4232-bdc4-15116ed39d88,How is the subject navigating the outdoor space?,The subject is walking on the field and then heads home.,,21;24;28;40;41;45;47;69;72;73;76;77;86;90;93;100;178;195;218;223;224;226;228;229;235;236;237;240;242;245;249;258;260;268;270;273;275;277;279;281;283;286;287;288;290;293;296;308;329;332;334;336;337;342;345;348;360;367;368;387;393;397;400;410,64,1
0fa75cb3-c4a0-4232-bdc4-15116ed39d88,Can you provide an overview of the action in this clip?,"Subject walks outdoors, across a field, and returns home.",,21;24;28;40;41;45;47;69;72;73;76;77;86;90;92;93;100;178;195;218;222;223;224;226;228;229;235;236;237;240;242;245;249;258;260;268;270;273;275;277;279;281;283;287;288;290;293;296;308;329;334;336;337;342;345;348;360;367;368;387;393;397;400;410,64,1
0fa75cb3-c4a0-4232-bdc4-15116ed39d88,Does the video show the subject entering a building?,No.,,21;24;28;40;41;45;47;69;72;73;76;77;86;89;90;93;100;178;195;218;223;224;226;228;229;235;236;237;240;242;245;249;258;260;268;270;273;275;277;279;281;283;287;288;290;293;296;308;329;332;334;336;337;342;345;348;360;367;368;387;393;397;400;410,64,1
0fa75cb3-c4a0-4232-bdc4-15116ed39d88,Is the subject interacting with other people in the video?,No.,,21;24;28;40;41;45;47;69;72;73;76;77;86;90;93;100;178;195;218;223;224;226;228;229;235;236;237;240;242;245;249;258;260;268;270;273;275;277;279;281;283;286;287;288;290;293;296;308;329;332;334;336;337;342;345;348;360;367;368;387;393;397;400;410,64,1
0fa75cb3-c4a0-4232-bdc4-15116ed39d88,Does the video capture the subject engaging in a sport?,No.,,21;24;28;40;41;45;47;69;72;73;76;77;86;90;92;93;100;178;195;218;223;224;226;228;229;235;236;237;240;242;245;249;258;260;268;270;273;275;277;279;281;283;287;288;290;293;296;308;329;332;334;336;337;342;345;348;360;367;368;387;393;397;400;410,64,1
0fa75cb3-c4a0-4232-bdc4-15116ed39d88,Is the subject seen leaving the field in the video?,Yes.,,21;24;28;40;41;45;47;69;72;73;76;77;86;90;93;100;178;195;218;223;224;226;228;229;235;236;237;240;242;245;249;258;260;268;270;273;275;277;279;281;283;286;287;288;290;293;296;308;329;332;334;336;337;342;345;348;360;367;368;387;393;397;400;410,64,1
0fa75cb3-c4a0-4232-bdc4-15116ed39d88,Does the video show the subject at home?,"No, just heading home.",,21;24;28;40;41;45;47;69;72;73;76;77;86;90;92;93;100;178;195;218;223;224;226;228;229;235;236;237;240;242;245;249;258;260;268;270;273;275;277;279;281;283;287;288;290;293;296;308;329;332;334;336;337;342;345;348;360;367;368;387;393;397;400;410,64,1
0fa75cb3-c4a0-4232-bdc4-15116ed39d88,What is the location of the video clip?,The video clip is in a field with a walkway.,,21;24;28;40;41;45;47;69;72;73;76;77;86;90;93;100;178;195;218;223;224;226;228;229;235;236;237;240;242;245;249;258;260;268;270;273;275;277;279;281;283;287;288;290;293;296;308;329;332;334;336;337;342;345;348;360;367;368;387;393;397;400;410;540,64,1
0fa75cb3-c4a0-4232-bdc4-15116ed39d88,What activity is shown in the video?,Walking on a walkway and looking around.,,21;24;28;40;41;45;47;69;72;73;76;77;86;90;93;100;178;195;218;223;224;226;228;229;235;236;237;240;242;245;249;258;260;268;270;273;275;277;279;281;283;287;288;290;293;296;308;329;332;334;336;337;342;345;348;360;367;368;387;393;397;400;410;540,64,1
0fa75cb3-c4a0-4232-bdc4-15116ed39d88,What time of day does the video depict?,The video depicts evening or dusk.,,21;24;28;40;41;45;47;69;72;73;76;77;86;89;90;93;100;178;195;218;223;226;228;229;235;236;237;240;242;245;249;258;260;268;270;273;275;277;279;281;283;287;288;290;293;296;308;329;332;334;336;337;342;345;348;360;367;368;387;393;397;400;410;540,64,1
0fa75cb3-c4a0-4232-bdc4-15116ed39d88,What natural features can be seen in the video?,There is a body of water visible.,,21;24;28;40;41;45;47;69;73;76;77;86;89;90;92;93;100;178;195;218;223;226;228;229;235;236;237;240;242;245;249;258;260;268;270;273;275;277;279;281;283;287;288;290;293;296;308;324;329;332;336;337;342;345;348;360;367;368;387;393;397;400;410;540,64,1
0fa75cb3-c4a0-4232-bdc4-15116ed39d88,Does the person stop to observe a specific scene?,Yes.,,21;24;28;41;45;47;69;72;73;76;77;86;89;90;92;93;100;178;195;218;223;226;228;229;235;236;237;240;242;245;249;258;260;268;270;273;275;277;279;281;283;287;288;290;293;296;308;329;332;334;336;337;342;345;348;360;367;368;387;393;397;400;410;540,64,1
0fa75cb3-c4a0-4232-bdc4-15116ed39d88,"In the video, did I look at the scenes before walking on the field?",No,,21;24;28;40;41;45;47;69;72;73;76;77;86;90;93;100;178;195;218;223;224;226;228;229;235;236;237;240;242;245;249;258;260;268;270;273;275;277;279;281;283;286;287;288;290;293;296;308;329;332;334;336;337;342;345;348;360;367;368;387;393;397;400;410,64,1
0fa75cb3-c4a0-4232-bdc4-15116ed39d88,"In the video, was I indoors before going to the field?",No,,21;24;28;40;41;45;47;69;72;73;76;77;86;90;93;100;178;195;218;223;224;226;228;229;235;236;237;240;242;245;249;258;260;268;270;273;275;277;279;281;283;286;287;288;290;293;296;308;329;332;334;336;337;342;345;348;360;367;368;387;393;397;400;410,64,1
0fa75cb3-c4a0-4232-bdc4-15116ed39d88,What happened before I walked on the walkway in the video?,I was in the field,,21;24;28;40;41;45;47;69;72;73;76;77;86;89;90;93;100;178;195;218;223;226;228;229;235;236;237;240;242;245;249;258;260;268;270;273;275;277;279;281;283;287;288;290;293;296;308;329;332;334;336;337;342;345;348;360;367;368;387;393;397;400;410;540,64,1
0fa75cb3-c4a0-4232-bdc4-15116ed39d88,What is depicted in the current frame?,It shows a sidewalk lined with palm trees and buildings.,,21;24;28;41;45;47;69;76;77;86;90;93;100;178;195;218;223;226;228;229;235;236;237;240;242;245;249;258;260;268;270;273;275;277;281;283;287;288;290;293;296;308;329;332;336;337;342;345;348;360;367;368;387;393;397;400;410;563;650;654;664;673;676;677,64,1
0fa75cb3-c4a0-4232-bdc4-15116ed39d88,What activity is taking place in these frames?,Walking along a residential sidewalk.,,21;24;28;41;45;47;69;76;77;86;90;93;100;178;195;218;223;226;228;229;235;236;237;240;242;245;249;258;260;270;273;275;277;281;283;287;288;290;293;296;308;329;332;336;337;342;345;348;360;367;368;387;393;397;400;410;540;563;650;654;664;673;676;677,64,1
0fa75cb3-c4a0-4232-bdc4-15116ed39d88,Does this video show a busy city street?,No.,,21;24;28;41;45;47;69;72;76;77;86;90;93;100;195;218;223;226;228;229;235;236;237;240;242;245;249;258;260;268;270;273;275;277;279;281;283;287;288;290;293;296;308;329;334;336;337;342;345;348;360;367;368;393;397;400;410;563;650;654;664;673;676;677,64,1
0fa75cb3-c4a0-4232-bdc4-15116ed39d88,Does the clip capture any interaction with people?,No.,,21;24;28;41;45;47;69;76;77;86;90;93;100;178;195;218;223;226;228;229;235;236;237;240;242;245;249;258;260;268;270;273;275;277;279;281;283;287;288;290;293;296;308;329;334;336;337;342;345;348;360;367;368;393;397;400;410;563;650;654;664;673;676;677,64,1
0fa75cb3-c4a0-4232-bdc4-15116ed39d88,Is the person entering a building in this scene?,No.,,21;24;28;40;41;45;47;69;76;77;86;90;93;100;178;195;218;223;226;228;229;235;236;237;240;242;245;249;258;260;268;270;273;275;277;281;283;287;288;290;293;296;308;329;334;336;337;342;345;348;360;367;368;393;397;400;410;563;650;654;664;673;676;677,64,1
0fa75cb3-c4a0-4232-bdc4-15116ed39d88,Was I in the field after walking on the walkway?,No.,,21;24;28;41;45;47;69;73;76;77;86;90;93;100;195;218;223;226;228;229;235;236;237;240;242;245;249;258;260;268;270;273;275;277;279;281;283;287;288;290;293;296;308;329;336;337;342;345;348;360;367;368;387;393;397;400;410;650;654;664;673;676;677;684,64,1
0fa75cb3-c4a0-4232-bdc4-15116ed39d88,Did I go home before looking at the scenes?,No.,,21;24;28;40;41;45;47;69;72;76;77;86;90;93;100;195;218;223;226;228;229;235;236;237;240;242;245;249;258;260;268;270;273;275;277;281;283;287;288;290;293;296;308;329;334;336;337;342;345;348;360;367;368;393;397;400;410;563;650;654;664;673;676;677,64,1
0fa75cb3-c4a0-4232-bdc4-15116ed39d88,What occurs just before I look at the scenes?,I walk on the walkway.,,21;24;28;40;41;45;47;69;76;77;86;90;93;100;195;218;223;226;228;229;235;236;237;240;242;245;249;258;260;268;270;273;275;277;279;281;283;287;288;290;293;296;308;329;334;336;337;342;345;348;360;367;368;393;397;400;410;563;650;654;664;673;676;677,64,1
0fa75cb3-c4a0-4232-bdc4-15116ed39d88,What do I do before walking on the walkway?,I am in the field.,,21;24;28;41;45;47;69;76;77;86;90;93;100;178;195;218;223;226;228;229;235;236;237;240;242;245;249;258;260;268;270;273;275;277;281;283;287;288;290;293;296;308;329;336;337;342;345;348;360;367;368;387;393;397;400;410;563;650;654;664;673;676;677;684,64,1
0fa75cb3-c4a0-4232-bdc4-15116ed39d88,Did I walk on the field before looking at the scenes?,Yes,,21;24;28;40;41;45;47;69;72;76;77;86;90;93;100;178;195;218;223;226;228;229;235;236;237;240;242;245;249;258;260;268;270;273;275;277;281;283;287;288;290;293;296;308;329;336;337;342;345;348;360;367;368;393;397;400;410;563;650;654;664;673;676;677,64,1
0fa75cb3-c4a0-4232-bdc4-15116ed39d88,Is the walk on the walkway shown before going home in the video?,Yes,,21;24;28;41;45;47;69;73;76;77;86;90;93;100;195;218;223;226;228;229;235;236;237;240;242;245;249;258;260;268;270;273;275;277;281;283;287;288;290;293;296;308;329;336;337;342;345;348;360;367;368;387;393;397;400;410;563;650;654;664;673;676;677;684,64,1
0fa75cb3-c4a0-4232-bdc4-15116ed39d88,"In the video, do we see walking through the walkways before walking on the field?",No,,21;24;28;41;45;47;69;76;77;86;90;93;100;178;195;218;223;226;228;229;235;236;237;240;242;245;249;258;260;268;270;273;275;277;279;281;283;287;288;290;293;296;308;329;336;337;342;345;348;360;367;368;393;397;400;410;563;650;654;664;673;676;677;684,64,1
0fa75cb3-c4a0-4232-bdc4-15116ed39d88,Do I walk along the water before walking under the trees as shown in the clip?,Yes,,21;24;28;41;45;47;69;73;76;77;86;90;93;100;195;218;223;226;228;229;235;236;237;240;242;245;249;258;260;268;270;273;275;277;281;283;287;288;290;293;296;308;329;336;337;342;345;348;360;367;368;387;393;397;400;410;540;563;650;654;664;673;676;677,64,1
0fa75cb3-c4a0-4232-bdc4-15116ed39d88,"In the video sequence, what occurs before walking on the field?",Being outdoors,,21;24;28;41;45;47;69;76;77;86;90;93;100;178;195;218;223;226;228;229;235;236;237;240;242;245;249;258;260;268;270;273;275;277;279;281;283;287;288;290;293;296;308;329;334;336;337;342;345;348;360;367;368;393;397;400;410;563;650;654;664;673;676;677,64,1
0fa75cb3-c4a0-4232-bdc4-15116ed39d88,What event takes place before walking under the trees in the clip?,Walking along the water,,21;24;28;41;45;47;69;76;77;86;90;93;100;195;218;223;226;228;229;235;236;237;240;242;245;249;258;260;270;273;275;277;279;281;283;287;288;290;293;296;308;329;332;336;337;342;345;348;360;367;368;387;393;397;400;410;540;563;650;654;664;673;676;677,64,1
0fa75cb3-c4a0-4232-bdc4-15116ed39d88,What is the setting of the scenario seen in the video?,A residential area with palm trees and walkways.,,21;24;28;45;47;69;77;90;93;100;195;218;223;226;228;235;236;237;242;245;249;258;260;270;273;275;277;281;283;287;288;290;293;308;329;336;337;342;360;368;393;397;410;650;654;664;673;677;706;712;717;718;722;725;745;750;751;753;790;802;806;812;813;819,64,1
0fa75cb3-c4a0-4232-bdc4-15116ed39d88,What can be seen in the background of the video frame?,"Houses, streetlights, and a clear sky.",,21;24;28;47;69;77;90;93;100;195;218;223;226;228;235;236;237;242;245;249;258;260;270;273;275;277;281;283;287;288;290;293;308;336;337;348;360;367;368;393;397;410;650;654;664;673;676;677;706;712;717;718;722;725;745;750;751;753;790;802;806;812;813;819,64,1
0fa75cb3-c4a0-4232-bdc4-15116ed39d88,What are the dominant features of the environment in this clip?,"Landscaped pathways, streetlamps, and tropical foliage.",,21;24;28;45;47;69;77;90;93;100;195;218;223;226;228;235;236;237;242;245;249;258;260;270;273;275;277;281;283;287;288;290;293;308;329;336;337;342;360;368;393;397;410;650;654;664;673;677;706;712;717;718;722;725;745;750;751;753;790;802;806;812;813;819,64,1
0fa75cb3-c4a0-4232-bdc4-15116ed39d88,Can you characterize the location shown in the video?,A well-maintained suburban neighborhood.,,21;24;28;47;69;77;90;93;100;195;218;223;226;228;235;236;237;242;245;249;258;260;270;273;275;277;281;283;287;288;290;293;308;329;336;337;360;367;368;393;397;410;650;654;664;673;676;677;706;712;717;718;722;725;745;750;751;753;790;802;806;812;813;819,64,1
0fa75cb3-c4a0-4232-bdc4-15116ed39d88,What action is being undertaken in the new frames?,Walking along a residential street.,,21;24;28;45;47;69;77;90;93;100;195;218;223;226;228;235;236;237;242;245;249;258;260;270;273;275;277;281;283;287;288;290;293;308;329;336;337;342;360;368;393;397;410;650;654;664;673;677;706;712;717;718;722;725;745;750;751;753;790;802;806;812;813;819,64,1
0fa75cb3-c4a0-4232-bdc4-15116ed39d88,Is there any sign of wildlife in the frames provided?,No.,,21;24;28;45;47;69;77;90;93;100;195;218;223;226;228;235;236;237;242;245;249;258;260;270;273;277;281;283;287;288;290;293;308;329;336;337;342;348;360;368;393;397;410;650;654;664;673;677;706;712;717;718;722;725;745;750;751;753;790;802;806;812;813;819,64,1
0fa75cb3-c4a0-4232-bdc4-15116ed39d88,Did the person in the video use any transportation other than walking?,No.,,21;24;28;45;47;69;77;90;93;100;195;218;223;226;228;235;236;237;242;245;249;258;260;270;273;275;277;281;283;287;288;290;293;308;329;336;337;342;360;368;393;397;410;650;654;664;673;677;706;712;717;718;722;725;745;750;751;753;790;802;806;812;813;819,64,1
0fa75cb3-c4a0-4232-bdc4-15116ed39d88,Does the footage include any sporting activities?,No.,,21;24;28;45;47;69;77;90;93;100;195;218;223;226;228;235;236;237;242;245;249;258;260;270;273;275;277;281;283;287;288;290;293;308;329;336;337;342;360;368;393;397;410;650;654;664;673;677;706;712;717;718;722;725;745;750;751;753;790;802;806;812;813;819,64,1
0fa75cb3-c4a0-4232-bdc4-15116ed39d88,"Is the person in the video engaging with the environment, like sitting or touching?",No.,,21;24;28;45;47;69;77;90;93;100;178;195;218;223;226;228;235;236;237;242;245;249;258;260;270;273;277;281;283;287;288;290;293;308;329;336;337;342;348;360;368;393;397;410;650;654;664;673;677;706;712;717;718;722;725;745;751;753;790;802;806;812;813;819,64,1
0fa75cb3-c4a0-4232-bdc4-15116ed39d88,Did I tour the park before walking on the walkways?,Yes,,21;24;28;45;47;69;77;86;90;93;100;218;223;226;228;235;236;237;242;245;249;258;260;270;273;275;277;281;283;287;288;290;293;308;329;336;337;348;360;368;393;397;410;650;654;664;673;677;706;712;717;718;722;725;745;750;751;753;790;802;806;812;813;819,64,1
0fa75cb3-c4a0-4232-bdc4-15116ed39d88,What do I do before touring the park?,"Nothing, it is the first activity",,21;24;28;45;47;69;77;90;93;100;195;218;223;226;228;235;236;237;242;245;249;258;260;270;273;277;281;283;287;288;290;293;308;329;336;337;342;348;360;368;393;397;410;650;654;664;673;677;706;712;717;718;722;725;745;750;751;753;790;802;806;812;813;819,64,1
0fa75cb3-c4a0-4232-bdc4-15116ed39d88,Did I walk through the park before going home?,Yes,,21;24;28;47;69;77;86;90;93;100;195;218;223;226;228;235;236;237;242;245;249;258;260;270;273;277;281;283;287;288;290;293;308;329;336;337;342;348;360;368;393;397;410;650;654;664;673;677;706;712;717;718;722;725;745;750;751;753;790;802;806;812;813;819,64,1
0fa75cb3-c4a0-4232-bdc4-15116ed39d88,What environment is depicted in this video clip?,"An outdoor, paved area with street lamps.",,21;24;28;47;69;77;90;93;100;218;223;226;228;235;236;237;245;249;258;270;273;277;281;283;287;288;290;293;308;336;337;360;368;393;397;410;650;654;664;673;677;706;712;717;722;725;745;751;753;790;802;806;812;813;819;824;829;831;833;837;862;887;899,64,1
0fa75cb3-c4a0-4232-bdc4-15116ed39d88,What action am I performing in this clip?,Walking on a pavement outdoors.,,24;28;47;69;77;90;93;100;195;218;223;226;228;235;236;237;245;249;258;270;273;277;281;283;287;288;290;293;308;336;337;360;368;393;397;410;650;654;664;673;677;706;712;717;718;722;725;745;751;753;790;802;806;812;813;819;824;829;831;833;837;862;899,64,1
0fa75cb3-c4a0-4232-bdc4-15116ed39d88,Do I interact with anyone in this video clip?,No.,,24;28;47;69;77;90;93;100;218;223;226;228;235;236;237;242;245;249;270;273;277;281;283;287;288;290;293;308;329;336;337;360;368;393;397;410;650;654;664;673;677;706;712;717;722;725;745;751;753;790;802;806;812;813;819;824;829;831;833;837;862;887;899,64,1
0fa75cb3-c4a0-4232-bdc4-15116ed39d88,What is the setting of this video clip?,The setting is an outdoor pavement in a residential area.,,21;24;28;47;69;77;90;93;100;218;223;226;228;235;236;237;245;249;258;270;273;277;281;283;287;288;290;293;308;336;337;360;368;393;397;410;650;654;664;673;677;706;712;717;718;722;725;745;751;753;790;802;806;812;813;819;824;829;831;833;837;862;899,64,1
0fa75cb3-c4a0-4232-bdc4-15116ed39d88,What time of day is depicted in this frame?,It appears to be twilight or early evening.,,21;24;28;47;69;77;90;93;100;218;223;226;228;235;236;237;245;249;270;273;277;281;283;287;288;290;293;308;336;337;360;368;393;397;410;650;654;664;673;677;706;712;717;718;722;725;745;751;753;790;802;806;812;813;819;824;829;831;833;837;862;887;899,64,1
0fa75cb3-c4a0-4232-bdc4-15116ed39d88,What elements indicate that this is a residential area?,The presence of housing structures and lack of commercial signs.,,21;24;28;47;69;77;90;93;100;218;223;226;228;235;236;237;245;249;258;270;273;277;281;283;287;288;290;293;308;336;337;360;368;393;397;410;650;654;664;673;677;706;712;717;718;722;725;745;751;753;790;802;806;812;813;819;824;829;831;833;837;862;899,64,1
0fa75cb3-c4a0-4232-bdc4-15116ed39d88,What type of path is the person on in the video?,The person is on a paved walkway.,,21;24;28;47;69;77;90;93;100;218;223;226;228;235;236;237;245;249;258;260;270;273;277;281;283;288;290;293;308;336;337;360;368;393;397;410;650;654;664;673;677;706;712;717;718;722;725;745;751;753;790;802;806;812;813;819;824;829;831;833;837;862;899,64,1
0fa75cb3-c4a0-4232-bdc4-15116ed39d88,Does the scene suggest a leisurely or rushed pace?,The scene suggests a leisurely pace.,,24;28;45;47;69;77;90;93;100;218;223;226;228;235;236;237;242;245;249;270;273;277;281;283;287;288;290;308;336;337;360;368;393;397;410;650;654;664;673;677;706;712;717;718;722;725;745;751;753;790;802;806;812;813;819;824;829;831;833;837;862;887;899,64,1
0fa75cb3-c4a0-4232-bdc4-15116ed39d88,Does the person interact with any objects in the scene?,No.,,21;24;28;47;69;77;90;93;100;218;223;226;228;235;236;237;245;249;270;273;277;281;283;287;288;290;293;308;329;336;337;360;368;393;397;410;650;654;664;673;706;712;717;718;722;725;745;751;753;790;802;806;812;813;819;824;829;831;833;837;862;887;899,64,1
0fa75cb3-c4a0-4232-bdc4-15116ed39d88,Is the person traveling with someone else?,No.,,24;28;45;47;69;77;93;100;218;223;226;228;235;236;237;245;249;270;273;277;281;283;287;288;290;308;329;336;337;360;368;393;397;410;650;654;664;673;677;706;712;717;718;722;725;745;751;753;790;802;806;812;813;819;824;826;829;831;833;837;862;887;899,64,1
0fa75cb3-c4a0-4232-bdc4-15116ed39d88,Does the video capture any animals in the scene?,No.,,24;28;47;69;77;90;93;100;218;223;226;228;235;236;237;245;249;258;270;273;277;281;283;287;288;290;293;308;336;337;360;368;393;397;410;650;654;664;673;706;712;717;718;722;725;745;751;753;790;802;806;812;813;819;824;826;829;831;833;837;862;887;899,64,1
0fa75cb3-c4a0-4232-bdc4-15116ed39d88,Does the individual seem to be lost or searching for directions?,No.,,24;28;45;47;69;77;90;93;100;218;223;226;228;235;236;237;242;245;270;273;277;281;283;287;288;290;293;308;336;337;360;368;393;397;410;650;654;664;673;677;706;712;717;718;722;725;745;750;751;753;790;802;806;812;813;819;824;829;831;833;837;862;899,64,1
879dd163-7588-45d1-9466-a5deabc59167,What is depicted in the scene of the video clip?,A person relaxing on a couch holding an e-reader.,,5;7;8;11;16;18;28;29;33;34;37;38;41;46;47;50;51;54;56;59;62;65;66;68;69;74;75;76;78;81;82;84;85;89;91;93;94;97;99;101;103;104;106;109;110;113;115;117;119;120;122;124;126;128;131;132;135;137;138;140;143;144;146,64,1
879dd163-7588-45d1-9466-a5deabc59167,What location is shown in the video clip?,Inside a house.,,5;7;8;11;16;18;28;29;33;34;37;38;41;46;47;50;51;54;56;59;62;65;66;68;69;74;75;76;78;81;82;84;85;89;91;93;94;97;99;101;103;104;106;109;110;113;115;117;119;120;122;124;126;128;131;132;135;137;138;140;143;144;146,64,1
879dd163-7588-45d1-9466-a5deabc59167,Describe the setting where the action takes place.,A living room with a dining area in the background.,,5;7;8;11;16;27;28;29;33;34;37;38;41;46;47;50;51;54;56;59;62;65;66;68;69;74;75;76;78;81;82;84;85;89;91;93;94;97;99;101;103;104;106;109;110;113;115;117;119;120;122;124;126;128;131;132;135;137;138;140;143;144;146,64,1
879dd163-7588-45d1-9466-a5deabc59167,How is the environment arranged in the video clip?,"A cozy arrangement with a couch, curtain, and dining set.",,5;7;8;11;16;18;28;29;33;34;37;38;41;46;47;50;51;54;56;59;62;65;66;68;69;74;75;76;78;81;82;84;85;89;91;93;94;97;99;101;103;104;106;109;110;113;115;117;119;120;122;124;126;128;131;132;135;137;138;140;143;144;146,64,1
879dd163-7588-45d1-9466-a5deabc59167,What is the subject doing in the video?,Resting and perhaps beginning to read an e-book.,,5;7;8;11;16;18;28;29;33;34;37;38;41;46;47;50;51;54;56;59;62;65;66;68;69;74;75;76;78;81;82;84;85;89;91;93;94;97;99;101;103;104;106;109;110;113;115;117;119;120;122;124;126;128;131;132;135;137;138;140;143;144;146,64,1
879dd163-7588-45d1-9466-a5deabc59167,Can you provide an overview of the action in this clip?,Leisurely activities involving electronic devices at home.,,5;7;8;11;16;18;28;29;33;34;37;38;41;46;47;50;51;54;56;59;62;65;66;68;69;74;75;76;78;81;82;84;85;89;91;93;94;97;99;101;103;104;106;109;110;113;115;117;119;120;122;124;126;128;131;132;135;137;138;140;143;144;146,64,1
879dd163-7588-45d1-9466-a5deabc59167,Does the video capture the person sitting on the couch?,Yes.,,5;7;8;11;16;18;28;29;33;34;37;38;41;46;47;50;51;54;56;59;62;65;66;68;69;74;75;76;78;81;82;84;85;89;91;93;94;97;99;101;103;104;106;109;110;113;115;117;119;120;122;124;126;128;131;132;135;137;138;140;143;144;146,64,1
879dd163-7588-45d1-9466-a5deabc59167,Is the person in the video engaged in a strenuous activity?,No.,,5;7;8;11;16;18;28;29;33;34;37;38;41;46;47;50;51;54;56;59;62;65;66;68;69;74;75;76;78;81;82;84;85;89;91;93;94;97;99;101;103;104;106;109;110;113;115;117;119;120;122;124;126;128;131;132;135;137;138;140;143;144;146,64,1
879dd163-7588-45d1-9466-a5deabc59167,What is the setting of the scene in the clip?,The setting is inside a house.,,5;8;16;28;29;33;46;47;54;56;59;66;68;69;74;75;78;81;84;91;93;97;99;101;103;104;106;113;115;117;119;124;128;140;146;157;201;223;248;252;253;256;257;263;269;270;280;315;324;332;339;341;343;344;356;375;376;377;408;410;412;413;416;418,64,1
879dd163-7588-45d1-9466-a5deabc59167,Where was the reading activity taking place?,The reading took place on a couch.,,5;8;16;28;29;33;46;54;56;59;68;69;74;75;78;81;84;91;93;97;99;101;103;104;106;113;115;117;119;124;128;131;137;140;144;146;157;161;201;223;248;252;253;256;257;263;270;315;324;332;339;341;343;344;356;375;376;377;408;410;412;413;416;418,64,1
879dd163-7588-45d1-9466-a5deabc59167,What object is prominently featured in the scene?,A tablet is prominently featured.,,5;8;16;28;29;33;46;47;54;56;59;66;68;69;74;75;78;81;84;91;93;97;99;101;103;104;106;113;115;117;119;124;128;131;140;146;157;201;223;248;252;253;256;257;263;270;280;315;324;332;339;341;343;344;356;375;376;377;408;410;412;413;416;418,64,1
879dd163-7588-45d1-9466-a5deabc59167,What is the room's appearance in the video clip?,The room appears to be a living area.,,5;8;16;28;29;33;46;47;54;56;59;66;68;69;74;75;78;81;84;91;93;97;99;101;103;104;106;113;115;117;119;124;128;140;146;157;201;223;248;252;253;256;257;263;269;270;280;315;324;332;339;341;343;344;356;375;376;377;408;410;412;413;416;418,64,1
879dd163-7588-45d1-9466-a5deabc59167,What activity is the subject engaged in?,The subject is engaged in reading a book.,,5;8;16;28;29;33;46;47;54;56;59;66;68;69;74;75;78;81;84;91;93;97;99;101;103;104;106;113;115;117;119;124;128;140;146;157;201;223;248;252;253;256;257;263;269;270;280;315;324;332;339;341;343;344;356;375;376;377;408;410;412;413;416;418,64,1
879dd163-7588-45d1-9466-a5deabc59167,Describe the posture of the person in the action.,The person is sitting with legs up on the couch.,,5;8;16;28;29;33;46;47;54;56;59;66;68;69;74;75;78;81;84;91;93;97;99;101;103;104;106;113;115;117;119;124;128;140;146;157;201;223;248;252;253;256;257;263;269;270;315;324;332;334;339;341;343;344;356;375;376;377;408;410;412;413;416;418,64,1
879dd163-7588-45d1-9466-a5deabc59167,Does the clip show a person reading a physical book?,No.,,5;8;16;28;29;33;46;54;56;59;68;69;74;75;78;81;84;91;93;97;99;101;103;104;106;113;115;117;119;122;124;128;131;137;140;144;146;157;161;201;223;252;253;256;257;263;270;315;324;332;339;341;343;344;356;375;376;377;408;410;412;413;416;418,64,1
879dd163-7588-45d1-9466-a5deabc59167,Is the subject standing while reading?,No.,,5;8;16;28;29;33;46;47;54;56;59;68;69;74;75;78;81;84;91;93;97;99;101;103;104;106;113;115;117;119;124;128;140;146;157;201;223;248;252;253;256;257;263;269;270;280;315;324;332;334;339;341;343;344;356;375;376;377;408;410;412;413;416;418,64,1
879dd163-7588-45d1-9466-a5deabc59167,Does the video capture multiple people in the room?,No.,,5;8;16;28;29;33;46;47;54;56;59;66;68;69;74;75;78;81;84;91;93;97;99;101;103;104;106;113;115;117;119;124;128;131;140;146;157;201;223;248;252;253;256;257;263;269;270;315;324;332;339;341;343;344;356;375;376;377;408;410;412;413;416;418,64,1
879dd163-7588-45d1-9466-a5deabc59167,Does the video show a daytime setting?,No.,,5;8;16;28;29;33;46;47;54;56;59;66;68;69;74;75;78;81;84;91;93;97;99;101;103;104;106;113;115;117;119;124;128;131;137;140;146;157;161;201;223;252;253;256;257;263;270;315;324;332;339;341;343;344;356;375;376;377;408;410;412;413;416;418,64,1
879dd163-7588-45d1-9466-a5deabc59167,What setting is shown in the video?,A house interior is shown in the video.,,5;8;16;28;29;33;46;54;56;59;68;69;74;75;78;81;84;91;93;97;99;101;103;104;106;113;115;117;119;140;146;157;223;252;253;256;257;263;315;324;332;339;341;343;356;375;408;412;413;416;418;420;422;424;425;447;505;509;514;563;610;619;638;669,64,1
879dd163-7588-45d1-9466-a5deabc59167,Explain the immediate scene in the video?,The video captures a moment of domestic relaxation.,,5;8;28;29;33;54;56;59;68;69;74;75;78;81;84;91;93;97;99;101;103;104;106;113;115;117;119;124;128;140;146;157;201;223;252;253;256;257;263;315;324;332;339;341;343;356;375;377;408;412;413;416;418;420;422;424;425;447;505;509;514;563;610;638,64,1
879dd163-7588-45d1-9466-a5deabc59167,Can you describe the motion occurring in the clip?,"There is minimal motion, mainly of holding a tablet.",,5;8;16;28;29;33;54;56;59;68;69;74;75;78;81;84;91;93;97;99;101;103;104;106;113;115;117;119;140;146;157;201;223;252;253;256;257;263;270;315;324;332;339;341;343;356;375;408;412;413;416;418;420;422;424;425;447;505;514;563;610;619;638;669,64,1
879dd163-7588-45d1-9466-a5deabc59167,How would you caption the video's current activity?,Leisure time: Engrossed in digital reading.,,5;16;28;29;33;54;56;59;68;69;74;75;78;81;84;91;93;97;99;101;103;104;106;113;115;117;119;124;128;140;157;201;223;252;253;256;257;263;315;324;332;339;341;343;356;375;377;408;412;413;416;418;420;422;424;425;447;505;509;514;563;610;638;669,64,1
879dd163-7588-45d1-9466-a5deabc59167,Does the video show a person standing up?,No.,,5;28;29;33;54;56;59;68;69;74;75;78;81;84;91;93;97;99;101;103;104;106;113;115;117;119;124;128;140;146;157;223;252;253;257;263;315;324;332;339;341;343;356;375;377;408;410;412;413;416;418;420;422;424;425;447;505;509;514;563;610;619;638;669,64,1
879dd163-7588-45d1-9466-a5deabc59167,Is the video capturing outdoor activities?,No.,,5;28;29;33;54;56;59;68;69;74;75;78;81;84;91;93;97;99;101;103;104;106;113;115;117;119;124;128;140;146;157;201;223;252;253;256;257;263;315;324;332;339;341;343;356;375;377;408;410;412;413;416;418;420;422;424;425;447;505;509;514;563;610;638,64,1
879dd163-7588-45d1-9466-a5deabc59167,Does the video depict a social gathering?,No.,,5;16;28;29;33;54;56;59;66;68;69;74;75;78;81;84;91;93;97;99;101;103;104;106;113;115;117;119;124;128;140;146;157;201;223;252;253;257;263;315;324;332;341;343;356;375;377;408;410;412;413;416;418;420;422;424;425;447;505;509;514;563;610;638,64,1
879dd163-7588-45d1-9466-a5deabc59167,Is the individual in the video interacting with others?,No.,,5;8;16;28;29;33;54;56;59;68;69;74;75;78;81;84;91;93;97;99;101;103;104;106;113;115;117;119;124;128;140;157;223;252;253;257;263;315;324;332;339;341;343;356;375;377;408;410;412;413;416;418;420;422;424;425;447;505;514;563;610;619;638;669,64,1
879dd163-7588-45d1-9466-a5deabc59167,Is the scene taking place in a work environment?,No.,,5;8;28;29;33;54;56;59;68;69;74;75;78;81;84;91;93;97;99;101;103;104;106;113;115;117;119;124;128;140;157;223;252;253;257;263;315;324;332;339;341;343;356;375;376;377;408;410;412;413;416;418;420;422;424;425;447;505;509;514;563;610;638;669,64,1
879dd163-7588-45d1-9466-a5deabc59167,What is the main activity depicted in this video scene?,Reading a book on a tablet.,,28;33;56;59;68;69;74;81;84;91;93;97;101;103;104;106;113;115;117;119;140;157;252;253;257;263;315;375;408;413;420;424;425;505;610;726;727;743;748;752;760;763;764;774;779;786;790;799;813;814;818;819;825;830;834;837;845;850;851;852;857;862;869;892,64,1
879dd163-7588-45d1-9466-a5deabc59167,Where is this scene taking place?,Inside a house.,,5;28;33;56;68;69;74;81;84;97;101;103;104;106;113;115;117;119;140;157;252;253;257;263;315;375;413;420;424;425;505;610;722;726;727;743;748;752;760;763;764;766;774;779;786;790;799;813;814;818;819;825;830;834;837;843;845;850;851;852;857;862;869;892,64,1
879dd163-7588-45d1-9466-a5deabc59167,How is the reader positioned in this scenario?,Relaxed on a couch with feet up.,,5;16;28;33;54;56;59;68;69;74;84;91;93;97;101;103;104;106;113;115;117;119;140;157;252;253;257;263;315;375;408;413;420;424;425;563;610;726;727;748;751;752;760;763;764;774;779;786;790;799;805;813;814;818;825;830;834;837;845;850;851;852;862;869,64,1
879dd163-7588-45d1-9466-a5deabc59167,Can you describe the posture of the reader in this clip?,The reader is lying back with feet propped up.,,5;28;33;54;56;59;68;69;74;81;84;91;93;97;101;103;104;106;113;115;117;119;157;252;253;257;263;315;375;413;416;420;424;425;610;726;727;743;748;752;760;763;764;774;779;786;790;799;813;814;818;819;825;830;834;837;845;850;851;852;857;862;869;892,64,1
879dd163-7588-45d1-9466-a5deabc59167,What is the focal point of this particular frame?,The tablet displaying text.,,5;28;33;56;68;69;74;81;84;93;97;101;103;104;106;113;115;117;119;140;157;252;253;257;263;315;375;408;413;420;424;425;505;610;722;726;727;743;748;751;752;760;763;764;774;779;786;790;799;813;814;818;819;825;830;834;837;845;850;851;852;862;869;892,64,1
879dd163-7588-45d1-9466-a5deabc59167,What does the stillness of the frame indicate about the action?,It indicates a calm and stationary activity.,,5;28;33;56;68;69;74;81;84;93;97;101;103;104;106;113;115;117;119;157;252;253;257;263;315;375;408;413;420;424;425;505;610;638;722;726;727;743;748;751;752;760;763;764;770;774;779;786;790;799;813;814;818;819;825;830;837;845;850;851;852;862;869;892,64,1
879dd163-7588-45d1-9466-a5deabc59167,Does the video show any social interaction?,No.,,5;28;33;56;68;69;74;81;84;93;97;101;103;104;106;113;115;117;119;140;157;252;253;257;263;315;375;408;413;420;424;425;447;505;610;726;727;743;748;751;752;760;763;764;774;779;786;790;799;813;814;818;819;825;830;834;837;845;850;851;852;862;869;892,64,1
879dd163-7588-45d1-9466-a5deabc59167,Is the reader changing positions frequently in this clip?,No.,,5;28;33;56;59;68;69;74;81;84;93;97;101;103;104;106;113;115;117;119;157;252;253;257;263;315;375;408;413;420;424;425;447;610;638;722;726;727;743;748;751;752;760;763;764;774;779;786;790;799;813;814;818;819;825;830;837;845;850;851;852;862;869;892,64,1
879dd163-7588-45d1-9466-a5deabc59167,Does the environment indicate a public or private space?,A private space.,,5;28;33;56;68;69;74;81;84;93;97;101;103;104;106;113;115;117;119;140;157;252;253;257;263;315;375;413;420;424;425;505;610;726;727;735;743;748;752;760;763;764;766;774;779;786;790;799;813;814;818;825;830;834;837;843;845;850;851;852;857;862;869;892,64,1
879dd163-7588-45d1-9466-a5deabc59167,Does the reader make use of any physical book in the scene?,No.,,5;28;33;56;68;69;74;81;84;93;97;101;103;104;106;113;115;117;119;140;157;252;253;257;263;315;375;408;413;420;424;425;505;610;722;726;727;743;748;752;760;763;764;774;779;786;790;799;813;814;818;819;825;830;834;837;843;845;850;851;852;862;869;892,64,1
879dd163-7588-45d1-9466-a5deabc59167,Is there any indication of the reader being disturbed or interrupted?,No.,,5;28;33;56;59;68;69;74;81;84;91;93;97;101;103;104;106;113;115;117;119;157;252;253;257;263;315;375;413;416;420;424;425;447;610;722;726;727;743;748;751;752;760;763;764;774;779;786;790;799;813;814;818;825;830;834;837;845;850;851;852;862;869;892,64,1
879dd163-7588-45d1-9466-a5deabc59167,What does the video show in the indoor setting?,Someone sitting on a couch using a tablet.,,28;33;54;56;59;68;69;74;81;84;91;93;97;101;103;104;106;113;115;117;119;157;252;253;257;263;315;375;408;413;420;424;425;447;610;722;726;727;743;748;752;760;763;764;774;779;786;790;799;813;814;818;819;825;830;834;837;845;850;851;852;862;869;892,64,1
879dd163-7588-45d1-9466-a5deabc59167,Where is the person located in the video?,The person is on the couch inside a house.,,5;28;33;56;59;68;69;74;81;84;93;97;101;103;104;106;113;115;117;119;140;157;252;253;257;263;315;375;413;416;420;424;425;610;726;727;743;748;752;760;763;764;774;779;786;790;799;805;813;814;818;819;825;830;834;837;845;850;851;852;857;862;869;892,64,1
879dd163-7588-45d1-9466-a5deabc59167,How is the person positioned in this section of the video?,They are sitting with legs on the couch.,,5;28;33;54;56;59;68;69;74;81;84;91;93;97;101;103;104;106;113;115;117;119;140;157;252;253;257;263;315;375;408;413;420;424;425;505;610;726;727;751;752;760;763;764;774;779;786;790;799;805;813;814;818;825;830;834;837;845;850;851;852;862;869;892,64,1
879dd163-7588-45d1-9466-a5deabc59167,What is the person doing with their legs in the video?,They are moving their legs on the couch.,,5;28;33;54;56;59;68;69;74;81;84;93;97;101;103;104;106;113;115;117;119;157;252;253;257;263;315;375;413;416;420;424;425;610;722;726;727;743;748;752;760;763;764;774;779;786;790;799;813;814;818;819;825;830;834;837;845;850;851;852;857;862;869;892,64,1
879dd163-7588-45d1-9466-a5deabc59167,How is the tablet being utilized in the video?,The tablet is being held and read from.,,5;28;33;54;56;59;68;69;74;81;84;93;97;101;103;104;106;113;115;117;119;157;252;253;257;263;315;375;408;413;416;420;424;425;610;638;722;726;727;743;748;752;760;763;764;774;779;786;790;799;813;814;818;819;825;830;837;845;850;851;852;862;869;892,64,1
879dd163-7588-45d1-9466-a5deabc59167,Is the individual in the video eating?,No.,,5;28;33;56;59;68;69;74;81;84;93;97;101;103;104;106;113;115;117;119;157;252;253;257;263;315;375;408;413;416;420;424;425;447;610;722;726;727;743;748;752;760;763;764;774;779;786;790;799;813;814;818;819;825;830;834;837;845;850;851;852;862;869;892,64,1
879dd163-7588-45d1-9466-a5deabc59167,Does the video show the person lying down on the couch?,No.,,5;28;33;54;56;59;68;69;74;81;84;93;97;101;103;104;106;113;115;117;119;140;157;252;253;257;263;315;375;413;416;420;424;425;610;722;726;727;743;748;752;760;763;764;774;779;786;790;799;813;814;818;819;825;830;834;837;845;850;851;852;862;869;892,64,1
879dd163-7588-45d1-9466-a5deabc59167,Is there a pet visible in the video clip?,No.,,28;33;54;56;59;68;69;74;81;84;93;97;101;103;104;106;113;115;117;119;157;252;253;257;263;315;375;408;413;416;420;424;425;447;610;722;726;727;743;748;752;760;763;764;774;779;786;790;799;813;814;818;819;825;830;834;837;845;850;851;852;862;869;892,64,1
879dd163-7588-45d1-9466-a5deabc59167,Does the video depict any outdoor scenes?,No.,,5;28;33;56;59;68;69;74;81;84;93;97;101;103;104;106;113;115;117;119;140;157;252;253;257;263;315;375;408;413;416;420;424;425;447;610;722;726;727;743;748;751;752;760;763;764;774;779;786;790;799;813;814;818;825;830;834;837;845;850;851;852;862;869,64,1
879dd163-7588-45d1-9466-a5deabc59167,Is the person in the video talking on the phone?,No.,,5;28;33;54;56;59;68;69;74;81;84;93;97;101;103;104;106;113;115;117;119;157;252;253;257;263;315;375;408;413;416;420;424;425;610;722;726;727;743;748;752;760;763;764;774;779;786;790;799;813;814;818;819;825;830;834;837;845;850;851;852;862;869;892,64,1
879dd163-7588-45d1-9466-a5deabc59167,Did I sit on the couch before reading the book on the tablet?,Yes,,28;33;54;56;59;68;69;74;81;84;93;97;101;103;104;106;113;115;117;119;140;157;252;253;257;263;315;375;408;413;416;420;424;425;610;722;726;727;743;748;752;760;763;764;774;779;786;790;799;813;814;818;819;825;830;834;837;845;850;851;852;862;869;892,64,1
879dd163-7588-45d1-9466-a5deabc59167,Did I move my legs on the couch before using the tablet?,Yes,,28;33;54;56;59;68;69;74;81;84;93;97;101;103;104;106;113;115;117;119;140;157;252;253;257;263;315;375;408;413;416;420;424;425;610;722;726;727;743;748;751;752;760;763;764;774;779;786;790;799;813;814;818;825;830;834;837;845;850;851;852;862;869;892,64,1
879dd163-7588-45d1-9466-a5deabc59167,Was I in the house before I sat on the couch?,Yes,,28;33;54;56;68;69;74;81;84;93;97;101;103;104;106;113;115;117;119;157;252;253;257;263;315;375;408;413;416;420;424;425;610;722;726;727;743;748;752;760;763;764;770;774;779;786;790;799;813;814;818;819;825;830;834;837;845;850;851;852;857;862;869;892,64,1
879dd163-7588-45d1-9466-a5deabc59167,Did I use the tablet before moving my legs on the couch?,No,,28;33;54;56;59;68;69;74;81;84;93;97;101;103;104;106;113;115;117;119;140;157;252;253;257;263;315;375;408;413;416;420;424;425;610;722;726;727;743;748;751;752;760;763;764;774;779;786;790;799;813;814;818;825;830;834;837;845;850;851;852;862;869;892,64,1
879dd163-7588-45d1-9466-a5deabc59167,Was the tablet in my hands before I sat on the couch?,No,,28;33;54;56;59;68;69;74;81;84;93;97;101;103;104;106;113;115;117;119;157;252;253;257;263;315;375;413;416;420;424;425;447;610;722;726;727;743;748;752;760;763;764;770;774;779;786;790;799;813;814;818;819;825;830;834;837;845;850;851;852;862;869;892,64,1
879dd163-7588-45d1-9466-a5deabc59167,What happens just before I read the book on the tablet?,Sitting on the couch.,,28;33;54;56;59;68;69;74;81;84;93;97;101;103;104;106;113;115;117;119;157;252;253;257;263;315;375;408;413;420;424;425;447;610;722;726;727;743;748;752;760;763;764;770;774;779;786;790;799;813;814;818;819;825;830;834;837;845;850;851;852;862;869;892,64,1
879dd163-7588-45d1-9466-a5deabc59167,What setting is depicted in the provided video clip?,A person sitting on a couch in a house.,,5;28;33;56;59;68;69;74;81;84;91;93;97;101;103;104;106;113;115;117;119;157;252;253;257;263;315;375;408;413;420;424;425;447;610;722;726;727;743;748;752;760;763;764;774;779;786;790;799;813;814;818;819;825;830;834;837;845;850;851;852;862;869;892,64,1
879dd163-7588-45d1-9466-a5deabc59167,What furnishings are visible in the video?,"A couch, chair, and a dining area in the background.",,5;28;33;54;56;59;68;69;74;81;84;91;93;97;101;103;104;106;113;115;117;119;157;252;253;257;263;315;375;408;413;420;424;425;447;610;722;726;727;743;748;752;760;763;770;774;779;786;790;799;813;814;818;819;825;830;837;845;850;851;852;862;869;892,64,1
879dd163-7588-45d1-9466-a5deabc59167,Describe the atmosphere of the room shown in the video?,The room appears to be tidy and comfortably lit.,,5;28;33;54;56;59;68;69;74;81;84;93;97;101;103;104;106;113;115;117;119;157;252;253;257;263;315;375;408;413;416;420;424;425;610;726;727;743;748;751;752;760;763;764;774;779;786;790;799;813;814;818;819;825;830;834;837;845;850;851;852;862;869;892,64,1
879dd163-7588-45d1-9466-a5deabc59167,Describe the posture of the individual in the video?,They are seated with their legs up on the couch.,,5;28;33;54;56;59;68;69;74;81;84;93;97;101;103;104;106;113;115;117;119;157;252;253;257;263;315;375;408;413;416;420;424;425;610;726;727;743;748;751;752;760;763;764;774;779;786;790;799;813;814;818;819;825;830;834;837;845;850;851;852;862;869;892,64,1
879dd163-7588-45d1-9466-a5deabc59167,Can you summarize the person's behavior in the video?,They are relaxing and using an electronic device.,,5;28;33;54;56;59;68;69;74;81;84;91;93;97;101;103;104;106;113;115;117;119;157;252;253;257;263;315;375;408;413;420;424;425;610;722;726;727;743;748;752;760;763;764;774;779;786;790;799;813;814;818;819;825;830;834;837;845;850;851;852;862;869;892,64,1
879dd163-7588-45d1-9466-a5deabc59167,Is there any noticeable movement or gesture in the video?,The person raised their hands at some point.,,5;28;33;54;56;59;68;69;74;81;84;91;93;97;101;103;104;106;113;115;117;119;157;252;253;257;263;315;375;408;413;416;420;424;425;447;610;638;722;726;727;743;748;751;752;760;763;774;779;786;790;799;813;814;818;819;825;830;837;845;850;851;852;869,64,1
879dd163-7588-45d1-9466-a5deabc59167,Did the person in the video adjust their position on the couch?,Not shown in the given frame.,,5;28;33;54;56;59;68;69;74;81;84;93;97;101;103;104;106;113;115;117;119;157;252;253;257;263;315;375;408;413;416;420;424;425;610;722;726;727;743;748;751;752;760;763;764;774;779;786;790;799;813;814;818;825;830;834;837;845;850;851;852;862;869;892,64,1
879dd163-7588-45d1-9466-a5deabc59167,Is the individual in the video communicating with someone else?,"No, not visibly.",,5;28;33;54;56;59;68;69;74;81;84;93;97;101;103;104;106;113;115;117;119;157;252;253;257;263;315;375;408;413;416;420;424;425;610;638;726;727;743;748;752;760;763;764;774;779;786;790;799;813;814;818;819;825;830;834;837;845;850;851;852;862;869;892,64,1
879dd163-7588-45d1-9466-a5deabc59167,Does the video indicate that the person is multitasking?,"No, they appear focused on the tablet.",,5;28;33;56;59;68;69;74;81;84;93;97;101;103;104;106;113;115;117;119;157;252;253;257;263;315;375;408;413;416;420;424;425;610;722;726;727;743;748;751;752;760;763;764;774;779;786;790;799;813;814;818;819;825;830;834;837;845;850;851;852;862;869;892,64,1
879dd163-7588-45d1-9466-a5deabc59167,Is the person standing up at any point in the video?,"No, they are seated throughout.",,28;33;54;56;59;68;69;74;81;84;93;97;101;103;104;106;113;115;117;119;157;252;253;257;263;315;375;408;413;420;424;425;610;722;726;727;743;748;751;752;760;763;764;770;774;779;786;790;799;813;814;818;819;825;830;834;837;845;850;851;852;862;869;892,64,1
879dd163-7588-45d1-9466-a5deabc59167,Did I move my legs on the couch before using the tablet?,Yes,,28;33;54;56;59;68;69;74;81;84;93;97;101;103;104;106;113;115;117;119;140;157;252;253;257;263;315;375;408;413;416;420;424;425;610;722;726;727;743;748;751;752;760;763;764;774;779;786;790;799;813;814;818;825;830;834;837;845;850;851;852;862;869;892,64,1
879dd163-7588-45d1-9466-a5deabc59167,Did I raise my hands before sitting on the couch?,No,,28;33;54;56;59;68;69;74;81;84;91;93;97;101;103;104;106;113;115;117;119;140;157;252;253;257;263;315;375;408;413;420;424;425;610;722;726;727;743;748;751;752;760;763;764;774;779;786;790;799;813;814;818;825;830;834;837;845;850;851;852;862;869;892,64,1
879dd163-7588-45d1-9466-a5deabc59167,Was I sitting on the couch before raising my hands?,Yes,,28;33;54;56;59;68;69;74;81;84;93;97;101;103;104;106;113;115;117;119;157;252;253;257;263;315;375;408;413;416;420;424;425;610;722;726;727;743;748;752;760;763;764;770;774;779;786;790;799;813;814;818;819;825;830;834;837;845;850;851;852;862;869;892,64,1
879dd163-7588-45d1-9466-a5deabc59167,Did I use the tablet after sitting on the couch?,Yes,,28;33;54;56;59;68;69;74;81;84;93;97;101;103;104;106;113;115;117;119;140;157;252;253;257;263;315;375;408;413;416;420;424;425;610;722;726;727;748;752;760;763;764;774;779;786;790;799;813;814;818;819;825;830;834;837;845;850;851;852;857;862;869;892,64,1
879dd163-7588-45d1-9466-a5deabc59167,What did I do just before using the tablet in the house?,Sat on the couch,,5;28;33;54;56;68;69;74;81;84;93;97;101;103;104;106;113;115;117;119;157;252;253;257;263;315;375;408;413;420;424;425;610;638;722;726;727;743;748;752;760;763;764;770;774;779;786;790;799;813;814;818;819;825;830;834;837;845;850;851;852;862;869;892,64,1
879dd163-7588-45d1-9466-a5deabc59167,What did I do just before raising my hands?,Used the tablet,,28;33;54;56;68;69;74;81;84;91;93;97;101;103;104;106;113;115;117;119;157;252;253;257;263;315;375;408;413;420;424;425;610;638;722;726;727;743;748;752;760;763;764;770;774;779;786;790;799;813;814;818;819;825;830;834;837;845;850;851;852;862;869;892,64,1
879dd163-7588-45d1-9466-a5deabc59167,Is the tablet used after sitting on the couch as shown in the clip?,Yes,,28;33;54;56;59;68;69;74;81;84;93;97;101;103;104;106;113;115;117;119;157;252;253;257;263;315;375;408;413;416;420;424;425;610;722;726;727;743;748;751;752;760;763;764;774;779;786;790;799;813;814;818;819;825;830;834;837;845;850;851;852;862;869;892,64,1
879dd163-7588-45d1-9466-a5deabc59167,"In the video, is the tablet picked up before legs are placed on the couch?",Yes,,28;33;54;56;59;68;69;74;81;84;93;97;101;103;104;106;113;115;117;119;157;252;253;257;263;315;375;408;413;416;420;424;425;610;722;726;727;748;751;752;760;763;764;774;779;786;790;799;813;814;818;819;825;830;834;837;845;850;851;852;857;862;869;892,64,1
879dd163-7588-45d1-9466-a5deabc59167,Does sitting on the couch happen after raising hands in the sequence?,No,,28;33;54;56;59;68;69;74;81;84;93;97;101;103;104;106;113;115;117;119;157;252;253;257;263;315;375;408;413;420;424;425;610;638;722;726;727;743;748;751;752;760;763;764;774;779;786;790;799;813;814;818;819;825;830;834;837;845;850;851;852;862;869;892,64,1
879dd163-7588-45d1-9466-a5deabc59167,What is the setting of the video clip?,The setting is inside a house.,,28;33;54;56;59;68;69;74;81;84;91;93;97;101;103;104;106;113;115;117;119;157;252;253;257;263;315;375;408;413;420;424;425;505;610;726;727;743;748;751;752;760;763;764;774;779;786;790;799;813;814;818;819;825;830;834;837;845;850;851;852;862;869;892,64,1
879dd163-7588-45d1-9466-a5deabc59167,Where is the person situated in this scene?,The person is sitting on the couch.,,5;28;33;56;59;68;69;74;81;84;93;97;101;103;104;106;113;115;117;119;140;157;252;253;257;263;315;375;413;420;424;425;505;610;726;727;743;748;752;760;763;764;774;779;786;790;799;805;813;814;818;825;830;834;837;843;845;850;851;852;857;862;869;892,64,1
879dd163-7588-45d1-9466-a5deabc59167,What object is the person interacting with?,The person is holding and using a tablet.,,5;28;33;56;59;68;69;74;81;84;91;93;97;101;103;104;106;113;115;117;119;140;157;252;253;257;263;315;375;413;420;424;425;505;610;726;727;743;748;752;760;763;764;766;774;779;786;790;799;813;814;818;825;830;834;837;845;850;851;852;857;862;869;892,64,1
879dd163-7588-45d1-9466-a5deabc59167,Describe the person's posture in the video.,The person is reclined with feet up on the couch.,,5;28;33;56;59;68;69;74;81;84;91;93;97;101;103;104;106;113;115;117;119;157;252;253;257;263;315;375;413;416;420;424;425;447;610;722;726;727;743;748;752;760;763;764;774;779;786;790;799;813;814;818;819;825;830;834;837;845;850;851;852;862;869;892,64,1
879dd163-7588-45d1-9466-a5deabc59167,Is the person reading a book on the tablet?,Yes.,,5;28;33;56;68;69;74;81;84;93;97;101;103;104;106;113;115;117;119;140;157;252;253;257;263;315;375;413;416;420;424;425;447;610;722;726;727;743;748;752;760;763;764;770;774;779;786;790;799;813;814;818;819;825;830;834;837;845;850;851;852;862;869;892,64,1
879dd163-7588-45d1-9466-a5deabc59167,Does the scene show an interaction with digital technology?,Yes.,,5;28;33;54;56;59;68;69;74;81;84;93;97;101;103;104;106;113;115;117;119;140;157;252;253;257;263;315;375;408;413;420;424;425;505;610;722;726;727;748;752;760;763;764;774;779;786;790;799;813;814;818;825;830;834;837;845;850;851;852;857;862;869;892,64,1
879dd163-7588-45d1-9466-a5deabc59167,Is the individual standing while using the tablet?,No.,,5;28;33;56;59;68;69;74;81;84;93;97;101;103;104;106;113;115;117;119;140;157;252;253;257;263;315;375;408;413;420;424;425;610;722;726;727;743;748;751;752;760;763;770;774;779;786;790;799;813;814;818;819;825;830;834;837;845;850;851;852;862;869;892,64,1
879dd163-7588-45d1-9466-a5deabc59167,Has the person positioned themselves comfortably for tablet use?,Yes.,,5;28;33;54;56;59;68;69;74;81;84;93;97;101;103;104;106;113;115;117;119;140;157;252;253;257;263;315;375;408;413;416;420;424;425;447;610;722;726;727;748;751;752;760;763;764;774;779;786;790;799;813;814;818;825;830;834;837;845;850;851;852;862;869,64,1
879dd163-7588-45d1-9466-a5deabc59167,Does the video show the person watching TV?,No.,,5;28;33;56;68;69;74;81;84;93;97;101;103;104;106;113;115;117;119;140;157;252;253;257;263;315;375;408;413;420;424;425;447;610;722;726;727;743;748;751;752;760;763;764;774;779;786;790;799;813;814;818;819;825;830;834;837;845;850;851;852;862;869;892,64,1
879dd163-7588-45d1-9466-a5deabc59167,"In the video, did I use the tablet before sitting on the couch?",No,,28;33;54;56;59;68;69;74;81;84;93;97;101;103;104;106;113;115;117;119;140;157;252;253;257;263;315;375;408;413;420;424;425;610;722;726;727;743;748;752;760;763;764;770;774;779;786;790;799;813;814;818;819;825;830;834;837;845;850;851;852;862;869;892,64,1
879dd163-7588-45d1-9466-a5deabc59167,Did I raise my hands before holding the tablet?,No,,28;33;56;68;69;74;81;84;93;97;101;103;104;106;113;115;117;119;140;157;252;253;257;263;315;375;408;413;420;424;425;447;505;610;722;726;727;743;748;751;752;760;763;764;774;779;786;790;799;813;814;818;819;825;830;834;837;845;850;851;852;862;869;892,64,1
879dd163-7588-45d1-9466-a5deabc59167,"In the video, was I already seated on the couch before using the tablet?",Yes,,5;28;33;54;56;59;68;69;74;81;84;93;97;101;103;104;106;113;115;117;119;157;252;253;257;263;315;375;408;413;416;420;424;425;610;722;726;727;743;748;752;760;763;764;774;779;786;790;799;813;814;818;819;825;830;834;837;845;850;851;852;862;869;892,64,1
879dd163-7588-45d1-9466-a5deabc59167,Was the tablet in my hand before I used it?,Yes,,28;33;56;68;69;74;81;84;93;97;101;103;104;106;113;115;117;119;140;157;252;253;257;263;315;375;413;416;420;424;425;505;610;722;726;727;743;748;752;760;763;764;770;774;779;786;790;799;813;814;818;819;825;830;834;837;845;850;851;852;857;862;869;892,64,1
879dd163-7588-45d1-9466-a5deabc59167,What occurs just before I hold the tablet in the video?,I sit on the couch,,28;33;54;56;59;68;69;74;81;84;93;97;101;103;104;106;113;115;117;119;157;252;253;257;263;315;375;408;413;420;424;425;610;638;722;726;727;743;748;752;760;763;764;770;774;779;786;790;799;813;814;818;819;825;830;834;837;845;850;851;852;862;869;892,64,1
879dd163-7588-45d1-9466-a5deabc59167,What action takes place before using the tablet?,I hold the tablet,,5;28;33;56;68;69;74;81;84;93;97;101;103;104;106;113;115;117;119;140;157;252;253;257;263;315;375;408;413;420;424;425;505;610;722;726;727;743;748;752;760;763;764;770;774;779;786;790;799;813;814;818;819;825;830;834;837;845;850;851;852;862;869;892,64,1
879dd163-7588-45d1-9466-a5deabc59167,"In the video, did I move my legs on the couch before using the tablet?",Yes,,28;33;54;56;59;68;69;74;81;84;93;97;101;103;104;106;113;115;117;119;140;157;252;253;257;263;315;375;408;413;420;424;425;610;722;726;727;743;748;751;752;760;763;764;774;779;786;790;799;813;814;818;819;825;830;834;837;845;850;851;852;862;869;892,64,1
879dd163-7588-45d1-9466-a5deabc59167,"In the video, is the tablet held before raising hands?",Yes,,28;33;54;56;59;68;69;74;81;84;93;97;101;103;104;106;113;115;117;119;157;252;253;257;263;315;375;408;413;420;424;425;505;610;722;726;727;743;748;752;760;763;764;770;774;779;786;790;799;813;814;818;819;825;830;834;837;845;850;851;852;862;869;892,64,1
879dd163-7588-45d1-9466-a5deabc59167,"In the video, does sitting on the couch happen before moving legs on the couch?",Yes,,28;33;54;56;59;68;69;74;81;84;93;97;101;103;104;106;113;115;117;119;157;252;253;257;263;315;375;408;413;416;420;424;425;610;638;722;726;727;743;748;751;752;760;763;770;774;779;786;790;799;813;814;818;819;825;830;834;837;845;850;851;852;869;892,64,1
879dd163-7588-45d1-9466-a5deabc59167,What happens before I use the tablet in the video?,I sit on the couch and move my legs,,28;33;54;56;59;68;69;74;81;84;93;97;101;103;104;106;113;115;117;119;157;252;253;257;263;315;375;408;413;420;424;425;610;638;722;726;727;743;748;752;760;763;764;770;774;779;786;790;799;813;814;818;819;825;830;834;837;845;850;851;852;862;869;892,64,1
879dd163-7588-45d1-9466-a5deabc59167,What action is performed just before raising hands in the video?,Using the tablet,,28;33;54;56;68;69;74;81;84;93;97;101;103;104;106;113;115;117;119;157;252;253;257;263;315;375;408;413;420;424;425;505;610;638;722;726;727;743;748;752;760;763;764;770;774;779;786;790;799;813;814;818;819;825;830;834;837;845;850;851;852;862;869;892,64,1
879dd163-7588-45d1-9466-a5deabc59167,What do I do right before moving my legs on the couch?,I sit on the couch,,28;33;54;56;59;68;69;74;81;84;93;97;101;103;104;106;113;115;117;119;157;252;253;257;263;315;375;408;413;416;420;424;425;610;638;722;726;727;743;748;751;752;760;763;770;774;779;786;790;799;813;814;818;819;825;830;837;845;850;851;852;862;869;892,64,1
879dd163-7588-45d1-9466-a5deabc59167,"In the video, what takes place prior to holding the tablet?",I sit on the couch,,28;33;54;56;59;68;69;74;81;84;93;97;101;103;104;106;113;115;117;119;140;157;252;253;257;263;315;375;408;413;420;424;425;610;722;726;727;743;748;752;760;763;764;770;774;779;786;790;799;813;814;818;819;825;830;834;837;845;850;851;852;862;869;892,64,1
879dd163-7588-45d1-9466-a5deabc59167,What is the depicted scenario in this video frame?,A person sitting on a couch using a tablet.,,5;28;33;54;56;59;68;69;74;84;91;93;97;101;103;104;106;113;115;117;119;140;157;252;253;257;263;315;375;408;413;420;424;425;610;722;726;727;743;748;752;760;763;764;774;779;786;790;799;813;814;818;819;825;830;834;837;845;850;851;852;862;869;892,64,1
879dd163-7588-45d1-9466-a5deabc59167,Can you summarize the environment in the video clip?,The environment is a cozy living room with a person on the couch.,,28;33;54;56;59;68;69;74;81;84;91;93;97;101;103;104;106;113;115;117;119;157;252;253;257;263;315;375;408;413;420;424;425;610;722;726;727;743;748;751;752;760;763;764;774;779;786;790;799;813;814;818;819;825;830;834;837;845;850;851;852;862;869;892,64,1
879dd163-7588-45d1-9466-a5deabc59167,Offer a caption for the ongoing activity in the video?,Enjoying digital content from the comfort of the couch.,,28;33;54;56;59;68;69;74;81;84;93;97;101;103;104;106;113;115;117;119;157;252;253;257;263;315;375;408;413;416;420;424;425;610;722;726;727;743;748;752;760;763;764;774;779;786;790;799;813;814;818;819;825;830;834;837;845;850;851;852;857;862;869;892,64,1
879dd163-7588-45d1-9466-a5deabc59167,Is the person in the video standing up?,No.,,5;28;33;54;56;59;68;69;74;81;84;93;97;101;103;104;106;113;115;117;119;157;252;253;257;263;315;375;408;413;420;424;425;610;722;726;727;743;748;752;760;763;764;770;774;779;786;790;799;813;814;818;819;825;830;834;837;845;850;851;852;862;869;892,64,1
879dd163-7588-45d1-9466-a5deabc59167,Does the video capture the individual walking around?,No.,,5;28;33;56;68;69;74;81;84;93;97;101;103;104;106;113;115;117;119;140;157;252;253;257;263;315;375;408;413;420;424;425;447;610;638;722;726;727;743;748;751;752;760;763;764;774;779;786;790;799;813;814;818;819;825;830;837;845;850;851;852;862;869;892,64,1
879dd163-7588-45d1-9466-a5deabc59167,Is there a group of people in the video clip?,No.,,5;28;33;56;68;69;74;81;84;93;97;101;103;104;106;113;115;117;119;157;252;253;257;263;315;375;408;413;416;420;424;425;447;610;638;722;726;727;743;748;752;760;763;764;774;779;786;790;799;813;814;818;819;825;830;834;837;845;850;851;852;862;869;892,64,1
879dd163-7588-45d1-9466-a5deabc59167,Does the frame show the person cooking in the kitchen?,No.,,28;33;54;56;59;68;69;74;81;84;93;97;101;103;104;106;113;115;117;119;140;157;252;253;257;263;315;375;408;413;416;420;424;425;610;722;726;727;743;748;751;752;760;763;764;774;779;786;790;799;813;814;818;825;830;834;837;845;850;851;852;862;869;892,64,1
879dd163-7588-45d1-9466-a5deabc59167,Is the person in the video engaging in a conversation?,No.,,5;28;33;54;56;59;68;69;74;81;84;93;97;101;103;104;106;113;115;117;119;140;157;252;253;257;263;315;375;408;413;420;424;425;610;722;726;727;743;748;752;760;763;764;774;779;786;790;799;813;814;818;819;825;830;834;837;845;850;851;852;862;869;892,64,1
879dd163-7588-45d1-9466-a5deabc59167,Did I sit on the couch before using the tablet?,Yes.,,28;33;54;56;59;68;69;74;81;84;93;97;101;103;104;106;113;115;117;119;140;157;252;253;257;263;315;375;408;413;416;420;424;425;610;722;726;727;748;751;752;760;763;764;774;779;786;790;799;813;814;818;819;825;830;834;837;845;850;851;852;862;869;892,64,1
879dd163-7588-45d1-9466-a5deabc59167,Did I hold the tablet before sitting on the couch?,No.,,28;33;54;56;59;68;69;74;81;84;93;97;101;103;104;106;113;115;117;119;140;157;252;253;257;263;315;375;408;413;416;420;424;425;610;722;726;727;743;748;751;752;760;763;764;774;779;786;790;799;813;814;818;825;830;834;837;845;850;851;852;862;869;892,64,1
879dd163-7588-45d1-9466-a5deabc59167,Did I sit down after picking up the tablet?,Yes.,,28;33;54;56;59;68;69;74;81;84;91;93;97;101;103;104;106;113;115;117;119;140;157;252;253;257;263;315;375;408;413;420;424;425;505;610;722;726;727;748;752;760;763;764;774;779;786;790;799;813;814;818;819;825;830;834;837;845;850;851;852;862;869;892,64,1
879dd163-7588-45d1-9466-a5deabc59167,"In the video, what do I do just before sitting on the couch?",There is no information on actions prior.,,28;33;54;56;59;68;69;74;81;84;91;93;97;101;103;104;106;113;115;117;119;157;252;253;257;263;315;375;408;413;420;424;425;610;638;722;726;727;743;751;752;760;763;770;774;779;786;790;799;813;814;818;819;825;830;834;837;845;850;851;852;862;869;892,64,1
879dd163-7588-45d1-9466-a5deabc59167,"In the sequence, what happens before I use the tablet?",I hold the tablet.,,28;33;54;56;59;68;69;74;81;84;93;97;101;103;104;106;113;115;117;119;140;157;252;253;257;263;315;375;408;413;420;424;425;505;610;726;727;743;751;752;760;763;764;770;774;779;786;790;799;813;814;818;819;825;830;834;837;845;850;851;852;862;869;892,64,1
879dd163-7588-45d1-9466-a5deabc59167,Does the action of sitting on the couch happen before using the tablet?,Yes,,5;28;33;54;56;59;68;69;74;81;84;93;97;101;103;104;106;113;115;117;119;157;252;253;257;263;315;375;408;413;416;420;424;425;610;722;726;727;743;748;751;752;760;763;764;774;779;786;790;799;813;814;818;825;830;834;837;845;850;851;852;862;869;892,64,1
879dd163-7588-45d1-9466-a5deabc59167,Does raising hands occur before sitting on the couch?,No,,28;33;54;56;59;68;69;74;81;84;93;97;101;103;104;106;113;115;117;119;157;252;253;257;263;315;375;408;413;420;424;425;610;638;722;726;727;743;748;751;752;760;763;764;770;774;779;786;790;799;813;814;818;819;825;830;837;845;850;851;852;862;869;892,64,1
879dd163-7588-45d1-9466-a5deabc59167,Is using the tablet done after sitting on the couch?,Yes,,28;33;54;56;59;68;69;74;81;84;91;93;97;101;103;104;106;113;115;117;119;157;252;253;257;263;315;375;408;413;416;420;424;425;610;722;726;727;743;748;752;760;763;770;774;779;786;790;799;813;814;818;819;825;830;834;837;845;850;851;852;862;869;892,64,1
879dd163-7588-45d1-9466-a5deabc59167,What happens before using the tablet?,Sitting on the couch and holding the tablet,,5;28;33;56;59;68;69;74;81;84;93;97;101;103;104;106;113;115;117;119;140;157;252;253;257;263;315;375;408;413;420;424;425;610;722;726;727;743;748;752;760;763;764;770;774;779;786;790;799;813;814;818;819;825;830;834;837;845;850;851;852;862;869;892,64,1
879dd163-7588-45d1-9466-a5deabc59167,What occurs just before raising hands?,Using the tablet,,28;33;54;56;59;68;69;74;81;84;93;97;101;103;104;106;113;115;117;119;157;252;253;257;263;315;375;408;413;420;424;425;610;638;722;726;727;743;748;752;760;763;764;770;774;779;786;790;799;813;814;818;819;825;830;834;837;845;850;851;852;862;869;892,64,1
cbfeb6c8-ec1f-4884-bcbf-14d7764c4a36,What environment surrounds the individual in the video?,An apartment setting.,,3;5;7;9;11;14;15;16;19;20;21;26;27;29;31;32;35;37;39;41;42;44;47;49;51;53;55;57;58;61;62;70;73;74;77;82;85;87;89;91;94;96;99;100;104;108;109;113;114;118;119;120;121;124;127;131;132;133;136;137;141;143;144;145,64,1
cbfeb6c8-ec1f-4884-bcbf-14d7764c4a36,What activity is taking place in this particular setting?,Writing in a book with a pen.,,3;5;7;9;11;14;15;16;19;20;21;26;27;29;31;32;35;37;39;41;42;44;47;49;51;53;55;57;58;61;62;70;73;74;77;82;85;87;89;91;94;96;99;100;104;108;109;113;114;118;119;120;121;124;127;131;132;133;136;137;141;143;144;145,64,1
cbfeb6c8-ec1f-4884-bcbf-14d7764c4a36,Was the person depicted cooking in the kitchen?,No.,,3;5;7;9;11;14;15;16;19;20;21;26;27;29;31;32;35;37;39;41;42;44;47;49;51;53;55;57;58;61;62;64;70;73;74;77;82;85;87;89;91;94;96;99;100;104;109;113;114;118;119;120;121;124;127;131;132;133;136;137;141;143;144;145,64,1
cbfeb6c8-ec1f-4884-bcbf-14d7764c4a36,Did any outdoor activity occur in this video?,No.,,3;5;7;9;11;14;15;16;19;20;21;26;27;29;31;32;35;37;39;41;42;44;47;49;51;53;55;57;58;61;62;70;73;74;77;82;85;87;89;91;94;96;99;100;104;108;109;113;114;118;119;120;121;124;127;131;132;133;136;137;141;143;144;145,64,1
cbfeb6c8-ec1f-4884-bcbf-14d7764c4a36,Was the individual standing while performing the task?,No.,,3;5;7;9;11;14;15;16;19;20;21;26;27;29;31;32;35;37;39;41;42;44;47;49;51;53;55;57;58;61;62;70;73;74;77;82;85;87;89;91;94;96;99;100;104;108;109;113;114;118;119;120;121;124;127;131;132;133;136;137;141;143;144;145,64,1
cbfeb6c8-ec1f-4884-bcbf-14d7764c4a36,Is there any verbal communication happening in this scene?,No.,,3;5;7;9;11;14;15;16;19;20;21;26;27;29;31;32;35;37;39;41;42;44;47;49;51;53;55;57;58;61;62;70;73;74;77;82;85;87;89;91;94;96;99;100;104;108;109;113;114;118;119;120;121;124;127;131;132;133;136;137;141;143;144;145,64,1
cbfeb6c8-ec1f-4884-bcbf-14d7764c4a36,Does the video show someone reading a book?,No.,,3;5;7;9;11;14;15;16;19;20;21;26;27;29;31;32;35;37;39;41;42;44;47;49;51;53;55;57;58;61;62;70;73;74;77;82;85;87;89;91;94;96;99;100;104;108;109;113;114;118;119;120;121;124;127;131;132;133;136;137;141;143;144;145,64,1
cbfeb6c8-ec1f-4884-bcbf-14d7764c4a36,What location is shown in the video?,A room with a table.,,3;7;9;11;14;15;16;19;26;27;29;31;32;35;37;39;41;42;47;53;55;57;58;70;73;77;82;96;100;104;109;113;118;119;120;127;132;136;137;143;144;157;161;187;189;197;207;208;209;213;215;216;225;231;232;237;239;241;244;246;255;263;264;270,64,1
cbfeb6c8-ec1f-4884-bcbf-14d7764c4a36,What activity is being done in the clip?,Writing in a notebook.,,3;7;9;11;14;15;16;19;26;27;29;31;32;35;37;39;41;42;44;47;49;53;55;57;58;70;73;77;82;96;100;104;109;113;118;119;120;127;136;137;143;144;157;161;189;197;207;208;209;213;215;216;225;231;232;237;239;241;244;246;255;263;264;270,64,1
cbfeb6c8-ec1f-4884-bcbf-14d7764c4a36,What object is being used to write?,A pen.,,3;7;9;11;14;15;16;19;26;27;29;31;32;35;37;39;41;42;44;47;49;53;55;57;58;70;73;77;82;96;104;109;113;118;119;120;127;136;137;141;143;144;157;161;189;197;207;208;209;213;215;216;225;231;232;237;239;241;244;246;255;263;264;270,64,1
cbfeb6c8-ec1f-4884-bcbf-14d7764c4a36,What item is on the table besides the notebook?,Opened books.,,3;7;9;11;14;15;16;19;26;27;29;31;32;35;37;39;41;42;47;53;55;57;58;70;73;77;82;96;100;104;109;113;118;119;120;127;136;137;143;144;157;161;187;189;197;207;208;209;213;215;216;225;231;232;237;239;241;244;246;255;256;263;264;270,64,1
cbfeb6c8-ec1f-4884-bcbf-14d7764c4a36,Is the notebook on a flat surface?,"Yes, on a table.",,3;7;9;11;14;15;16;19;26;27;29;31;32;35;37;39;41;42;47;53;55;57;58;70;73;77;82;96;100;104;109;113;118;119;120;127;136;137;143;144;157;161;187;189;197;207;208;209;213;215;216;225;231;232;237;239;241;244;246;255;256;263;264;270,64,1
cbfeb6c8-ec1f-4884-bcbf-14d7764c4a36,What color is the pen being used?,Blue.,,3;7;9;11;14;15;16;19;26;27;29;31;32;35;37;39;41;42;44;47;49;53;55;57;58;70;73;77;82;96;100;104;113;118;119;120;127;136;137;143;144;157;161;187;189;197;207;208;209;213;215;216;225;231;232;237;239;241;244;246;255;263;264;270,64,1
cbfeb6c8-ec1f-4884-bcbf-14d7764c4a36,Is the person using both hands to write?,"Yes, one to hold and one to write.",,3;7;9;11;14;15;16;19;26;27;29;31;32;35;37;39;41;42;47;49;53;55;57;58;70;73;77;82;96;100;104;109;113;118;119;120;127;136;137;141;143;144;157;161;189;197;207;208;209;213;215;216;225;231;232;237;239;241;244;246;255;263;264;270,64,1
cbfeb6c8-ec1f-4884-bcbf-14d7764c4a36,Has the pen made contact with the paper?,Yes.,,3;7;9;11;14;15;16;19;26;27;29;31;32;35;37;39;41;42;47;49;53;55;57;58;70;73;77;82;96;100;104;109;113;118;119;120;127;136;137;143;144;157;161;187;189;197;207;208;209;213;215;216;225;231;232;237;239;241;244;246;255;263;264;270,64,1
cbfeb6c8-ec1f-4884-bcbf-14d7764c4a36,Is there a book on the table?,Yes.,,3;7;9;11;14;15;16;19;26;27;29;31;32;35;37;39;41;42;47;53;55;57;58;70;73;77;82;96;100;104;109;113;118;119;120;127;136;137;141;143;144;157;161;187;189;197;207;208;209;213;215;216;225;231;232;237;239;241;244;246;255;263;264;270,64,1
cbfeb6c8-ec1f-4884-bcbf-14d7764c4a36,"In the video, do I flip the book page before writing on it?",No,,3;7;9;11;14;15;16;19;26;27;29;31;32;35;37;39;41;42;47;53;55;57;58;70;73;77;82;96;100;104;109;113;118;119;120;127;136;137;141;143;144;157;161;187;189;197;207;208;209;213;215;216;225;231;232;237;239;241;244;246;255;263;264;270,64,1
cbfeb6c8-ec1f-4884-bcbf-14d7764c4a36,"In the video, do I write with a pen after sitting at the table?",Yes,,3;7;9;11;14;15;16;19;26;27;29;31;32;35;37;39;41;42;47;53;55;57;58;70;73;77;82;96;100;104;109;113;118;119;120;127;136;137;141;143;144;157;161;187;189;197;207;208;209;213;215;216;225;231;232;237;239;241;244;246;255;263;264;270,64,1
cbfeb6c8-ec1f-4884-bcbf-14d7764c4a36,Does the writing occur before closing the notebook?,Yes,,3;7;9;11;14;15;16;19;26;27;29;31;32;35;37;39;41;42;47;53;55;57;58;70;73;77;82;96;100;104;109;113;118;119;120;127;136;137;143;144;157;161;187;189;197;207;208;209;213;215;216;225;231;232;237;239;241;244;246;255;256;263;264;270,64,1
cbfeb6c8-ec1f-4884-bcbf-14d7764c4a36,Do I start writing before opening the book?,No,,3;7;9;11;14;15;16;19;26;27;29;31;32;35;37;39;41;42;44;47;53;55;57;58;70;73;77;82;96;100;104;113;118;119;120;127;132;136;137;141;143;144;157;161;189;197;207;208;209;213;215;216;225;231;232;237;239;241;244;246;255;263;264;270,64,1
cbfeb6c8-ec1f-4884-bcbf-14d7764c4a36,"Before closing the notebook, what event occurs in the video?",Writing on it,,3;7;9;11;14;15;16;19;26;27;29;31;32;35;37;39;41;42;47;53;55;57;58;70;73;77;82;96;100;104;109;113;118;119;120;127;136;137;141;143;144;157;161;187;189;197;207;208;209;213;215;216;225;231;232;237;239;241;244;246;255;263;264;270,64,1
cbfeb6c8-ec1f-4884-bcbf-14d7764c4a36,What is done prior to sitting at the table in the video?,Entering the room,,3;7;9;11;14;15;16;19;26;27;29;31;32;35;37;39;41;42;47;49;53;55;57;58;70;73;77;82;96;100;104;109;113;118;119;120;127;136;137;141;143;144;157;161;189;197;207;208;209;213;215;216;225;231;232;237;239;241;244;246;255;263;264;270,64,1
cbfeb6c8-ec1f-4884-bcbf-14d7764c4a36,What is the setting of the scene in the video clip?,In an apartment.,,3;7;9;11;16;19;27;29;31;32;35;37;39;41;42;47;53;55;57;58;73;77;82;96;104;113;118;120;127;136;137;143;144;157;161;189;207;208;215;225;231;232;237;239;241;244;255;263;264;270;285;290;305;343;355;356;368;396;411;412;414;417;424;427,64,1
cbfeb6c8-ec1f-4884-bcbf-14d7764c4a36,Who is present in this clip?,A woman writing and another woman interacting with her.,,3;7;9;11;16;19;27;29;31;32;35;37;39;41;42;47;53;55;57;58;73;77;82;96;104;113;118;120;127;136;137;143;144;157;161;189;197;207;208;215;225;231;232;237;241;244;255;263;264;270;285;290;305;343;355;356;368;396;411;412;414;417;424;427,64,1
cbfeb6c8-ec1f-4884-bcbf-14d7764c4a36,What objects are noticeable in the video?,A book and a pen.,,3;7;9;11;16;19;27;29;31;32;35;37;39;41;42;47;53;55;57;58;77;82;96;104;113;118;120;127;136;137;143;144;157;161;189;197;207;208;215;225;231;232;237;239;241;244;255;263;264;270;285;290;305;343;355;356;368;396;411;412;414;417;424;427,64,1
cbfeb6c8-ec1f-4884-bcbf-14d7764c4a36,What activities are being performed?,Writing in a book and interacting.,,3;7;9;11;16;19;27;29;31;32;35;37;39;41;42;47;53;55;57;58;73;77;82;96;104;113;118;119;120;127;136;137;143;144;157;161;189;207;208;215;225;231;232;237;241;244;255;263;264;270;285;290;305;343;355;356;368;396;411;412;414;417;424;427,64,1
cbfeb6c8-ec1f-4884-bcbf-14d7764c4a36,How can we describe the movement in the clip?,Gentle and focused on writing.,,3;7;9;11;16;19;27;29;31;32;35;37;39;41;42;47;53;55;57;58;73;77;82;96;104;113;118;120;127;136;137;143;144;157;161;189;207;208;215;225;231;232;237;239;241;244;255;263;264;270;285;290;305;343;355;356;368;396;411;412;414;417;424;427,64,1
cbfeb6c8-ec1f-4884-bcbf-14d7764c4a36,Does the individual write with her right hand?,Yes.,,3;7;9;11;16;19;27;29;31;32;35;37;39;41;42;47;53;55;57;58;73;77;82;96;104;113;118;120;127;136;137;143;144;157;161;189;207;208;213;215;225;231;232;237;239;241;244;255;263;264;270;285;290;305;343;355;356;368;396;411;412;414;417;427,64,1
cbfeb6c8-ec1f-4884-bcbf-14d7764c4a36,Is there another person besides the one writing?,Yes.,,3;7;9;11;16;19;27;29;31;32;35;37;39;41;42;47;53;55;57;58;77;82;96;104;113;118;120;127;136;137;143;144;157;161;189;197;207;208;213;215;225;231;232;237;239;241;244;255;263;264;270;285;290;305;343;355;356;368;396;411;412;414;417;427,64,1
cbfeb6c8-ec1f-4884-bcbf-14d7764c4a36,Is the setting a public place?,No.,,3;7;9;11;14;16;19;27;29;31;32;35;37;39;41;42;47;53;55;57;58;73;77;82;96;104;113;118;120;127;136;137;143;144;157;161;189;207;208;215;225;231;232;237;239;241;244;255;264;270;285;290;305;343;355;356;368;396;411;412;414;417;424;427,64,1
cbfeb6c8-ec1f-4884-bcbf-14d7764c4a36,Do we see any electronic devices being used?,No.,,3;7;9;11;16;19;27;29;31;32;35;37;39;41;42;47;53;55;57;58;70;73;77;82;96;104;113;118;120;127;136;137;143;144;157;161;189;207;208;215;225;231;232;237;239;241;244;255;263;264;270;285;290;305;343;355;356;368;396;411;412;414;417;427,64,1
cbfeb6c8-ec1f-4884-bcbf-14d7764c4a36,What happens before picking up the pen in the video?,Sitting at the table,,3;7;9;11;16;19;27;29;31;32;35;37;39;41;42;47;53;55;57;58;73;77;82;96;104;113;118;120;127;136;137;143;144;157;161;189;197;207;208;215;225;231;232;237;241;244;255;263;264;270;285;290;305;343;355;356;368;396;411;412;414;417;424;427,64,1
cbfeb6c8-ec1f-4884-bcbf-14d7764c4a36,"In the video, does the interaction with woman A happen before writing in the notebook?",No,,3;7;9;11;16;19;27;29;31;32;35;37;39;41;42;47;53;55;57;58;73;77;82;96;104;113;118;120;127;136;137;143;144;157;161;189;207;208;215;225;231;232;237;239;241;244;255;263;264;270;285;290;305;343;355;356;368;396;411;412;414;417;424;427,64,1
cbfeb6c8-ec1f-4884-bcbf-14d7764c4a36,Is the book opened before picking up the pen?,Yes,,3;7;9;11;16;19;27;29;31;32;35;37;39;41;42;47;53;55;57;58;70;73;77;82;96;104;113;118;120;127;136;137;143;144;157;161;189;207;208;215;225;231;232;237;239;241;244;255;263;264;270;285;290;305;343;355;356;368;396;411;412;414;417;427,64,1
cbfeb6c8-ec1f-4884-bcbf-14d7764c4a36,What is the main activity depicted in the video clip?,Writing in a book with a pen.,,3;7;9;11;16;19;27;29;31;32;35;37;39;41;42;47;53;55;57;58;77;82;96;104;113;118;120;127;136;137;143;144;157;161;189;208;215;225;231;232;237;241;244;255;263;264;270;285;290;305;343;355;356;368;396;411;412;414;417;424;427;621;622;631,64,1
cbfeb6c8-ec1f-4884-bcbf-14d7764c4a36,Where is the individual situated in the video clip?,In a room.,,3;7;9;11;16;19;27;29;31;32;35;37;39;41;42;47;53;55;57;58;77;82;96;104;113;118;120;127;136;137;143;144;157;161;189;208;215;225;231;232;237;239;241;255;263;264;270;285;290;305;343;355;356;368;396;411;412;414;417;424;427;621;622;631,64,1
cbfeb6c8-ec1f-4884-bcbf-14d7764c4a36,What object is being utilized in the video clip?,A pen.,,3;7;9;11;16;19;27;29;31;32;35;37;39;41;42;47;53;55;57;58;73;77;82;96;104;113;118;120;127;136;137;143;144;157;161;189;208;215;225;231;232;237;241;244;255;263;264;270;285;290;305;343;355;356;368;396;411;412;414;417;427;621;622;631,64,1
cbfeb6c8-ec1f-4884-bcbf-14d7764c4a36,Does the video show someone studying?,Yes.,,3;7;9;11;16;19;27;29;31;32;35;37;39;41;42;47;53;55;57;58;77;96;104;113;118;120;127;136;137;143;144;157;161;189;197;208;215;225;231;232;237;239;241;255;263;264;270;285;290;305;343;355;356;368;396;411;412;414;417;424;427;621;622;631,64,1
cbfeb6c8-ec1f-4884-bcbf-14d7764c4a36,Is the person in the video writing with their left hand?,No.,,3;7;9;11;14;16;19;27;29;31;32;35;37;39;41;42;47;53;55;57;58;70;73;77;82;96;104;113;118;120;127;136;137;143;144;157;161;189;208;215;225;231;232;237;241;244;255;270;285;290;305;343;355;356;368;396;411;412;414;417;427;621;622;631,64,1
cbfeb6c8-ec1f-4884-bcbf-14d7764c4a36,Does the video show a person writing on multiple pages?,Yes.,,3;7;9;11;16;19;27;29;31;32;35;37;39;41;42;47;53;55;57;58;70;77;82;96;104;113;118;120;127;136;137;143;144;157;161;189;208;215;225;231;232;237;241;244;255;263;264;270;285;290;305;343;355;356;368;396;411;412;414;417;427;621;622;631,64,1
cbfeb6c8-ec1f-4884-bcbf-14d7764c4a36,Is pen picked up before writing on the book as shown in the clip?,Yes,,3;7;9;11;16;19;27;29;31;32;35;37;39;41;42;47;53;55;57;58;73;77;82;96;104;113;118;120;127;136;137;143;144;157;161;189;208;215;225;231;232;237;241;244;255;263;264;270;285;290;305;343;355;356;368;396;411;412;414;417;427;621;622;631,64,1
cbfeb6c8-ec1f-4884-bcbf-14d7764c4a36,Does writing in the book happen after entering the apartment?,Yes,,3;7;9;11;16;19;27;29;31;32;35;37;39;41;42;47;53;55;57;58;73;77;82;96;104;113;118;120;127;136;137;143;144;157;161;189;208;215;225;231;232;237;241;244;255;263;264;270;285;290;305;343;355;356;368;396;411;412;414;417;427;621;622;631,64,1
cbfeb6c8-ec1f-4884-bcbf-14d7764c4a36,Is the person at the table before writing in the notebook?,Yes,,3;7;9;11;16;19;27;29;31;32;35;37;39;41;42;47;53;55;57;58;77;82;96;104;113;118;120;127;136;137;143;144;157;161;189;207;208;215;225;231;232;237;241;244;255;263;264;270;285;290;305;343;355;356;368;396;411;412;414;417;427;621;622;631,64,1
cbfeb6c8-ec1f-4884-bcbf-14d7764c4a36,Does the person use a pen after sitting at the table?,Yes,,3;7;9;11;16;19;27;29;31;32;35;37;39;41;42;47;53;55;57;58;77;82;96;104;113;118;120;127;136;137;143;144;157;161;189;207;208;215;225;231;232;237;241;244;255;263;264;270;285;290;305;343;355;356;368;396;411;412;414;417;427;621;622;631,64,1
cbfeb6c8-ec1f-4884-bcbf-14d7764c4a36,Is the person in the apartment before using the pen?,Yes,,3;7;9;11;16;19;27;29;31;32;35;37;39;41;42;47;53;55;57;58;77;82;96;104;113;118;120;127;136;137;143;144;157;161;189;207;208;215;225;231;232;237;241;244;255;263;264;270;285;290;305;343;355;356;368;396;411;412;414;417;427;621;622;631,64,1
cbfeb6c8-ec1f-4884-bcbf-14d7764c4a36,What happens just before writing in the notebook in the video?,Sitting at the table,,3;7;9;11;16;19;27;29;31;32;35;37;39;41;42;47;53;55;57;58;77;82;96;104;113;118;120;127;136;137;143;144;157;161;189;207;208;215;225;231;232;237;241;244;255;263;264;270;285;290;305;343;355;356;368;396;411;412;414;417;427;621;622;631,64,1
cbfeb6c8-ec1f-4884-bcbf-14d7764c4a36,"In the video sequence, what do we see occurring before sitting at the table?",Being in a room,,3;7;9;11;16;19;27;29;31;32;35;37;39;41;42;47;53;55;57;58;77;82;96;104;113;118;120;127;136;137;143;144;157;161;189;208;215;225;231;232;237;241;244;255;263;264;270;285;290;305;343;355;356;368;396;411;412;414;417;424;427;621;622;631,64,1
cbfeb6c8-ec1f-4884-bcbf-14d7764c4a36,What location is shown in the video clip?,An indoor location.,,3;7;9;16;19;29;31;32;35;37;39;41;42;47;53;55;57;58;113;118;120;127;136;137;143;144;157;161;189;208;215;225;231;232;237;241;255;285;290;343;355;356;368;411;412;414;417;427;621;631;733;736;737;742;744;745;748;760;782;789;791;792;803;814,64,1
cbfeb6c8-ec1f-4884-bcbf-14d7764c4a36,What activity is depicted in this scene?,Writing in a book.,,3;7;9;16;19;29;31;32;35;37;39;41;42;47;53;55;57;58;113;118;120;127;136;137;143;144;157;161;189;208;215;225;231;232;241;255;285;290;305;355;356;368;411;412;414;417;427;621;631;733;736;737;742;744;745;748;760;771;782;789;791;792;803;814,64,1
cbfeb6c8-ec1f-4884-bcbf-14d7764c4a36,Can you caption the person's activity in this clip?,Writing diligently in a notebook.,,3;7;9;16;19;29;31;32;35;37;39;41;42;47;53;55;57;58;113;118;120;127;136;137;143;144;157;161;189;208;215;225;232;237;241;255;285;290;355;356;368;411;412;414;417;427;621;622;631;733;736;737;742;744;745;748;760;771;782;789;791;792;803;814,64,1
cbfeb6c8-ec1f-4884-bcbf-14d7764c4a36,Is there a pen being used for writing in the video?,Yes.,,3;7;9;16;19;27;29;31;32;35;37;39;41;42;47;53;55;57;58;113;118;120;127;136;137;143;144;157;161;189;208;215;225;231;232;237;241;255;285;290;355;356;368;411;412;414;417;427;621;631;733;736;737;742;744;745;748;760;771;782;789;791;792;814,64,1
cbfeb6c8-ec1f-4884-bcbf-14d7764c4a36,Does the clip show a person wearing a watch?,Yes.,,3;7;9;16;19;27;29;31;32;35;37;39;41;42;47;53;55;57;58;113;118;120;127;136;137;143;144;157;161;189;208;215;225;232;237;241;255;285;290;355;356;368;411;412;414;417;427;621;631;733;736;737;742;744;745;748;760;771;782;789;791;792;803;814,64,1
cbfeb6c8-ec1f-4884-bcbf-14d7764c4a36,Does the video include any dialogue or conversation?,"No, it only depicts writing activity.",,7;9;16;19;29;31;32;35;37;39;41;42;47;53;55;57;58;113;118;120;127;136;143;144;157;161;189;208;215;225;231;232;237;241;255;285;290;355;356;368;396;411;412;414;417;427;621;631;733;736;737;742;744;745;748;760;771;772;782;789;791;792;803;814,64,1
cbfeb6c8-ec1f-4884-bcbf-14d7764c4a36,"In the video, does opening the book happen before writing with a pen?",Yes,,3;7;9;16;19;27;29;31;32;35;37;39;41;42;47;53;55;57;58;113;118;120;127;136;137;143;144;157;161;189;208;215;225;231;232;237;241;255;285;290;355;356;368;411;412;414;417;427;621;631;733;736;737;742;744;745;748;760;782;789;791;792;803;814,64,1
cbfeb6c8-ec1f-4884-bcbf-14d7764c4a36,Is the pen picked up after turning the page as shown in the clip?,No,,3;7;9;16;19;29;31;32;35;37;39;41;42;47;53;55;57;58;113;118;120;127;136;137;143;144;157;161;189;208;215;225;231;232;237;241;255;285;290;343;355;356;368;411;412;414;417;427;621;631;733;736;737;742;744;745;748;760;782;789;791;792;803;814,64,1
cbfeb6c8-ec1f-4884-bcbf-14d7764c4a36,What occurs just before starting to write in the book?,Opening the book,,7;9;16;19;27;29;31;32;35;37;39;41;42;47;53;55;57;58;113;118;120;127;136;137;143;144;157;161;189;208;215;225;231;232;241;255;285;290;343;355;356;368;411;412;414;417;427;621;631;731;733;736;737;742;744;745;748;760;782;789;791;792;803;814,64,1
cbfeb6c8-ec1f-4884-bcbf-14d7764c4a36,Is the writing in the book shown after being indoor in the clip?,Yes,,3;7;9;16;19;27;29;31;32;35;37;39;41;42;47;53;55;57;58;113;118;120;127;136;137;143;144;157;161;189;208;215;225;231;232;241;255;285;290;355;356;368;411;412;414;417;427;621;631;733;736;737;742;744;745;748;760;771;782;789;791;792;803;814,64,1
cbfeb6c8-ec1f-4884-bcbf-14d7764c4a36,Which room is the person located in while writing?,The person is in a room.,,3;7;9;16;19;29;31;32;35;37;39;41;42;47;53;55;57;58;113;118;120;127;136;137;143;144;157;161;189;208;215;225;231;232;237;241;255;285;290;355;356;368;411;412;414;417;427;621;631;733;736;737;742;744;745;748;760;771;782;789;791;792;803;814,64,1
cbfeb6c8-ec1f-4884-bcbf-14d7764c4a36,Is the person using any tools for writing?,"Yes, the person is using a pen.",,3;7;9;16;19;27;29;31;32;35;37;39;41;42;47;53;55;57;58;113;118;120;127;136;137;143;144;157;161;189;208;215;225;231;232;237;241;255;285;290;355;356;368;411;412;414;417;427;621;631;733;736;737;742;744;745;748;760;771;782;789;791;792;814,64,1
cbfeb6c8-ec1f-4884-bcbf-14d7764c4a36,Can you describe the setting of the action in the clip?,The action occurs in a room at a desk.,,3;7;9;16;19;29;31;32;35;37;39;41;42;47;53;55;57;58;113;118;120;127;136;137;143;144;157;161;189;208;215;225;232;237;241;255;285;290;343;355;356;368;411;412;414;417;427;621;631;733;736;737;742;744;745;748;760;771;782;789;791;792;803;814,64,1
cbfeb6c8-ec1f-4884-bcbf-14d7764c4a36,What is the writing tool visible in the frame?,A pen is visible in the frame.,,3;7;9;16;19;27;29;31;32;35;37;39;41;42;47;53;55;57;58;113;118;120;127;136;137;143;144;157;161;189;208;215;225;231;232;237;241;255;285;290;355;356;368;411;412;414;417;427;621;631;733;736;737;742;744;745;748;760;782;789;791;792;803;814,64,1
cbfeb6c8-ec1f-4884-bcbf-14d7764c4a36,Is the person sitting at a desk in the video?,Yes.,,3;7;9;16;19;29;31;32;35;37;39;41;42;47;53;55;57;58;113;118;120;127;136;137;143;144;157;161;189;208;215;225;231;232;237;241;255;285;290;355;356;368;411;412;414;417;427;621;631;733;736;737;742;744;745;748;760;771;782;789;791;792;803;814,64,1
cbfeb6c8-ec1f-4884-bcbf-14d7764c4a36,Does the person sit down after opening the book?,Yes,,3;7;9;16;19;29;31;32;35;37;39;41;42;47;53;55;57;58;113;118;120;127;136;143;144;157;161;189;208;215;225;232;237;241;255;285;290;343;355;356;368;396;411;412;414;417;427;621;631;733;736;737;742;744;745;748;760;771;782;789;791;792;803;814,64,1
cbfeb6c8-ec1f-4884-bcbf-14d7764c4a36,Is the book closed before the person starts writing?,No,,3;7;9;16;19;27;29;31;32;35;37;39;41;42;47;53;55;57;58;113;118;120;127;136;137;143;144;157;161;189;208;215;225;231;232;237;241;255;285;290;355;356;368;411;412;414;417;427;621;631;733;736;737;742;744;745;748;760;782;789;791;792;803;814,64,1
cbfeb6c8-ec1f-4884-bcbf-14d7764c4a36,What action is taken before the person caps the pen?,The person finishes writing.,,3;7;9;16;19;27;29;31;32;35;37;39;41;42;47;53;55;57;58;113;118;120;127;136;137;143;144;157;161;189;208;215;225;231;232;237;241;255;285;290;355;356;368;411;412;414;417;427;621;631;733;736;737;742;744;745;748;760;782;789;791;792;803;814,64,1
cbfeb6c8-ec1f-4884-bcbf-14d7764c4a36,Is the pen placed in the book before writing?,No,,3;7;9;16;19;27;29;31;32;35;37;39;41;42;47;53;55;57;58;113;118;120;127;136;137;143;144;157;161;189;208;215;225;231;232;237;241;255;285;290;355;356;368;411;412;414;417;427;621;631;733;736;737;742;744;745;748;760;782;789;791;792;803;814,64,1
cbfeb6c8-ec1f-4884-bcbf-14d7764c4a36,Does the book close before the pen is picked up?,No,,3;7;9;16;19;29;31;32;35;37;39;41;42;47;53;55;57;58;113;118;120;127;136;137;143;144;157;161;189;208;215;225;232;237;241;255;285;290;343;355;356;368;396;411;412;414;417;427;621;631;733;736;737;742;744;745;748;760;782;789;791;792;803;814,64,1
cbfeb6c8-ec1f-4884-bcbf-14d7764c4a36,Is the cap of the pen removed after starting to write?,No,,3;7;9;16;19;27;29;31;32;35;37;39;41;42;47;53;55;57;58;113;118;120;127;136;137;143;144;157;161;189;208;215;225;231;232;237;241;255;285;290;355;356;368;411;412;414;417;427;621;631;733;736;737;742;744;745;748;760;782;789;791;792;803;814,64,1
cbfeb6c8-ec1f-4884-bcbf-14d7764c4a36,Does the hand turn the page before picking up the pen?,No,,3;7;9;16;19;29;31;32;35;37;39;41;42;47;53;55;57;58;113;118;120;127;136;143;144;157;161;189;208;215;225;231;232;237;241;255;285;290;343;355;356;368;396;411;412;414;417;427;621;631;733;736;737;742;744;745;748;760;782;789;791;792;803;814,64,1
cbfeb6c8-ec1f-4884-bcbf-14d7764c4a36,Is the pen visible in the scene before writing begins?,Yes,,3;7;9;16;19;27;29;31;32;35;37;39;41;42;47;53;55;57;58;113;118;120;127;136;137;143;144;157;161;189;208;215;225;231;232;237;241;255;285;290;355;356;368;411;412;414;417;427;621;631;733;736;737;742;744;745;748;760;771;782;789;791;792;814,64,1
cbfeb6c8-ec1f-4884-bcbf-14d7764c4a36,What do we see happening before the hand appears in the frame?,The book is open,,3;7;9;16;19;29;31;32;35;37;39;41;42;47;53;55;57;58;113;118;120;127;136;137;143;144;157;161;189;208;215;225;231;232;237;241;255;285;290;355;356;368;411;412;414;417;427;621;631;731;733;736;737;742;744;745;748;760;782;789;791;792;803;814,64,1
cbfeb6c8-ec1f-4884-bcbf-14d7764c4a36,What happens just before the pen touches the paper?,The hand moves towards the paper,,3;7;9;16;19;29;31;32;35;37;39;41;42;47;53;55;57;58;113;118;120;127;136;143;144;157;161;189;208;215;225;231;232;237;241;255;285;290;355;356;368;396;411;412;414;417;427;621;631;733;736;737;742;744;745;748;760;771;782;789;791;792;803;814,64,1
cbfeb6c8-ec1f-4884-bcbf-14d7764c4a36,"In the video sequence, what action is performed before turning the page?",Writing on the current page,,7;9;16;19;29;31;32;35;37;39;41;42;47;53;55;57;58;113;118;120;127;136;137;143;144;157;161;189;208;215;225;231;232;237;241;255;285;290;343;355;356;368;411;412;414;417;427;621;631;731;733;736;737;742;744;745;748;760;782;789;791;792;803;814,64,1
cbfeb6c8-ec1f-4884-bcbf-14d7764c4a36,"In the video, what is done just before the hand finished writing?",Moving the pen across the paper,,3;7;9;16;19;29;31;32;35;37;39;41;42;47;53;55;57;58;113;118;120;127;136;137;143;144;157;161;189;208;215;225;231;232;237;241;255;285;290;305;355;356;368;411;412;414;417;427;621;631;733;736;737;742;744;745;748;760;782;789;791;792;803;814,64,1
cbfeb6c8-ec1f-4884-bcbf-14d7764c4a36,What does the brief of the depicted scenario show?,The scenario shows a person writing in a book in an apartment.,,3;7;9;16;19;27;29;31;32;35;37;39;41;42;47;53;55;57;58;113;118;120;127;136;143;144;157;161;189;208;215;225;232;237;241;255;285;290;355;356;368;411;412;414;417;427;621;631;733;736;737;742;744;745;748;760;771;772;782;789;791;792;803;814,64,1
cbfeb6c8-ec1f-4884-bcbf-14d7764c4a36,What is the setting of this video clip?,"The setting is indoors, in a well-lit apartment.",,7;9;16;19;29;31;32;35;37;39;41;42;47;53;55;57;58;113;118;120;127;136;137;143;144;157;161;189;208;215;225;231;232;237;241;255;285;290;343;355;356;368;411;412;414;417;427;621;631;733;736;737;742;744;745;748;760;771;782;789;791;792;803;814,64,1
cbfeb6c8-ec1f-4884-bcbf-14d7764c4a36,Does the video capture the person stopping their writing at any point?,No.,,3;7;9;16;19;27;29;31;32;35;37;39;41;42;47;53;55;57;58;113;118;120;127;136;137;143;144;157;161;189;208;215;225;231;232;237;241;255;285;290;355;356;368;411;412;414;417;427;621;631;733;736;737;742;744;745;748;760;771;782;789;791;792;814,64,1
cbfeb6c8-ec1f-4884-bcbf-14d7764c4a36,Is the individual in the video using their left hand to write?,"No, they are using their right hand.",,3;7;9;16;19;27;29;31;32;35;37;39;41;42;47;53;55;57;58;113;118;120;127;136;137;143;144;157;161;189;208;215;225;231;232;241;255;285;290;355;356;368;411;412;414;417;427;621;631;733;736;737;742;744;745;748;760;771;782;789;791;792;803;814,64,1
cbfeb6c8-ec1f-4884-bcbf-14d7764c4a36,Is there another person present in the scene assisting the writer?,"No, the person is writing alone.",,3;7;9;16;19;29;31;32;35;37;39;41;42;47;53;55;57;58;113;118;120;127;136;137;143;144;157;161;189;208;215;225;231;232;237;241;255;285;290;355;356;368;411;412;414;417;427;621;631;733;736;737;742;744;745;748;760;771;782;789;791;792;803;814,64,1
cbfeb6c8-ec1f-4884-bcbf-14d7764c4a36,"In the video, do I write in the book before holding the pen?",No,,3;7;9;16;19;27;29;31;32;35;37;39;41;42;47;53;55;57;58;113;118;120;127;136;137;143;144;157;161;189;208;215;225;231;232;237;241;255;285;290;355;356;368;411;412;414;417;427;621;631;733;736;737;742;744;745;748;760;782;789;791;792;803;814,64,1
cbfeb6c8-ec1f-4884-bcbf-14d7764c4a36,Is the pen in my right hand before I start writing in the book?,Yes,,3;7;9;16;19;27;29;31;32;35;37;39;41;42;47;53;55;57;58;113;118;120;127;136;137;143;144;157;161;189;208;215;225;231;232;241;255;285;290;355;356;368;411;412;414;417;427;621;631;733;736;737;742;744;745;748;760;771;782;789;791;792;803;814,64,1
cbfeb6c8-ec1f-4884-bcbf-14d7764c4a36,"In the sequence, do I open the book before writing on it?",Yes,,3;7;9;16;19;27;29;31;32;35;37;39;41;42;47;53;55;57;58;113;118;120;127;136;137;143;144;157;161;189;208;215;225;231;232;237;241;255;285;290;355;356;368;411;412;414;417;427;621;631;733;736;737;742;744;745;748;760;782;789;791;792;803;814,64,1
cbfeb6c8-ec1f-4884-bcbf-14d7764c4a36,"In the clip, do I wear a green shirt before writing in the book?",Yes,,3;7;9;16;19;29;31;32;35;37;39;41;42;47;53;55;57;58;113;118;120;127;136;137;143;144;157;161;189;208;215;225;231;232;237;241;255;285;290;355;356;368;411;412;414;417;427;621;631;733;736;737;742;744;745;748;760;771;782;789;791;792;803;814,64,1
cbfeb6c8-ec1f-4884-bcbf-14d7764c4a36,What occurs just before holding the pen in my right hand?,I am wearing a green shirt,,3;7;9;16;19;27;29;31;32;35;37;39;41;42;47;53;55;57;58;113;118;120;127;136;137;143;144;157;161;189;208;215;225;231;232;241;255;285;290;355;356;368;411;412;414;417;427;621;631;731;733;736;737;742;744;745;748;760;782;789;791;792;803;814,64,1
cbfeb6c8-ec1f-4884-bcbf-14d7764c4a36,Is the book opened before the pen is held in the right hand?,Yes,,3;7;9;16;19;27;29;31;32;35;37;39;41;42;47;53;55;57;58;113;118;120;127;136;137;143;144;157;161;189;208;215;225;231;232;237;241;255;285;290;355;356;368;411;412;414;417;427;621;631;733;736;737;742;744;745;748;760;782;789;791;792;803;814,64,1
cbfeb6c8-ec1f-4884-bcbf-14d7764c4a36,Is the hand placed on the book after the pen is picked up?,Yes,,3;7;9;16;19;27;29;31;32;35;37;39;41;42;47;53;55;57;58;113;118;120;127;136;137;143;144;157;161;189;208;215;225;231;232;237;241;255;285;290;355;356;368;411;412;414;417;427;621;631;733;736;737;742;744;745;748;760;782;789;791;792;803;814,64,1
cbfeb6c8-ec1f-4884-bcbf-14d7764c4a36,What happens just before the pen starts writing?,The pen is held in the right hand,,3;7;9;16;19;27;29;31;32;35;37;39;41;42;47;53;55;57;58;113;118;120;127;136;137;143;144;157;161;189;208;215;225;231;232;241;255;285;290;343;355;356;368;411;412;414;417;427;621;631;733;736;737;742;744;745;748;760;782;789;791;792;803;814,64,1
cbfeb6c8-ec1f-4884-bcbf-14d7764c4a36,What is visible before the wrist with a bracelet appears?,The hand holding the pen,,3;7;9;16;19;27;29;31;32;35;37;39;41;42;47;53;55;57;58;113;118;120;127;136;137;143;144;157;161;189;208;215;225;231;232;237;241;255;285;290;355;356;368;411;412;414;417;427;621;631;733;736;737;742;744;745;748;760;782;789;791;792;803;814,64,1
cbfeb6c8-ec1f-4884-bcbf-14d7764c4a36,What do we see happening before the hand touches the book?,The book and pen are visible,,3;7;9;16;19;29;31;32;35;37;39;41;42;47;53;55;57;58;113;118;120;127;136;137;143;144;157;161;189;208;215;225;231;232;237;241;255;285;290;355;356;368;396;411;412;414;417;427;621;631;733;736;737;742;744;745;748;760;782;789;791;792;803;814,64,1
cbfeb6c8-ec1f-4884-bcbf-14d7764c4a36,What takes place before the pen is seen in the video?,The apartment and the book are seen,,3;7;9;16;19;27;29;31;32;35;37;39;41;42;47;53;55;57;58;113;118;120;127;136;137;143;144;157;161;189;208;215;225;231;232;241;255;285;290;355;356;368;411;412;414;417;427;621;631;731;733;736;737;742;744;745;748;760;782;789;791;792;803;814,64,1
cbfeb6c8-ec1f-4884-bcbf-14d7764c4a36,What is the setting of the video?,In an apartment.,,7;9;16;19;29;31;32;35;37;39;41;42;47;53;55;57;58;113;118;120;127;136;137;143;144;157;161;189;208;215;225;232;237;241;255;285;290;305;343;355;356;368;411;412;414;417;427;621;631;733;736;737;742;744;745;748;760;771;782;789;791;792;803;814,64,1
cbfeb6c8-ec1f-4884-bcbf-14d7764c4a36,What activity does the video show?,Writing in a book.,,3;7;9;16;19;29;31;32;35;37;39;41;42;47;53;55;57;58;113;118;120;127;136;143;144;157;161;189;208;215;225;231;232;241;255;285;290;305;343;355;356;368;411;412;414;417;427;621;631;731;733;736;737;742;744;745;748;760;782;789;791;792;803;814,64,1
cbfeb6c8-ec1f-4884-bcbf-14d7764c4a36,Which hand is used for writing in the video?,The right hand.,,3;7;9;16;19;27;29;31;32;35;37;39;41;42;47;53;55;57;58;113;118;120;127;136;137;143;144;157;161;189;208;215;225;231;232;237;241;255;285;290;355;356;368;411;412;414;417;427;621;631;733;736;737;742;744;745;748;760;782;789;791;792;803;814,64,1
cbfeb6c8-ec1f-4884-bcbf-14d7764c4a36,What type of pen is being used?,A ballpoint pen.,,3;7;9;16;19;27;29;31;32;35;37;39;41;42;47;53;55;57;58;113;118;120;127;136;137;143;144;157;161;189;208;215;225;232;241;255;285;290;305;343;355;356;368;411;412;414;417;427;621;631;733;736;737;742;744;745;748;760;782;789;791;792;803;814,64,1
cbfeb6c8-ec1f-4884-bcbf-14d7764c4a36,What object is being used in the action?,A pen.,,3;7;9;16;19;29;31;32;35;37;39;41;42;47;53;55;57;58;113;118;120;127;136;137;143;144;157;161;189;208;215;225;231;232;241;255;285;290;305;343;355;356;368;411;412;414;417;427;621;631;733;736;737;742;744;745;748;760;782;789;791;792;803;814,64,1
cbfeb6c8-ec1f-4884-bcbf-14d7764c4a36,Is the writing action fluent or hesitant?,Fluent.,,3;7;9;11;16;19;27;29;31;32;35;37;39;41;42;47;53;55;57;58;113;118;120;127;136;143;144;157;161;189;215;225;231;232;237;241;255;285;290;355;356;368;411;412;414;417;427;621;631;733;736;737;742;744;745;748;760;771;782;789;791;792;803;814,64,1
cbfeb6c8-ec1f-4884-bcbf-14d7764c4a36,Which direction is the pen moving?,Left to right.,,3;7;9;16;19;27;29;31;32;35;37;39;41;42;47;53;55;57;58;113;118;120;127;136;137;143;144;157;161;189;208;215;225;232;237;241;255;285;290;355;356;368;411;412;414;417;427;621;631;733;736;737;742;744;745;748;760;771;782;789;791;792;803;814,64,1
cbfeb6c8-ec1f-4884-bcbf-14d7764c4a36,Is the person sitting on a cushion?,Yes.,,3;7;9;16;19;27;29;31;32;35;37;39;41;42;47;53;55;57;58;113;118;120;127;136;143;144;157;161;189;208;215;225;231;232;237;241;255;285;290;355;356;368;411;412;414;417;427;621;631;733;736;737;742;744;745;748;760;771;782;789;791;792;803;814,64,1
cbfeb6c8-ec1f-4884-bcbf-14d7764c4a36,Does the video show page-turning?,No.,,3;7;9;16;19;29;31;32;35;37;39;41;42;47;53;55;57;58;113;118;120;127;136;143;144;157;161;189;208;215;225;232;237;241;255;285;290;343;355;356;368;396;411;412;414;417;427;621;631;733;736;737;742;744;745;748;760;771;782;789;791;792;803;814,64,1
cbfeb6c8-ec1f-4884-bcbf-14d7764c4a36,Is the person wearing any wrist accessories?,Yes.,,3;7;9;16;19;27;29;31;32;35;37;39;41;42;53;55;57;58;113;118;120;127;136;137;143;144;157;161;189;208;215;225;231;232;237;241;255;285;290;355;356;368;411;412;414;417;427;621;631;733;736;737;742;744;745;748;760;771;782;789;791;792;803;814,64,1
cbfeb6c8-ec1f-4884-bcbf-14d7764c4a36,Did the writing happen in a different location than the apartment?,No,,3;7;9;16;19;29;31;32;35;37;39;41;42;47;53;55;57;58;113;118;120;127;136;137;143;144;157;161;189;208;215;225;232;237;241;255;285;290;355;356;368;411;412;414;417;427;621;622;631;733;736;737;742;744;745;748;760;771;782;789;791;792;803;814,64,1
cbfeb6c8-ec1f-4884-bcbf-14d7764c4a36,Did the use of right hand occur before writing in the book?,No,,3;7;9;16;19;29;31;32;35;37;39;41;42;47;53;55;57;58;113;118;120;127;136;137;143;144;157;161;189;208;215;225;231;232;237;241;255;285;290;355;356;368;411;412;414;417;427;621;631;731;733;736;737;742;744;745;748;760;782;789;791;792;803;814,64,1
cbfeb6c8-ec1f-4884-bcbf-14d7764c4a36,Was there a pen used after the book was opened?,Yes,,3;7;9;16;19;27;29;31;32;35;37;39;41;42;47;53;55;57;58;113;118;120;127;136;137;143;144;157;161;189;208;215;225;231;232;237;241;255;285;290;355;356;368;411;412;414;417;427;621;631;733;736;737;742;744;745;748;760;782;789;791;792;803;814,64,1
cbfeb6c8-ec1f-4884-bcbf-14d7764c4a36,Did any writing in the book occur without the use of a pen?,No,,3;7;9;16;19;29;31;32;35;37;39;41;42;47;53;55;57;58;113;118;120;127;136;137;143;144;157;161;189;208;215;225;231;232;237;241;255;285;290;355;356;368;411;412;414;417;427;621;631;733;736;737;742;744;745;748;760;771;782;789;791;792;803;814,64,1
cbfeb6c8-ec1f-4884-bcbf-14d7764c4a36,Was the book closed before writing commenced?,Yes,,3;7;9;16;19;27;29;31;32;35;37;39;41;42;47;53;55;57;58;113;118;120;127;136;143;144;157;161;189;208;215;225;231;232;237;241;255;285;290;355;356;368;411;412;414;417;427;621;631;733;736;737;742;744;745;748;760;771;782;789;791;792;803;814,64,1
cbfeb6c8-ec1f-4884-bcbf-14d7764c4a36,What happened before the writing started?,The book was opened,,3;7;9;16;19;27;29;31;32;35;37;39;41;42;47;53;55;57;58;113;118;120;127;136;137;143;144;157;161;189;208;215;225;231;232;237;241;255;285;290;355;356;368;411;412;414;417;427;621;631;733;736;737;742;744;745;748;760;782;789;791;792;803;814,64,1
cbfeb6c8-ec1f-4884-bcbf-14d7764c4a36,Does the writing in the book occur before changing the page?,Yes,,3;7;9;16;19;29;31;32;35;37;39;41;42;47;53;55;57;58;113;118;120;127;136;137;143;144;157;161;189;208;215;225;232;237;241;255;285;290;343;355;356;368;411;412;414;417;427;621;631;733;736;737;742;744;745;748;760;771;782;789;791;792;803;814,64,1
cbfeb6c8-ec1f-4884-bcbf-14d7764c4a36,Does the page turn happen before writing with the pen?,No,,3;7;9;16;19;27;29;31;32;35;37;39;41;42;47;53;55;57;58;113;118;120;127;136;137;143;144;157;161;189;208;215;225;232;237;241;255;285;290;343;355;356;368;411;412;414;417;427;621;631;733;736;737;742;744;745;748;760;782;789;791;792;803;814,64,1
cbfeb6c8-ec1f-4884-bcbf-14d7764c4a36,What occurs just before changing to a new page in the video?,I finish writing,,3;7;9;16;19;29;31;32;35;37;39;41;42;47;53;55;57;58;113;118;120;127;136;137;143;144;157;161;189;208;215;225;231;232;237;241;255;285;290;343;355;356;368;411;412;414;417;427;621;631;733;736;737;742;744;745;748;760;782;789;791;792;803;814,64,1
cbfeb6c8-ec1f-4884-bcbf-14d7764c4a36,What do I do before sitting down to write in the video?,I enter the room,,3;7;9;16;19;29;31;32;35;37;39;41;42;47;53;55;57;58;113;118;120;127;136;137;143;144;157;161;189;208;215;225;231;232;237;241;255;285;290;343;355;356;368;411;412;414;417;427;621;631;733;736;737;742;744;745;748;760;782;789;791;792;803;814,64,1
cbfeb6c8-ec1f-4884-bcbf-14d7764c4a36,What is the setting of the scene in the video clip?,The setting is inside a room.,,3;7;9;16;19;29;31;32;35;37;39;41;42;47;53;55;57;58;113;118;120;127;136;137;143;144;157;161;189;208;215;225;231;232;237;241;255;285;290;355;356;368;411;412;414;417;427;621;631;733;736;737;742;744;745;748;760;771;782;789;791;792;803;814,64,1
cbfeb6c8-ec1f-4884-bcbf-14d7764c4a36,What objects are present in the video clip?,A book and a pen are present.,,3;7;9;16;19;29;31;32;35;37;39;41;42;47;53;55;57;58;113;118;120;127;136;143;144;157;161;189;208;215;225;231;232;237;241;255;285;290;343;355;356;368;411;412;414;417;427;621;631;733;736;737;742;744;745;748;760;771;782;789;791;792;803;814,64,1
cbfeb6c8-ec1f-4884-bcbf-14d7764c4a36,Can you describe the action the person is performing?,The person is flipping through pages and writing.,,3;7;9;16;19;27;29;31;32;35;37;39;41;42;47;53;55;57;58;113;118;120;127;136;137;143;144;157;161;189;208;215;225;232;237;241;255;285;290;355;356;368;411;412;414;417;427;621;631;733;736;737;742;744;745;748;760;771;782;789;791;792;803;814,64,1
cbfeb6c8-ec1f-4884-bcbf-14d7764c4a36,Does the video show the person closing the book?,No.,,3;7;9;16;19;29;31;32;35;37;39;41;42;47;53;55;57;58;113;118;120;127;136;143;144;157;161;189;208;215;225;231;232;237;241;255;285;290;355;356;368;396;411;412;414;417;427;621;631;733;736;737;742;744;745;748;760;771;782;789;791;792;803;814,64,1
cbfeb6c8-ec1f-4884-bcbf-14d7764c4a36,Is the person using a pencil to write?,No.,,3;7;9;16;19;27;29;31;32;35;37;39;41;42;47;53;55;57;58;113;118;120;127;136;137;143;144;157;161;189;208;215;225;231;232;237;241;255;285;290;355;356;368;411;412;414;417;427;621;631;733;736;737;742;744;745;748;760;771;782;789;791;792;814,64,1
cbfeb6c8-ec1f-4884-bcbf-14d7764c4a36,Does the video capture the person turning off the light?,No.,,3;7;9;16;19;29;31;32;35;37;39;41;42;47;53;55;57;58;113;118;120;127;136;137;143;144;157;161;189;208;215;225;231;232;237;241;255;285;290;355;356;368;411;412;414;417;427;621;631;733;736;737;742;744;745;748;760;771;782;789;791;792;803;814,64,1
cbfeb6c8-ec1f-4884-bcbf-14d7764c4a36,Does the video show the person taking notes from another text?,No.,,3;7;9;16;19;27;29;31;32;35;37;39;41;42;47;53;55;57;58;113;118;120;127;136;137;143;144;157;161;189;208;215;225;231;232;237;241;255;285;290;355;356;368;411;412;414;417;427;621;631;733;736;737;742;744;745;748;760;782;789;791;792;803;814,64,1
cbfeb6c8-ec1f-4884-bcbf-14d7764c4a36,"In the video, is the book closed before writing begins?",Yes,,3;7;9;16;19;27;29;31;32;35;37;39;41;42;47;53;55;57;58;113;118;120;127;136;137;143;144;157;161;189;208;215;225;231;232;237;241;255;285;290;355;356;368;411;412;414;417;427;621;631;733;736;737;742;744;745;748;760;782;789;791;792;803;814,64,1
cbfeb6c8-ec1f-4884-bcbf-14d7764c4a36,Does turning the page happen after writing with the pen?,Yes,,3;7;9;16;19;29;31;32;35;37;39;41;42;47;53;55;57;58;113;118;120;127;136;137;143;144;157;161;189;208;215;225;232;237;241;255;285;290;343;355;356;368;411;412;414;417;427;621;631;733;736;737;742;744;745;748;760;771;782;789;791;792;803;814,64,1
cbfeb6c8-ec1f-4884-bcbf-14d7764c4a36,"In the video, is the pen picked up before the book is opened?",No,,3;7;9;16;19;29;31;32;35;37;39;41;42;47;53;55;57;58;113;118;120;127;136;137;143;144;157;161;189;208;215;225;231;232;237;241;255;285;290;343;355;356;368;411;412;414;417;427;621;631;733;736;737;742;744;745;748;760;782;789;791;792;803;814,64,1
cbfeb6c8-ec1f-4884-bcbf-14d7764c4a36,Does the writing occur before sitting down in the chair?,No,,3;7;9;16;19;29;31;32;35;37;39;41;42;47;53;55;57;58;113;118;120;127;136;143;144;157;161;189;208;215;225;232;237;241;255;285;290;343;355;356;368;396;411;412;414;417;427;621;631;733;736;737;742;744;745;748;760;771;782;789;791;792;803;814,64,1
cbfeb6c8-ec1f-4884-bcbf-14d7764c4a36,"In the video sequence, what occurs before the person starts writing?",The book is opened,,3;7;9;16;19;27;29;31;32;35;37;39;41;42;47;53;55;57;58;113;118;120;127;136;137;143;144;157;161;189;208;215;225;231;232;237;241;255;285;290;355;356;368;411;412;414;417;427;621;631;733;736;737;742;744;745;748;760;782;789;791;792;803;814,64,1
cbfeb6c8-ec1f-4884-bcbf-14d7764c4a36,What action takes place before the book is closed?,The person stops writing,,3;7;9;16;19;27;29;31;32;35;37;39;41;42;47;53;55;57;58;113;118;120;127;136;137;143;144;157;161;189;208;215;225;231;232;241;255;285;290;355;356;368;411;412;414;417;427;621;631;731;733;736;737;742;744;745;748;760;782;789;791;792;803;814,64,1
cbfeb6c8-ec1f-4884-bcbf-14d7764c4a36,"In the video, is the book closed after the writing is done?",Yes,,7;9;16;19;27;29;31;32;35;37;39;41;42;47;53;55;57;58;113;118;120;127;136;137;143;144;157;161;189;208;215;225;231;232;237;241;255;285;290;355;356;368;411;412;414;417;427;621;631;733;736;737;742;744;745;748;760;771;782;789;791;792;803;814,64,1
cbfeb6c8-ec1f-4884-bcbf-14d7764c4a36,"In the video, is there writing on the book's cover before the person writes inside?",Yes,,3;7;9;16;19;27;29;31;32;35;37;39;41;42;47;53;55;57;58;113;118;120;127;136;137;143;144;157;161;189;208;215;225;231;232;237;241;255;285;290;355;356;368;411;412;414;417;427;621;631;733;736;737;742;744;745;748;760;782;789;791;792;803;814,64,1
cbfeb6c8-ec1f-4884-bcbf-14d7764c4a36,What is done before the pen cap is removed?,The person prepares to write,,3;7;9;16;19;27;29;31;32;35;37;39;41;42;47;53;55;57;58;113;118;120;127;136;137;143;144;157;161;189;208;215;225;232;237;241;255;285;290;305;355;356;368;411;412;414;417;427;621;631;733;736;737;742;744;745;748;760;782;789;791;792;803;814,64,1
cbfeb6c8-ec1f-4884-bcbf-14d7764c4a36,What activity is displayed in the provided image?,Writing in a book.,,3;7;9;16;19;27;29;31;32;35;37;39;41;42;47;53;55;57;58;113;118;120;127;136;137;143;144;157;161;189;215;225;231;232;241;255;285;290;305;355;356;368;411;412;414;417;427;621;631;731;733;736;737;742;744;745;748;760;782;789;791;792;803;814,64,1
cbfeb6c8-ec1f-4884-bcbf-14d7764c4a36,Describe the setting where the depicted activity takes place.,In a room.,,3;7;9;16;19;27;29;31;32;35;37;39;41;42;47;53;55;57;58;113;118;120;127;136;137;143;144;157;161;189;208;215;225;231;232;237;241;255;285;290;355;356;368;411;412;414;417;427;621;631;733;736;737;742;744;745;748;760;771;782;789;791;792;814,64,1
cbfeb6c8-ec1f-4884-bcbf-14d7764c4a36,What object is being used in conjunction with the book?,A pen.,,3;7;9;16;19;29;31;32;35;37;39;41;42;47;53;55;57;58;113;118;120;127;136;137;143;144;157;161;189;208;215;225;231;232;237;241;255;285;290;355;356;368;411;412;414;417;427;621;631;733;736;737;742;744;745;748;760;771;782;789;791;792;803;814,64,1
cbfeb6c8-ec1f-4884-bcbf-14d7764c4a36,How is the person holding the pen in the frame?,With their right hand.,,3;7;9;16;19;27;29;31;32;35;37;39;41;42;47;53;55;57;58;113;118;120;127;136;137;143;144;157;161;189;208;215;225;232;237;241;255;285;290;355;356;368;411;412;414;417;427;621;631;733;736;737;742;744;745;748;760;771;782;789;791;792;803;814,64,1
cbfeb6c8-ec1f-4884-bcbf-14d7764c4a36,What part of the room is visible in the clip?,"Only the table area, specifics of the room are not visible.",,3;7;9;16;19;29;31;32;35;37;39;41;42;47;53;55;57;58;113;118;120;127;136;137;143;144;157;161;189;208;215;225;231;232;237;241;255;285;290;355;356;368;411;412;414;417;427;621;631;733;736;737;742;744;745;748;760;771;782;789;791;792;803;814,64,1
cbfeb6c8-ec1f-4884-bcbf-14d7764c4a36,Is the person writing with their left hand?,No.,,3;7;9;11;16;19;27;29;31;32;35;37;39;41;42;47;53;55;57;58;113;118;120;127;136;137;143;144;157;161;189;208;215;225;231;232;237;241;255;285;290;355;356;368;411;412;414;417;427;621;631;733;736;737;742;744;745;748;760;782;789;791;792;814,64,1
cbfeb6c8-ec1f-4884-bcbf-14d7764c4a36,Is the person writing on the last page of the book?,"No, there are more pages visible.",,3;7;9;16;19;27;29;31;32;35;37;39;41;42;47;53;55;57;58;113;118;120;127;136;137;143;144;157;161;189;208;215;225;231;232;237;241;255;285;290;355;356;368;411;412;414;417;427;621;631;733;736;737;742;744;745;748;760;782;789;791;792;803;814,64,1
cbfeb6c8-ec1f-4884-bcbf-14d7764c4a36,Can we assume the writer is in a public space?,"No, it appears to be a private space.",,3;7;9;16;19;27;29;31;32;35;37;39;41;42;47;53;55;57;58;113;118;120;127;136;137;143;144;157;161;189;208;215;225;232;237;241;255;285;290;355;356;368;411;412;414;417;427;621;631;733;736;737;742;744;745;748;760;771;782;789;791;792;803;814,64,1
cbfeb6c8-ec1f-4884-bcbf-14d7764c4a36,"In the video, does turning the page happen before writing begins?",No,,3;7;9;16;19;29;31;32;35;37;39;41;42;47;53;55;57;58;113;118;120;127;136;137;143;144;157;161;189;208;215;225;231;232;237;241;255;285;290;343;355;356;368;411;412;414;417;427;621;631;733;736;737;742;744;745;748;760;782;789;791;792;803;814,64,1
cbfeb6c8-ec1f-4884-bcbf-14d7764c4a36,Is the book opened after the pen is held in the hand?,Yes,,3;7;9;16;19;27;29;31;32;35;37;39;41;42;47;53;55;57;58;113;118;120;127;136;137;143;144;157;161;189;208;215;225;231;232;237;241;255;285;290;355;356;368;411;412;414;417;427;621;631;733;736;737;742;744;745;748;760;782;789;791;792;803;814,64,1
cbfeb6c8-ec1f-4884-bcbf-14d7764c4a36,"In the video, does writing in the book happen before closing the book?",Yes,,3;7;9;16;19;29;31;32;35;37;39;41;42;47;53;55;57;58;113;118;120;127;136;137;143;144;157;161;189;208;215;225;231;232;237;241;255;285;290;355;356;368;411;412;414;417;427;621;631;733;736;737;742;744;745;748;760;771;782;789;791;792;803;814,64,1
cbfeb6c8-ec1f-4884-bcbf-14d7764c4a36,"In the video sequence, what do we see occurring just before turning the page?",Writing on the previous page,,3;7;9;16;19;29;31;32;35;37;39;41;42;47;53;55;57;58;113;118;120;127;136;137;143;144;157;161;189;208;215;225;231;232;237;241;255;285;290;343;355;356;368;411;412;414;417;427;621;631;733;736;737;742;744;745;748;760;782;789;791;792;803;814,64,1
cbfeb6c8-ec1f-4884-bcbf-14d7764c4a36,What action takes place immediately before the pen touches the paper?,Holding the pen above the book,,3;7;9;16;19;27;29;31;32;35;37;39;41;42;47;53;55;57;58;113;118;120;127;136;137;143;144;157;161;189;208;215;225;231;232;237;241;255;285;290;355;356;368;411;412;414;417;427;621;631;733;736;737;742;744;745;748;760;782;789;791;792;803;814,64,1
cbfeb6c8-ec1f-4884-bcbf-14d7764c4a36,"In the video, what happens right before the book is opened?",Sitting down,,7;9;16;19;29;31;32;35;37;39;41;42;47;53;55;57;58;113;118;120;127;136;137;143;144;157;161;189;208;215;225;231;232;237;241;255;285;290;343;355;356;368;396;411;412;414;417;427;621;631;733;736;737;742;744;745;748;760;782;789;791;792;803;814,64,1
cbfeb6c8-ec1f-4884-bcbf-14d7764c4a36,Did I write in the book before turning the page?,Yes,,3;7;9;16;19;29;31;32;35;37;39;41;42;47;53;55;57;58;113;118;120;127;136;137;143;144;157;161;189;208;215;225;231;232;237;241;255;285;290;343;355;356;368;411;412;414;417;427;621;631;733;736;737;742;744;745;748;760;782;789;791;792;803;814,64,1
cbfeb6c8-ec1f-4884-bcbf-14d7764c4a36,Is the book already opened before I start writing?,Yes,,3;7;9;16;19;27;29;31;32;35;37;39;41;42;47;53;55;57;58;113;118;120;127;136;137;143;144;157;161;189;208;215;225;231;232;241;255;285;290;355;356;368;411;412;414;417;427;621;631;733;736;737;742;744;745;748;760;771;782;789;791;792;803;814,64,1
cbfeb6c8-ec1f-4884-bcbf-14d7764c4a36,Did I place my left hand on the page before writing with the pen?,Yes,,3;7;9;16;19;27;29;31;32;35;37;39;41;42;47;53;55;57;58;113;118;120;127;136;137;143;144;157;161;189;208;215;225;231;232;237;241;255;285;290;355;356;368;411;412;414;417;427;621;631;733;736;737;742;744;745;748;760;782;789;791;792;803;814,64,1
cbfeb6c8-ec1f-4884-bcbf-14d7764c4a36,What happens before I use the pen to write?,Opening the book,,7;9;16;19;27;29;31;32;35;37;39;41;42;47;53;55;57;58;113;118;120;127;136;137;143;144;157;161;189;208;215;225;231;232;237;241;255;285;290;343;355;356;368;411;412;414;417;427;621;631;733;736;737;742;744;745;748;760;782;789;791;792;803;814,64,1
cbfeb6c8-ec1f-4884-bcbf-14d7764c4a36,"Before closing the book, what action is performed?",Turning the page,,7;9;16;19;29;31;32;35;37;39;41;42;47;53;55;57;58;113;118;120;127;136;137;143;144;157;161;189;208;215;225;231;232;237;241;255;285;290;343;355;356;368;411;412;414;417;427;621;631;733;736;737;742;744;745;748;760;771;782;789;791;792;803;814,64,1
cbfeb6c8-ec1f-4884-bcbf-14d7764c4a36,What is the setting of this video clip?,"The setting is indoors, at a desk.",,7;9;16;19;29;31;32;35;37;39;41;42;47;53;55;57;58;113;118;120;127;136;137;143;144;157;161;189;208;215;225;231;232;237;241;255;285;290;343;355;356;368;411;412;414;417;427;621;631;733;736;737;742;744;745;748;760;771;782;789;791;792;803;814,64,1
cbfeb6c8-ec1f-4884-bcbf-14d7764c4a36,What objects are present in this scene?,"A book, a pen, and a desk.",,3;7;9;16;19;29;31;32;35;37;39;41;42;47;53;55;57;58;113;118;120;127;136;143;144;157;161;189;208;215;225;231;232;241;255;285;290;305;343;355;356;368;411;412;414;417;427;621;631;733;736;737;742;744;745;748;760;771;782;789;791;792;803;814,64,1
cbfeb6c8-ec1f-4884-bcbf-14d7764c4a36,Is the person writing with their right hand?,Yes.,,3;7;9;16;19;27;29;31;32;35;37;39;41;42;47;53;55;57;58;113;118;120;127;136;137;143;144;157;161;189;208;215;225;231;232;237;241;255;285;290;355;356;368;411;412;414;417;427;621;631;733;736;737;742;744;745;748;760;771;782;789;791;792;814,64,1
cbfeb6c8-ec1f-4884-bcbf-14d7764c4a36,Is the notebook placed on the person's lap?,No.,,3;7;9;16;19;29;31;32;35;37;39;41;42;47;53;55;57;58;113;118;120;127;136;137;143;144;157;161;189;208;215;225;232;237;241;255;285;290;355;356;368;411;412;414;417;427;621;631;733;736;737;742;744;745;748;760;771;772;782;789;791;792;803;814,64,1
cbfeb6c8-ec1f-4884-bcbf-14d7764c4a36,Does this video show any electronic devices being used?,No.,,3;7;9;16;19;29;31;32;35;37;39;41;42;47;53;55;57;58;113;118;120;127;136;137;143;144;157;161;189;208;215;225;231;232;237;241;255;285;290;355;356;368;411;412;414;417;427;621;631;733;736;737;742;744;745;748;760;771;782;789;791;792;803;814,64,1
cbfeb6c8-ec1f-4884-bcbf-14d7764c4a36,Is the person seated while writing in the book?,Yes.,,3;7;9;16;19;29;31;32;35;37;39;41;42;47;53;55;57;58;113;118;120;127;136;137;143;144;157;161;189;208;215;225;231;232;237;241;255;285;290;355;356;368;411;412;414;417;427;621;631;733;736;737;742;744;745;748;760;771;782;789;791;792;803;814,64,1
cbfeb6c8-ec1f-4884-bcbf-14d7764c4a36,Do I sit down before beginning to write?,Yes,,7;9;16;19;27;29;31;32;35;37;39;41;42;47;53;55;57;58;113;118;120;127;136;137;143;144;157;161;189;208;215;225;231;232;237;241;255;285;290;343;355;356;368;411;412;414;417;427;621;631;733;736;737;742;744;745;748;760;782;789;791;792;803;814,64,1
cbfeb6c8-ec1f-4884-bcbf-14d7764c4a36,What happens before the book is opened?,I sit down at the desk.,,7;9;16;19;29;31;32;35;37;39;41;42;47;53;55;57;58;113;118;120;127;136;137;143;144;157;161;189;208;215;225;231;232;237;241;255;285;290;305;343;355;356;368;411;412;414;417;427;621;631;733;736;737;742;744;745;748;760;782;789;791;792;803;814,64,1
cbfeb6c8-ec1f-4884-bcbf-14d7764c4a36,Did I close the book before starting to write?,No,,7;9;16;19;27;29;31;32;35;37;39;41;42;47;53;55;57;58;113;118;120;127;136;137;143;144;157;161;189;208;215;225;231;232;237;241;255;285;290;343;355;356;368;411;412;414;417;427;621;631;733;736;737;742;744;745;748;760;782;789;791;792;803;814,64,1
cbfeb6c8-ec1f-4884-bcbf-14d7764c4a36,Was I seated while writing in the book?,Yes,,3;7;9;16;19;29;31;32;35;37;39;41;42;47;53;55;57;58;113;118;120;127;136;137;143;144;157;161;189;208;215;225;231;232;237;241;255;285;290;355;356;368;411;412;414;417;427;621;631;733;736;737;742;744;745;748;760;771;782;789;791;792;803;814,64,1
cbfeb6c8-ec1f-4884-bcbf-14d7764c4a36,Did I turn the page after finishing writing?,No,,3;7;9;16;19;29;31;32;35;37;39;41;42;47;53;55;57;58;113;118;120;127;136;137;143;144;157;161;189;208;215;225;231;232;237;241;255;285;290;343;355;356;368;411;412;414;417;427;621;631;733;736;737;742;744;745;748;760;782;789;791;792;803;814,64,1
cbfeb6c8-ec1f-4884-bcbf-14d7764c4a36,Was the pen put down before closing the book?,No,,3;7;9;16;19;29;31;32;35;37;39;41;42;47;53;55;57;58;113;118;120;127;136;137;143;144;157;161;189;208;215;225;231;232;237;241;255;285;290;355;356;368;396;411;412;414;417;427;621;631;733;736;737;742;744;745;748;760;782;789;791;792;803;814,64,1
cbfeb6c8-ec1f-4884-bcbf-14d7764c4a36,Did I write on the left page before the right one?,No,,3;7;9;16;19;27;29;31;32;35;37;39;41;42;47;53;55;57;58;113;118;120;127;136;137;143;144;157;161;189;208;215;225;231;232;237;241;255;285;290;355;356;368;411;412;414;417;427;621;631;733;736;737;742;744;745;748;760;782;789;791;792;803;814,64,1
cbfeb6c8-ec1f-4884-bcbf-14d7764c4a36,What is the setting of the scene in this video clip?,"The setting is indoors, with a person writing in a notebook.",,3;7;9;16;19;29;31;32;35;37;39;41;42;47;53;55;57;58;113;118;120;127;136;137;143;144;157;161;189;208;215;225;231;232;237;241;255;285;290;355;356;368;411;412;414;417;427;621;631;733;736;737;742;744;745;748;760;771;782;789;791;792;803;814,64,1
cbfeb6c8-ec1f-4884-bcbf-14d7764c4a36,What activity is being performed in the scene?,Writing on a notebook with a pen.,,3;7;9;16;19;29;31;32;35;37;39;41;42;47;53;55;57;58;77;113;118;120;127;136;137;143;144;157;161;189;208;215;225;231;232;241;255;285;290;305;355;356;368;411;412;414;417;427;621;631;733;736;737;742;744;745;748;760;782;789;791;792;803;814,64,1
cbfeb6c8-ec1f-4884-bcbf-14d7764c4a36,What can we deduce about the person's task in the video?,The person is engaged in a writing activity.,,3;7;9;16;19;27;29;31;32;35;37;39;41;42;47;53;55;57;58;113;118;120;127;136;137;143;144;157;161;189;208;215;225;232;237;241;255;285;290;355;356;368;411;412;414;417;427;621;631;733;736;737;742;744;745;748;760;771;782;789;791;792;803;814,64,1
cbfeb6c8-ec1f-4884-bcbf-14d7764c4a36,Describe the motion taking place in these frames?,The movement of the hand while writing.,,3;7;9;16;19;29;31;32;35;37;39;41;42;47;53;55;57;58;113;118;120;127;136;137;143;144;157;161;189;208;215;225;231;232;237;241;255;285;290;355;356;368;411;412;414;417;427;621;631;733;736;737;742;744;745;748;760;771;782;789;791;792;803;814,64,1
cbfeb6c8-ec1f-4884-bcbf-14d7764c4a36,Does the person stop writing at any point in the video?,No.,,3;7;9;16;19;29;31;32;35;37;39;41;42;47;53;55;57;58;113;118;120;127;136;137;143;144;157;161;189;208;215;225;231;232;237;241;255;285;290;355;356;368;411;412;414;417;427;621;631;733;736;737;742;744;745;748;760;771;782;789;791;792;803;814,64,1
cbfeb6c8-ec1f-4884-bcbf-14d7764c4a36,Is there any use of electronic devices in these frames?,No.,,3;7;9;16;19;29;31;32;35;37;39;41;42;47;53;55;57;58;113;118;120;127;136;137;143;144;157;161;189;208;215;225;231;232;237;241;255;285;290;355;356;368;411;412;414;417;427;621;631;733;736;737;742;744;745;748;760;771;782;789;791;792;803;814,64,1
cbfeb6c8-ec1f-4884-bcbf-14d7764c4a36,"In the video sequence, what do we see happening before writing with the pen?",Sitting at the desk,,3;7;9;16;19;27;29;31;32;35;37;39;41;42;47;53;55;57;58;113;118;120;127;136;137;143;144;157;161;189;208;215;225;231;232;237;241;255;285;290;355;356;368;411;412;414;417;427;621;631;733;736;737;742;744;745;748;760;782;789;791;792;803;814,64,1
cbfeb6c8-ec1f-4884-bcbf-14d7764c4a36,What occurs just before opening the notebook in the video?,Sitting at the desk,,3;7;9;16;19;29;31;32;35;37;39;41;42;47;53;55;57;58;113;118;120;127;136;137;143;144;157;161;189;208;215;225;231;232;237;241;255;285;290;355;356;368;411;412;414;417;427;621;631;733;736;737;742;744;745;748;760;771;782;789;791;792;803;814,64,1
cbfeb6c8-ec1f-4884-bcbf-14d7764c4a36,"In the video, does using the pen happen after sitting at the desk?",Yes,,3;7;9;16;19;29;31;32;35;37;39;41;42;47;53;55;57;58;113;118;120;127;136;137;143;144;157;161;189;208;215;225;231;232;237;241;255;285;290;355;356;368;411;412;414;417;427;621;631;733;736;737;742;744;745;748;760;771;782;789;791;792;803;814,64,1
cbfeb6c8-ec1f-4884-bcbf-14d7764c4a36,What action precedes putting down the pen on the desk?,Writing in the book,,3;7;9;16;19;27;29;31;32;35;37;39;41;42;47;53;55;57;58;113;118;120;127;136;137;143;144;157;161;189;208;215;225;231;232;237;241;255;285;290;355;356;368;411;412;414;417;427;621;631;733;736;737;742;744;745;748;760;782;789;791;792;803;814,64,1
cbfeb6c8-ec1f-4884-bcbf-14d7764c4a36,What is done just before the writing starts in the video?,Picking up the pen,,3;7;9;16;19;29;31;32;35;37;39;41;42;47;53;55;57;58;113;118;120;127;136;137;143;144;157;161;189;208;215;225;231;232;241;255;285;290;305;343;355;356;368;411;412;414;417;427;621;631;733;736;737;742;744;745;748;760;782;789;791;792;803;814,64,1
cbfeb6c8-ec1f-4884-bcbf-14d7764c4a36,Which action is depicted in this frame?,Writing in a book with a pen.,,3;7;9;16;19;29;31;32;35;37;39;41;42;47;53;55;57;58;113;118;120;127;136;143;144;157;161;189;208;215;225;232;237;241;255;285;290;305;343;355;356;368;411;412;414;417;427;621;631;733;736;737;742;744;745;748;760;771;782;789;791;792;803;814,64,1
cbfeb6c8-ec1f-4884-bcbf-14d7764c4a36,Describe the surroundings visible in this frame.,"Indoors, likely a desk or table.",,3;7;9;16;19;29;31;32;35;37;39;41;42;47;53;55;57;58;113;118;120;127;136;137;143;144;157;161;189;208;215;225;231;232;237;241;255;285;290;355;356;368;411;412;414;417;427;621;631;733;736;737;742;744;745;748;760;771;782;789;791;792;803;814,64,1
cbfeb6c8-ec1f-4884-bcbf-14d7764c4a36,Can you specify the object being used by the person?,A pen.,,3;7;9;16;19;27;29;31;32;35;37;39;41;42;47;53;55;57;58;113;118;120;127;136;137;143;144;157;161;189;208;215;225;232;237;241;255;285;290;355;356;368;411;412;414;417;427;621;631;733;736;737;742;744;745;748;760;771;782;789;791;792;803;814,64,1
cbfeb6c8-ec1f-4884-bcbf-14d7764c4a36,Did the interaction occur in an outdoor location?,No.,,3;7;9;16;19;29;31;32;35;37;39;41;42;47;53;55;57;58;113;118;120;127;136;143;144;157;161;189;208;215;225;231;232;237;241;255;285;290;355;356;368;411;412;414;417;427;621;631;733;736;737;742;744;745;748;760;771;772;782;789;791;792;803;814,64,1
cbfeb6c8-ec1f-4884-bcbf-14d7764c4a36,Is the person predominantly engaged in a physical activity?,No.,,3;7;9;16;19;27;29;31;32;35;37;39;41;42;47;53;55;57;58;113;118;120;127;136;137;143;144;157;161;189;208;215;225;231;232;237;241;255;285;290;355;356;368;411;412;414;417;427;621;631;733;736;737;742;744;745;748;760;771;782;789;791;792;814,64,1
cbfeb6c8-ec1f-4884-bcbf-14d7764c4a36,"In the video, does writing in the notebook occur before conversing with a woman?",Yes.,,3;7;9;16;19;29;31;32;35;37;39;41;42;47;53;55;57;58;113;118;120;127;136;137;143;144;157;161;189;208;215;225;231;232;237;241;255;285;290;355;356;368;411;412;414;417;427;621;631;733;736;737;742;744;745;748;760;771;782;789;791;792;803;814,64,1
cbfeb6c8-ec1f-4884-bcbf-14d7764c4a36,"In the video, does the conversation with a woman happen before being in an apartment?",No.,,3;7;9;16;19;29;31;32;35;37;39;41;42;47;53;55;57;58;113;118;120;127;136;137;143;144;157;161;189;208;215;225;231;232;237;241;255;285;290;355;356;368;411;412;414;417;427;621;631;733;736;737;742;744;745;748;760;771;782;789;791;792;803;814,64,1
cbfeb6c8-ec1f-4884-bcbf-14d7764c4a36,Is the pen used before entering the apartment as shown in the clip?,No.,,3;7;9;16;19;29;31;32;35;37;39;41;42;47;53;55;57;58;113;118;120;127;136;137;143;144;157;161;189;208;215;225;231;232;237;241;255;285;290;355;356;368;411;412;414;417;427;621;631;733;736;737;742;744;745;748;760;771;782;789;791;792;803;814,64,1
cbfeb6c8-ec1f-4884-bcbf-14d7764c4a36,"In the video sequence, what do we see happening before conversing with woman X?",Being in an apartment.,,3;7;9;16;19;29;31;32;35;37;39;41;42;47;53;55;57;58;113;118;120;127;136;137;143;144;157;161;189;208;215;225;231;232;237;241;255;285;290;355;356;368;411;412;414;417;427;621;631;733;736;737;742;744;745;748;760;771;782;789;791;792;803;814,64,1
cbfeb6c8-ec1f-4884-bcbf-14d7764c4a36,What happens right before using a pen on the book?,Being indoors.,,3;7;9;16;19;29;31;32;35;37;39;41;42;47;53;55;57;58;113;118;120;127;136;137;143;144;157;161;189;208;215;225;231;232;237;241;255;285;290;355;356;368;411;412;414;417;427;621;631;731;733;736;737;742;744;745;748;760;782;789;791;792;803;814,64,1
cbfeb6c8-ec1f-4884-bcbf-14d7764c4a36,"In the video, what occurs directly before the pen is picked up?",Being indoors.,,7;9;16;19;29;31;32;35;37;39;41;42;47;53;55;57;58;113;118;120;127;136;137;143;144;157;161;189;208;215;225;231;232;237;241;255;285;290;343;355;356;368;396;411;412;414;417;427;621;631;733;736;737;742;744;745;748;760;782;789;791;792;803;814,64,1
cbfeb6c8-ec1f-4884-bcbf-14d7764c4a36,What happens before the conversation with woman X in the video?,Writing on a book,,3;7;9;16;19;29;31;32;35;37;39;41;42;47;53;55;57;58;113;118;120;127;136;137;143;144;157;161;189;208;215;225;231;232;237;241;255;285;290;355;356;368;411;412;414;417;427;621;631;733;736;737;742;744;745;748;760;771;782;789;791;792;803;814,64,1
6baa36c1-e4d0-4dbd-97b2-dff48ecf796e,What environments surround the individual scrapping the wall?,An outdoor setting with a ladder near a wooden fence.,,1;4;7;8;19;20;21;27;35;40;43;44;47;48;49;53;54;56;61;62;65;67;70;72;73;77;81;82;84;86;89;97;104;105;112;116;118;121;122;124;127;128;129;132;135;136;137;140;143;144;145,64,1
6baa36c1-e4d0-4dbd-97b2-dff48ecf796e,What tool is utilized for scrapping in the scene?,A scraper is used.,,1;4;7;8;14;19;20;21;27;35;43;44;47;48;49;53;54;56;61;62;65;67;70;72;73;77;81;82;84;86;89;97;104;105;112;116;118;121;122;124;127;128;129;132;135;136;137;140;143;144;145,64,1
6baa36c1-e4d0-4dbd-97b2-dff48ecf796e,Is the individual standing on the ground or elevated while scrapping?,The individual is elevated on a ladder.,,1;4;7;8;14;19;20;21;27;35;40;43;44;47;48;49;53;54;56;61;62;65;67;70;72;73;77;81;82;84;86;89;97;104;105;112;116;118;121;122;124;127;128;129;132;135;136;137;140;143;144;145,64,1
6baa36c1-e4d0-4dbd-97b2-dff48ecf796e,What is the purpose of using a ladder in this scenario?,To reach higher areas of the wall for scrapping.,,1;4;7;8;14;19;20;21;27;35;40;43;44;47;48;49;53;54;56;61;62;65;67;70;72;73;77;81;82;84;86;89;97;104;105;112;116;118;121;122;124;127;128;129;132;135;136;137;140;143;144;145,64,1
6baa36c1-e4d0-4dbd-97b2-dff48ecf796e,How does the individual prepare to scrape the wall?,The individual prepares by stretching out a ladder.,,1;4;7;8;14;19;20;21;27;35;40;43;44;47;48;49;53;54;56;61;62;65;67;70;72;73;77;81;82;84;86;89;97;104;105;112;116;118;121;122;124;127;128;129;132;135;136;137;140;144;145,64,1
6baa36c1-e4d0-4dbd-97b2-dff48ecf796e,Does the video show a person using a ladder?,Yes.,,1;4;7;8;14;19;20;21;27;35;40;43;44;47;48;49;53;54;56;61;62;65;67;70;72;73;77;81;82;84;86;89;97;104;105;112;116;118;121;122;124;127;128;129;132;135;136;137;140;143;144;145,64,1
6baa36c1-e4d0-4dbd-97b2-dff48ecf796e,Is the wall being scraped in the video?,Yes.,,1;4;7;8;12;14;19;20;21;27;35;40;43;44;47;48;49;53;54;56;61;62;65;67;70;72;73;77;81;84;86;89;97;104;105;112;116;118;121;122;124;127;128;129;132;135;136;137;140;143;144;145,64,1
6baa36c1-e4d0-4dbd-97b2-dff48ecf796e,Does the scene involve stretching a ladder before scrapping?,Yes.,,1;4;7;8;14;19;20;21;27;35;40;43;44;47;48;49;53;54;56;61;62;65;67;70;72;73;77;81;82;84;86;89;97;104;105;112;116;118;121;122;124;127;128;129;132;135;136;137;140;143;144;145,64,1
6baa36c1-e4d0-4dbd-97b2-dff48ecf796e,Does the individual scrap the wall without any tools?,No.,,1;4;7;8;14;19;20;21;27;35;40;43;44;47;48;49;53;54;56;61;62;65;67;70;72;73;77;81;82;84;86;89;97;104;105;112;116;118;121;122;124;127;128;129;132;135;136;137;140;143;144;145,64,1
6baa36c1-e4d0-4dbd-97b2-dff48ecf796e,What location is depicted in this video clip?,The video clip depicts an outdoor scene with a wall.,,4;19;20;43;48;54;61;65;67;72;73;86;121;124;128;150;167;168;170;172;175;177;179;186;188;191;192;196;197;201;203;205;207;208;211;213;214;218;219;221;223;226;227;230;231;233;234;237;238;241;246;248;250;253;255;258;259;260;264;268;270;272;274;279,64,1
6baa36c1-e4d0-4dbd-97b2-dff48ecf796e,How does the environment appear in the video clip?,The environment appears to be a porch or exterior of a building.,,4;19;20;43;48;54;61;65;67;72;86;121;124;128;150;167;168;170;172;175;177;179;186;188;191;192;196;197;201;203;205;207;208;211;213;214;218;219;221;223;226;227;230;231;233;234;237;238;241;246;248;250;253;255;258;259;260;264;268;270;272;274;279,64,1
6baa36c1-e4d0-4dbd-97b2-dff48ecf796e,What structure can be observed in this video clip?,A wall with white paint is observed in this video clip.,,4;19;20;43;48;54;61;65;67;72;86;121;124;128;150;167;168;170;172;175;177;179;186;188;191;192;196;197;201;203;205;207;208;211;213;214;218;219;221;223;226;227;230;231;233;234;237;238;241;246;248;250;253;255;258;259;260;263;264;268;270;272;274;279,64,1
6baa36c1-e4d0-4dbd-97b2-dff48ecf796e,How is the exterior space utilized in the video action?,The exterior space provides a background for removal of an object.,,4;19;20;43;48;54;61;65;67;72;86;121;124;128;150;167;168;170;172;175;177;179;186;188;191;192;196;197;201;203;205;207;208;211;213;214;218;219;221;223;226;227;230;231;233;234;237;238;241;246;248;250;253;255;258;259;260;264;268;270;272;274;279,64,1
6baa36c1-e4d0-4dbd-97b2-dff48ecf796e,Is the object completely removed from the wall in the video?,Yes,,4;19;20;43;48;54;61;65;67;72;86;121;124;128;150;167;168;170;172;175;177;179;186;188;191;192;196;197;201;203;205;207;208;211;213;214;218;219;221;223;226;227;230;231;233;234;237;238;241;246;248;250;253;255;258;259;260;264;268;270;272;274;279,64,1
6baa36c1-e4d0-4dbd-97b2-dff48ecf796e,Does the video clip show a wall being painted?,No,,4;19;20;43;48;54;61;65;67;72;86;121;124;128;150;167;168;170;172;175;177;179;186;188;191;192;196;197;201;203;205;207;208;211;213;214;218;219;221;223;226;227;230;231;233;234;237;238;241;246;248;250;253;255;258;259;260;264;268;270;272;274;279,64,1
6baa36c1-e4d0-4dbd-97b2-dff48ecf796e,"In the video, is the wall outdoors?",Yes,,4;19;20;43;48;54;61;65;67;72;86;121;124;128;150;167;168;170;172;175;177;179;186;188;191;192;196;197;201;203;205;207;208;211;213;214;218;219;221;223;226;227;230;231;233;234;237;238;241;246;248;250;253;255;258;259;260;263;264;268;270;272;274;279,64,1
6baa36c1-e4d0-4dbd-97b2-dff48ecf796e,"In the video, is the ladder stretched before scraping the wall?",Yes,,4;19;20;43;48;54;61;65;67;72;73;86;121;124;128;150;167;168;170;172;175;177;179;186;188;191;192;196;197;201;203;205;207;208;211;213;214;218;219;221;223;226;227;230;231;233;234;237;238;241;246;248;250;253;255;258;259;260;264;268;270;272;274;279,64,1
6baa36c1-e4d0-4dbd-97b2-dff48ecf796e,What happens just before the wall is scraped in the video?,The ladder is stretched,,4;19;20;43;48;54;61;65;67;72;86;121;124;128;150;167;168;170;172;175;177;179;186;188;191;192;196;197;201;203;205;207;208;211;213;214;218;219;221;223;226;227;230;231;233;234;237;238;241;246;248;250;253;255;258;259;260;264;268;270;272;274;279,64,1
6baa36c1-e4d0-4dbd-97b2-dff48ecf796e,What exterior work is being performed?,Scraping a wall and smoothing a surface.,,4;19;43;61;167;168;179;186;188;192;196;197;205;211;213;218;219;221;227;230;231;233;234;237;238;241;248;250;253;255;258;259;260;268;270;272;274;279;308;309;317;318;325;326;329;330;332;333;337;339;340;342;344;346;350;351;355;366;370;378;383;386;391;394,64,1
6baa36c1-e4d0-4dbd-97b2-dff48ecf796e,Where is the activity taking place?,Outside a house.,,19;43;61;167;168;179;186;188;192;196;197;205;211;213;218;219;221;227;230;231;233;234;237;238;241;248;250;253;255;258;259;260;268;270;272;274;279;307;308;309;317;318;325;326;329;330;332;333;337;339;340;342;344;346;350;351;355;366;370;378;383;386;391;394,64,1
6baa36c1-e4d0-4dbd-97b2-dff48ecf796e,Which tools are being used for the exterior tasks?,A scraper and a planer.,,4;19;61;167;168;179;186;188;192;196;197;205;211;213;218;219;221;227;230;231;233;234;237;238;241;248;250;253;255;258;259;260;268;270;272;274;279;307;308;309;317;318;325;326;329;330;332;333;337;339;340;342;344;346;350;351;355;366;370;378;383;386;391;394,64,1
6baa36c1-e4d0-4dbd-97b2-dff48ecf796e,Can you describe the sequence of work shown?,"Scraping first, then planing.",,4;19;54;61;167;168;179;186;188;192;196;197;205;211;213;218;219;221;227;230;231;233;234;237;238;241;248;250;253;255;258;259;260;268;270;272;274;279;308;309;317;318;325;326;329;330;332;333;337;339;340;342;344;346;350;351;355;366;370;378;383;386;391;394,64,1
6baa36c1-e4d0-4dbd-97b2-dff48ecf796e,Does the video show painting work being done?,No.,,4;19;43;61;167;168;179;186;188;192;196;197;205;211;213;218;219;221;227;230;231;233;234;237;238;241;248;250;253;255;258;259;260;268;270;274;279;307;308;309;317;318;325;326;329;330;332;333;337;339;340;342;344;346;350;351;355;366;370;378;383;386;391;394,64,1
6baa36c1-e4d0-4dbd-97b2-dff48ecf796e,Is there any smoothing of surfaces portrayed?,Yes.,,19;61;167;168;179;186;188;191;192;196;197;205;211;213;218;219;221;227;230;231;233;234;237;238;241;248;250;253;255;258;259;260;268;270;272;274;279;307;308;309;317;318;325;326;329;330;332;333;337;339;340;342;344;346;350;351;355;366;370;378;383;386;391;394,64,1
6baa36c1-e4d0-4dbd-97b2-dff48ecf796e,Does the scene capture window installation?,No.,,4;19;43;54;61;167;168;179;186;188;192;196;197;205;211;213;218;219;221;227;230;231;233;234;237;238;241;248;250;253;255;258;259;260;268;270;274;279;308;309;317;318;325;326;329;330;332;333;337;339;340;342;344;346;350;351;355;366;370;378;383;386;391;394,64,1
6baa36c1-e4d0-4dbd-97b2-dff48ecf796e,Does the clip depict interior renovation?,No.,,4;19;61;167;168;179;186;188;191;192;196;197;205;211;213;218;219;221;227;230;231;233;234;237;238;241;248;250;253;255;258;259;260;268;270;272;274;279;307;308;309;317;318;325;326;329;330;332;333;337;339;340;342;344;350;351;355;366;370;378;383;386;391;394,64,1
6baa36c1-e4d0-4dbd-97b2-dff48ecf796e,Does smoothing the surface occur before scraping the wall?,No,,4;19;54;61;167;168;179;186;188;192;196;197;205;211;213;218;219;221;227;230;231;233;234;237;238;241;248;250;253;255;258;259;260;268;270;274;279;307;308;309;317;318;325;326;329;330;332;333;337;339;340;342;344;346;350;351;355;366;370;378;383;386;391;394,64,1
6baa36c1-e4d0-4dbd-97b2-dff48ecf796e,Is the removal of plaster seen before the scraping action?,Yes,,4;19;61;167;168;179;186;188;192;196;197;205;211;213;218;219;221;227;230;231;233;234;237;238;241;248;250;253;255;258;259;260;268;270;272;274;279;307;308;309;317;318;325;326;329;330;332;333;337;339;340;342;344;346;350;351;355;366;370;378;383;386;391;394,64,1
6baa36c1-e4d0-4dbd-97b2-dff48ecf796e,Does the planer touch the surface after the wall is scrapped?,Yes,,4;19;61;167;168;179;186;188;192;196;197;205;211;213;218;219;221;227;230;231;233;234;237;238;241;248;250;253;255;258;259;260;268;270;272;274;279;307;308;309;317;318;325;326;329;330;332;333;337;339;340;342;344;346;350;351;355;366;370;378;383;386;391;394,64,1
6baa36c1-e4d0-4dbd-97b2-dff48ecf796e,"In the video, is the ladder stretched before scraping the wall?",Yes,,4;19;61;167;168;179;186;188;192;196;197;205;211;213;218;219;221;227;230;231;233;234;237;238;241;248;250;253;255;258;259;260;268;270;272;274;279;307;308;309;317;318;325;326;329;330;332;333;337;339;340;342;344;346;350;351;355;366;370;378;383;386;391;394,64,1
6baa36c1-e4d0-4dbd-97b2-dff48ecf796e,Does the smoothing of the surface occur after scraping the wall?,Yes,,4;19;54;61;167;168;179;186;188;192;196;197;205;211;213;218;219;221;227;230;231;233;234;237;238;241;248;250;253;255;258;259;260;268;270;274;279;307;308;309;317;318;325;326;329;330;332;333;337;339;340;342;344;346;350;351;355;366;370;378;383;386;391;394,64,1
6baa36c1-e4d0-4dbd-97b2-dff48ecf796e,Is something removed from the wall before stretching the ladder?,No,,4;19;61;167;168;179;186;188;192;196;197;205;211;213;218;219;221;227;230;231;233;234;237;238;241;248;250;253;255;258;259;260;268;270;272;274;279;307;308;309;317;318;325;326;329;330;332;333;337;339;340;342;344;346;350;351;355;366;370;378;383;386;391;394,64,1
6baa36c1-e4d0-4dbd-97b2-dff48ecf796e,"In the clip, is the ladder stretched after smoothing the surface?",No,,4;19;61;167;168;179;186;188;192;196;197;205;211;213;218;219;221;227;230;231;233;234;237;238;241;248;250;253;255;258;259;260;268;270;272;274;279;307;308;309;317;318;325;326;329;330;332;333;337;339;340;342;344;346;350;351;355;366;370;378;383;386;391;394,64,1
6baa36c1-e4d0-4dbd-97b2-dff48ecf796e,What can be seen happening before smoothing the surface?,Scraping the wall,,4;19;61;167;168;179;186;188;192;196;197;205;211;213;218;219;221;227;230;231;233;234;237;238;241;248;250;253;255;258;259;260;268;270;272;274;279;307;308;309;317;318;325;326;329;330;332;333;337;339;340;342;344;346;350;351;355;366;370;378;383;386;391;394,64,1
6baa36c1-e4d0-4dbd-97b2-dff48ecf796e,"In the video, what happens before stretching the ladder?","Nothing, it is the first action",,4;19;61;167;168;179;186;188;192;196;197;205;211;213;218;219;221;227;230;231;233;234;237;238;241;248;250;253;255;258;259;260;268;270;272;274;279;307;308;309;317;318;325;326;329;330;332;333;337;339;340;342;344;346;350;351;355;366;370;378;383;386;391;394,64,1
6baa36c1-e4d0-4dbd-97b2-dff48ecf796e,What is the setting of the video clip?,Outside a house.,,61;168;179;186;188;196;197;205;213;218;219;221;231;233;234;238;241;250;255;258;260;268;270;274;279;308;309;317;325;326;329;332;333;337;339;340;342;344;350;355;366;378;386;391;424;435;437;439;441;454;456;460;465;466;473;478;479;487;488;494;499;505;514;526,64,1
6baa36c1-e4d0-4dbd-97b2-dff48ecf796e,What task is being performed in the video clip?,Smoothing and scraping a surface.,,61;168;179;186;188;196;197;205;213;218;219;221;231;233;234;238;241;250;255;258;260;268;270;274;279;308;309;317;325;326;329;332;333;337;339;340;342;344;350;355;366;378;386;391;424;435;437;439;441;454;456;460;465;466;473;478;479;487;488;494;499;505;514;526,64,1
6baa36c1-e4d0-4dbd-97b2-dff48ecf796e,What tools are being used in the video clip?,A planer and a scraper.,,61;168;179;186;188;196;197;205;213;218;219;221;231;233;234;238;241;250;255;258;260;268;270;274;279;308;309;317;325;326;329;332;333;337;339;340;342;344;350;355;366;378;386;391;424;435;437;439;441;454;456;460;465;466;473;478;479;487;488;494;499;505;514;526,64,1
6baa36c1-e4d0-4dbd-97b2-dff48ecf796e,What is the condition of the surface being worked on?,It is a rough surface.,,61;168;179;186;188;196;197;205;213;218;219;221;231;233;234;238;241;250;255;258;260;268;270;274;279;308;309;317;325;326;329;332;333;337;339;340;342;344;350;355;366;378;386;391;424;435;437;439;441;454;456;460;465;466;473;478;479;487;488;494;499;505;514;526,64,1
6baa36c1-e4d0-4dbd-97b2-dff48ecf796e,What is the first action taken on the surface in the clip?,Smoothing it with a planer.,,61;168;179;186;196;197;205;213;218;219;221;231;233;234;238;241;250;255;258;260;268;270;274;279;308;309;317;325;326;329;332;333;337;339;340;342;344;350;355;366;378;386;391;424;435;437;439;441;454;456;460;465;466;473;478;479;487;488;494;499;505;514;519;526,64,1
6baa36c1-e4d0-4dbd-97b2-dff48ecf796e,What is the progression of work on the surface in the clip?,From smoothing to scraping.,,61;168;179;186;188;196;197;205;213;218;219;221;231;233;234;238;241;250;255;258;260;268;270;274;279;308;309;317;325;326;329;332;333;337;339;340;342;344;350;355;366;378;386;391;424;435;437;439;441;454;456;460;465;466;473;478;479;487;488;494;499;505;514;526,64,1
6baa36c1-e4d0-4dbd-97b2-dff48ecf796e,How is the condition of the surface changing in the clip?,Becoming smoother and cleaner.,,61;168;179;186;188;196;197;205;213;218;219;221;231;233;234;238;241;250;255;258;260;268;270;274;279;308;309;317;325;326;329;332;333;337;339;340;342;344;350;355;366;378;386;391;424;435;437;439;441;454;456;460;465;466;473;478;479;487;488;494;499;505;514;526,64,1
6baa36c1-e4d0-4dbd-97b2-dff48ecf796e,Does the person use a planer on the surface?,Yes.,,61;168;179;186;188;196;197;205;213;218;219;221;231;233;234;238;241;255;258;260;268;270;274;279;308;309;317;325;326;329;332;333;337;339;340;342;344;350;355;366;378;386;391;424;435;437;439;441;454;456;460;465;466;473;478;479;487;488;494;499;505;514;519;526,64,1
6baa36c1-e4d0-4dbd-97b2-dff48ecf796e,Is there an action of scraping visible in the new frames?,Yes.,,61;168;179;186;188;196;197;205;213;218;219;221;231;233;234;238;241;255;258;260;268;270;274;279;308;309;317;325;326;329;332;333;337;339;340;342;344;350;355;366;378;386;391;424;435;437;439;441;454;456;460;465;466;473;478;479;487;488;494;499;505;514;523;526,64,1
6baa36c1-e4d0-4dbd-97b2-dff48ecf796e,Does the clip show the complete smoothing of the surface?,No.,,61;168;179;186;188;196;197;205;213;218;219;221;231;233;234;238;241;255;258;259;260;268;270;274;279;308;309;317;325;326;329;332;333;337;339;340;344;350;355;366;378;386;391;424;435;437;439;441;454;456;460;465;466;473;478;479;487;488;494;499;505;514;523;526,64,1
6baa36c1-e4d0-4dbd-97b2-dff48ecf796e,"In the video, is the surface scrapped before it is smoothened with a planer?",No,,61;168;179;186;188;196;197;205;213;218;219;221;231;233;234;238;241;250;255;258;260;268;270;274;279;308;309;317;325;326;329;332;333;337;339;340;342;344;350;355;366;378;386;391;424;435;437;439;441;454;456;460;465;466;473;478;479;487;488;494;499;505;514;526,64,1
6baa36c1-e4d0-4dbd-97b2-dff48ecf796e,"In the sequence, is the planer used before the scraper?",Yes,,61;168;179;186;188;196;197;205;213;218;219;221;231;233;234;238;241;250;255;258;260;268;270;274;279;308;309;317;325;326;329;332;333;337;339;340;342;344;350;355;366;378;386;391;424;435;437;439;441;454;456;460;465;466;473;478;479;487;488;494;499;505;514;526,64,1
6baa36c1-e4d0-4dbd-97b2-dff48ecf796e,What occurs right before the planer is used on the surface?,"Nothing, it's the first action",,61;168;179;186;196;197;205;213;218;219;221;231;233;234;238;241;250;255;258;259;260;268;270;274;279;308;309;317;325;326;329;332;333;337;339;340;342;344;350;355;366;378;386;391;424;435;437;439;441;454;456;460;465;466;473;478;479;487;488;494;499;505;514;526,64,1
6baa36c1-e4d0-4dbd-97b2-dff48ecf796e,Did I remove something from the wall before scraping the wall?,Yes,,61;168;179;186;188;196;197;205;213;218;219;221;231;233;234;238;241;255;258;260;268;270;274;279;308;309;317;325;326;329;332;333;337;339;340;344;350;355;366;378;386;391;424;435;437;439;441;454;456;460;465;466;473;478;479;483;487;488;494;499;505;514;523;526,64,1
6baa36c1-e4d0-4dbd-97b2-dff48ecf796e,Is the surface smoothened with a planer before scraping with a scraper?,Yes,,61;168;179;186;188;196;197;205;213;218;219;221;231;233;234;238;241;255;258;260;268;270;274;279;308;309;317;325;326;329;332;333;337;339;340;342;344;350;355;366;378;386;391;424;435;437;439;441;454;456;460;465;466;473;478;479;487;488;494;499;505;514;519;526,64,1
6baa36c1-e4d0-4dbd-97b2-dff48ecf796e,Do I smoothen the surface with a planer before removing something from the wall?,No,,61;168;179;186;188;196;197;205;213;218;219;221;231;233;234;238;241;255;258;260;268;270;274;279;308;309;317;325;326;329;332;333;337;339;340;342;344;350;355;366;378;386;391;424;435;437;439;441;454;456;460;465;466;473;478;479;487;488;494;499;505;514;519;526,64,1
6baa36c1-e4d0-4dbd-97b2-dff48ecf796e,Is the wall scraped with a scraper before using a planer in one sequence?,No,,61;168;179;186;188;196;197;205;213;218;219;221;231;233;234;238;241;255;258;260;268;270;274;279;308;309;317;325;326;329;332;333;337;339;340;342;344;350;355;366;378;386;391;424;435;437;439;441;454;456;460;465;466;473;478;479;487;488;494;499;505;514;519;526,64,1
6baa36c1-e4d0-4dbd-97b2-dff48ecf796e,What setting is shown in the video clip?,An outdoor scene with window frame paint removal.,,168;179;186;205;213;218;219;221;231;233;234;238;241;255;258;260;268;270;274;308;309;317;325;326;329;332;333;337;339;340;344;355;366;386;391;435;437;439;441;454;456;460;465;466;473;479;487;488;494;499;505;514;569;580;582;603;607;609;620;624;628;629;634;684,64,1
6baa36c1-e4d0-4dbd-97b2-dff48ecf796e,Describe the environment shown in the clip.,"An outside area, likely a building's exterior.",,168;179;186;205;213;218;219;221;231;233;234;238;241;255;258;260;268;270;274;279;308;309;317;325;326;329;332;333;337;339;340;344;355;366;386;435;437;439;441;454;456;460;465;466;473;479;487;488;494;499;505;514;569;580;582;603;607;620;624;628;629;634;683;684,64,1
6baa36c1-e4d0-4dbd-97b2-dff48ecf796e,What tool is being used in the current action?,A paint scraper is being used in the action.,,61;168;179;186;205;213;218;219;221;231;233;234;238;255;258;260;268;270;274;308;309;317;325;326;329;332;333;337;339;340;344;355;366;386;435;437;439;441;454;456;460;465;466;473;479;487;488;494;499;505;514;569;580;582;603;607;609;620;624;628;629;634;683;684,64,1
6baa36c1-e4d0-4dbd-97b2-dff48ecf796e,How is the paint being removed in this scene?,The paint is being manually scraped off.,,168;179;186;196;205;213;218;219;221;231;233;234;238;241;255;258;260;268;270;274;308;309;317;325;326;329;332;333;337;339;340;344;355;366;386;391;435;437;439;441;454;456;460;465;466;473;479;487;488;494;499;505;514;569;580;582;603;607;620;624;628;629;634;684,64,1
6baa36c1-e4d0-4dbd-97b2-dff48ecf796e,Does the video show a paint removal process?,Yes.,,61;168;179;186;205;213;218;219;221;231;233;234;238;241;255;258;260;268;270;274;308;309;317;325;326;329;332;333;337;339;340;344;355;366;386;391;435;437;439;441;454;456;460;465;466;473;479;487;488;494;499;505;514;569;580;582;603;607;620;624;628;629;634;684,64,1
6baa36c1-e4d0-4dbd-97b2-dff48ecf796e,Is the person successfully removing paint from a window frame?,Yes.,,61;168;179;186;205;213;218;219;221;231;233;234;238;241;255;258;260;268;270;274;308;309;317;325;326;329;332;333;337;339;340;344;355;366;386;435;437;439;441;454;456;460;465;466;473;479;487;488;494;499;505;514;569;580;582;603;607;620;624;628;629;634;683;684,64,1
6baa36c1-e4d0-4dbd-97b2-dff48ecf796e,Does the scene take place indoors?,No.,,61;168;179;186;205;213;218;219;221;231;233;234;238;241;255;258;260;268;270;274;308;309;317;325;326;329;332;333;337;339;340;344;355;366;386;435;437;439;441;454;456;460;465;466;473;479;487;488;494;499;505;514;569;580;582;603;607;620;624;628;629;634;683;684,64,1
6baa36c1-e4d0-4dbd-97b2-dff48ecf796e,Is the surface smoothed with a planer before scraping with a scraper?,Yes,,168;179;186;205;213;218;219;221;231;233;234;238;241;255;258;260;268;270;274;279;308;309;317;325;326;329;332;333;337;339;340;344;355;366;386;435;437;439;441;454;456;460;465;466;473;479;487;488;494;499;514;569;580;582;603;607;609;620;624;628;629;634;683;684,64,1
6baa36c1-e4d0-4dbd-97b2-dff48ecf796e,Does the removal of paint on the window frame happen after smoothing a surface?,Yes,,61;168;179;186;196;205;213;218;219;221;231;233;234;238;241;255;258;260;268;270;274;308;309;317;325;326;329;332;333;337;339;340;344;355;366;386;435;437;439;441;454;456;460;465;466;473;479;487;488;494;499;505;514;569;580;582;603;607;620;624;628;629;634;684,64,1
6baa36c1-e4d0-4dbd-97b2-dff48ecf796e,Is the paint scraper used before the planer on any surface?,No,,168;179;186;196;205;213;218;219;221;231;233;234;238;241;255;258;260;268;270;274;308;309;317;325;326;329;332;333;337;339;340;344;355;366;386;435;437;439;441;454;456;460;465;466;473;479;487;488;494;499;514;569;580;582;603;607;609;620;624;628;629;634;683;684,64,1
6baa36c1-e4d0-4dbd-97b2-dff48ecf796e,Is the surface smoothed after removing paint from the window frame?,No,,61;168;179;186;205;213;218;219;221;231;233;234;238;241;255;258;260;268;270;274;308;309;317;325;326;329;332;333;337;339;340;344;355;366;386;435;437;439;441;454;456;460;465;466;473;479;487;488;494;499;505;514;569;580;582;603;607;620;624;628;629;634;683;684,64,1
6baa36c1-e4d0-4dbd-97b2-dff48ecf796e,What happens just before using the scraper on the surface?,Smoothing the surface with a planer,,168;179;186;205;213;218;219;221;231;233;234;238;241;255;258;260;268;270;274;308;309;317;325;326;329;332;333;337;339;340;344;355;366;386;391;435;437;439;441;454;456;460;465;466;473;478;479;487;488;494;499;514;569;580;582;603;607;609;620;624;628;629;634;684,64,1
6baa36c1-e4d0-4dbd-97b2-dff48ecf796e,What is done just prior to smoothing a surface?,"Nothing, it's the first action.",,168;179;186;196;205;213;218;219;221;231;233;234;238;241;255;258;260;268;270;274;308;309;317;325;326;329;332;333;337;339;340;344;355;366;386;391;435;437;439;441;454;456;460;465;466;473;479;487;488;494;499;514;569;580;582;603;607;609;620;624;628;629;634;684,64,1
6baa36c1-e4d0-4dbd-97b2-dff48ecf796e,What action takes place before using the paint scraper?,Smoothing and scraping a surface,,61;168;179;186;205;213;218;219;221;231;233;234;238;241;255;258;260;268;270;274;308;309;317;325;326;329;332;333;337;339;340;344;355;366;386;435;437;439;441;454;456;460;465;466;473;478;479;487;488;494;499;514;569;580;582;603;607;620;624;628;629;634;683;684,64,1
6baa36c1-e4d0-4dbd-97b2-dff48ecf796e,What is the first action performed outside the house?,Smoothing a surface with a planer,,61;168;179;186;205;213;218;219;221;231;233;234;238;241;255;258;260;268;270;274;308;309;317;325;326;329;332;333;337;339;340;344;355;366;386;435;437;439;441;454;456;460;465;466;473;479;487;488;494;499;514;569;580;582;603;607;609;620;624;628;629;634;683;684,64,1
6baa36c1-e4d0-4dbd-97b2-dff48ecf796e,Did I scrape the wall before smoothing the surface with a planer?,Yes.,,168;179;186;205;213;218;219;221;231;233;234;238;241;255;258;260;268;270;274;279;308;309;317;325;326;329;332;333;337;339;340;344;355;366;386;391;435;437;439;441;454;456;460;465;466;473;479;487;488;499;505;514;569;580;582;603;607;620;624;628;629;634;683;684,64,1
6baa36c1-e4d0-4dbd-97b2-dff48ecf796e,Did I smooth the surface with a planer before removing paint from the window frame?,Yes.,,61;168;179;186;196;205;213;218;219;221;231;233;234;238;241;255;258;260;268;270;274;308;309;317;325;326;329;332;333;337;339;340;344;355;366;386;435;437;439;441;454;456;460;465;466;473;479;487;488;499;505;514;569;580;582;603;607;620;624;628;629;634;683;684,64,1
6baa36c1-e4d0-4dbd-97b2-dff48ecf796e,What do I do before removing paint from the window frame?,Scrape the wall and smooth a surface.,,168;179;186;205;213;218;219;221;231;233;234;238;241;255;258;260;268;270;274;308;309;317;325;326;329;332;333;337;339;340;344;355;366;386;435;437;439;441;454;456;460;465;466;473;479;487;488;494;499;505;514;569;580;582;603;607;609;620;624;628;629;634;683;684,64,1
6baa36c1-e4d0-4dbd-97b2-dff48ecf796e,What is the setting of the video clip?,The setting is outside near a window.,,168;179;186;205;213;218;219;221;231;233;234;238;241;255;258;260;268;270;274;279;308;309;317;325;326;329;332;333;337;339;340;344;355;366;386;391;435;437;439;441;454;456;460;465;466;473;479;487;488;499;505;569;580;582;603;607;620;624;628;629;634;684;711;797,64,1
6baa36c1-e4d0-4dbd-97b2-dff48ecf796e,What tool is being used on the window?,A scraper is being used.,,61;168;179;186;205;213;218;219;221;231;233;234;238;241;255;258;260;268;270;274;308;309;317;325;326;329;332;333;337;339;340;344;355;366;386;435;437;439;441;454;456;460;465;466;473;479;487;488;499;514;569;580;582;603;607;620;624;628;629;634;684;696;711;797,64,1
6baa36c1-e4d0-4dbd-97b2-dff48ecf796e,Does the video show paint being scraped off?,Yes.,,168;179;186;205;213;218;219;221;231;233;234;238;241;255;258;260;268;270;274;308;309;317;325;326;329;332;333;337;339;340;344;355;366;386;435;437;439;441;454;456;460;465;466;473;479;487;488;494;499;514;569;580;582;603;607;620;624;628;629;634;684;696;711;797,64,1
6baa36c1-e4d0-4dbd-97b2-dff48ecf796e,Is the window frame being refinished?,Yes.,,168;179;186;205;213;218;219;221;231;233;234;238;241;255;258;260;268;270;274;308;309;317;325;326;329;332;337;339;340;344;355;366;386;435;437;439;441;454;456;460;465;466;473;479;487;488;499;505;514;569;580;582;603;607;620;624;628;629;634;684;696;711;724;797,64,1
6baa36c1-e4d0-4dbd-97b2-dff48ecf796e,Is a tool being used for paint removal?,Yes.,,168;179;186;205;213;218;219;221;231;233;234;238;241;255;258;260;268;270;274;308;309;317;325;326;329;332;333;337;339;340;344;355;366;386;435;437;439;441;454;456;460;465;466;473;479;487;488;499;514;569;580;582;603;607;620;624;628;629;634;684;696;711;724;797,64,1
6baa36c1-e4d0-4dbd-97b2-dff48ecf796e,Is the person working on interior maintenance?,No.,,168;179;186;205;213;218;219;221;231;233;234;238;241;255;258;260;268;270;274;308;309;317;325;326;329;332;333;337;339;340;344;355;366;386;435;437;439;441;454;456;460;465;466;473;479;487;488;499;514;569;580;582;603;607;620;624;628;629;634;684;696;711;724;797,64,1
6baa36c1-e4d0-4dbd-97b2-dff48ecf796e,Is the window frame being replaced?,No.,,168;179;186;205;213;218;219;221;231;233;234;238;241;255;258;260;268;270;274;308;309;317;325;326;329;332;333;337;339;340;344;355;366;386;435;437;439;441;454;456;460;465;466;473;479;487;488;499;505;514;569;580;582;603;607;620;624;628;629;634;684;696;711;797,64,1
6baa36c1-e4d0-4dbd-97b2-dff48ecf796e,Is the window opened before the paint is scraped?,Yes,,168;179;186;196;205;213;218;219;221;231;233;234;238;241;255;258;260;268;270;274;308;309;317;325;326;329;332;333;337;339;340;344;355;366;386;435;437;439;441;454;456;460;465;466;473;479;487;488;499;569;580;582;603;607;620;624;628;629;634;684;696;711;724;797,64,1
6baa36c1-e4d0-4dbd-97b2-dff48ecf796e,Does the hand touch the window frame before using the scraper?,Yes,,168;179;186;205;213;218;219;221;231;233;234;238;241;255;258;260;268;270;274;308;309;317;325;326;329;332;333;337;339;340;344;355;366;386;435;437;439;441;454;456;460;465;466;473;479;487;488;499;514;569;580;582;603;607;620;624;628;629;634;684;696;711;724;797,64,1
6baa36c1-e4d0-4dbd-97b2-dff48ecf796e,Is the paint on the window frame removed before the hand is visible?,No,,168;179;186;205;213;218;219;221;231;233;234;238;241;255;258;260;268;270;274;308;309;317;325;326;329;332;333;337;339;340;344;355;366;386;435;437;439;441;454;456;460;465;466;473;479;487;488;499;514;569;580;582;603;607;620;624;628;629;634;684;696;711;724;797,64,1
6baa36c1-e4d0-4dbd-97b2-dff48ecf796e,Does the window frame appear before the scraper is in motion?,Yes,,168;179;186;205;213;218;219;221;231;233;234;238;241;255;258;260;268;270;274;308;309;317;325;326;329;332;333;337;339;340;344;355;366;386;435;437;439;441;454;456;460;465;466;473;479;487;488;499;505;514;569;580;582;603;607;620;624;628;629;634;684;696;711;797,64,1
6baa36c1-e4d0-4dbd-97b2-dff48ecf796e,Is the paint removed from the window frame before using the planer?,No,,168;179;186;205;213;218;219;221;231;233;234;238;255;258;260;268;270;274;308;309;317;325;326;329;332;333;337;339;340;344;355;366;386;435;437;439;441;454;456;460;465;466;473;479;487;488;499;514;569;580;582;603;607;620;624;628;629;634;684;696;711;724;745;797,64,1
6baa36c1-e4d0-4dbd-97b2-dff48ecf796e,Does the surface smoothing with a planer occur before the scraping?,Yes,,168;179;186;205;213;218;219;221;231;233;234;238;241;255;258;260;268;270;274;308;309;317;325;326;329;332;333;337;339;340;344;355;366;386;435;437;439;441;454;456;460;465;466;473;479;487;488;499;514;569;580;582;603;607;620;624;628;629;634;684;696;711;724;797,64,1
6baa36c1-e4d0-4dbd-97b2-dff48ecf796e,Is the scraping of the surface completed before removing paint on the window frame?,No,,168;179;186;205;213;218;219;221;231;233;234;238;241;255;258;260;268;270;274;308;309;317;325;326;329;332;333;337;339;340;344;355;366;386;435;437;439;441;454;456;460;465;466;473;479;487;488;499;514;569;580;582;603;607;620;624;628;629;634;684;696;711;724;797,64,1
6baa36c1-e4d0-4dbd-97b2-dff48ecf796e,What occurs just before scraping the surface?,Smoothening with a planer,,168;179;186;205;213;218;219;221;231;233;234;238;241;255;258;260;268;270;274;308;309;317;325;326;329;332;333;337;339;340;344;355;366;386;435;437;439;441;454;456;460;465;466;473;479;487;488;494;499;514;569;580;582;603;607;620;624;628;629;634;684;696;711;797,64,1
6baa36c1-e4d0-4dbd-97b2-dff48ecf796e,What is the main activity taking place outside the house?,Smoothing and scraping surfaces.,,168;179;186;205;218;219;221;233;238;255;258;260;268;270;274;308;309;317;325;326;332;337;344;355;366;386;435;437;439;441;454;460;465;466;473;479;487;488;499;580;582;603;607;620;624;634;684;711;834;840;844;853;858;861;863;864;870;871;874;877;885;890;892;899,64,1
6baa36c1-e4d0-4dbd-97b2-dff48ecf796e,Where is the scene set?,Outside a house.,,168;179;186;205;213;218;219;221;233;234;238;255;258;260;268;270;274;308;309;317;326;332;337;344;355;366;386;435;437;439;441;454;460;465;466;473;479;487;488;499;580;603;607;620;624;634;684;711;834;840;844;853;858;861;863;864;870;871;874;877;885;890;892;899,64,1
6baa36c1-e4d0-4dbd-97b2-dff48ecf796e,What tools are being used in this scene?,A planer and a scraper.,,168;179;186;205;218;219;221;231;233;234;238;255;258;260;268;270;274;308;309;317;326;332;337;344;355;366;386;435;437;439;441;454;460;465;466;473;479;487;488;499;580;603;607;620;624;634;684;711;834;840;844;853;858;861;863;864;870;871;874;877;885;890;892;899,64,1
6baa36c1-e4d0-4dbd-97b2-dff48ecf796e,How can you describe the area in which the activity occurs?,It's a woodworking area outside the house.,,168;179;186;205;213;218;219;221;231;233;238;255;260;268;270;274;308;309;317;326;332;337;344;355;366;386;435;437;439;441;454;456;460;465;466;473;479;487;488;499;580;603;607;620;624;634;684;711;834;840;844;853;858;861;863;864;870;871;874;877;885;890;892;899,64,1
6baa36c1-e4d0-4dbd-97b2-dff48ecf796e,What actions are being performed in this video clip?,Smoothing with a planer and scraping with a scraper.,,168;179;186;205;218;219;221;231;233;234;238;255;258;260;268;270;274;308;309;317;326;332;337;344;355;366;386;435;437;441;454;456;460;465;466;473;479;487;488;499;580;603;607;620;624;634;684;711;834;840;844;853;858;861;863;864;870;871;874;877;885;890;892;899,64,1
6baa36c1-e4d0-4dbd-97b2-dff48ecf796e,What is the focus of the activity in these frames?,Wood surface maintenance.,,168;179;186;205;218;219;221;231;233;234;238;255;260;268;270;274;308;309;317;326;332;337;344;355;366;386;435;437;439;441;454;460;465;466;473;479;487;488;499;580;582;603;607;620;624;634;684;711;834;840;844;853;858;861;863;864;870;871;874;877;885;890;892;899,64,1
6baa36c1-e4d0-4dbd-97b2-dff48ecf796e,What is the sequence of actions performed outside?,"First smoothening, then scraping surfaces.",,168;179;186;205;213;218;219;221;233;238;255;260;268;270;274;308;309;317;325;326;332;337;344;355;366;386;435;437;439;441;454;460;465;466;473;479;487;488;499;580;582;603;607;620;624;634;684;711;834;840;844;853;858;861;863;864;870;871;874;877;885;890;892;899,64,1
6baa36c1-e4d0-4dbd-97b2-dff48ecf796e,How does the person handle the tools in the video?,With precision and care for the task.,,168;179;186;205;213;218;219;221;231;233;234;238;255;258;260;268;270;274;308;309;317;326;332;337;344;355;366;386;435;437;441;454;460;465;466;473;479;487;488;499;580;603;607;620;624;634;684;711;834;840;844;853;858;861;863;864;870;871;874;877;885;890;892;899,64,1
6baa36c1-e4d0-4dbd-97b2-dff48ecf796e,What are the visible results of the actions in this clip?,Smooth surfaces and wood shavings scattered.,,168;179;186;205;218;219;221;231;233;234;238;255;258;260;268;270;274;308;309;317;326;332;337;344;355;366;386;435;437;439;441;454;460;465;466;473;479;487;488;499;580;603;607;620;624;634;684;711;834;840;844;853;858;861;863;864;870;871;874;877;885;890;892;899,64,1
6baa36c1-e4d0-4dbd-97b2-dff48ecf796e,Does the video show the use of a woodworking planer?,Yes,,168;179;186;205;213;218;219;221;233;234;238;255;258;260;268;270;274;308;309;317;326;332;337;344;355;366;386;435;437;439;441;454;460;465;466;473;479;487;488;499;580;603;607;620;624;634;684;711;834;840;844;853;858;861;863;864;870;871;874;877;885;890;892;899,64,1
6baa36c1-e4d0-4dbd-97b2-dff48ecf796e,Is the person scraping a wooden surface?,Yes,,168;179;186;205;213;218;219;221;233;234;238;255;258;260;268;270;274;308;309;317;326;332;337;344;355;366;386;435;437;439;441;454;460;465;473;479;487;488;499;580;582;603;607;620;624;634;684;711;834;840;844;853;858;861;863;864;870;871;874;877;885;890;892;899,64,1
6baa36c1-e4d0-4dbd-97b2-dff48ecf796e,Are the actions performed indoor?,No,,168;179;186;205;213;218;219;221;233;234;238;255;258;260;268;270;274;308;309;317;326;332;337;344;355;366;386;435;437;439;441;454;460;465;466;473;479;487;488;499;580;603;607;620;624;634;684;711;834;840;844;853;858;861;863;864;870;871;874;877;885;890;892;899,64,1
6baa36c1-e4d0-4dbd-97b2-dff48ecf796e,Does the activity involve painting or staining?,No,,168;179;186;205;213;218;219;221;231;233;234;238;255;260;268;270;274;308;309;317;326;332;337;344;355;366;386;435;437;441;454;456;460;465;466;473;479;487;488;499;580;582;603;607;620;624;634;684;834;840;844;853;858;861;863;864;870;871;874;877;885;890;892;899,64,1
6baa36c1-e4d0-4dbd-97b2-dff48ecf796e,Is the person wearing any safety gear?,No,,168;179;186;205;213;218;219;221;233;234;238;255;260;268;270;274;308;309;317;326;332;337;344;355;366;386;435;437;439;441;454;460;465;466;473;479;487;488;499;580;582;603;607;620;624;634;684;711;834;840;844;853;858;861;863;864;870;871;874;877;885;890;892;899,64,1
6baa36c1-e4d0-4dbd-97b2-dff48ecf796e,Was the window frame scraped before it was planed?,No,,168;179;186;205;213;218;219;221;233;234;238;255;258;260;268;270;274;308;309;317;326;332;337;344;355;366;386;435;437;439;441;454;460;465;466;473;479;487;488;499;580;603;607;620;624;634;684;711;834;840;844;853;858;861;863;864;870;871;874;877;885;890;892;899,64,1
6baa36c1-e4d0-4dbd-97b2-dff48ecf796e,Did the scraping of a surface happen after smoothening it?,Yes,,168;179;186;205;213;218;219;221;233;234;238;255;260;268;270;274;308;309;317;326;332;337;344;355;366;386;435;437;439;441;454;460;465;466;473;479;487;488;499;580;582;603;607;620;624;634;684;711;834;840;844;853;858;861;863;864;870;871;874;877;885;890;892;899,64,1
6baa36c1-e4d0-4dbd-97b2-dff48ecf796e,What happens just before the scraper is used on the window frame?,The surface is smoothened with a planer,,168;179;186;205;213;218;219;221;233;234;238;255;258;260;268;270;274;308;309;317;326;332;337;344;355;366;386;435;437;439;441;454;460;465;466;473;479;487;488;499;580;603;607;620;624;634;684;711;834;840;844;853;858;861;863;864;870;871;874;877;885;890;892;899,64,1
6baa36c1-e4d0-4dbd-97b2-dff48ecf796e,What is the action taken just prior to the planer being used in the video?,There is no action shown before the planer is used,,168;179;186;205;213;218;219;221;233;234;238;255;260;268;270;274;308;309;317;326;332;337;344;355;366;386;435;437;439;441;454;460;465;466;473;479;487;488;499;580;582;603;607;620;624;634;684;711;834;840;844;853;858;861;863;864;870;871;874;877;885;890;892;899,64,1
6baa36c1-e4d0-4dbd-97b2-dff48ecf796e,Was the surface planed before the scraping of paint on the window frame?,Yes,,168;179;186;205;213;218;219;221;233;234;238;255;258;260;268;270;274;308;309;317;326;332;337;344;355;366;386;435;437;439;441;454;460;465;466;473;479;487;488;499;580;603;607;620;624;634;684;711;834;840;844;853;858;861;863;864;870;871;874;877;885;890;892;899,64,1
6baa36c1-e4d0-4dbd-97b2-dff48ecf796e,Was the window frame scraped before planing the surface?,No,,168;179;186;205;213;218;219;221;233;234;238;255;258;260;268;270;274;308;309;317;326;332;337;344;355;366;386;435;437;439;441;454;460;465;466;473;479;487;488;499;580;603;607;620;624;634;684;711;797;834;840;844;853;858;861;863;864;870;871;874;877;885;890;899,64,1
6baa36c1-e4d0-4dbd-97b2-dff48ecf796e,Was the window frame scraped first before using any tools?,No,,168;179;186;205;213;218;219;221;233;234;238;255;258;260;268;270;274;308;309;317;326;332;337;344;355;366;386;435;437;439;441;454;460;465;466;473;479;487;488;499;580;603;607;620;624;634;684;711;834;840;844;853;858;861;863;864;870;871;874;877;885;890;892;899,64,1
6baa36c1-e4d0-4dbd-97b2-dff48ecf796e,What's the brief of the depicted scenario?,A person scrapes a surface outside a house.,,168;179;186;205;213;218;219;221;231;233;234;238;255;258;260;268;270;274;308;309;317;326;332;337;344;355;366;386;435;437;441;454;460;465;466;473;479;487;488;499;580;603;607;620;624;634;684;711;834;840;844;853;858;861;863;864;870;871;874;877;885;890;892;899,64,1
6baa36c1-e4d0-4dbd-97b2-dff48ecf796e,What can be inferred about the location in the video clip?,It's a residential outdoor area by a window.,,168;179;186;205;218;219;221;231;233;234;238;255;258;260;268;270;274;308;309;317;326;332;337;344;355;366;386;435;437;441;454;460;465;466;473;479;487;488;499;580;582;603;607;620;624;634;684;711;834;840;844;853;858;861;863;864;870;871;874;877;885;890;892;899,64,1
6baa36c1-e4d0-4dbd-97b2-dff48ecf796e,How would you describe the environment surrounding the action?,It appears to be tranquil and domestic.,,168;179;186;205;213;218;219;221;233;234;238;255;260;268;270;274;308;309;317;326;332;337;344;355;366;386;435;437;439;441;454;460;465;466;473;479;487;488;499;580;582;603;607;620;624;634;684;711;834;840;844;853;858;861;863;864;870;871;874;877;885;890;892;899,64,1
6baa36c1-e4d0-4dbd-97b2-dff48ecf796e,Is the person in the video using a tool for scraping?,Yes.,,168;179;186;205;213;218;219;221;233;234;238;255;258;260;268;270;274;308;309;317;326;332;337;344;355;366;386;435;437;441;454;460;465;466;473;479;487;488;499;580;582;603;607;620;624;634;684;711;834;840;844;853;858;861;863;864;870;871;874;877;885;890;892;899,64,1
6baa36c1-e4d0-4dbd-97b2-dff48ecf796e,Is the scraping happening indoors?,No.,,168;179;186;205;213;218;219;221;231;233;234;238;255;258;260;268;270;274;308;309;317;326;332;337;344;355;366;386;435;437;441;454;460;465;466;473;479;487;488;499;580;582;603;607;620;624;634;684;834;840;844;853;858;861;863;864;870;871;874;877;885;890;892;899,64,1
6baa36c1-e4d0-4dbd-97b2-dff48ecf796e,Does the footage show the completion of the scraping task?,No.,,168;179;186;205;213;218;219;221;233;234;238;255;258;260;268;270;274;308;309;317;326;332;337;344;355;366;386;435;437;439;441;454;460;465;473;479;487;488;499;580;582;603;607;620;624;634;684;711;834;840;844;853;858;861;863;864;870;871;874;877;885;890;892;899,64,1
6baa36c1-e4d0-4dbd-97b2-dff48ecf796e,Is the person wearing gloves while scraping?,No.,,168;179;186;205;213;218;219;221;233;234;238;255;258;260;268;270;274;308;309;317;326;332;337;344;355;366;386;435;437;441;454;460;465;466;473;479;487;488;499;580;582;603;607;620;624;634;684;711;834;840;844;853;858;861;863;864;870;871;874;877;885;890;892;899,64,1
6baa36c1-e4d0-4dbd-97b2-dff48ecf796e,Did I smoothen the surface with a planer before scraping it with a scraper?,Yes,,168;179;186;205;213;218;219;221;233;234;238;255;260;268;270;274;308;309;317;326;332;337;344;355;366;386;435;437;439;441;454;460;465;466;473;479;487;488;499;580;582;603;607;620;624;634;684;711;834;840;844;853;858;861;863;864;870;871;874;877;885;890;892;899,64,1
6baa36c1-e4d0-4dbd-97b2-dff48ecf796e,What occurs just before I scrape the surface with the scraper?,Smoothening with a planer,,168;179;186;205;213;218;219;221;233;234;238;255;260;268;270;274;308;309;317;326;332;337;344;355;366;386;435;437;439;441;454;460;465;466;473;479;487;488;499;580;582;603;607;620;624;634;684;711;834;840;844;853;858;861;863;864;870;871;874;877;885;890;892;899,64,1
6baa36c1-e4d0-4dbd-97b2-dff48ecf796e,Is the scraping of the window frame after smoothing the surface?,Yes,,168;179;186;205;213;218;219;221;233;234;238;255;258;260;268;270;274;308;309;317;326;332;337;344;355;366;386;435;437;439;441;454;460;465;473;479;487;488;499;580;582;603;607;620;624;634;684;711;834;840;844;853;858;861;863;864;870;871;874;877;885;890;892;899,64,1
6baa36c1-e4d0-4dbd-97b2-dff48ecf796e,What happens just before the window frame is scraped?,The surface is smoothened with a planer,,168;179;186;205;218;219;221;233;234;238;255;260;268;270;274;308;309;317;325;326;332;337;344;355;366;386;435;437;439;441;454;456;460;465;466;473;479;487;488;499;580;603;607;620;624;634;684;711;834;840;844;853;858;861;863;864;870;871;874;877;885;890;892;899,64,1
6baa36c1-e4d0-4dbd-97b2-dff48ecf796e,What occurs right before the surface is smoothened?,The paint is removed with a scraper,,168;179;186;205;213;218;219;221;233;234;238;255;260;268;270;274;308;309;317;326;332;337;344;355;366;386;435;437;439;441;454;460;465;466;473;479;487;488;499;580;582;603;607;620;624;634;684;711;834;840;844;853;858;861;863;864;870;871;874;877;885;890;892;899,64,1
6baa36c1-e4d0-4dbd-97b2-dff48ecf796e,Can you describe the setting in the video?,The setting is outdoor by the side of a house.,,168;179;186;205;213;218;219;221;233;234;238;255;258;260;268;270;274;308;309;317;325;326;332;337;344;355;366;386;435;437;441;454;460;465;466;473;479;487;488;499;580;603;607;620;624;634;684;711;834;840;844;853;858;861;863;864;870;871;874;877;885;890;892;899,64,1
6baa36c1-e4d0-4dbd-97b2-dff48ecf796e,Does the person succeed in scraping off the material?,Yes.,,168;179;186;205;213;218;219;221;233;234;238;255;260;268;270;274;308;309;317;326;332;337;344;355;366;386;435;437;439;441;454;460;465;466;473;479;487;488;499;580;582;603;607;620;624;634;684;711;834;840;844;853;858;861;863;864;870;871;874;877;885;890;892;899,64,1
6baa36c1-e4d0-4dbd-97b2-dff48ecf796e,Is the scraping being done on an interior wall?,No.,,168;179;186;205;213;218;219;221;233;234;238;255;258;260;268;270;274;308;309;317;326;332;337;344;355;366;386;435;437;439;441;454;460;465;473;479;487;488;499;580;582;603;607;620;624;634;684;711;834;840;844;853;858;861;863;864;870;871;874;877;885;890;892;899,64,1
6baa36c1-e4d0-4dbd-97b2-dff48ecf796e,Is the person using any tool other than a scraper?,No.,,168;179;186;205;213;218;219;221;233;234;238;255;258;260;268;270;274;308;309;317;326;332;337;344;355;366;386;435;437;439;441;454;460;465;466;473;479;487;488;499;580;603;607;620;624;634;684;711;834;840;844;853;858;861;863;864;870;871;874;877;885;890;892;899,64,1
6baa36c1-e4d0-4dbd-97b2-dff48ecf796e,Does the scrapping of the surface start before walking outside the house?,No,,168;179;186;205;213;218;219;221;233;234;238;255;260;268;270;274;308;309;317;326;332;337;344;355;366;386;435;437;439;441;454;460;465;466;473;479;487;488;499;580;603;607;620;624;634;684;711;797;834;840;844;853;858;861;863;864;870;871;874;877;885;890;892;899,64,1
6baa36c1-e4d0-4dbd-97b2-dff48ecf796e,"In the video, is the scraper used on the lower part of the wall before the upper part?",No,,168;179;186;205;213;218;219;221;233;234;238;255;260;268;270;274;308;309;317;326;332;337;344;355;366;386;435;437;439;441;454;460;465;466;473;479;487;488;499;580;582;603;607;620;624;634;684;711;834;840;844;853;858;861;863;864;870;871;874;877;885;890;892;899,64,1
6baa36c1-e4d0-4dbd-97b2-dff48ecf796e,Is the paint removal near the window sill done after removing paint near the flower pot?,Yes,,168;179;186;205;213;218;219;221;233;234;238;255;258;260;268;270;274;308;309;317;326;332;337;344;355;366;386;435;437;439;441;454;460;465;466;473;479;487;488;499;580;603;607;620;624;634;684;711;834;840;844;853;858;861;863;864;870;871;874;877;885;890;892;899,64,1
6baa36c1-e4d0-4dbd-97b2-dff48ecf796e,What action occurs just before the paint near the flower pot is scraped off?,Scraping near the window sill,,168;179;186;205;213;218;219;221;233;238;255;258;260;268;270;274;308;309;317;326;332;337;344;355;366;386;435;437;439;441;454;460;465;466;473;479;487;488;499;580;582;603;607;620;624;634;684;711;834;840;844;853;858;861;863;864;870;871;874;877;885;890;892;899,64,1
6baa36c1-e4d0-4dbd-97b2-dff48ecf796e,Is the planer used before the scraper?,Yes,,168;179;186;205;213;218;219;221;233;234;238;255;258;260;268;270;274;308;309;317;326;332;337;344;355;366;386;435;437;439;441;454;460;465;473;479;487;488;499;580;582;603;607;620;624;634;684;711;834;840;844;853;858;861;863;864;870;871;874;877;885;890;892;899,64,1
6baa36c1-e4d0-4dbd-97b2-dff48ecf796e,Is the scraping done before smoothing the surface?,No,,168;179;186;205;213;218;219;221;233;234;238;255;258;260;268;270;274;308;309;317;326;332;337;344;355;366;386;435;437;439;441;454;460;465;473;479;487;488;499;580;582;603;607;620;624;634;684;711;834;840;844;853;858;861;863;864;870;871;874;877;885;890;892;899,64,1
6baa36c1-e4d0-4dbd-97b2-dff48ecf796e,Does the planing occur after the scraping?,No,,168;179;186;205;213;218;219;221;233;234;238;255;258;260;268;270;274;308;309;317;326;332;337;344;355;366;386;435;437;439;441;454;460;465;473;479;487;488;499;580;582;603;607;620;624;634;684;711;834;840;844;853;858;861;863;864;870;871;874;877;885;890;892;899,64,1
6baa36c1-e4d0-4dbd-97b2-dff48ecf796e,What happens before the scraping begins?,Smoothing with a planer,,168;179;186;205;218;219;221;233;234;238;255;258;260;268;270;274;308;309;317;326;332;337;344;355;366;386;435;437;441;454;456;460;465;466;473;479;487;488;499;580;582;603;607;620;624;629;634;684;834;840;844;853;858;861;863;864;870;871;874;877;885;890;892;899,64,1
6baa36c1-e4d0-4dbd-97b2-dff48ecf796e,What task is being carried out outside the house?,Smoothening a surface with a planer and scraping.,,168;179;186;205;218;219;221;233;234;238;255;258;260;268;270;274;308;309;317;326;332;337;344;355;366;386;435;437;439;441;454;456;460;465;466;473;479;487;488;499;580;603;607;620;624;634;684;711;834;840;844;853;858;861;863;864;870;871;874;877;885;890;892;899,64,1
6baa36c1-e4d0-4dbd-97b2-dff48ecf796e,What tools are used in the latest frames for the outdoor task?,A planer and a scraper.,,168;179;186;205;218;219;221;231;233;234;238;255;258;260;268;270;274;308;309;317;326;332;337;344;355;366;386;435;437;439;441;454;460;465;466;473;479;487;488;499;580;603;607;620;624;634;684;711;834;840;844;853;858;861;863;864;870;871;874;877;885;890;892;899,64,1
6baa36c1-e4d0-4dbd-97b2-dff48ecf796e,Describe the surroundings where the task takes place.,"Outside a house, likely a work area with debris.",,168;179;186;205;213;218;219;221;233;234;238;255;258;260;268;270;274;308;309;317;326;332;337;344;355;366;386;435;437;439;441;454;460;465;466;473;479;487;488;499;580;603;607;620;624;634;684;711;834;840;844;853;858;861;863;864;870;871;874;877;885;890;892;899,64,1
6baa36c1-e4d0-4dbd-97b2-dff48ecf796e,What process is demonstrated in the recent video footage?,Woodworking involving smoothing and scraping actions.,,168;179;186;205;218;219;221;231;233;238;255;258;260;268;270;274;308;309;317;325;326;332;337;344;355;366;386;435;437;441;454;460;465;466;473;479;487;488;499;580;582;603;607;620;624;634;684;711;834;840;844;853;858;861;863;864;870;871;874;877;885;890;892;899,64,1
6baa36c1-e4d0-4dbd-97b2-dff48ecf796e,What is the likely purpose of the actions shown in the clip?,"Preparing a wooden surface, possibly for painting or finishing.",,168;179;186;205;218;219;221;231;233;234;238;255;258;260;268;270;274;308;309;317;326;332;337;344;355;366;386;435;437;441;454;460;465;466;473;479;487;488;499;580;582;603;607;620;624;634;684;711;834;840;844;853;858;861;863;864;870;871;874;877;885;890;892;899,64,1
6baa36c1-e4d0-4dbd-97b2-dff48ecf796e,Describe the sequential actions taken by the individual.,"First, using a planer for smoothing, then a scraper.",,168;179;186;205;213;218;219;221;233;238;255;260;268;270;274;308;309;317;325;326;332;337;344;355;366;386;435;437;439;441;454;460;465;466;473;479;487;488;499;580;582;603;607;620;624;634;684;711;834;840;844;853;858;861;863;864;870;871;874;877;885;890;892;899,64,1
6baa36c1-e4d0-4dbd-97b2-dff48ecf796e,Has the person completed the smoothening task?,Yes.,,168;179;186;205;213;218;219;221;233;234;238;255;258;260;268;270;274;308;309;317;326;332;337;344;355;366;386;435;437;441;454;460;465;466;473;479;487;488;499;580;582;603;607;620;624;634;684;711;834;840;844;853;858;861;863;864;870;871;874;877;885;890;892;899,64,1
6baa36c1-e4d0-4dbd-97b2-dff48ecf796e,Does the individual use more than one tool?,Yes.,,168;179;186;205;213;218;219;221;231;233;234;238;255;268;270;274;308;309;317;326;332;337;344;355;366;386;435;437;439;441;454;460;465;466;473;479;487;488;499;580;582;603;607;620;624;634;684;711;834;840;844;853;858;861;863;864;870;871;874;877;885;890;892;899,64,1
6baa36c1-e4d0-4dbd-97b2-dff48ecf796e,Is the work performed indoors in the latest frames?,"No, it's outside.",,168;179;186;205;213;218;219;221;233;234;238;255;258;260;268;270;274;308;309;317;326;332;337;344;355;366;386;435;437;441;454;460;465;466;473;479;487;488;499;580;582;603;607;620;624;634;684;711;834;840;844;853;858;861;863;864;870;871;874;877;885;890;892;899,64,1
6baa36c1-e4d0-4dbd-97b2-dff48ecf796e,Have any painting actions been depicted in the summary?,"No, only smoothening and scraping are shown.",,168;179;186;205;213;218;219;221;233;234;238;255;258;260;268;270;274;308;309;317;326;332;337;344;355;366;386;435;437;441;454;460;465;466;473;479;487;488;499;580;582;603;607;620;624;634;684;711;834;840;844;853;858;861;863;864;870;871;874;877;885;890;892;899,64,1
6baa36c1-e4d0-4dbd-97b2-dff48ecf796e,"In the video, is scraping done before smoothing with a planer?",No,,168;179;186;205;213;218;219;221;233;234;238;255;258;260;268;270;274;308;309;317;326;332;337;344;355;366;386;435;437;441;454;460;465;466;473;479;487;488;499;580;582;603;607;620;624;634;684;711;834;840;844;853;858;861;863;864;870;871;874;877;885;890;892;899,64,1
6baa36c1-e4d0-4dbd-97b2-dff48ecf796e,Is the surface scraped after the house exterior is shown?,Yes,,168;179;186;205;213;218;219;221;233;234;238;255;260;268;270;274;308;309;317;326;332;337;344;355;366;386;435;437;439;441;454;460;465;466;473;479;487;488;499;580;582;603;607;620;624;634;684;711;834;840;844;853;858;861;863;864;870;871;874;877;885;890;892;899,64,1
6baa36c1-e4d0-4dbd-97b2-dff48ecf796e,What is seen happening before any tool is used on the surface?,Outside of the house shown,,168;179;186;205;213;218;219;221;233;234;238;255;260;268;270;274;308;309;317;326;332;337;344;355;366;386;435;437;439;441;454;460;465;466;473;479;487;488;499;580;582;603;607;620;624;634;684;711;834;840;844;853;858;861;863;864;870;871;874;877;885;890;892;899,64,1
6baa36c1-e4d0-4dbd-97b2-dff48ecf796e,"In the sequence, is the scraper used before the planer?",No,,168;179;186;205;213;218;219;221;233;234;238;255;258;260;268;270;274;308;309;317;326;332;337;344;355;366;386;435;437;441;454;460;465;466;473;479;487;488;499;580;582;603;607;620;624;634;684;711;834;840;844;853;858;861;863;864;870;871;874;877;885;890;892;899,64,1
6baa36c1-e4d0-4dbd-97b2-dff48ecf796e,Does the scraping happen outdoors?,Yes,,168;179;186;205;213;218;219;221;231;233;234;238;255;258;260;268;270;274;308;309;317;332;337;344;355;366;386;435;437;439;441;454;460;465;473;479;487;488;499;580;582;603;607;620;624;634;684;711;834;840;844;853;858;861;863;864;870;871;874;877;885;890;892;899,64,1
6baa36c1-e4d0-4dbd-97b2-dff48ecf796e,Is the surface scraped after it is smoothened?,Yes,,168;179;186;205;213;218;219;221;233;234;238;255;260;268;270;274;308;309;317;326;332;337;344;355;366;386;435;437;439;441;454;460;465;466;473;479;487;488;499;580;582;603;607;620;624;634;684;711;834;840;844;853;858;861;863;864;870;871;874;877;885;890;892;899,64,1
6baa36c1-e4d0-4dbd-97b2-dff48ecf796e,Is the scraping performed before standing up?,No,,168;179;186;205;213;218;219;221;233;234;238;255;260;268;270;274;308;309;317;326;332;337;344;355;366;386;435;437;439;441;454;460;465;466;473;479;487;488;499;580;582;603;607;620;624;634;684;711;834;840;844;853;858;861;863;864;870;871;874;877;885;890;892;899,64,1
6baa36c1-e4d0-4dbd-97b2-dff48ecf796e,What is done before using the scraper in the video?,Smoothening the surface with a planer,,168;179;186;205;218;219;221;231;233;234;238;255;258;260;268;270;274;308;309;317;326;332;337;344;355;366;386;435;437;441;454;460;465;466;473;479;487;488;499;580;582;603;607;620;624;634;684;711;834;840;844;853;858;861;863;864;870;871;874;877;885;890;892;899,64,1
6baa36c1-e4d0-4dbd-97b2-dff48ecf796e,What happens just before the second scraping action?,The first scraping action,,168;179;186;205;218;219;221;233;234;238;255;260;268;270;274;308;309;317;326;332;337;344;355;366;386;435;437;439;441;454;456;460;465;466;473;479;487;488;499;580;582;603;607;620;624;634;684;711;834;840;844;853;858;861;863;864;870;871;874;877;885;890;892;899,64,1
6baa36c1-e4d0-4dbd-97b2-dff48ecf796e,What occurs just before the surface is smoothened?,Going outside the house,,168;179;186;205;213;218;219;221;233;234;238;255;260;268;270;274;308;309;317;326;332;337;344;355;366;386;435;437;439;441;454;460;465;466;473;479;487;488;499;580;582;603;607;620;624;634;684;711;834;840;844;853;858;861;863;864;870;871;874;877;885;890;892;899,64,1
6baa36c1-e4d0-4dbd-97b2-dff48ecf796e,What is the setting of the video clip?,"The setting is outdoors, with a person removing unwanted cover.",,168;179;186;205;218;219;221;233;234;238;255;258;260;268;270;274;308;309;317;325;326;332;337;344;355;366;386;435;437;439;441;454;460;465;466;473;479;487;488;499;580;603;607;620;624;634;684;711;834;840;844;853;858;861;863;864;870;871;874;877;885;890;892;899,64,1
6baa36c1-e4d0-4dbd-97b2-dff48ecf796e,What is the main focus of the video clip?,The main focus is on a person removing a cover from a surface.,,168;179;186;205;218;219;221;231;233;234;238;255;258;260;268;270;274;308;309;317;326;332;337;344;355;366;386;435;437;441;454;460;465;466;473;479;487;488;499;580;582;603;607;620;624;634;684;711;834;840;844;853;858;861;863;864;870;871;874;877;885;890;892;899,64,1
6baa36c1-e4d0-4dbd-97b2-dff48ecf796e,What is the person doing with their hand?,They are rubbing waste off with their hand.,,168;179;186;205;218;219;221;231;233;234;238;255;260;268;270;274;308;309;317;325;326;332;337;344;355;366;386;435;437;441;454;456;460;465;466;473;479;487;488;499;580;603;607;620;624;634;684;711;834;840;844;853;858;861;863;864;870;871;874;877;885;890;892;899,64,1
6baa36c1-e4d0-4dbd-97b2-dff48ecf796e,What action follows rubbing the waste?,The person climbs a ladder.,,168;179;186;205;213;218;219;221;233;238;255;260;268;270;274;308;309;317;325;326;332;337;344;355;366;386;435;437;439;441;454;460;465;466;473;479;487;488;499;580;582;603;607;620;624;634;684;711;834;840;844;853;858;861;863;864;870;871;874;877;885;890;892;899,64,1
6baa36c1-e4d0-4dbd-97b2-dff48ecf796e,What tool is the person using in the action?,The person is using a scraper or a similar tool.,,168;179;186;205;218;219;221;231;233;234;238;255;258;260;268;270;274;308;309;317;326;332;337;344;355;366;386;435;437;439;441;454;460;465;466;473;479;487;488;499;580;603;607;620;624;634;684;711;834;840;844;853;858;861;863;864;870;871;874;877;885;890;892;899,64,1
6baa36c1-e4d0-4dbd-97b2-dff48ecf796e,Did the person climb a ladder in the video?,Yes.,,168;179;186;205;218;219;221;233;234;238;255;258;260;268;270;274;308;309;317;326;332;337;344;355;366;386;435;437;439;441;454;460;465;466;473;479;487;488;499;580;582;603;607;620;624;634;684;711;834;840;844;853;858;861;863;864;870;871;874;877;885;890;892;899,64,1
6baa36c1-e4d0-4dbd-97b2-dff48ecf796e,Does the video show the person successfully removing the cover?,Yes.,,168;179;186;205;213;218;219;221;233;234;238;255;258;260;268;270;274;308;309;317;326;332;337;344;355;366;386;435;437;439;441;454;460;465;466;473;479;487;488;499;580;603;607;620;624;634;684;711;834;840;844;853;858;861;863;864;870;871;874;877;885;890;892;899,64,1
6baa36c1-e4d0-4dbd-97b2-dff48ecf796e,Was the task performed indoors?,No.,,168;179;186;205;213;218;219;221;233;234;238;255;258;260;268;270;274;308;309;317;326;332;337;344;355;366;386;435;437;441;454;460;465;466;473;479;487;488;499;580;582;603;607;620;624;634;684;711;834;840;844;853;858;861;863;864;870;871;874;877;885;890;892;899,64,1
6baa36c1-e4d0-4dbd-97b2-dff48ecf796e,Did I smoothen the surface with a planer before scraping it with a scraper?,Yes.,,168;179;186;205;213;218;219;221;233;234;238;255;260;268;270;274;308;309;317;326;332;337;344;355;366;386;435;437;439;441;454;460;465;466;473;479;487;488;499;580;582;603;607;620;624;634;684;711;834;840;844;853;858;861;863;864;870;871;874;877;885;890;892;899,64,1
6baa36c1-e4d0-4dbd-97b2-dff48ecf796e,Did I climb the ladder before rubbing waste with my hand?,No.,,168;179;186;205;213;218;219;221;233;234;238;255;268;270;274;308;309;317;326;332;337;344;355;366;386;435;437;439;441;454;456;460;465;466;473;479;487;488;499;580;582;603;607;620;624;634;684;711;834;840;844;853;858;861;863;864;870;871;874;877;885;890;892;899,64,1
6baa36c1-e4d0-4dbd-97b2-dff48ecf796e,Did the removal of unwanted cover happen before climbing the ladder?,No.,,168;179;186;205;213;218;219;221;233;234;238;255;260;268;270;274;308;309;317;326;332;337;344;355;366;386;435;437;439;441;454;460;465;466;473;479;487;488;499;580;582;603;607;620;624;634;684;711;834;840;844;853;858;861;863;864;870;871;874;877;885;890;892;899,64,1
6baa36c1-e4d0-4dbd-97b2-dff48ecf796e,Did I scrape the surface before smoothening it with a planer?,No.,,168;179;186;205;213;218;219;221;233;234;238;255;258;268;270;274;308;309;317;326;332;337;344;355;366;386;435;437;439;441;454;460;465;466;473;479;487;488;499;580;582;603;607;620;624;634;684;711;834;840;844;853;858;861;863;864;870;871;874;877;885;890;892;899,64,1
6baa36c1-e4d0-4dbd-97b2-dff48ecf796e,Did the drawing a planer happen after climbing the ladder?,No.,,168;179;186;205;213;218;219;221;233;234;238;255;258;260;268;270;274;308;309;317;326;332;337;344;355;366;386;435;437;439;441;454;460;465;473;479;487;488;499;580;582;603;607;620;624;634;684;711;834;840;844;853;858;861;863;864;870;871;874;877;885;890;892;899,64,1
6baa36c1-e4d0-4dbd-97b2-dff48ecf796e,What takes place immediately before drawing a planer across the surface?,Being outside the house.,,168;179;186;205;213;218;219;221;233;234;238;255;260;268;270;274;308;309;317;326;332;337;344;355;366;386;435;437;439;441;454;460;465;466;473;479;487;488;499;580;582;603;607;620;624;634;684;711;797;834;840;844;853;858;861;863;864;870;871;874;877;885;890;899,64,1
6baa36c1-e4d0-4dbd-97b2-dff48ecf796e,What do I do before rubbing waste with my hand?,Being outside.,,168;179;186;205;213;218;219;221;233;234;238;255;268;270;274;308;309;317;325;326;332;337;344;355;366;386;435;437;441;454;456;460;465;466;473;479;487;488;499;580;582;603;607;620;624;634;684;711;834;840;844;853;858;861;863;864;870;871;874;877;885;890;892;899,64,1
6baa36c1-e4d0-4dbd-97b2-dff48ecf796e,Did I scrape the surface before using a planer?,No,,168;179;186;205;213;218;219;221;233;234;238;255;258;268;270;274;308;309;317;326;332;337;344;355;366;386;435;437;439;441;454;460;465;466;473;479;487;488;499;580;582;603;607;620;624;634;684;711;834;840;844;853;858;861;863;864;870;871;874;877;885;890;892;899,64,1
6baa36c1-e4d0-4dbd-97b2-dff48ecf796e,Did the planer use happen after the ladder climbing?,No,,168;179;186;205;213;218;219;221;233;234;238;255;258;260;268;270;274;308;309;317;326;332;337;344;355;366;386;435;437;439;441;454;460;465;473;479;487;488;499;580;582;603;607;620;624;634;684;711;834;840;844;853;858;861;863;864;870;871;874;877;885;890;892;899,64,1
6baa36c1-e4d0-4dbd-97b2-dff48ecf796e,Was the surface scraped after using the planer?,Yes,,168;179;186;205;213;218;219;221;233;234;238;255;258;260;268;270;274;308;309;317;326;332;337;344;355;366;386;435;437;439;441;454;460;465;466;473;479;487;488;499;580;603;607;620;624;634;684;711;834;840;844;853;858;861;863;864;870;871;874;877;885;890;892;899,64,1
6baa36c1-e4d0-4dbd-97b2-dff48ecf796e,Was the waste rubbed off before I climbed the ladder?,Yes,,168;179;186;205;213;218;219;221;233;234;238;255;260;268;270;274;308;309;317;326;332;337;344;355;366;386;435;437;439;441;454;460;465;473;479;487;488;499;580;582;603;607;620;624;629;634;684;711;834;840;844;853;858;861;863;864;870;871;874;877;885;890;892;899,64,1
6baa36c1-e4d0-4dbd-97b2-dff48ecf796e,What happens just before I scrape the surface?,Smoothening with a planer,,168;179;186;205;213;218;219;221;233;234;238;255;260;268;270;274;308;309;317;326;332;337;344;355;366;386;435;437;441;454;456;460;465;466;473;479;487;488;499;580;582;603;607;620;624;634;684;711;834;840;844;853;858;861;863;864;870;871;874;877;885;890;892;899,64,1
6baa36c1-e4d0-4dbd-97b2-dff48ecf796e,What event occurs before using the planer?,Climbing the ladder,,168;179;186;205;213;218;219;221;233;234;238;255;258;260;268;270;274;308;309;317;326;332;337;344;355;366;386;435;437;441;454;460;465;466;473;479;487;488;499;580;582;603;607;620;624;634;684;711;834;840;844;853;858;861;863;864;870;871;874;877;885;890;892;899,64,1
6baa36c1-e4d0-4dbd-97b2-dff48ecf796e,What is the focus of the video's depicted scenario?,Removing unwanted cover from wood surface.,,168;179;186;205;218;219;221;231;233;234;238;255;258;260;268;270;274;308;309;317;326;332;337;344;355;366;386;435;437;441;454;460;465;466;473;479;487;488;499;580;582;603;607;620;624;634;684;711;834;840;844;853;858;861;863;864;870;871;874;877;885;890;892;899,64,1
6baa36c1-e4d0-4dbd-97b2-dff48ecf796e,Describe the setting shown in the video clip.,"Outside, near a window with a wood surface.",,168;179;186;205;213;218;219;221;233;234;238;255;258;260;268;270;274;308;309;317;326;332;337;344;355;366;386;435;437;439;441;454;460;465;466;473;479;487;488;499;580;603;607;620;624;634;684;711;834;840;844;853;858;861;863;864;870;871;874;877;885;890;892;899,64,1
6baa36c1-e4d0-4dbd-97b2-dff48ecf796e,What can be observed about the environment in the clip?,"It's outdoors, possibly at a residential location.",,168;179;186;205;218;219;221;231;233;234;238;255;258;260;268;270;274;308;309;317;326;332;337;344;355;366;386;435;437;441;454;460;465;466;473;479;487;488;499;580;582;603;607;620;624;634;684;711;834;840;844;853;858;861;863;864;870;871;874;877;885;890;892;899,64,1
6baa36c1-e4d0-4dbd-97b2-dff48ecf796e,Narrate the activity captured in this clip.,"Holding a scraper, staring at, and scraping a wood surface.",,168;179;186;205;213;218;219;221;233;234;238;255;258;268;270;274;308;309;317;326;332;337;344;355;366;386;435;437;439;441;454;460;465;466;473;479;487;488;499;580;582;603;607;620;624;634;684;711;834;840;844;853;858;861;863;864;870;871;874;877;885;890;892;899,64,1
6baa36c1-e4d0-4dbd-97b2-dff48ecf796e,Can you provide a caption for the action taking place?,Scraping Away: Unveiling the Wood Beneath.,,168;179;186;205;213;218;219;221;233;238;255;260;268;270;274;308;309;317;325;326;332;337;344;355;366;386;435;437;439;441;454;456;460;465;466;473;479;487;488;499;580;603;607;620;624;634;684;711;834;840;844;853;858;861;863;864;870;871;874;877;885;890;892;899,64,1
6baa36c1-e4d0-4dbd-97b2-dff48ecf796e,Did the individual successfully remove some of the unwanted cover?,Yes.,,168;179;186;205;213;218;219;221;233;234;238;255;260;268;270;274;308;309;317;326;332;337;344;355;366;386;435;437;439;441;454;460;465;466;473;479;487;488;499;580;582;603;607;620;624;634;684;711;834;840;844;853;858;861;863;864;870;871;874;877;885;890;892;899,64,1
6baa36c1-e4d0-4dbd-97b2-dff48ecf796e,Is the person using a tool to work on the surface?,Yes.,,168;179;186;205;213;218;219;221;233;234;238;255;258;260;268;270;274;308;309;317;326;332;337;344;355;366;386;435;437;439;441;454;460;465;466;473;479;487;488;499;580;603;607;620;624;634;684;711;834;840;844;853;858;861;863;864;870;871;874;877;885;890;892;899,64,1
6baa36c1-e4d0-4dbd-97b2-dff48ecf796e,Has the person been carefully examining the wood surface?,Yes.,,168;179;186;205;213;218;219;221;233;234;238;255;258;260;268;270;274;308;309;317;332;337;344;355;366;386;435;437;439;441;454;460;465;466;473;479;487;488;499;580;582;603;607;620;624;634;684;711;834;840;844;853;858;861;863;864;870;871;874;877;885;890;892;899,64,1
6baa36c1-e4d0-4dbd-97b2-dff48ecf796e,Is the work being performed close to a window?,Yes.,,168;179;186;205;213;218;219;221;233;234;238;255;258;260;268;270;274;308;309;317;326;332;337;344;355;366;386;435;437;439;441;454;460;465;466;473;479;487;488;499;580;603;607;620;624;634;684;711;834;840;844;853;858;861;863;864;870;871;874;877;885;890;892;899,64,1
6baa36c1-e4d0-4dbd-97b2-dff48ecf796e,Did I rub waste with my hand before climbing the ladder?,Yes.,,168;179;186;205;213;218;219;221;233;234;238;255;260;268;270;274;308;309;317;326;332;337;344;355;366;386;435;437;439;441;454;460;465;466;473;479;487;488;499;580;582;603;607;620;624;634;684;711;834;840;844;853;858;861;863;864;870;871;874;877;885;890;892;899,64,1
6baa36c1-e4d0-4dbd-97b2-dff48ecf796e,Is the unwanted cover removed after I stare at the wood surface?,No.,,168;179;186;205;213;218;219;221;233;234;238;255;258;260;268;270;274;308;309;317;326;332;337;344;355;366;386;435;437;439;441;454;460;465;466;473;479;487;488;499;580;582;603;607;620;624;634;684;711;834;840;844;853;858;861;863;864;870;871;874;877;885;890;899,64,1
6baa36c1-e4d0-4dbd-97b2-dff48ecf796e,Do I hold the scraper before removing the unwanted cover?,No.,,168;179;186;205;213;218;219;221;233;234;238;255;260;268;270;274;308;309;317;326;332;337;344;355;366;386;435;437;439;441;454;460;465;466;473;479;487;488;499;580;582;603;607;620;624;634;684;711;834;840;844;853;858;861;863;864;870;871;874;877;885;890;892;899,64,1
6baa36c1-e4d0-4dbd-97b2-dff48ecf796e,Am I outside when I stare at the wood surface?,Yes.,,168;179;186;205;213;218;219;221;233;234;238;255;260;268;270;274;308;309;317;326;332;337;344;355;366;386;435;437;439;441;454;460;465;466;473;479;487;488;499;580;582;603;607;620;624;634;684;711;834;840;844;853;858;861;863;864;870;871;874;877;885;890;892;899,64,1
6baa36c1-e4d0-4dbd-97b2-dff48ecf796e,What happens just before I hold the scraper?,Staring at the wood surface.,,168;179;186;205;213;218;219;221;233;234;238;255;260;268;270;274;308;309;317;326;332;337;344;355;366;386;435;437;439;441;454;456;460;465;466;473;479;487;488;499;580;603;607;620;624;634;684;711;834;840;844;853;858;861;863;864;870;871;874;877;885;890;892;899,64,1
6baa36c1-e4d0-4dbd-97b2-dff48ecf796e,Did I smooth the surface with a planer before scraping it with a scraper?,Yes,,168;179;186;205;213;218;219;221;233;234;238;255;258;260;268;270;274;308;309;317;326;332;337;344;355;366;386;435;437;439;441;454;460;465;473;479;487;488;499;580;582;603;607;620;624;634;684;711;834;840;844;853;858;861;863;864;870;871;874;877;885;890;892;899,64,1
6baa36c1-e4d0-4dbd-97b2-dff48ecf796e,Did I rub waste with my hand before climbing the ladder?,Yes,,168;179;186;205;213;218;219;221;233;234;238;255;260;268;270;274;308;309;317;326;332;337;344;355;366;386;435;437;439;441;454;460;465;466;473;479;487;488;499;580;582;603;607;620;624;634;684;711;834;840;844;853;858;861;863;864;870;871;874;877;885;890;892;899,64,1
6baa36c1-e4d0-4dbd-97b2-dff48ecf796e,Did I climb the ladder before removing the unwanted cover from the surface?,Yes,,168;179;186;205;213;218;219;221;233;234;238;255;260;268;270;274;308;309;317;326;332;337;344;355;366;386;435;437;439;441;454;460;465;466;473;479;487;488;499;580;582;603;607;620;624;634;684;711;834;840;844;853;858;861;863;864;870;871;874;877;885;890;892;899,64,1
6baa36c1-e4d0-4dbd-97b2-dff48ecf796e,What is the setting depicted in the video clip?,It is an outdoor setting surrounding a window frame.,,168;179;186;205;218;219;221;231;233;234;238;255;258;260;268;270;274;308;309;317;325;326;332;337;344;355;366;386;435;437;441;454;460;465;466;473;479;487;488;499;580;603;607;620;624;634;684;711;834;840;844;853;858;861;863;864;870;871;874;877;885;890;892;899,64,1
6baa36c1-e4d0-4dbd-97b2-dff48ecf796e,What is the state of the window frame in the scene?,The window frame is in the process of being scraped.,,168;179;186;205;213;218;219;221;233;234;238;255;258;260;268;270;274;308;309;317;326;332;337;344;355;366;386;435;437;439;441;454;460;465;466;473;479;487;488;499;580;603;607;620;624;634;684;711;834;840;844;853;858;861;863;864;870;871;874;877;885;890;892;899,64,1
6baa36c1-e4d0-4dbd-97b2-dff48ecf796e,Describe the immediate environment around the window frame.,There's discarded material on the ground near the window frame.,,168;179;186;205;213;218;219;221;233;238;255;260;268;270;274;308;309;317;326;332;337;344;355;366;386;435;437;439;441;454;460;465;466;473;479;487;488;499;580;582;603;607;620;624;634;684;711;797;834;840;844;853;858;861;863;864;870;871;874;877;885;890;892;899,64,1
6baa36c1-e4d0-4dbd-97b2-dff48ecf796e,What can be inferred about the surface condition in the scene?,"The surface likely needed maintenance, as it's being scraped.",,168;179;186;205;213;218;219;221;233;234;238;255;258;260;268;270;274;308;309;317;326;332;337;344;355;366;386;435;437;441;454;460;465;466;473;479;487;488;499;580;582;603;607;620;624;634;684;711;834;840;844;853;858;861;863;864;870;871;874;877;885;890;892;899,64,1
6baa36c1-e4d0-4dbd-97b2-dff48ecf796e,Are there any signs of ongoing construction or repair in the video?,"Yes, the scraping indicates repair or renovation work.",,168;179;186;205;213;218;219;221;233;234;238;255;260;268;270;274;308;309;317;326;332;337;344;355;366;386;435;437;439;441;454;460;465;466;473;479;487;488;499;580;582;603;607;620;624;634;684;711;834;840;844;853;858;861;863;864;870;871;874;877;885;890;892;899,64,1
6baa36c1-e4d0-4dbd-97b2-dff48ecf796e,What action is the person performing in the new frames?,The person is scraping the surface of a window frame.,,168;179;186;205;218;219;221;233;234;238;255;260;268;270;274;308;309;317;326;332;337;344;355;366;386;435;437;439;441;454;456;460;465;466;473;479;487;488;499;580;582;603;607;620;624;634;684;711;834;840;844;853;858;861;863;864;870;871;874;877;885;890;892;899,64,1
6baa36c1-e4d0-4dbd-97b2-dff48ecf796e,How is the person preparing the window frame?,By removing unwanted cover and rubbing the surface.,,168;179;186;205;213;218;219;221;233;234;238;255;260;268;270;274;308;309;317;326;332;337;344;355;366;386;435;437;439;441;454;460;465;466;473;479;487;488;499;580;582;603;607;620;624;634;684;711;834;840;844;853;858;861;863;864;870;871;874;877;885;890;892;899,64,1
6baa36c1-e4d0-4dbd-97b2-dff48ecf796e,What maintenance task can be seen happening around a window?,Scraping off old paint or material from the window frame.,,168;179;186;205;213;218;219;221;233;234;238;255;260;268;270;274;308;309;317;326;332;337;344;355;366;386;435;437;439;441;454;460;465;466;473;479;487;488;499;580;582;603;607;620;624;634;684;711;834;840;844;853;858;861;863;864;870;871;874;877;885;890;892;899,64,1
6baa36c1-e4d0-4dbd-97b2-dff48ecf796e,Has the protective cover been removed from the window surface?,Yes.,,168;179;186;205;213;218;219;221;233;234;238;255;258;260;268;270;274;308;309;317;326;332;337;344;355;366;386;435;437;439;441;454;460;465;466;473;479;487;488;499;580;603;607;620;624;634;684;711;834;840;844;853;858;861;863;864;870;871;874;877;885;890;892;899,64,1
6baa36c1-e4d0-4dbd-97b2-dff48ecf796e,Is there any sign of the person completing the scraping action?,"No, the person is still holding the scraper.",,168;179;186;205;213;218;219;221;233;234;238;255;260;268;270;274;308;309;317;326;332;337;344;355;366;386;435;437;439;441;454;460;465;466;473;479;487;488;499;580;582;603;607;620;624;634;684;711;834;840;844;853;858;861;863;864;870;871;874;877;885;890;892;899,64,1
6baa36c1-e4d0-4dbd-97b2-dff48ecf796e,Does the footage show a fully renovated window frame?,"No, the window is still being worked on.",,168;179;186;205;213;218;219;221;233;234;238;255;258;260;268;270;274;308;309;317;326;332;337;344;355;366;386;435;437;439;441;454;460;465;466;473;479;487;488;499;580;603;607;620;624;634;684;711;834;840;844;853;858;861;863;864;870;871;874;877;885;890;892;899,64,1
6baa36c1-e4d0-4dbd-97b2-dff48ecf796e,Did the person in the video fully rub the surface?,"No, only part of the surface has been rubbed.",,168;179;186;205;213;218;219;221;233;234;238;255;260;268;270;274;308;309;317;326;332;337;344;355;366;386;435;437;439;441;454;460;465;466;473;479;487;488;499;580;582;603;607;620;624;634;684;711;834;840;844;853;858;861;863;864;870;871;874;877;885;890;892;899,64,1
6baa36c1-e4d0-4dbd-97b2-dff48ecf796e,Has all the discarded material been cleared from the ground?,"No, the material is still on the ground.",,168;179;186;205;213;218;219;221;233;234;238;255;260;268;270;274;308;309;317;326;332;337;344;355;366;386;435;437;439;441;454;460;465;466;473;479;487;488;499;580;582;603;607;620;624;634;684;711;834;840;844;853;858;861;863;864;870;871;874;877;885;890;892;899,64,1
6baa36c1-e4d0-4dbd-97b2-dff48ecf796e,"In the video, does staring at the wood surface occur before removing the unwanted cover?",No,,168;179;186;205;213;218;219;221;233;234;238;255;260;268;270;274;308;309;317;326;332;337;344;355;366;386;435;437;439;441;454;460;465;466;473;479;487;488;499;580;582;603;607;620;624;634;684;711;834;840;844;853;858;861;863;864;870;871;874;877;885;890;892;899,64,1
6baa36c1-e4d0-4dbd-97b2-dff48ecf796e,Is the wood surface rubbed after removing the unwanted cover?,Yes,,168;179;186;205;213;218;219;221;233;234;238;255;260;268;270;274;308;309;317;326;332;337;344;355;366;386;435;437;439;441;454;460;465;466;473;479;487;488;499;580;582;603;607;620;624;634;684;711;834;840;844;853;858;861;863;864;870;871;874;877;885;890;892;899,64,1
6baa36c1-e4d0-4dbd-97b2-dff48ecf796e,"In the video, does holding the scraper happen before rubbing the surface?",Yes,,168;179;186;205;213;218;219;221;233;234;238;255;260;268;270;274;308;309;317;326;332;337;344;355;366;386;435;437;439;441;454;460;465;466;473;479;487;488;499;580;582;603;607;620;624;634;684;711;834;840;844;853;858;861;863;864;870;871;874;877;885;890;892;899,64,1
6baa36c1-e4d0-4dbd-97b2-dff48ecf796e,What happens just before rubbing the wood surface in the video?,Removing unwanted cover,,168;179;186;205;213;218;219;221;233;234;238;255;258;260;268;270;274;308;309;317;326;332;337;344;355;366;386;435;437;441;454;460;465;466;473;479;487;488;499;580;582;603;607;620;624;634;684;711;834;840;844;853;858;861;863;864;870;871;874;877;885;890;892;899,64,1
6baa36c1-e4d0-4dbd-97b2-dff48ecf796e,What happens just before removing the unwanted cover in the video?,Staring at the wood surface.,,168;179;186;205;218;219;221;233;234;238;255;258;260;268;270;274;308;309;317;326;332;337;344;355;366;386;435;437;441;454;456;460;465;466;473;479;487;488;499;580;582;603;607;620;624;634;684;711;834;840;844;853;858;861;863;864;870;871;874;877;885;890;892;899,64,1
6baa36c1-e4d0-4dbd-97b2-dff48ecf796e,Did rubbing the surface happen before staring at the wood surface?,No,,168;179;186;205;213;218;219;221;233;234;238;255;258;260;268;270;274;308;309;317;326;332;337;344;355;366;386;435;437;439;441;454;460;465;473;479;487;488;499;580;582;603;607;620;624;634;684;711;834;840;844;853;858;861;863;864;870;871;874;877;885;890;892;899,64,1
6baa36c1-e4d0-4dbd-97b2-dff48ecf796e,Was the ladder climbed before removing the unwanted cover?,Yes,,168;179;186;205;213;218;219;221;233;234;238;255;260;268;270;274;308;309;317;326;332;337;344;355;366;386;435;437;439;441;454;460;465;466;473;479;487;488;499;580;582;603;607;620;624;634;684;711;834;840;844;853;858;861;863;864;870;871;874;877;885;890;892;899,64,1
6baa36c1-e4d0-4dbd-97b2-dff48ecf796e,Was the unwanted cover removed after rubbing waste with hand?,Yes,,168;179;186;205;213;218;219;221;233;238;255;260;268;270;274;308;309;317;325;326;332;337;344;355;366;386;435;437;439;441;454;456;460;465;466;473;479;487;488;499;580;603;607;620;624;634;684;711;834;840;844;853;858;861;863;864;870;871;874;877;885;890;892;899,64,1
6baa36c1-e4d0-4dbd-97b2-dff48ecf796e,Did staring at the wood surface happen before holding the scraper?,No,,168;179;186;205;213;218;219;221;233;234;238;255;258;260;268;270;274;308;309;317;326;332;337;344;355;366;386;435;437;439;441;454;460;465;473;479;487;488;499;580;582;603;607;620;624;634;684;711;834;840;844;853;858;861;863;864;870;871;874;877;885;890;892;899,64,1
6baa36c1-e4d0-4dbd-97b2-dff48ecf796e,What is done after staring at the wood surface?,Holding the scraper,,168;179;186;205;218;219;221;233;234;238;255;258;260;268;270;274;308;309;317;326;332;337;344;355;366;386;435;437;439;441;454;460;465;466;473;479;487;488;499;580;582;603;607;620;624;634;684;711;834;840;844;853;858;861;863;864;870;871;874;877;885;890;892;899,64,1
6baa36c1-e4d0-4dbd-97b2-dff48ecf796e,What is the overall setting of the video clip?,"Outside, near a building with unwanted cover being removed.",,168;179;186;205;218;219;221;231;233;234;238;255;258;260;268;270;274;308;309;317;326;332;337;344;355;366;386;435;437;439;441;454;460;465;466;473;479;487;488;499;580;603;607;620;624;634;684;711;834;840;844;853;858;861;863;864;870;871;874;877;885;890;892;899,64,1
6baa36c1-e4d0-4dbd-97b2-dff48ecf796e,What's the main focus of the scene?,A person cleaning an area by a building.,,168;179;186;205;213;218;219;221;233;234;238;255;258;260;268;270;274;308;309;317;326;332;337;344;355;366;386;435;437;439;441;454;460;465;466;473;479;487;488;499;580;603;607;620;624;634;684;711;834;840;844;853;858;861;863;864;870;871;874;877;885;890;892;899,64,1
6baa36c1-e4d0-4dbd-97b2-dff48ecf796e,What kind of location is shown in the video?,An outdoor location by a building.,,168;179;186;205;218;219;221;231;233;234;238;255;260;268;270;274;308;309;317;325;326;332;337;344;355;366;386;435;437;439;441;454;460;465;466;473;479;487;488;499;580;603;607;620;624;634;684;711;834;840;844;853;858;861;863;864;870;871;874;877;885;890;892;899,64,1
6baa36c1-e4d0-4dbd-97b2-dff48ecf796e,What task is being performed in the frames?,Scraping off unwanted cover from a surface.,,168;179;186;205;218;219;221;233;234;238;255;258;260;268;270;274;308;309;317;326;332;337;344;355;366;386;435;437;439;441;454;460;465;466;473;479;487;488;499;580;582;603;607;620;624;634;684;711;834;840;844;853;858;861;863;864;870;871;874;877;885;890;892;899,64,1
6baa36c1-e4d0-4dbd-97b2-dff48ecf796e,Can you detail the activity taking place?,A person removing a covering layer from a window.,,168;179;186;205;213;218;219;221;233;238;255;258;260;268;270;274;308;309;317;326;332;337;344;355;366;386;435;437;439;441;454;456;460;465;466;473;479;487;488;499;580;603;607;620;624;634;684;711;834;840;844;853;858;861;863;864;870;871;874;877;885;890;892;899,64,1
6baa36c1-e4d0-4dbd-97b2-dff48ecf796e,What is the immediate action captured?,A hand using a tool to clean a window.,,168;179;186;205;218;219;221;233;238;255;260;268;270;274;308;309;317;325;326;332;337;344;355;366;386;435;437;439;441;454;456;460;465;466;473;479;487;488;499;580;582;603;607;620;624;634;684;711;834;840;844;853;858;861;863;864;870;871;874;877;885;890;892;899,64,1
6baa36c1-e4d0-4dbd-97b2-dff48ecf796e,What is the implication of the depicted movement?,Preparation or cleaning of a building's exterior.,,168;179;186;205;218;219;221;231;233;234;238;255;260;268;270;274;308;309;317;325;326;332;337;344;355;366;386;435;437;441;454;460;465;466;473;479;487;488;499;580;582;603;607;620;624;634;684;711;834;840;844;853;858;861;863;864;870;871;874;877;885;890;892;899,64,1
6baa36c1-e4d0-4dbd-97b2-dff48ecf796e,Did the camera wearer completely remove the unwanted cover?,No.,,168;179;186;205;213;218;219;221;233;234;238;255;258;260;268;270;274;308;309;317;326;332;337;344;355;366;386;435;437;441;454;460;465;466;473;479;487;488;499;580;582;603;607;620;624;634;684;711;834;840;844;853;858;861;863;864;870;871;874;877;885;890;892;899,64,1
6baa36c1-e4d0-4dbd-97b2-dff48ecf796e,Did the video contain any interaction with another person?,"No, it only shows a person working alone.",,168;179;186;205;213;218;219;221;233;234;238;255;260;268;270;274;308;309;317;326;332;337;344;355;366;386;435;437;441;454;456;460;465;466;473;479;487;488;499;580;582;603;607;620;624;634;684;711;834;840;844;853;858;861;863;864;870;871;874;877;885;890;892;899,64,1
6baa36c1-e4d0-4dbd-97b2-dff48ecf796e,Does the frame convey the completion of the task?,"No, the task appears to be in progress.",,168;179;186;205;213;218;219;221;231;233;234;238;255;258;260;268;270;274;308;309;317;332;337;344;355;366;386;435;437;439;441;454;460;465;473;479;487;488;499;580;582;603;607;620;624;634;684;711;834;840;844;853;858;861;863;864;870;871;874;877;885;890;892;899,64,1
6baa36c1-e4d0-4dbd-97b2-dff48ecf796e,Did the rubbing of the surface happen before walking outside?,No,,168;179;186;205;213;218;219;221;233;234;238;255;260;268;270;274;308;309;317;326;332;337;344;355;366;386;435;437;439;441;454;460;465;466;473;479;487;488;499;580;582;603;607;620;624;634;684;711;834;840;844;853;858;861;863;864;870;871;874;877;885;890;892;899,64,1
6baa36c1-e4d0-4dbd-97b2-dff48ecf796e,Is the scraper held after removing unwanted cover from the surface?,Yes,,168;179;186;205;213;218;219;221;233;234;238;255;258;260;268;270;274;308;309;317;326;332;337;344;355;366;386;435;437;439;441;454;460;465;466;473;479;487;488;499;580;603;607;620;624;634;684;711;834;840;844;853;858;861;863;864;870;871;874;877;885;890;892;899,64,1
6baa36c1-e4d0-4dbd-97b2-dff48ecf796e,Does the unwanted cover get removed before the surface is rubbed?,Yes,,168;179;186;205;213;218;219;221;233;234;238;255;260;268;270;274;308;309;317;326;332;337;344;355;366;386;435;437;439;441;454;460;465;466;473;479;487;488;499;580;582;603;607;620;624;634;684;711;834;840;844;853;858;861;863;864;870;871;874;877;885;890;892;899,64,1
6baa36c1-e4d0-4dbd-97b2-dff48ecf796e,Did walking outside occur before holding the scraper?,Yes,,168;179;186;205;213;218;219;221;233;234;238;255;258;260;268;270;274;308;309;317;326;332;337;344;355;366;386;435;437;439;441;454;460;465;466;473;479;487;488;499;580;603;607;620;624;634;684;711;834;840;844;853;858;861;863;864;870;871;874;877;885;890;892;899,64,1
6baa36c1-e4d0-4dbd-97b2-dff48ecf796e,What happens before the surface is rubbed?,Unwanted cover is removed.,,168;179;186;205;218;219;221;233;234;238;255;260;268;270;274;308;309;317;325;326;332;337;344;355;366;386;435;437;441;454;456;460;465;466;473;479;487;488;499;580;582;603;607;620;624;634;684;711;834;840;844;853;858;861;863;864;870;871;874;877;885;890;892;899,64,1
6baa36c1-e4d0-4dbd-97b2-dff48ecf796e,What occurs just before the scraper is held?,The surface is rubbed.,,168;179;186;205;218;219;221;233;234;238;255;258;260;268;270;274;308;309;317;325;326;332;337;344;355;366;386;435;437;441;454;460;465;466;473;479;487;488;499;580;582;603;607;620;624;634;684;711;834;840;844;853;858;861;863;864;870;871;874;877;885;890;892;899,64,1
6baa36c1-e4d0-4dbd-97b2-dff48ecf796e,What takes place just before removing unwanted cover?,Being outside.,,168;179;186;205;218;219;221;233;238;255;260;268;270;274;308;309;317;325;326;332;337;344;355;366;386;435;437;439;441;454;456;460;465;466;473;479;487;488;499;580;603;607;620;624;629;634;684;711;834;840;844;853;858;861;863;864;870;871;874;877;885;890;892;899,64,1
6baa36c1-e4d0-4dbd-97b2-dff48ecf796e,What action occurs before the unwanted cover is removed a second time?,Holding the scraper.,,168;179;186;205;218;219;221;233;238;255;260;268;270;274;308;309;317;326;332;337;344;355;366;386;435;437;439;441;454;456;460;465;466;473;479;487;488;499;580;582;603;607;620;624;629;634;684;711;834;840;844;853;858;861;863;864;870;871;874;877;885;890;892;899,64,1
6baa36c1-e4d0-4dbd-97b2-dff48ecf796e,Did I stare at the wood surface before removing the unwanted cover?,No,,168;179;186;205;213;218;219;221;233;234;238;255;258;260;268;270;274;308;309;317;326;332;337;344;355;366;386;435;437;439;441;454;460;465;473;479;487;488;499;580;582;603;607;620;624;634;684;711;834;840;844;853;858;861;863;864;870;871;874;877;885;890;892;899,64,1
6baa36c1-e4d0-4dbd-97b2-dff48ecf796e,Did I rub the surface after removing the unwanted cover?,Yes,,168;179;186;205;213;218;219;221;233;234;238;255;260;268;270;274;308;309;317;326;332;337;344;355;366;386;435;437;439;441;454;460;465;466;473;479;487;488;499;580;582;603;607;620;624;634;684;711;834;840;844;853;858;861;863;864;870;871;874;877;885;890;892;899,64,1
6baa36c1-e4d0-4dbd-97b2-dff48ecf796e,Did I remove the unwanted cover before walking outside?,Yes,,168;179;186;205;213;218;219;221;233;234;238;255;260;268;270;274;308;309;317;326;332;337;344;355;366;386;435;437;439;441;454;456;460;465;466;473;479;487;488;499;580;603;607;620;624;634;684;711;834;840;844;853;858;861;863;864;870;871;874;877;885;890;892;899,64,1
6baa36c1-e4d0-4dbd-97b2-dff48ecf796e,What happened before I held the scraper?,Removed unwanted cover and stared at the surface,,168;179;186;205;218;219;221;233;234;238;255;258;260;268;270;274;308;309;317;326;332;337;344;355;366;386;435;437;439;441;454;456;460;465;466;473;479;487;488;499;580;603;607;620;624;634;684;711;834;840;844;853;858;861;863;864;870;871;874;877;885;890;892;899,64,1
6baa36c1-e4d0-4dbd-97b2-dff48ecf796e,What occurred just before walking outside?,Removed the unwanted cover,,168;179;186;205;218;219;221;233;238;255;260;268;270;274;308;309;317;325;326;332;337;344;355;366;386;435;437;439;441;454;456;460;465;466;473;479;487;488;499;580;582;603;607;620;624;634;684;711;834;840;844;853;858;861;863;864;870;871;874;877;885;890;892;899,64,1
6baa36c1-e4d0-4dbd-97b2-dff48ecf796e,What takes place right before removing the unwanted cover?,"Nothing, it's the initial action",,168;179;186;205;218;219;221;233;238;255;260;268;270;274;308;309;317;326;332;337;344;355;366;386;435;437;439;441;454;456;460;465;466;473;479;487;488;499;580;582;603;607;620;624;629;634;684;711;834;840;844;853;858;861;863;864;870;871;874;877;885;890;892;899,64,1
6baa36c1-e4d0-4dbd-97b2-dff48ecf796e,What action occurred immediately before rubbing the surface?,Removed unwanted cover,,168;179;186;205;213;218;219;221;233;238;255;260;268;270;274;308;309;317;325;326;332;337;344;355;366;386;435;437;439;441;454;460;465;466;473;479;487;488;499;580;582;603;607;620;624;634;684;711;834;840;844;853;858;861;863;864;870;871;874;877;885;890;892;899,64,1
e58207f1-84ec-424b-a997-ff64a57eb13b,What is the setting of the video clip?,The setting is inside a house.,,8;12;16;17;21;27;29;30;39;40;55;60;63;64;66;68;70;73;75;78;79;80;81;87;88;91;92;93;97;99;102;103;105;107;109;110;112;115;116;117;123;124;127;129;131;132;135;136;138;140;141;145;147,64,1
e58207f1-84ec-424b-a997-ff64a57eb13b,What activity occurs in the scene?,Walking around and checking items.,,8;12;16;17;21;27;29;30;39;40;47;55;60;63;64;66;68;70;73;75;78;79;80;81;87;88;91;92;93;97;99;102;103;105;107;109;110;112;115;116;117;123;124;127;129;131;132;135;136;138;140;145;147,64,1
e58207f1-84ec-424b-a997-ff64a57eb13b,Are there multiple people in the video?,"Yes, two people are present.",,8;12;16;17;21;27;29;30;39;40;55;60;63;64;66;68;70;73;75;78;79;80;81;87;88;91;92;93;97;99;102;103;105;107;109;110;112;115;116;117;123;124;127;129;131;132;135;136;138;140;141;145;147,64,1
e58207f1-84ec-424b-a997-ff64a57eb13b,Did I exit the house during the video?,No.,,8;16;17;21;27;29;30;39;40;47;55;60;63;64;66;68;70;73;75;78;79;80;81;87;88;91;92;93;97;99;102;103;105;107;109;110;112;115;116;117;123;124;127;129;131;132;135;136;138;140;141;145;147,64,1
e58207f1-84ec-424b-a997-ff64a57eb13b,Did I ignore any rooms while checking?,No.,,8;16;17;21;27;29;30;39;40;47;55;60;63;64;66;68;70;73;75;78;79;80;81;87;88;91;92;93;97;99;102;103;105;107;109;110;112;115;116;117;123;124;127;129;131;132;135;136;138;140;141;145;147,64,1
e58207f1-84ec-424b-a997-ff64a57eb13b,Did the interaction with the other person seem hostile?,No.,,8;16;17;21;27;29;30;39;40;55;60;63;64;66;68;70;73;75;78;79;80;81;87;88;91;92;93;97;99;102;103;105;107;109;110;112;115;116;117;123;124;127;129;131;132;135;136;138;140;141;145;147,64,1
e58207f1-84ec-424b-a997-ff64a57eb13b,Did I find anything unusual in the items?,The video does not indicate that.,,8;12;16;17;21;27;29;30;39;40;47;55;60;63;64;66;68;70;73;75;78;79;80;81;87;88;91;92;93;97;99;102;103;105;107;109;110;112;115;116;117;123;124;127;129;131;132;135;136;138;140;145;147,64,1
e58207f1-84ec-424b-a997-ff64a57eb13b,What setting is introduced in this video clip?,An interior of a house.,,8;16;17;27;30;39;55;60;63;66;68;73;79;80;88;91;92;97;99;102;103;105;107;109;112;115;116;117;123;124;127;129;131;135;138;140;145;147;159;161;171;172;177;179;184;193;200;203;204;208;209;214;221;236;237;246;255;256;257;260;272;280,64,1
e58207f1-84ec-424b-a997-ff64a57eb13b,What objects are central to the scene in this video?,A magazine and a woman.,,8;16;17;27;30;39;55;60;63;66;68;73;79;80;88;91;92;97;99;102;103;105;107;109;112;115;116;117;123;124;127;129;131;135;138;140;145;147;155;159;161;171;172;179;184;193;200;203;204;208;209;214;221;236;237;246;255;256;257;260;272;280,64,1
e58207f1-84ec-424b-a997-ff64a57eb13b,Describe the layout of the room shown.,Room with large windows and modern lighting.,,8;16;17;30;39;55;60;63;66;68;70;73;79;80;88;92;97;99;102;103;105;107;109;112;115;116;117;123;127;129;131;135;138;140;145;147;155;159;161;171;177;179;184;193;200;203;204;208;209;214;221;236;237;246;255;256;257;260;264;272;280,64,1
e58207f1-84ec-424b-a997-ff64a57eb13b,What activity dominates this scene?,Reading and interacting with another person.,,8;16;17;27;30;39;40;55;60;63;66;68;73;79;80;88;91;92;97;99;102;103;105;107;109;112;115;116;117;123;124;127;129;131;135;138;140;145;147;159;161;171;172;177;179;184;193;200;203;204;208;209;214;221;236;237;246;255;256;257;260;272;280,64,1
e58207f1-84ec-424b-a997-ff64a57eb13b,What is the relationship between the primary elements in this scene?,They involve engagement with reading material and human interaction.,,8;16;17;27;30;39;55;60;63;66;68;73;79;80;88;91;92;97;99;102;103;105;107;109;112;115;116;117;123;124;127;129;131;135;138;140;145;147;148;159;161;171;177;179;184;193;200;203;204;208;209;214;221;236;237;246;255;256;257;260;272;280,64,1
e58207f1-84ec-424b-a997-ff64a57eb13b,What action am I performing in these frames?,Holding and looking at a magazine.,,8;16;17;27;30;39;40;55;60;63;66;68;73;79;80;88;91;92;97;99;102;103;105;107;109;112;115;116;117;123;124;127;129;131;135;138;140;145;147;159;161;171;172;177;179;184;193;200;203;204;208;209;214;221;236;237;246;255;256;257;260;272;280,64,1
e58207f1-84ec-424b-a997-ff64a57eb13b,What activity follows holding the magazine?,Looking at the magazine.,,8;16;17;27;30;39;40;55;60;63;66;68;70;73;79;80;88;91;92;97;99;102;105;109;112;115;116;117;123;124;127;129;131;135;138;140;145;147;159;161;171;177;179;184;193;200;203;204;208;209;214;221;236;237;246;255;256;257;260;272;280;282,64,1
e58207f1-84ec-424b-a997-ff64a57eb13b,Did I hold the magazine before walking around the house?,No,,8;16;17;30;39;55;60;63;66;68;73;79;80;88;92;97;99;102;103;105;107;109;112;115;116;117;123;124;127;129;131;135;138;140;145;147;148;155;159;161;171;177;179;184;193;200;203;204;208;209;214;221;236;237;246;255;256;257;260;264;272;280,64,1
e58207f1-84ec-424b-a997-ff64a57eb13b,Did I look at the magazine before walking around with another person?,Yes,,8;16;17;30;39;55;60;63;66;68;73;79;80;88;91;92;97;99;102;103;105;107;109;112;115;116;117;123;124;127;129;131;135;138;140;145;147;148;159;161;171;172;177;179;184;193;200;203;204;208;209;214;221;236;237;246;255;256;257;260;272;280,64,1
e58207f1-84ec-424b-a997-ff64a57eb13b,Was the magazine held after checking on items in the house?,No,,8;16;17;27;30;39;55;60;63;66;68;70;73;79;80;88;91;92;97;99;102;103;105;109;112;115;116;117;123;124;127;129;131;135;138;140;145;147;148;155;159;161;171;179;184;193;200;203;204;208;209;214;221;236;237;246;255;256;257;260;272;280,64,1
e58207f1-84ec-424b-a997-ff64a57eb13b,What do I do just before interacting with the woman?,Holding the magazine,,8;16;17;30;39;55;60;63;66;68;73;79;80;88;91;92;97;99;102;103;105;107;109;112;115;116;117;123;124;127;129;131;135;138;140;145;147;148;159;161;171;172;177;179;184;193;200;203;204;208;209;214;221;236;237;246;255;256;257;260;264;272;280,64,1
e58207f1-84ec-424b-a997-ff64a57eb13b,What action is performed just before I check on items?,Walking around the house,,8;16;17;30;39;40;55;60;63;66;68;73;79;80;88;91;92;97;99;102;103;105;109;112;115;116;117;123;124;127;129;131;135;138;140;145;147;148;159;161;171;177;179;184;193;200;203;204;208;209;214;221;236;237;243;246;255;256;257;260;264;272;277,64,1
e58207f1-84ec-424b-a997-ff64a57eb13b,What happens right before I hold the magazine?,Walking with another person,,8;16;17;30;39;40;55;60;63;66;68;73;79;80;88;92;97;99;102;103;105;107;109;112;115;116;117;123;124;127;129;131;135;138;140;145;147;159;161;171;172;177;179;184;193;200;203;204;208;209;214;221;236;237;246;255;256;257;260;264;272;280,64,1
e58207f1-84ec-424b-a997-ff64a57eb13b,What is done immediately before walking around the house?,Being inside the house,,8;16;17;30;39;55;60;63;66;68;73;79;80;88;91;92;97;99;102;103;105;107;109;112;115;116;117;123;124;127;129;131;135;138;140;145;147;148;159;161;171;177;179;184;193;200;203;204;208;209;214;221;236;237;246;255;256;257;260;264;272;277,64,1
e58207f1-84ec-424b-a997-ff64a57eb13b,What does the environment indicate about the video's setting?,"The video is set in a modern, well-lit living space.",,16;17;30;39;55;63;68;73;79;80;88;97;102;105;116;117;127;131;138;147;159;161;200;203;236;237;246;255;256;272;292;295;299;301;321;325;329;337;361;364;374;375;377;379;389;391;392;394;396;401;402;405;406;408;410;413;419,64,1
e58207f1-84ec-424b-a997-ff64a57eb13b,What activity is being undertaken in the living area?,Reading and interacting with another person.,,16;17;39;55;63;68;73;79;80;88;97;102;105;116;117;127;131;138;147;159;161;200;203;236;237;246;255;256;257;272;292;295;299;301;325;329;337;352;361;364;374;375;377;379;389;391;392;394;396;401;402;405;406;408;410;413;419,64,1
e58207f1-84ec-424b-a997-ff64a57eb13b,Describe the indoor setting captured in the video.,"A living room with a TV unit, books, and seating areas.",,16;17;30;39;55;63;73;79;80;88;97;102;105;116;117;127;131;138;145;147;159;161;200;203;236;237;246;255;256;257;272;288;292;295;299;301;325;329;337;361;364;374;375;377;379;389;391;392;394;396;401;402;405;406;408;410;413;419,64,1
e58207f1-84ec-424b-a997-ff64a57eb13b,What items in the room indicate leisure activities?,A television and books suggest leisure or relaxation.,,16;17;30;39;55;63;68;73;79;80;88;97;102;105;116;117;127;131;138;147;159;161;200;203;236;237;246;255;256;272;288;292;295;299;301;321;325;329;337;361;364;374;375;377;379;389;391;392;394;396;401;402;405;406;408;410;413;419,64,1
e58207f1-84ec-424b-a997-ff64a57eb13b,What furnishings can be observed in the video scene?,"A TV stand, shelves, and magazines can be seen.",,16;17;39;55;63;68;73;79;80;88;97;102;105;116;117;127;131;138;147;159;161;200;203;236;237;246;255;256;257;272;292;295;299;301;321;325;329;337;361;364;374;375;377;379;389;391;392;394;396;401;402;405;406;408;410;413;419,64,1
e58207f1-84ec-424b-a997-ff64a57eb13b,What actions are performed by the individual regarding the books?,The individual is turning the pages and reading a book.,,16;17;30;39;55;63;68;73;79;80;88;97;102;105;116;117;127;131;138;147;159;161;200;203;236;237;246;255;256;272;292;295;299;301;321;325;329;337;352;361;364;374;375;377;379;389;391;392;394;396;401;402;405;406;408;410;413;419,64,1
e58207f1-84ec-424b-a997-ff64a57eb13b,How does the person engage with the media in the room?,The person seems to ignore the TV and focuses on the book.,,16;17;39;55;63;68;73;79;80;88;97;102;105;116;117;127;131;138;147;159;161;200;203;236;237;246;255;256;257;272;288;292;295;299;301;321;325;329;337;361;364;374;375;377;379;389;391;392;394;396;401;402;405;406;408;410;413;419,64,1
e58207f1-84ec-424b-a997-ff64a57eb13b,Did the person read a book in the video?,Yes.,,16;17;30;39;55;63;68;73;80;88;97;102;105;116;117;127;131;138;147;159;161;200;203;236;237;246;255;256;257;272;288;292;295;299;301;321;325;329;337;361;364;374;375;379;389;391;392;394;396;401;402;405;406;408;410;413;419,64,1
e58207f1-84ec-424b-a997-ff64a57eb13b,Did the individual change the page of the book at least once?,Yes.,,16;17;30;39;55;63;73;79;80;88;97;105;116;117;127;131;138;147;159;161;200;203;236;237;246;255;256;257;272;288;292;295;299;301;321;325;329;337;361;364;374;375;377;379;389;391;392;394;396;401;402;405;406;408;410;413;419,64,1
e58207f1-84ec-424b-a997-ff64a57eb13b,Did the person have an interaction with someone in the room?,Yes.,,8;16;17;39;55;63;68;73;79;80;88;97;102;105;116;117;127;131;138;147;159;161;200;203;236;237;246;255;256;257;272;292;295;299;301;321;325;329;337;361;364;374;375;377;379;389;391;392;394;396;401;402;405;406;408;410;413;419,64,1
e58207f1-84ec-424b-a997-ff64a57eb13b,"In the video, is the magazine held before turning book pages?",Yes.,,8;16;17;30;39;55;63;73;80;88;97;102;105;116;117;127;131;138;147;159;161;200;203;236;237;246;255;256;257;272;288;292;295;299;301;321;325;329;337;361;364;374;375;377;379;389;391;392;394;396;401;402;405;406;408;410;413;419,64,1
e58207f1-84ec-424b-a997-ff64a57eb13b,Is the book read after interacting with a woman?,No.,,16;17;30;39;55;63;68;73;80;88;97;102;105;116;117;127;131;138;147;159;161;200;203;236;237;246;255;256;257;272;288;292;295;299;301;325;329;337;361;364;374;375;377;379;389;391;392;394;396;401;402;405;406;408;410;413;419,64,1
e58207f1-84ec-424b-a997-ff64a57eb13b,"In the video, does looking around occur before holding the magazine?",No.,,8;16;17;39;55;63;68;73;79;80;88;97;102;105;116;117;127;131;138;147;159;161;200;203;236;237;246;255;256;257;272;292;295;299;301;321;325;329;337;361;364;374;375;377;379;389;391;392;394;396;401;402;405;406;408;410;413;419,64,1
e58207f1-84ec-424b-a997-ff64a57eb13b,What is done just before interacting with a woman?,Looking at the magazine.,,16;17;30;39;55;63;68;73;79;80;88;97;102;105;116;117;127;131;138;147;159;161;200;203;236;237;246;255;256;257;272;288;292;295;299;301;325;329;337;361;364;374;375;377;379;389;391;392;394;396;401;402;405;406;408;410;413;419,64,1
e58207f1-84ec-424b-a997-ff64a57eb13b,What occurs just before turning book pages?,Looking around.,,16;17;30;39;55;63;73;79;80;88;97;102;105;116;117;127;131;138;145;147;159;161;200;203;236;237;246;255;256;272;288;292;295;299;301;321;325;329;337;361;364;374;375;377;379;389;391;392;394;396;401;402;405;406;408;410;413;419,64,1
e58207f1-84ec-424b-a997-ff64a57eb13b,What is performed just before reading a book?,Turning book pages.,,16;17;30;39;55;63;68;73;79;80;88;97;102;105;116;117;127;131;138;147;159;161;200;203;236;237;246;255;256;272;288;292;295;299;301;321;325;329;337;361;364;374;375;377;379;389;391;392;394;396;401;402;405;406;408;410;413;419,64,1
e58207f1-84ec-424b-a997-ff64a57eb13b,"In the video sequence, what is done before interacting with a different woman?",Reading a book.,,8;16;17;30;39;55;63;68;73;79;80;88;97;102;105;116;117;127;131;138;147;159;161;200;203;236;237;246;255;256;257;272;292;295;299;301;325;329;337;361;364;374;375;377;379;389;391;392;394;396;401;402;405;406;408;410;413;419,64,1
e58207f1-84ec-424b-a997-ff64a57eb13b,Did I walk around the house before holding the magazine?,Yes.,,16;17;30;39;55;63;73;79;80;88;97;102;105;116;117;127;131;138;147;159;161;200;203;236;237;246;255;256;257;272;288;292;295;299;301;321;325;329;337;361;364;374;375;377;379;389;391;392;394;396;401;402;405;406;408;410;413;419,64,1
e58207f1-84ec-424b-a997-ff64a57eb13b,Was the magazine held before reading a book?,Yes.,,16;17;30;39;55;63;73;80;88;97;102;105;116;117;127;131;138;147;159;161;200;203;236;237;246;255;256;257;272;288;292;295;299;301;321;325;329;337;361;364;374;375;377;379;389;391;392;394;396;401;402;405;406;408;410;413;419,64,1
e58207f1-84ec-424b-a997-ff64a57eb13b,Did reading a book happen before walking around the house?,No.,,16;17;30;39;55;63;73;80;88;97;102;105;116;117;127;131;138;145;147;159;161;200;203;236;237;246;255;256;257;272;288;292;295;299;301;321;325;329;337;361;364;374;375;377;379;383;389;391;394;396;401;402;405;406;408;410;413;419,64,1
e58207f1-84ec-424b-a997-ff64a57eb13b,What occurs just before reading a book?,Turn book pages.,,16;17;30;39;55;63;68;73;79;80;88;97;102;105;116;117;127;131;138;147;159;161;200;203;236;237;246;255;256;272;288;292;295;299;301;321;325;329;337;361;364;374;375;377;379;389;391;392;394;396;401;402;405;406;408;410;413;419,64,1
e58207f1-84ec-424b-a997-ff64a57eb13b,What action takes place before walking around the house?,No preceding action mentioned.,,16;17;30;39;55;63;73;79;80;88;97;102;105;116;117;127;131;138;145;147;159;161;200;203;236;237;246;255;256;272;288;292;295;299;301;321;325;329;337;361;364;374;375;377;379;383;389;391;394;396;401;402;405;406;408;410;413;419,64,1
e58207f1-84ec-424b-a997-ff64a57eb13b,What is the location setting in this video clip?,Inside a house.,,16;17;39;55;88;105;116;117;127;131;138;159;200;203;236;237;246;256;295;337;361;364;374;375;391;394;401;402;405;406;410;413;425;428;430;436;438;451;452;460;469;475;476;479;487;489;492;499;503;505;512;515;518;519;520;522;525;541;546;549,64,1
e58207f1-84ec-424b-a997-ff64a57eb13b,Describe the atmosphere of the scene.,"A casual, indoor environment.",,16;17;39;55;88;105;116;117;127;131;138;159;200;203;236;237;246;256;337;361;364;374;375;391;394;401;402;405;406;410;413;425;428;430;435;436;438;451;452;460;469;475;476;479;487;489;492;499;503;505;512;515;518;519;520;522;525;537;541;546,64,1
e58207f1-84ec-424b-a997-ff64a57eb13b,What is the relationship between the participants in the video?,They appear to be acquaintances.,,16;17;39;55;88;105;116;117;127;131;138;200;203;236;237;246;256;325;337;361;364;374;375;391;394;401;402;405;406;410;413;425;428;430;435;436;438;451;452;460;469;475;476;479;487;489;492;499;503;505;512;515;518;519;520;522;525;541;546;549,64,1
e58207f1-84ec-424b-a997-ff64a57eb13b,Did the characters engage in any recreational activity?,"Yes, they read magazines.",,16;17;39;55;88;105;116;117;127;131;138;159;200;203;236;246;256;337;361;364;374;375;391;394;401;402;405;406;410;413;425;428;430;435;436;438;451;452;460;469;475;476;479;487;489;492;499;503;505;512;515;518;519;520;522;525;537;541;546;549,64,1
e58207f1-84ec-424b-a997-ff64a57eb13b,Did the characters sit down for a formal meeting?,No.,,16;17;39;55;88;105;116;117;127;131;138;200;203;236;237;246;256;337;361;364;374;375;391;394;401;402;405;406;410;425;428;430;435;436;438;451;452;460;469;475;476;479;487;489;491;492;499;503;505;512;515;518;519;520;522;525;537;541;546;549,64,1
e58207f1-84ec-424b-a997-ff64a57eb13b,Are the characters in the video clip outdoors?,No.,,16;17;39;55;88;105;116;117;127;131;138;200;203;236;237;246;256;337;361;364;374;375;391;394;401;402;405;406;410;413;425;428;430;435;436;438;451;452;460;469;475;476;479;487;489;492;499;503;505;512;515;518;519;520;522;525;537;541;546;549,64,1
e58207f1-84ec-424b-a997-ff64a57eb13b,Is there any sign of an argument happening in the video?,No.,,16;17;39;55;88;105;116;117;127;131;138;159;200;203;236;237;246;256;301;337;361;374;375;391;394;401;402;405;406;410;413;425;428;430;435;436;438;451;452;460;469;475;476;479;487;489;492;499;503;505;512;515;518;519;520;522;525;541;546;549,64,1
e58207f1-84ec-424b-a997-ff64a57eb13b,Did the characters watch television in the clip?,No.,,16;17;39;55;88;105;116;117;127;131;138;159;200;203;236;237;246;256;337;361;374;375;391;394;401;402;405;406;410;413;425;428;430;435;436;438;451;452;460;469;475;476;479;487;489;492;499;503;505;512;515;518;519;520;522;525;537;541;546;549,64,1
e58207f1-84ec-424b-a997-ff64a57eb13b,Is there any physical activity performed by the characters?,No.,,16;17;39;55;88;105;116;117;127;138;200;236;246;295;325;337;361;364;374;375;391;394;401;402;405;406;410;413;425;428;430;435;436;438;451;452;460;469;475;476;479;487;489;491;492;499;503;505;512;515;518;519;520;522;525;532;537;541;546;549,64,1
e58207f1-84ec-424b-a997-ff64a57eb13b,Does reading a book happen before talking to the woman?,Yes.,,16;17;39;55;88;105;116;117;127;131;138;200;203;236;237;246;256;301;337;361;364;374;375;391;394;401;402;405;406;410;425;428;430;435;436;438;451;452;460;469;475;476;479;487;489;492;499;503;505;512;515;518;519;520;522;525;537;541;546;549,64,1
e58207f1-84ec-424b-a997-ff64a57eb13b,Is looking around done before turning book pages?,Yes.,,16;17;39;55;88;105;116;117;127;138;200;236;237;246;337;361;364;374;375;391;394;401;402;405;406;410;413;425;428;430;435;436;438;451;452;469;475;476;479;487;489;491;492;499;503;505;508;512;515;518;519;520;522;525;532;537;541;546;549,64,1
e58207f1-84ec-424b-a997-ff64a57eb13b,What occurs just before reading the magazines?,Talking to each other.,,16;17;39;55;88;105;116;117;127;131;138;200;203;236;237;246;256;337;361;364;374;375;391;394;401;402;405;406;410;413;425;428;430;435;436;438;451;452;469;475;476;479;487;489;491;492;499;503;505;512;515;518;519;520;522;525;532;537;541;546;549,64,1
e58207f1-84ec-424b-a997-ff64a57eb13b,What takes place immediately before looking around?,Turning book pages.,,16;17;39;55;88;105;116;117;127;138;200;236;246;337;361;364;374;375;391;394;401;402;405;406;410;413;425;428;430;435;436;438;451;452;469;475;476;479;487;489;491;492;499;503;505;512;515;518;519;520;522;525;526;532;537;541;546;549,64,1
e58207f1-84ec-424b-a997-ff64a57eb13b,What action is performed just before talking to each other?,Looking around.,,16;17;39;55;88;105;116;117;127;131;138;200;203;236;237;246;256;301;337;361;364;374;375;391;394;401;402;405;406;410;413;425;428;430;435;436;438;451;452;469;475;476;479;487;489;492;499;503;505;512;515;518;519;520;522;525;537;541;546;549,64,1
e58207f1-84ec-424b-a997-ff64a57eb13b,Did I look around before holding the magazine?,No.,,16;17;39;55;88;105;116;117;127;131;138;200;203;236;237;246;256;337;361;364;374;375;391;394;401;402;405;406;410;425;428;430;435;436;438;451;452;469;475;476;479;487;489;491;492;499;503;505;512;515;518;519;520;522;525;532;537;541;546;549,64,1
e58207f1-84ec-424b-a997-ff64a57eb13b,What activities were performed in the room?,Reading a magazine and making coffee.,,16;17;55;88;116;117;138;200;236;337;361;374;375;391;394;401;402;406;410;425;428;430;436;451;452;469;475;476;487;489;492;499;503;505;512;518;519;520;522;541;556;570;571;577;585;594;604;606;611;620;626;634;635;640;643;644;647;662;665;671;676;685,64,1
e58207f1-84ec-424b-a997-ff64a57eb13b,Describe the environment where the actions occurred.,"A room with a seated person, magazine, and phone.",,16;17;55;88;116;117;138;200;236;337;361;374;375;391;394;401;402;405;406;410;425;428;430;436;451;452;469;475;476;487;489;492;499;503;505;518;519;522;541;556;570;571;577;585;594;604;606;611;620;626;634;635;640;643;644;647;662;665;671;676;685;686,64,1
e58207f1-84ec-424b-a997-ff64a57eb13b,What devices were used in the scenario?,A magazine and a phone.,,16;17;55;88;116;117;138;200;236;337;361;374;375;391;401;402;405;406;410;425;428;430;436;451;452;469;475;476;487;489;492;499;503;505;512;518;519;520;522;541;556;570;571;577;585;594;604;606;611;620;626;634;635;640;643;644;647;662;665;671;676;685,64,1
e58207f1-84ec-424b-a997-ff64a57eb13b,What was the person doing with the magazine?,The person was reading the magazine.,,16;17;55;88;116;117;131;138;200;236;237;256;337;361;374;375;391;401;402;405;406;410;425;428;430;436;451;452;469;475;476;487;489;492;499;503;505;518;519;522;541;556;570;571;577;585;594;604;606;611;620;626;634;635;640;643;647;662;665;671;676;685,64,1
e58207f1-84ec-424b-a997-ff64a57eb13b,What activity followed reading the magazine?,The person operated the phone.,,16;17;39;55;88;116;117;138;200;236;337;361;374;375;391;394;401;402;406;410;425;428;430;436;451;452;469;475;476;487;489;492;499;503;505;518;519;522;541;556;570;571;577;585;594;600;604;606;620;626;634;635;640;643;644;647;662;665;671;676;685;686,64,1
e58207f1-84ec-424b-a997-ff64a57eb13b,Did the person remain seated throughout?,"No, they got up to make coffee.",,16;17;39;55;88;116;117;138;200;236;337;361;374;375;391;401;402;405;406;410;425;428;430;436;451;452;469;475;476;487;489;492;499;503;505;512;518;519;522;541;556;570;571;577;585;594;604;606;611;620;626;634;635;640;643;644;647;662;665;676;685;686,64,1
e58207f1-84ec-424b-a997-ff64a57eb13b,Did the person leave the room?,"No, the actions happened in the room.",,16;17;55;88;116;117;138;200;236;337;361;374;375;391;401;402;406;410;425;428;430;436;451;452;469;475;476;487;489;492;499;503;505;512;518;519;522;541;546;556;570;571;577;585;594;604;606;611;620;626;634;635;640;643;644;647;662;665;671;676;685;686,64,1
e58207f1-84ec-424b-a997-ff64a57eb13b,Did the person use a laptop?,"No, the person used a phone.",,16;17;39;55;88;116;117;131;138;200;236;337;361;374;375;391;401;402;405;406;410;425;428;430;436;451;452;469;475;476;487;489;492;499;503;505;518;519;522;541;556;570;571;577;585;594;604;606;620;626;634;635;640;643;644;647;662;665;671;676;685;686,64,1
e58207f1-84ec-424b-a997-ff64a57eb13b,Did I talk to the woman before reading the magazine?,Yes,,16;17;55;88;116;117;138;200;236;337;361;374;375;391;401;402;406;410;425;428;430;436;451;452;469;475;476;487;489;492;499;503;505;512;518;519;522;541;556;570;571;577;585;594;604;606;611;620;626;634;635;636;640;643;644;647;662;665;671;676;685;686,64,1
e58207f1-84ec-424b-a997-ff64a57eb13b,Did I read the magazine before making coffee?,Yes,,16;17;55;88;116;117;138;200;236;337;361;374;375;391;401;402;405;406;410;425;428;430;436;451;452;469;475;476;487;489;492;499;503;505;512;518;519;522;541;556;570;571;577;585;594;604;606;611;620;626;634;635;636;640;643;644;647;662;665;671;676;685,64,1
e58207f1-84ec-424b-a997-ff64a57eb13b,Did I operate the phone before talking to the woman?,No,,16;17;55;88;116;117;138;200;236;337;361;374;375;391;401;402;405;406;410;425;428;430;436;451;452;469;475;476;487;489;492;499;503;505;518;519;522;541;556;570;571;577;582;585;594;604;606;611;620;626;634;635;636;640;643;644;647;662;665;671;676;685,64,1
e58207f1-84ec-424b-a997-ff64a57eb13b,Did I make coffee before sitting in the room?,No,,16;17;55;88;116;117;138;200;236;337;361;374;375;391;401;402;406;410;425;428;430;436;451;452;469;475;476;487;489;492;499;505;518;519;520;522;541;546;556;570;571;577;585;594;604;606;611;620;626;634;635;636;640;643;644;647;662;665;671;676;685;686,64,1
e58207f1-84ec-424b-a997-ff64a57eb13b,Did I make coffee before reading a magazine?,No,,16;17;39;55;88;116;117;138;200;236;337;361;374;375;391;401;402;406;410;425;428;430;436;451;452;469;475;476;487;489;492;499;503;505;518;519;522;541;556;570;571;577;585;594;600;604;606;611;620;626;634;635;640;643;644;647;662;665;671;676;685;686,64,1
e58207f1-84ec-424b-a997-ff64a57eb13b,Did I interact with the woman before reading the book?,Yes,,16;17;55;88;116;117;138;200;236;337;361;374;375;391;401;402;406;410;425;428;430;436;451;452;469;475;476;487;489;492;499;503;505;512;518;519;522;541;556;570;571;577;582;585;594;604;606;611;620;626;634;635;636;640;643;647;662;665;671;676;685;686,64,1
e58207f1-84ec-424b-a997-ff64a57eb13b,Was the magazine read before interacting with the woman?,No,,16;17;55;88;116;117;138;200;236;337;361;374;375;391;401;402;405;406;410;425;428;430;436;451;452;469;475;476;487;489;492;499;503;505;512;518;519;522;541;556;570;571;577;585;594;604;606;611;620;626;634;635;636;640;643;644;647;662;665;671;676;685,64,1
e58207f1-84ec-424b-a997-ff64a57eb13b,Was the phone operated before making coffee?,Yes,,16;17;55;88;116;117;138;200;236;337;361;374;375;391;401;402;406;410;425;428;430;436;451;452;469;475;476;487;489;492;499;505;518;519;520;522;541;556;570;571;577;585;594;600;604;606;611;620;626;634;635;636;640;643;644;647;662;665;671;676;685;686,64,1
e58207f1-84ec-424b-a997-ff64a57eb13b,What occurs just before I make coffee?,Operate the phone,,16;17;55;88;116;117;138;200;236;337;361;374;375;391;394;401;402;406;410;425;428;430;436;451;452;469;475;476;487;489;492;499;503;505;518;519;520;522;541;556;570;571;577;585;594;604;606;611;620;626;634;635;640;643;644;647;662;665;671;676;685;686,64,1
e58207f1-84ec-424b-a997-ff64a57eb13b,What do I do before reading the magazine?,Talk to the woman,,16;17;55;88;116;117;138;200;236;337;361;374;375;391;401;402;406;410;425;428;430;436;451;452;469;475;476;487;489;492;499;503;505;518;519;520;522;541;556;570;571;577;585;594;600;604;606;611;620;626;634;635;640;643;644;647;662;665;671;676;685;686,64,1
e58207f1-84ec-424b-a997-ff64a57eb13b,What is done just before looking around?,Turn book pages,,16;17;55;88;116;117;127;138;200;236;337;361;374;375;391;401;402;406;410;425;428;430;436;451;452;469;475;476;487;489;492;499;503;505;518;519;520;522;541;556;570;571;577;585;594;600;604;606;620;626;634;635;640;643;644;647;662;665;676;679;685;686,64,1
e58207f1-84ec-424b-a997-ff64a57eb13b,What action takes place before reading the book?,Look around,,16;17;55;88;116;117;138;200;236;337;361;374;375;391;394;401;402;406;410;425;428;430;436;451;452;469;475;476;487;489;492;499;503;505;518;519;520;522;541;556;570;571;577;585;594;600;604;606;611;620;626;635;640;643;644;647;662;665;671;676;685;686,64,1
e58207f1-84ec-424b-a997-ff64a57eb13b,Describe the setting where the activity is taking place.,The activity is in an indoor room with modern furnishings.,,88;116;138;200;236;361;374;375;391;401;402;406;410;425;428;430;436;451;452;469;475;476;487;489;492;499;505;518;519;522;541;556;570;571;577;585;594;604;606;620;626;635;640;643;647;662;665;676;685;709;716;721;744;777;781;798;800;811;813;848;862;872,64,1
e58207f1-84ec-424b-a997-ff64a57eb13b,Identify the furniture used by the individuals in the clip.,Chairs are used for seating during the card game.,,17;55;88;116;138;200;236;337;361;374;375;391;401;402;406;410;425;428;430;436;451;452;469;475;476;487;489;492;499;505;518;519;522;541;556;570;571;577;585;594;604;606;620;626;640;643;665;676;685;709;716;744;777;781;791;798;800;811;813;814;848;862,64,1
e58207f1-84ec-424b-a997-ff64a57eb13b,Did the individual participate in a recreational game?,Yes.,,16;17;55;88;116;117;138;200;337;361;374;375;391;401;402;406;410;425;428;430;436;451;469;475;476;487;489;492;499;505;518;519;522;541;556;570;571;577;585;594;604;606;620;626;643;647;665;676;685;716;744;771;777;781;798;800;811;813;814;848;850;862,64,1
e58207f1-84ec-424b-a997-ff64a57eb13b,Was there any interaction with another person during the game?,Yes.,,17;88;116;200;236;337;361;374;375;391;401;402;406;410;425;428;430;436;451;469;475;476;487;489;492;499;505;518;519;522;541;556;570;571;577;585;594;604;606;620;626;635;640;643;647;662;665;676;685;716;721;744;777;781;798;800;811;813;814;848;862;872,64,1
e58207f1-84ec-424b-a997-ff64a57eb13b,Does the setting include contemporary room decor?,Yes.,,16;17;55;88;200;236;337;361;374;375;391;401;402;406;410;425;428;430;436;451;469;475;476;487;489;492;499;505;518;519;522;541;556;570;571;577;585;594;604;606;620;626;643;647;665;676;685;709;716;744;777;781;791;798;800;811;813;814;848;850;862;872,64,1
e58207f1-84ec-424b-a997-ff64a57eb13b,Name one activity that is clearly not happening in this scene.,Cooking food is clearly not happening in this scene.,,17;88;116;200;236;337;361;374;375;391;401;402;406;410;425;428;430;436;451;452;469;475;476;487;489;492;499;505;518;519;522;541;556;570;571;577;585;594;604;606;620;626;635;640;643;647;662;665;676;685;716;744;777;781;798;800;811;813;814;848;862;872,64,1
e58207f1-84ec-424b-a997-ff64a57eb13b,What parallel activity accompanies the main action in this clip?,A discussion with another person accompanies the main action.,,16;17;88;200;236;337;361;374;375;391;401;402;406;410;425;428;430;436;451;452;469;475;476;487;489;492;499;505;518;519;522;541;556;570;571;577;585;594;604;606;620;626;635;640;643;647;662;665;676;685;716;744;777;781;798;800;811;813;814;848;862;872,64,1
e58207f1-84ec-424b-a997-ff64a57eb13b,Is there a creative or construction-related task shown?,"Yes, arranging wooden bricks can be considered a construction-related task.",,16;17;55;88;200;236;337;361;374;375;391;401;402;406;410;425;428;430;436;451;452;469;475;476;487;489;492;499;505;518;519;522;541;556;570;571;577;585;594;604;606;620;626;635;640;643;662;665;676;685;709;716;721;744;777;781;798;800;811;813;848;862,64,1
e58207f1-84ec-424b-a997-ff64a57eb13b,Does the video show any form of artistic painting?,No.,,16;17;55;88;200;236;337;361;374;375;391;401;402;406;410;425;428;430;436;451;469;475;476;487;489;492;499;505;518;519;522;541;556;570;571;577;585;594;604;606;620;626;635;640;643;647;662;665;676;685;716;721;744;777;781;798;800;811;813;848;850;862,64,1
e58207f1-84ec-424b-a997-ff64a57eb13b,Is there a solo performance happening in the video?,No.,,17;88;116;138;200;236;337;361;374;375;391;401;402;406;410;425;428;430;436;451;469;475;476;487;489;492;499;505;518;519;522;541;556;570;571;577;585;594;604;606;620;626;635;640;643;647;665;676;685;716;744;777;781;798;800;811;813;814;848;850;862;872,64,1
e58207f1-84ec-424b-a997-ff64a57eb13b,Did I interact with Lady A after I sat on the chair?,Yes.,,17;88;116;117;138;200;236;337;361;374;375;391;401;402;406;410;425;428;430;436;451;469;476;487;489;492;499;505;519;541;556;570;571;577;585;594;604;606;620;626;635;643;647;665;676;685;716;744;771;777;781;789;791;798;800;811;813;814;848;850;862;872,64,1
e58207f1-84ec-424b-a997-ff64a57eb13b,What happens just before I sit on the chair?,Entering the room.,,17;88;116;138;200;236;337;361;374;375;391;401;402;406;410;425;428;430;436;451;469;475;476;487;489;492;499;505;518;519;522;541;556;570;571;577;585;594;604;606;620;626;635;643;647;665;676;685;716;744;777;781;791;798;800;811;813;814;848;850;862;872,64,1
e58207f1-84ec-424b-a997-ff64a57eb13b,What did I engage in right before sitting in a room?,I did not engage in anything; I was already seated.,,88;116;200;236;337;361;374;375;391;401;402;406;410;425;428;430;436;451;452;469;475;476;487;489;492;499;505;518;519;522;541;556;570;571;577;585;594;604;606;620;626;635;640;643;647;665;676;685;716;721;744;777;781;791;798;800;811;813;814;848;862;872,64,1
e58207f1-84ec-424b-a997-ff64a57eb13b,Where is this scene set?,In a room with another person.,,16;17;88;116;200;236;337;361;374;375;391;401;402;406;410;425;428;430;436;451;469;475;476;487;489;492;499;505;518;519;522;541;556;570;571;577;585;594;604;606;620;626;635;643;647;662;665;676;685;716;744;771;777;781;798;800;811;813;814;848;862;872,64,1
e58207f1-84ec-424b-a997-ff64a57eb13b,What are the main elements present in this scenario?,A Jenga game and two individuals.,,16;17;55;88;116;200;337;361;374;375;391;401;402;406;410;425;428;430;436;451;452;469;475;476;487;489;492;499;505;518;519;541;556;570;571;577;585;594;604;606;620;626;635;643;647;665;676;685;716;744;777;781;791;798;800;811;813;814;848;850;862;872,64,1
e58207f1-84ec-424b-a997-ff64a57eb13b,What can be observed on the table in the video?,A Jenga tower and blocks.,,88;116;200;236;337;361;374;375;391;401;402;406;410;425;428;430;436;451;452;469;475;476;487;489;492;499;505;518;519;541;556;570;571;577;585;594;604;606;620;626;635;640;643;644;647;665;676;685;716;721;744;777;781;791;798;800;811;813;814;848;862;872,64,1
e58207f1-84ec-424b-a997-ff64a57eb13b,Who is actively participating in the game shown in the video?,The person in the frame and another woman.,,16;17;88;116;200;236;337;361;374;375;391;401;402;406;410;425;428;430;436;451;452;469;475;476;487;489;492;499;505;518;519;522;541;556;570;571;577;585;594;604;606;620;626;635;640;643;647;665;676;685;716;744;777;781;798;800;811;813;814;848;862;872,64,1
e58207f1-84ec-424b-a997-ff64a57eb13b,How is the game of Jenga progressing in the clip?,Blocks are being stacked atop the tower.,,17;88;116;117;138;200;236;337;361;374;375;391;401;402;406;410;425;428;430;436;451;452;469;475;476;487;489;492;499;505;518;519;522;541;556;570;571;577;585;594;604;606;620;626;635;640;643;647;665;676;685;716;744;777;781;798;800;811;813;814;848;862,64,1
e58207f1-84ec-424b-a997-ff64a57eb13b,What is the consequence of the actions performed with the Jenga blocks?,The Jenga tower is becoming taller.,,17;55;88;116;200;236;337;361;374;375;391;401;402;406;410;425;428;430;436;451;452;469;475;476;487;489;492;499;505;518;519;522;541;556;570;571;577;585;594;604;606;620;626;635;643;647;665;676;685;716;744;777;781;791;798;800;811;813;814;848;862;872,64,1
e58207f1-84ec-424b-a997-ff64a57eb13b,What action precedes placing a block atop the Jenga tower?,Removing a block from the Jenga tower.,,17;55;88;116;117;138;200;236;361;374;375;391;401;402;406;410;425;428;430;436;451;452;469;475;476;487;489;492;499;505;518;519;522;541;556;570;571;577;585;594;604;606;620;626;635;643;647;665;676;685;709;716;744;777;781;798;800;811;813;814;848;862,64,1
e58207f1-84ec-424b-a997-ff64a57eb13b,Does the video show a Jenga tower on a glass table?,Yes.,,88;116;117;138;200;236;337;361;374;375;391;401;402;406;410;425;428;430;436;451;452;469;476;487;489;492;499;505;518;519;522;541;556;570;571;577;585;594;604;606;620;626;635;640;643;644;647;665;676;685;716;721;744;777;781;798;800;811;813;814;848;862,64,1
e58207f1-84ec-424b-a997-ff64a57eb13b,Are the Jenga blocks being carefully handled?,Yes.,,17;55;88;116;117;138;200;236;337;361;374;375;391;401;402;406;410;425;428;430;436;451;469;475;476;487;489;492;499;505;518;519;522;541;556;570;571;577;585;594;604;606;620;626;635;640;643;647;665;676;685;716;744;777;781;798;800;811;813;814;848;862,64,1
e58207f1-84ec-424b-a997-ff64a57eb13b,Is the Jenga tower intact at this moment in the video?,Yes.,,17;55;88;116;117;138;200;236;361;374;375;391;401;402;406;410;425;428;430;436;451;452;469;475;476;487;489;492;499;505;518;519;522;541;556;570;571;577;585;594;604;606;620;626;635;640;643;647;665;676;685;716;744;777;781;798;800;811;813;814;848;862,64,1
e58207f1-84ec-424b-a997-ff64a57eb13b,What action occurred just before placing the blocks atop the Jenga tower?,Took Jenga blocks from the tower,,17;55;88;116;138;200;236;337;361;374;375;391;401;402;406;410;425;428;430;436;451;469;476;487;489;492;499;505;518;519;522;541;556;570;571;577;585;594;604;606;620;626;635;640;643;647;665;676;685;709;716;721;744;777;781;798;800;811;813;814;848;862,64,1
e58207f1-84ec-424b-a997-ff64a57eb13b,What happened just before taking Jenga blocks from the tower?,Played game of Jenga,,88;116;138;200;236;337;361;374;375;391;401;402;406;410;425;428;430;436;451;452;469;475;476;487;489;492;499;505;518;519;522;541;556;570;571;577;585;594;604;606;620;626;635;640;643;647;662;665;676;685;716;721;744;777;781;798;800;811;813;814;848;862,64,1
e58207f1-84ec-424b-a997-ff64a57eb13b,Did I arrange wooden bricks before playing a card game?,No,,16;17;88;116;117;138;200;236;337;361;374;375;391;401;402;406;410;425;428;430;436;451;469;476;487;489;492;499;505;518;519;522;541;556;570;571;577;585;594;604;606;620;626;640;643;647;665;676;685;716;721;744;771;777;781;798;800;811;813;814;848;862,64,1
e58207f1-84ec-424b-a997-ff64a57eb13b,Did I sit on a chair before talking to a lady?,Yes,,17;88;116;117;138;200;337;361;374;375;391;401;402;406;410;425;428;430;436;451;469;475;476;487;489;492;499;505;519;541;556;570;571;577;585;594;604;606;620;626;635;640;643;647;665;676;685;716;744;771;777;781;791;798;800;811;813;814;848;850;862;872,64,1
e58207f1-84ec-424b-a997-ff64a57eb13b,What activities are occurring inside the house?,Two individuals are playing Jenga.,,16;17;55;88;116;200;337;361;374;375;391;401;402;406;410;425;428;430;436;451;469;475;476;487;489;492;499;505;518;519;541;556;570;571;577;585;594;604;606;620;626;635;643;647;665;676;685;716;744;771;777;781;791;798;800;811;813;814;848;850;862;872,64,1
e58207f1-84ec-424b-a997-ff64a57eb13b,What is on the table between the participants?,A Jenga tower is on the table.,,17;88;116;200;236;337;361;374;375;391;401;402;406;410;425;428;430;436;451;452;469;475;476;487;489;492;499;505;518;519;522;541;556;570;571;577;585;594;604;606;620;626;635;643;647;665;676;685;716;744;777;781;791;798;800;811;813;814;848;850;862;872,64,1
e58207f1-84ec-424b-a997-ff64a57eb13b,How are the participants utilizing the wooden blocks?,They are carefully pulling blocks from the Jenga tower.,,16;17;55;88;116;138;200;337;361;374;375;391;401;402;406;410;425;428;430;436;451;469;475;476;487;489;492;499;505;518;519;541;556;570;571;577;585;594;604;606;620;626;643;647;665;676;685;716;744;771;777;781;791;798;800;811;813;814;848;850;862;872,64,1
e58207f1-84ec-424b-a997-ff64a57eb13b,Is the Jenga tower still standing?,Yes.,,17;55;88;116;117;138;200;236;361;374;375;391;401;402;406;410;425;428;430;436;451;469;475;476;487;489;492;499;505;518;519;522;541;556;570;571;577;585;594;604;606;620;626;635;640;643;647;665;676;685;709;716;744;777;781;798;800;811;813;814;848;862,64,1
e58207f1-84ec-424b-a997-ff64a57eb13b,Has a Jenga block just been successfully moved?,Yes.,,88;116;117;138;200;236;361;374;375;391;401;402;406;410;425;428;430;436;451;452;469;475;476;487;489;492;499;505;518;519;522;541;556;570;571;577;585;594;604;606;620;626;635;640;643;647;662;665;676;685;716;721;744;777;781;798;800;811;813;814;848;862,64,1
e58207f1-84ec-424b-a997-ff64a57eb13b,Are the participants seated during the game?,Yes.,,17;55;88;116;117;138;200;236;337;361;374;375;391;401;402;406;410;425;428;430;436;451;469;475;476;487;489;492;499;505;518;519;522;541;556;570;571;577;585;594;604;606;620;626;640;643;647;665;676;685;716;744;777;781;798;800;811;813;814;848;850;862,64,1
e58207f1-84ec-424b-a997-ff64a57eb13b,Is there a game being played on the floor?,No.,,88;116;117;138;200;236;337;361;374;375;391;401;402;406;410;425;428;430;436;451;452;469;475;476;487;489;492;499;505;518;519;522;541;556;570;571;577;585;594;604;606;620;626;635;640;643;647;665;676;685;716;744;777;781;798;800;811;813;814;848;862;872,64,1
e58207f1-84ec-424b-a997-ff64a57eb13b,Does the frame display a competitive match in progress?,Yes.,,16;17;88;116;200;236;337;361;374;375;391;401;402;406;410;425;428;430;436;451;452;469;475;476;487;489;492;499;505;518;519;522;541;556;570;571;577;585;594;604;606;620;626;635;643;644;647;665;676;685;716;744;777;781;798;800;811;813;814;848;862;872,64,1
e58207f1-84ec-424b-a997-ff64a57eb13b,Did I sit on the chairs before playing Jenga?,Yes.,,17;88;116;117;138;200;236;337;361;374;375;391;401;402;406;410;425;428;430;436;451;469;476;487;489;492;499;505;518;519;522;541;556;570;571;577;585;594;604;606;620;626;635;643;647;665;676;685;716;744;771;777;781;789;791;798;800;811;813;814;848;862,64,1
e58207f1-84ec-424b-a997-ff64a57eb13b,Did I take Jenga blocks from the tower before adding to its top?,Yes.,,55;88;116;117;138;200;236;337;361;374;375;391;401;402;406;410;425;428;430;436;451;452;469;476;487;489;492;499;505;518;519;522;541;556;570;571;577;585;594;604;606;620;626;635;640;643;647;665;676;685;716;721;744;777;781;798;800;811;813;814;848;862,64,1
e58207f1-84ec-424b-a997-ff64a57eb13b,Did the Jenga game happen before relaxing on the chairs?,No.,,17;55;88;116;117;138;200;236;337;361;374;375;391;401;402;406;410;425;428;430;436;451;469;475;476;487;489;492;499;505;518;519;522;541;556;570;571;577;585;594;604;606;620;626;635;640;643;647;665;676;685;716;744;777;781;798;800;811;813;814;848;862,64,1
e58207f1-84ec-424b-a997-ff64a57eb13b,Was placing blocks atop the Jenga tower before taking blocks from it?,No.,,55;88;116;117;138;200;236;337;361;374;375;391;401;402;406;410;425;428;430;436;451;452;469;476;487;489;492;499;505;518;519;522;541;556;570;571;577;585;594;604;606;620;626;635;640;643;647;665;676;685;716;721;744;777;781;798;800;811;813;814;848;862,64,1
e58207f1-84ec-424b-a997-ff64a57eb13b,What occurs just before placing the blocks atop the Jenga tower?,Taking Jenga blocks from the tower.,,17;55;88;116;117;138;200;236;337;361;374;375;391;401;402;406;410;425;428;430;436;451;469;476;487;489;492;499;505;518;519;522;541;556;570;571;577;585;594;604;606;620;626;635;643;647;665;676;685;709;716;744;777;781;791;798;800;811;813;814;848;862,64,1
e58207f1-84ec-424b-a997-ff64a57eb13b,What happens just before sitting on the chairs to play?,Entering the room.,,17;88;116;200;236;337;361;374;375;391;401;402;406;410;425;428;430;436;451;469;475;476;487;489;492;499;505;518;519;522;541;556;570;571;577;585;594;604;606;620;626;635;643;647;665;676;685;709;716;744;777;781;791;798;800;811;813;814;848;850;862;872,64,1
e58207f1-84ec-424b-a997-ff64a57eb13b,Did the game start before arranging wooden bricks on a block?,No,,16;17;88;116;117;138;200;236;337;361;374;375;391;401;402;406;410;425;428;430;436;451;469;475;476;487;489;492;499;505;518;519;522;541;556;570;571;577;585;594;604;606;620;626;640;643;647;665;676;685;716;744;777;781;798;800;811;813;814;848;850;862,64,1
e58207f1-84ec-424b-a997-ff64a57eb13b,What is the setting of the current video clip?,The setting is inside a house.,,16;17;88;200;236;337;361;374;375;391;401;402;406;410;425;428;430;436;451;452;469;475;476;487;489;492;499;505;518;519;522;541;556;570;571;577;585;594;604;606;620;626;635;643;647;662;665;676;685;716;744;777;781;791;798;800;811;813;814;848;862;872,64,1
e58207f1-84ec-424b-a997-ff64a57eb13b,Describe the occupants in the house in the video.,"There are multiple individuals, both men and women.",,17;88;116;117;138;200;236;337;361;374;375;391;401;402;406;410;425;428;430;436;451;452;469;475;476;487;489;492;499;505;518;519;522;541;556;570;571;577;585;594;604;606;620;626;643;647;665;676;685;716;744;777;781;791;798;800;811;813;814;848;850;862,64,1
e58207f1-84ec-424b-a997-ff64a57eb13b,What were the individuals doing with wood in the video?,They were arranging pieces of wood.,,17;55;88;116;138;200;337;361;374;375;391;401;402;406;410;425;428;430;436;451;452;469;475;476;487;489;492;499;505;518;519;541;556;570;571;577;585;594;604;606;620;626;635;643;647;665;676;685;716;744;777;781;791;798;800;811;813;814;848;850;862;872,64,1
e58207f1-84ec-424b-a997-ff64a57eb13b,What type of interaction occurred among the individuals?,They interacted with each other.,,16;17;55;88;200;236;337;361;374;375;391;401;402;406;410;425;428;430;436;451;452;469;475;476;487;489;492;499;505;518;519;522;541;556;570;571;577;585;594;604;606;620;626;635;640;643;647;662;665;676;685;716;744;777;781;798;800;811;813;848;862;872,64,1
e58207f1-84ec-424b-a997-ff64a57eb13b,Are the people stationary or moving about in the clip?,They are moving about the space.,,88;116;138;200;236;337;361;374;375;391;401;402;406;410;425;428;430;436;451;452;469;475;476;487;489;492;499;505;518;519;522;541;556;570;571;577;585;594;604;606;620;626;635;640;643;647;662;665;676;685;709;716;744;777;781;798;800;811;813;848;862;872,64,1
e58207f1-84ec-424b-a997-ff64a57eb13b,Is the Jenga game played before arranging wood pieces?,Yes.,,16;17;55;88;116;117;138;200;236;337;361;374;375;391;401;402;410;425;428;430;436;451;469;476;487;489;492;499;505;518;519;522;541;556;570;571;577;585;594;604;606;620;626;640;643;647;665;676;685;709;716;721;744;777;781;798;800;811;813;814;848;862,64,1
e58207f1-84ec-424b-a997-ff64a57eb13b,Does sitting on chairs happen before interacting with each other?,Yes.,,17;55;88;116;200;337;361;374;375;391;401;402;406;410;425;428;430;436;451;469;475;476;487;489;492;499;505;519;522;541;556;570;571;577;585;594;604;606;620;626;635;643;647;665;676;685;709;716;744;771;777;781;791;798;800;811;813;814;848;850;862;872,64,1
e58207f1-84ec-424b-a997-ff64a57eb13b,Is the wood arrangement completed before the Jenga tower is built?,No.,,17;55;88;116;117;138;200;236;337;361;374;375;391;401;402;406;410;425;428;430;436;451;469;476;487;489;492;499;505;518;519;522;541;556;570;571;577;585;594;604;606;620;626;635;640;643;665;676;685;716;744;771;777;781;791;798;800;811;813;814;848;862,64,1
e58207f1-84ec-424b-a997-ff64a57eb13b,What happens before arranging the wood pieces?,Playing Jenga.,,16;17;55;88;116;200;337;361;374;375;391;401;402;406;410;425;428;430;436;451;469;476;487;489;492;499;505;518;519;522;541;556;570;571;577;585;594;604;606;620;626;643;647;665;676;685;716;744;771;777;781;789;791;798;800;811;813;814;831;848;862;872,64,1
e58207f1-84ec-424b-a997-ff64a57eb13b,What takes place before the Jenga block is touched?,Sitting down.,,88;116;138;200;236;337;361;374;375;391;401;402;406;410;425;428;430;436;451;452;469;475;476;487;489;492;499;505;518;519;522;541;556;570;571;577;585;594;604;606;620;626;635;640;643;647;665;676;685;716;721;744;777;781;798;800;811;813;814;848;862;872,64,1
e58207f1-84ec-424b-a997-ff64a57eb13b,Did the Jenga game occur before sitting on the chairs?,No.,,17;88;116;117;138;200;236;337;361;374;375;391;401;402;406;410;425;428;430;436;451;469;475;476;487;489;492;499;505;518;519;522;541;556;570;571;577;585;594;604;606;620;626;635;643;647;665;676;685;716;744;777;781;791;798;800;811;813;814;848;850;862,64,1
e58207f1-84ec-424b-a997-ff64a57eb13b,Was taking Jenga blocks from the tower after sitting on the chairs?,Yes.,,88;116;117;138;200;236;337;361;374;375;391;401;402;406;410;425;428;430;436;451;452;469;476;487;489;492;499;505;518;519;522;541;556;570;571;577;585;594;604;606;620;626;635;640;643;647;665;676;685;716;721;744;777;781;791;798;800;811;813;814;848;862,64,1
e58207f1-84ec-424b-a997-ff64a57eb13b,What happened just before placing blocks atop the Jenga tower?,Taking Jenga blocks from the tower.,,17;55;88;116;138;200;236;337;361;374;375;391;401;402;406;410;425;428;430;436;451;469;476;487;489;492;499;505;518;519;522;541;556;570;571;577;585;594;604;606;620;626;635;640;643;647;665;676;685;709;716;721;744;777;781;798;800;811;813;814;848;862,64,1
e58207f1-84ec-424b-a997-ff64a57eb13b,What happens before arranging the pieces of wood?,Playing the Jenga wooden blocks game.,,16;17;55;88;116;200;337;361;374;375;391;401;402;406;410;425;428;430;436;451;469;476;487;489;492;499;505;518;519;522;541;556;570;571;577;585;594;604;606;620;626;635;643;647;665;676;685;716;744;771;777;781;789;791;798;800;811;813;814;848;862;872,64,1
e58207f1-84ec-424b-a997-ff64a57eb13b,What is the setting of the video clip?,An office.,,16;17;88;116;200;236;337;361;374;375;391;401;402;406;410;425;428;430;436;451;452;469;475;476;487;489;492;499;505;518;519;541;556;570;571;577;585;594;604;606;620;626;635;643;647;665;676;685;716;744;777;781;791;798;800;811;813;814;848;850;862;872,64,1
e58207f1-84ec-424b-a997-ff64a57eb13b,What activities are taking place in the clip?,Talking to a person and using a phone.,,16;17;88;138;200;236;337;361;374;375;391;401;402;406;410;425;428;430;436;451;452;469;475;476;487;489;492;499;505;518;519;522;541;556;570;571;577;585;594;604;606;620;626;635;643;647;665;676;685;716;744;777;781;791;798;800;811;813;814;848;862;872,64,1
e58207f1-84ec-424b-a997-ff64a57eb13b,What is the primary action in the recent frames?,Engaging in a discussion and using the phone.,,16;17;88;116;200;236;337;361;374;375;391;401;402;406;410;425;428;430;436;451;452;469;475;476;487;489;492;499;505;518;519;541;556;570;571;577;585;594;604;606;620;626;635;643;647;665;676;685;716;744;771;777;781;798;800;811;813;814;848;850;862;872,64,1
e58207f1-84ec-424b-a997-ff64a57eb13b,What technology is in use in the action?,A phone.,,16;17;88;116;200;236;337;361;374;375;391;401;402;406;410;425;428;430;436;451;452;469;475;476;487;489;492;499;505;518;519;522;541;556;570;571;577;585;594;604;606;620;626;635;643;647;665;676;685;716;744;777;781;791;798;800;811;813;814;848;862;872,64,1
e58207f1-84ec-424b-a997-ff64a57eb13b,Is the person alone in the scene?,No.,,16;17;55;88;116;138;200;236;337;361;374;375;391;401;402;406;410;425;428;430;436;451;469;475;476;487;489;492;499;505;519;522;541;556;570;571;577;585;594;604;606;620;626;635;643;647;665;676;685;716;744;771;777;781;798;800;811;813;814;848;862;872,64,1
e58207f1-84ec-424b-a997-ff64a57eb13b,Did I interact with others after being at the office?,Yes,,17;88;116;117;138;200;337;361;374;375;391;401;402;406;410;425;428;430;436;451;452;469;476;487;489;492;499;505;518;519;541;556;570;571;577;585;594;604;606;620;626;635;643;647;662;665;676;685;716;744;777;781;791;798;800;811;813;814;848;850;862;872,64,1
e58207f1-84ec-424b-a997-ff64a57eb13b,Did the office scene occur before the house activities?,Yes,,16;17;88;116;200;236;337;361;374;375;391;401;402;406;410;425;428;430;436;451;469;475;476;487;489;492;499;505;518;519;522;541;556;570;571;577;585;594;604;606;620;626;635;640;643;647;665;676;685;709;716;744;777;781;798;800;811;813;814;848;862;872,64,1
e58207f1-84ec-424b-a997-ff64a57eb13b,What happened right before I was at the office?,I was in the house,,88;116;138;200;236;337;361;374;375;391;401;402;406;410;425;428;430;436;451;452;469;476;487;489;492;499;505;518;519;522;541;556;570;571;577;585;594;604;606;620;626;635;640;643;647;662;665;676;685;716;721;744;777;781;798;800;811;813;814;848;862;872,64,1
e58207f1-84ec-424b-a997-ff64a57eb13b,Did I play Jenga before arranging pieces of wood?,Yes.,,16;17;55;88;116;138;200;236;337;361;374;375;391;401;402;406;410;425;428;430;436;451;469;476;487;489;492;499;505;518;519;522;541;556;570;571;577;585;594;604;606;620;626;640;643;647;665;676;685;716;721;744;771;777;781;798;800;811;813;814;848;862,64,1
e58207f1-84ec-424b-a997-ff64a57eb13b,Did I use the phone before playing Jenga?,No.,,16;17;88;116;138;200;236;337;361;374;375;391;401;402;406;410;425;428;430;436;451;469;476;487;489;492;499;505;518;519;522;541;556;570;571;577;585;594;604;606;620;626;635;640;643;647;665;676;685;716;721;744;771;777;781;798;800;811;813;814;848;862,64,1
e58207f1-84ec-424b-a997-ff64a57eb13b,Was I at the office before playing with the Jenga blocks?,Yes.,,88;116;117;138;200;236;337;361;374;375;391;401;402;406;410;425;428;430;436;451;452;469;476;487;489;492;499;505;518;519;522;541;556;570;571;577;585;594;604;606;620;626;635;643;647;665;676;685;716;744;771;777;781;791;798;800;811;813;814;848;862;872,64,1
89a95cd8-ca13-4edf-807e-d62138fd30e0,Describe the environment displayed in the video clip.,The video depicts a kitchen scenario.,,0;3;5;6;8;11;13;15;16;19;22;24;25;29;30;32;33;36;37;41;43;44;46;48;53;55;67;68;69;72;74;76;79;80;81;87;88;90;93;94;96;97;100;101;105;106;109;111;112;114;116;117;122;123;128;134;137;138;145,64,1
89a95cd8-ca13-4edf-807e-d62138fd30e0,Identify the items being interacted with in the video clip.,Flour and onions are being used with water and a knife.,,0;3;5;6;8;11;13;15;16;19;22;24;25;29;30;32;33;36;37;41;43;44;46;48;53;55;67;68;69;72;74;76;79;80;81;87;88;90;93;94;96;97;100;101;105;106;109;111;112;114;116;117;122;123;128;134;137;138;145,64,1
89a95cd8-ca13-4edf-807e-d62138fd30e0,What's the main activity in the scene?,"The main activity is preparing ingredients, mixing and chopping.",,0;3;5;6;8;11;13;15;16;19;22;24;25;29;30;32;33;36;37;41;43;44;46;48;53;55;67;68;69;72;74;76;79;80;81;87;88;90;93;94;96;97;100;101;105;106;109;111;112;114;116;117;122;123;128;134;137;138;145,64,1
89a95cd8-ca13-4edf-807e-d62138fd30e0,What objects are present in the scene related to the activity?,"Container of flour, a knife, and mixed dough are noticeable.",,0;3;5;6;8;11;13;15;16;19;22;24;25;29;30;32;33;36;37;41;43;44;46;48;53;55;67;68;69;72;74;76;79;80;81;87;88;90;93;94;96;97;100;101;105;106;109;111;112;114;116;117;122;123;128;134;137;138;145,64,1
89a95cd8-ca13-4edf-807e-d62138fd30e0,Did the person use a knife on the onions?,Yes.,,0;3;5;6;8;11;13;15;16;19;22;24;25;29;30;32;33;36;37;41;43;44;46;48;53;55;67;68;69;72;74;76;79;80;81;87;88;90;93;94;96;97;100;101;105;106;109;111;112;114;116;117;122;123;128;134;137;138;145,64,1
89a95cd8-ca13-4edf-807e-d62138fd30e0,Was water added to the flour in the video?,Yes.,,0;3;5;6;8;11;13;15;16;19;22;24;25;29;30;32;33;36;37;41;43;44;46;48;53;55;67;68;69;72;74;76;79;80;81;87;88;90;93;94;96;97;100;101;105;106;109;111;112;114;116;117;122;123;128;134;137;138;145,64,1
89a95cd8-ca13-4edf-807e-d62138fd30e0,Did the preparation seem to be for baking?,"No, more likely for cooking.",,0;3;5;6;8;11;13;15;16;19;22;24;25;29;30;32;33;36;37;41;43;44;46;48;53;55;67;68;69;72;74;76;79;80;81;87;88;90;93;94;96;97;101;105;106;109;111;112;114;116;117;122;123;128;134;137;138;145,64,1
89a95cd8-ca13-4edf-807e-d62138fd30e0,Describe the environment where the cooking is taking place.,The cooking is taking place in a kitchen.,,152;153;156;158;160;161;164;165;168;169;172;175;176;177;180;181;184;185;188;190;192;193;196;197;200;202;204;206;208;209;213;214;216;217;220;221;224;227;228;231;232;235;236;239;240;243;244;247;248;251;252;255;256;257;260;263;264;267;268;271;272;278;280;283,64,1
89a95cd8-ca13-4edf-807e-d62138fd30e0,What step is being performed with the pan?,Oil is being poured into the pan.,,152;153;156;158;160;161;164;165;168;169;172;175;176;177;180;181;184;185;188;190;192;193;196;197;200;202;204;206;208;209;213;214;216;217;220;221;224;227;228;231;232;235;236;239;240;243;244;247;248;251;252;255;256;257;260;263;264;267;268;271;272;278;280;283,64,1
89a95cd8-ca13-4edf-807e-d62138fd30e0,Are there any other objects visible associated with cooking?,"Yes, there are kitchen utensils and containers.",,152;153;156;158;160;161;164;165;168;169;172;175;176;177;180;181;184;185;188;190;192;193;196;197;200;202;204;206;208;209;213;214;216;217;220;221;224;227;228;231;232;235;236;239;240;243;244;247;248;251;252;255;256;257;260;263;264;267;268;271;276;278;280;283,64,1
89a95cd8-ca13-4edf-807e-d62138fd30e0,Are there any ingredients ready to be cooked?,"Yes, there are chopped ingredients on the cutting board.",,152;153;156;158;160;161;164;165;168;169;172;175;176;177;180;181;184;185;188;190;192;193;196;197;200;202;204;206;208;209;213;214;216;217;220;221;224;227;228;231;232;235;236;239;240;243;244;247;248;251;252;255;256;257;260;263;264;267;268;271;276;278;280;283,64,1
89a95cd8-ca13-4edf-807e-d62138fd30e0,What is implied by the action of pouring oil in the pan?,The person is preparing to cook or fry food.,,152;153;156;158;160;161;164;165;168;169;172;175;176;177;180;181;184;185;188;190;192;193;196;197;200;202;204;206;208;209;213;214;216;217;220;221;224;227;228;231;232;235;236;239;240;243;244;247;248;251;252;255;256;257;260;263;264;267;268;271;276;278;280;283,64,1
89a95cd8-ca13-4edf-807e-d62138fd30e0,What will likely happen next in the cooking process?,The food will be added to the heated oil for cooking.,,152;153;156;158;160;161;164;165;168;169;172;175;176;177;180;181;184;185;188;190;192;193;196;197;200;202;204;206;208;209;213;214;216;217;220;221;224;227;228;231;232;235;236;239;240;243;244;247;248;251;252;255;256;257;260;263;264;267;268;271;276;278;280;283,64,1
89a95cd8-ca13-4edf-807e-d62138fd30e0,Did the person start cooking as soon as the video began?,No.,,152;153;156;158;160;161;164;165;168;169;172;175;176;177;180;181;184;185;188;190;192;193;196;197;200;202;204;206;208;209;213;214;216;217;220;221;224;227;228;231;232;235;236;239;240;243;244;247;248;251;252;255;256;257;260;263;264;267;268;271;276;278;280;283,64,1
89a95cd8-ca13-4edf-807e-d62138fd30e0,Has the person used any kitchen utensils yet?,Yes.,,152;153;156;158;160;161;164;165;168;169;172;175;176;177;180;181;184;185;188;190;192;193;196;197;200;202;204;206;208;209;213;214;216;217;220;221;224;227;228;231;232;235;236;239;240;243;244;247;248;251;252;255;256;257;260;263;264;267;268;271;272;278;280;283,64,1
89a95cd8-ca13-4edf-807e-d62138fd30e0,Is the person cooking unattended or seen in the frame?,"The person is unattended, not seen in the frame.",,152;153;156;158;160;161;164;165;168;169;172;175;176;177;180;181;184;185;188;190;192;193;196;197;200;202;204;206;208;209;213;214;216;217;220;221;224;227;228;231;232;235;236;239;240;243;244;247;248;251;252;255;256;257;260;263;264;267;268;271;276;278;280;283,64,1
89a95cd8-ca13-4edf-807e-d62138fd30e0,Has the heat been turned on under the pan yet?,No.,,152;153;156;158;160;161;164;165;168;169;172;175;176;177;180;181;184;185;188;190;192;193;196;197;200;202;204;206;208;209;213;214;216;217;220;221;224;227;228;231;232;235;236;239;240;243;244;247;248;251;252;255;256;257;260;263;264;267;268;271;272;278;280;283,64,1
89a95cd8-ca13-4edf-807e-d62138fd30e0,"In the video, does mixing flour with water happen before cutting onions?",Yes.,,152;153;156;158;160;161;164;165;168;169;172;175;176;177;180;181;184;185;188;190;192;193;196;197;200;202;204;206;208;209;213;214;216;217;220;221;224;227;228;231;232;235;236;239;240;243;244;247;248;251;252;255;256;257;260;263;264;267;268;271;276;278;280;283,64,1
89a95cd8-ca13-4edf-807e-d62138fd30e0,Is cooking the food shown before opening the door in the video?,Yes.,,152;153;156;158;160;161;164;165;168;169;172;175;176;177;180;181;184;185;188;190;192;193;196;197;200;202;204;206;208;209;213;214;216;217;220;221;224;227;228;231;232;235;236;239;240;243;244;247;248;251;252;255;256;257;260;263;264;267;268;271;276;278;280;283,64,1
89a95cd8-ca13-4edf-807e-d62138fd30e0,"In the video, does pouring oil in the pan occur after cutting onions?",Yes.,,152;153;156;158;160;161;164;165;168;169;172;175;176;177;180;181;184;185;188;190;192;193;196;197;200;202;204;206;208;209;213;214;216;217;220;221;224;227;228;231;232;235;236;239;240;243;244;247;248;251;252;255;256;257;260;263;264;267;268;271;276;278;280;283,64,1
89a95cd8-ca13-4edf-807e-d62138fd30e0,"In the video, is oil poured into the pan before cooking the food?",No.,,152;153;156;158;160;161;164;165;168;169;172;175;176;177;180;181;184;185;188;190;192;193;196;197;200;202;204;206;208;209;213;214;216;217;220;221;224;227;228;231;232;235;236;239;240;243;244;247;248;251;252;255;256;257;260;263;264;267;268;271;276;278;280;283,64,1
89a95cd8-ca13-4edf-807e-d62138fd30e0,What is the setting of the video clip?,The setting is a kitchen.,,152;153;156;158;160;161;164;165;168;169;172;175;176;177;180;181;184;185;188;190;192;193;196;197;200;202;204;206;208;209;213;214;216;217;220;221;224;227;228;231;232;235;236;239;240;243;244;247;248;251;252;255;256;257;260;263;264;267;268;271;272;278;280;283,64,1
89a95cd8-ca13-4edf-807e-d62138fd30e0,What tasks are being performed in the scene?,"Cooking food, cleaning the counter, rolling dough.",,152;153;156;158;160;161;164;165;168;169;172;175;176;177;180;181;184;185;188;190;192;193;196;197;200;202;204;206;208;209;213;214;216;217;220;221;224;227;228;231;232;235;236;239;240;243;244;247;248;251;252;255;256;257;260;263;264;267;268;271;272;278;280;283,64,1
89a95cd8-ca13-4edf-807e-d62138fd30e0,Can you caption the cleaning action in the clip?,Tidying up the kitchen counter.,,152;153;156;158;160;161;164;165;168;169;172;175;176;177;180;181;184;185;188;190;192;193;196;197;200;202;204;206;208;209;213;214;216;217;220;221;224;227;228;231;232;235;236;239;240;243;244;247;248;251;252;255;256;257;260;263;264;267;268;271;276;278;280;283,64,1
89a95cd8-ca13-4edf-807e-d62138fd30e0,How is the dough being prepared?,The dough is being rolled.,,152;153;156;158;160;161;164;165;168;169;172;175;176;177;180;181;184;185;188;190;192;193;196;197;200;202;204;206;208;209;213;214;216;217;220;221;224;227;228;231;232;235;236;239;240;243;244;247;248;251;252;255;256;257;260;263;264;267;268;271;272;278;280;283,64,1
89a95cd8-ca13-4edf-807e-d62138fd30e0,Does the video show someone cooking?,Yes.,,152;153;156;158;160;161;164;165;168;169;172;175;176;177;180;181;184;185;188;190;192;193;196;197;200;202;204;206;208;209;213;214;216;217;220;221;224;227;228;231;232;235;236;239;240;243;244;247;248;251;252;255;256;257;260;263;264;267;268;271;276;278;280;283,64,1
89a95cd8-ca13-4edf-807e-d62138fd30e0,Is the counter being cleaned in the video?,Yes.,,152;153;156;158;160;161;164;165;168;169;172;175;176;177;180;181;184;185;188;190;192;193;196;197;200;202;204;206;208;209;213;214;216;217;220;221;224;227;228;231;232;235;236;239;240;243;244;247;248;251;252;255;256;257;260;263;264;267;268;271;276;278;280;283,64,1
89a95cd8-ca13-4edf-807e-d62138fd30e0,Is there a scene of rolling dough in the video?,Yes.,,152;153;156;158;160;161;164;165;168;169;172;175;176;177;180;181;184;185;188;190;192;193;196;197;200;202;204;206;208;209;213;214;216;217;220;221;224;227;228;231;232;235;236;239;240;243;244;247;248;251;252;255;256;257;260;263;264;267;268;271;272;278;280;283,64,1
89a95cd8-ca13-4edf-807e-d62138fd30e0,Does rolling the dough happen before cleaning the counter?,No,,152;153;156;158;160;161;164;165;168;169;172;175;176;177;180;181;184;185;188;190;192;193;196;197;200;202;204;206;208;209;213;214;216;217;220;221;224;227;228;231;232;235;236;239;240;243;244;247;248;251;252;255;256;257;260;263;264;267;268;271;276;278;280;283,64,1
89a95cd8-ca13-4edf-807e-d62138fd30e0,Is the food cooked after I clean the counter?,Yes,,152;153;156;158;160;161;164;165;168;169;172;175;176;177;180;181;184;185;188;190;192;193;196;197;200;202;204;206;208;209;213;214;216;217;220;221;224;227;228;231;232;235;236;239;240;243;244;247;248;251;252;255;256;257;260;263;264;267;268;271;276;278;280;283,64,1
89a95cd8-ca13-4edf-807e-d62138fd30e0,"Before the food is cooked, what do I do?",In the kitchen.,,152;153;156;158;160;161;164;165;168;169;172;175;176;177;180;181;184;185;188;190;192;193;196;197;200;202;204;206;208;209;213;214;216;217;220;221;224;227;228;231;232;235;236;239;240;243;244;247;248;251;252;255;256;257;260;263;264;267;268;271;272;278;280;283,64,1
89a95cd8-ca13-4edf-807e-d62138fd30e0,What occurs just before I clean the counter?,Cook food.,,152;153;156;158;160;161;164;165;168;169;172;175;176;177;180;181;184;185;188;190;192;193;196;197;200;202;204;206;208;209;213;214;216;217;220;221;224;227;228;231;232;235;236;239;240;243;244;247;248;251;252;255;256;257;260;263;264;267;268;271;272;278;280;283,64,1
89a95cd8-ca13-4edf-807e-d62138fd30e0,"In the video, what takes place right before rolling the dough?",Clean the counter.,,152;153;156;158;160;161;164;165;168;169;172;175;176;177;180;181;184;185;188;190;192;193;196;197;200;202;204;206;208;209;213;214;216;217;220;221;224;227;228;231;232;235;236;239;240;243;244;247;248;251;252;255;256;257;260;263;264;267;268;271;272;278;280;283,64,1
89a95cd8-ca13-4edf-807e-d62138fd30e0,"In the video, does the mixing of flour with water happen before cutting the onions?",Yes,,152;153;156;158;160;161;164;165;168;169;172;175;176;177;180;181;184;185;188;190;192;193;196;197;200;202;204;206;208;209;213;214;216;217;220;221;224;227;228;231;232;235;236;239;240;243;244;247;248;251;252;255;256;257;260;263;264;267;268;271;276;278;280;283,64,1
89a95cd8-ca13-4edf-807e-d62138fd30e0,What is the setting of the video clip?,"Inside a house, in the kitchen.",,152;153;156;158;160;161;164;165;168;169;172;175;176;177;180;181;184;185;188;190;192;193;196;197;200;202;204;206;208;209;213;214;216;217;220;221;224;227;228;231;232;235;236;239;240;243;244;247;248;251;252;255;256;257;260;263;264;267;278;280;283;878;880;881,64,1
89a95cd8-ca13-4edf-807e-d62138fd30e0,What activity is depicted in the scene?,Making dough for cooking.,,152;153;156;158;160;161;164;165;168;169;172;175;176;177;180;181;184;185;188;190;192;193;196;197;200;202;204;206;208;209;213;214;216;217;220;221;224;227;228;231;232;235;236;239;240;243;244;247;248;251;252;255;256;257;260;263;276;278;280;283;876;878;880;881,64,1
89a95cd8-ca13-4edf-807e-d62138fd30e0,What tools are being utilized in the scene?,"Hands, rolling pin, flour container.",,152;153;156;158;160;161;164;165;168;169;172;175;176;177;180;181;184;185;188;190;192;193;196;197;200;202;204;206;208;209;213;214;216;217;220;221;224;227;228;231;232;235;236;239;240;243;244;247;248;251;252;255;256;257;260;263;264;267;278;280;283;878;880;881,64,1
89a95cd8-ca13-4edf-807e-d62138fd30e0,Where specifically is the dough preparation taking place?,On a newspaper-covered surface.,,152;153;156;158;160;161;164;165;168;169;172;175;176;177;180;181;184;185;188;190;192;193;196;197;200;202;204;206;208;209;213;214;216;217;220;221;224;227;228;231;232;235;236;239;240;243;244;247;248;251;252;255;256;257;260;263;264;267;278;280;283;878;880;881,64,1
89a95cd8-ca13-4edf-807e-d62138fd30e0,What is the immediate environment around the dough-making area?,Nearby kitchen appliances and utensils.,,152;153;156;158;160;161;164;165;168;169;172;175;176;177;180;181;184;185;188;190;192;193;196;197;200;202;204;206;208;209;213;214;216;217;220;221;224;227;228;231;232;235;236;239;240;243;244;247;248;251;252;255;256;257;260;263;264;267;278;280;283;878;880;881,64,1
89a95cd8-ca13-4edf-807e-d62138fd30e0,What is the main action taking place in these frames?,The dough is being rolled out.,,152;153;156;158;160;161;164;165;168;169;172;175;176;177;180;181;184;185;188;190;192;193;196;197;200;202;204;206;208;209;213;214;216;217;220;221;224;227;228;231;232;235;236;239;240;243;244;247;248;251;252;255;256;257;260;263;264;267;278;280;283;878;880;881,64,1
89a95cd8-ca13-4edf-807e-d62138fd30e0,What action precedes the rolling of the dough?,Dipping the dough in flour.,,152;153;156;158;160;161;164;165;168;169;172;175;176;177;180;181;184;185;188;190;192;193;196;197;200;202;204;206;208;209;213;214;216;217;220;221;224;227;228;231;232;235;236;239;240;243;244;247;248;251;252;255;256;257;260;263;264;267;278;280;283;878;880;881,64,1
89a95cd8-ca13-4edf-807e-d62138fd30e0,How is the dough initially shaped?,It is shaped by hand.,,152;153;156;158;160;161;164;165;168;169;172;175;176;177;180;181;184;185;188;190;192;193;196;197;200;202;204;206;208;209;213;214;216;217;220;221;224;227;228;231;232;235;236;239;240;243;244;247;248;251;252;255;256;257;260;263;276;278;280;283;876;878;880;881,64,1
89a95cd8-ca13-4edf-807e-d62138fd30e0,What is the purpose of the flour in the dough rolling process?,To prevent sticking to the rolling pin.,,152;153;156;158;160;161;164;165;168;169;172;175;176;177;180;181;184;185;188;190;192;193;196;197;200;202;204;206;208;209;213;214;216;217;220;221;224;227;228;231;232;235;236;239;240;243;244;247;248;251;252;255;256;257;260;263;276;278;280;283;876;878;880;881,64,1
89a95cd8-ca13-4edf-807e-d62138fd30e0,What may likely be the next step after rolling the dough?,Cutting or shaping the dough for cooking.,,152;153;156;158;160;161;164;165;168;169;172;175;176;177;180;181;184;185;188;190;192;193;196;197;200;202;204;206;208;209;213;214;216;217;220;221;224;227;228;231;232;235;236;239;240;243;244;247;248;251;252;255;256;257;260;263;276;278;280;283;876;878;880;881,64,1
89a95cd8-ca13-4edf-807e-d62138fd30e0,Did the person use a rolling pin in the video?,Yes.,,152;153;156;158;160;161;164;165;168;169;172;175;176;177;180;181;184;185;188;190;192;193;196;197;200;202;204;206;208;209;213;214;216;217;220;221;224;227;228;231;232;235;236;239;240;243;244;247;248;251;252;255;256;257;260;263;264;267;278;280;283;878;880;881,64,1
89a95cd8-ca13-4edf-807e-d62138fd30e0,Did the dough-making happen on a bare countertop?,No.,,152;153;156;158;160;161;164;165;168;169;172;175;176;177;180;181;184;185;188;190;192;193;196;197;200;202;204;206;208;209;213;214;216;217;220;221;224;227;228;231;232;235;236;239;240;243;244;247;248;251;252;255;256;257;260;263;276;278;280;283;876;878;880;881,64,1
89a95cd8-ca13-4edf-807e-d62138fd30e0,Was an electrical appliance used to roll the dough?,No.,,152;153;156;158;160;161;164;165;168;169;172;175;176;177;180;181;184;185;188;190;192;193;196;197;200;202;204;206;208;209;213;214;216;217;220;221;224;227;228;231;232;235;236;239;240;243;244;247;248;251;252;255;256;257;260;263;276;278;280;283;876;878;880;881,64,1
89a95cd8-ca13-4edf-807e-d62138fd30e0,Did the person complete the dough rolling in one try?,"Not specified, unclear.",,152;153;156;158;160;161;164;165;168;169;172;175;176;177;180;181;184;185;188;190;192;193;196;197;200;202;204;206;208;209;213;214;216;217;220;221;224;227;228;231;232;235;236;239;240;243;244;247;248;251;252;255;256;257;260;263;276;278;280;283;876;878;880;881,64,1
89a95cd8-ca13-4edf-807e-d62138fd30e0,Is the flour container closed in the scene?,Yes.,,152;153;156;158;160;161;164;165;168;169;172;175;176;177;180;181;184;185;188;190;192;193;196;197;200;202;204;206;208;209;213;214;216;217;220;221;224;227;228;231;232;235;236;239;240;243;244;247;248;251;252;255;256;257;260;263;276;278;280;283;876;878;880;881,64,1
89a95cd8-ca13-4edf-807e-d62138fd30e0,"In the video, is the dough rolled with hands before it's dipped in flour?",Yes,,152;153;156;158;160;161;164;165;168;169;172;175;176;177;180;181;184;185;188;190;192;193;196;197;200;202;204;206;208;209;213;214;216;217;220;221;224;227;228;231;232;235;236;239;240;243;244;247;248;251;252;255;256;257;260;263;276;278;280;283;876;878;880;881,64,1
89a95cd8-ca13-4edf-807e-d62138fd30e0,Is the food cooked before the counter is cleaned?,Yes,,152;153;156;158;160;161;164;165;168;169;172;175;176;177;180;181;184;185;188;190;192;193;196;197;200;202;204;206;208;209;213;214;216;217;220;221;224;227;228;231;232;235;236;239;240;243;244;247;248;251;252;255;256;257;260;263;264;267;278;280;283;878;880;881,64,1
89a95cd8-ca13-4edf-807e-d62138fd30e0,Does the dough rolling with a rolling pin happen after hand rolling?,Yes,,152;153;156;158;160;161;164;165;168;169;172;175;176;177;180;181;184;185;188;190;192;193;196;197;200;202;204;206;208;209;213;214;216;217;220;221;224;227;228;231;232;235;236;239;240;243;244;247;248;251;252;255;256;257;260;263;264;267;278;280;283;878;880;881,64,1
89a95cd8-ca13-4edf-807e-d62138fd30e0,Is the counter cleaned before the dough is rolled with hands?,Yes,,152;153;156;158;160;161;164;165;168;169;172;175;176;177;180;181;184;185;188;190;192;193;196;197;200;202;204;206;208;209;213;214;216;217;220;221;224;227;228;231;232;235;236;239;240;243;244;247;248;251;252;255;256;257;260;263;276;278;280;283;876;878;880;881,64,1
89a95cd8-ca13-4edf-807e-d62138fd30e0,"In the video, is the rolling pin used before the dough is dipped in flour?",Yes,,152;153;156;158;160;161;164;165;168;169;172;175;176;177;180;181;184;185;188;190;192;193;196;197;200;202;204;206;208;209;213;214;216;217;220;221;224;227;228;231;232;235;236;239;240;243;244;247;248;251;252;255;256;257;260;263;276;278;280;283;876;878;880;881,64,1
89a95cd8-ca13-4edf-807e-d62138fd30e0,What is done just before the dough is dipped in flour?,Roll dough with hands,,152;153;156;158;160;161;164;165;168;169;172;175;176;177;180;181;184;185;188;190;192;193;196;197;200;202;204;206;208;209;213;214;216;217;220;221;224;227;228;231;232;235;236;239;240;243;244;247;248;251;252;255;256;257;260;263;276;278;280;283;876;878;880;881,64,1
89a95cd8-ca13-4edf-807e-d62138fd30e0,What action is performed before cleaning the counter?,Cook food,,152;153;156;158;160;161;164;165;168;169;172;175;176;177;180;181;184;185;188;190;192;193;196;197;200;202;204;206;208;209;213;214;216;217;220;221;224;227;228;231;232;235;236;239;240;243;244;247;248;251;252;255;256;257;260;263;264;267;278;280;283;878;880;881,64,1
89a95cd8-ca13-4edf-807e-d62138fd30e0,What activity happens before the dough is rolled with hands?,Nothing is specified before hand rolling,,152;153;156;158;160;161;164;165;168;169;172;175;176;177;180;181;184;185;188;190;192;193;196;197;200;202;204;206;208;209;213;214;216;217;220;221;224;227;228;231;232;235;236;239;240;243;244;247;248;251;252;255;256;257;260;263;276;278;280;283;876;878;880;881,64,1
89a95cd8-ca13-4edf-807e-d62138fd30e0,Was the counter cleaned after cooking food?,Yes,,152;153;156;158;160;161;164;165;168;169;172;175;176;177;180;181;184;185;188;190;192;193;196;197;200;202;204;206;208;209;213;214;216;217;220;221;224;227;228;231;232;235;236;239;240;243;244;247;248;251;252;255;256;257;260;263;276;278;280;283;876;878;880;881,64,1
89a95cd8-ca13-4edf-807e-d62138fd30e0,Did I roll the dough before dipping it in flour?,No,,152;153;156;158;160;161;164;165;168;169;172;175;176;177;180;181;184;185;188;190;192;193;196;197;200;202;204;206;208;209;213;214;216;217;220;221;224;227;228;231;232;235;236;239;240;243;244;247;248;251;252;255;256;257;260;263;276;278;280;283;876;878;880;881,64,1
89a95cd8-ca13-4edf-807e-d62138fd30e0,Did I roll dough with hands before rolling it with a rolling pin?,Yes,,152;153;156;158;160;161;164;165;168;169;172;175;176;177;180;181;184;185;188;190;192;193;196;197;200;202;204;206;208;209;213;214;216;217;220;221;224;227;228;231;232;235;236;239;240;243;244;247;248;251;252;255;256;257;260;263;276;278;280;283;876;878;880;881,64,1
89a95cd8-ca13-4edf-807e-d62138fd30e0,What happens right before I dip the dough in flour?,Rolling the dough with hands,,152;153;156;158;160;161;164;165;168;169;172;175;176;177;180;181;184;185;188;190;192;193;196;197;200;202;204;206;208;209;213;214;216;217;220;221;224;227;228;231;232;235;236;239;240;243;244;247;248;251;252;255;256;257;260;263;276;278;280;283;876;878;880;881,64,1
89a95cd8-ca13-4edf-807e-d62138fd30e0,What action occurs just before I roll the dough with a rolling pin?,Dipping dough in flour,,152;153;156;158;160;161;164;165;168;169;172;175;176;177;180;181;184;185;188;190;192;193;196;197;200;202;204;206;208;209;213;214;216;217;220;221;224;227;228;231;232;235;236;239;240;243;244;247;248;251;252;255;256;257;260;263;264;267;278;280;283;878;880;881,64,1
89a95cd8-ca13-4edf-807e-d62138fd30e0,What do I do just before pouring oil in the pan?,Open the door,,152;153;156;158;160;161;164;165;168;169;172;175;176;177;180;181;184;185;188;190;192;193;196;197;200;202;204;206;208;209;213;214;216;217;220;221;224;227;228;231;232;235;236;239;240;243;244;247;248;251;252;255;256;257;260;263;264;267;278;280;283;878;880;881,64,1
89a95cd8-ca13-4edf-807e-d62138fd30e0,What takes place immediately before I clean the counter?,Cook food,,152;153;156;158;160;161;164;165;168;169;172;175;176;177;180;181;184;185;188;190;192;193;196;197;200;202;204;206;208;209;213;214;216;217;220;221;224;227;228;231;232;235;236;239;240;243;244;247;248;251;252;255;256;257;260;263;264;267;278;280;283;878;880;881,64,1
89a95cd8-ca13-4edf-807e-d62138fd30e0,What location is shown in this video clip?,The kitchen.,,152;153;156;158;160;161;164;165;168;169;172;175;176;177;180;181;184;185;188;190;192;193;196;197;200;202;204;206;208;209;213;214;216;217;220;221;224;227;228;231;232;235;236;239;240;243;244;247;248;251;278;280;283;878;880;881;885;887;888;891;892;895;896;899,64,1
89a95cd8-ca13-4edf-807e-d62138fd30e0,What task is being performed in this scene?,Making dough.,,152;153;156;158;160;161;164;165;168;169;172;175;176;177;180;181;184;185;188;190;192;193;196;197;200;202;204;206;208;209;213;214;216;217;220;221;224;227;228;231;232;235;236;239;240;243;244;247;248;251;278;280;283;878;880;881;885;887;888;891;892;895;896;899,64,1
89a95cd8-ca13-4edf-807e-d62138fd30e0,What is the setting of this clip?,A kitchen counter.,,152;153;156;158;160;161;164;165;168;169;172;175;176;177;180;181;184;185;188;190;192;193;196;197;200;202;204;206;208;209;213;214;216;217;220;221;224;227;228;231;232;235;236;239;240;243;244;247;276;278;280;283;876;878;880;881;885;887;888;891;892;895;896;899,64,1
89a95cd8-ca13-4edf-807e-d62138fd30e0,What cooking action is taking place?,Rolling dough with a roller.,,152;153;156;158;160;161;164;165;168;169;172;175;176;177;180;181;184;185;188;190;192;193;196;197;200;202;204;206;208;209;213;214;216;217;220;221;224;227;228;231;232;235;236;239;240;243;244;247;248;251;278;280;283;878;880;881;885;887;888;891;892;895;896;899,64,1
89a95cd8-ca13-4edf-807e-d62138fd30e0,Does the frame capture using a rolling pin?,Yes.,,152;153;156;158;160;161;164;165;168;169;172;175;176;177;180;181;184;185;188;190;192;193;196;197;200;202;204;206;208;209;213;214;216;217;220;221;224;227;228;231;232;235;236;239;240;243;244;247;248;251;278;280;283;878;880;881;885;887;888;891;892;895;896;899,64,1
89a95cd8-ca13-4edf-807e-d62138fd30e0,Is dough being prepared in this scene?,Yes.,,152;153;156;158;160;161;164;165;168;169;172;175;176;177;180;181;184;185;188;190;192;193;196;197;200;202;204;206;208;209;213;214;216;217;220;221;224;227;228;231;232;235;236;239;240;243;244;247;276;278;280;283;876;878;880;881;885;887;888;891;892;895;896;899,64,1
89a95cd8-ca13-4edf-807e-d62138fd30e0,Are there ingredients visible on the kitchen counter?,Yes.,,152;153;156;158;160;161;164;165;168;169;172;175;176;177;180;181;184;185;188;190;192;193;196;197;200;202;204;206;208;209;213;214;216;217;220;221;224;227;228;231;232;235;236;239;240;243;244;247;248;251;278;280;283;878;880;881;885;887;888;891;892;895;896;899,64,1
89a95cd8-ca13-4edf-807e-d62138fd30e0,"In the video, is the dough cut before it's rolled with hands?",No,,152;153;156;158;160;161;164;165;168;169;172;175;176;177;180;181;184;185;188;190;192;193;196;197;200;202;204;206;208;209;213;214;216;217;220;221;224;227;228;231;232;235;236;239;240;243;244;247;276;278;280;283;876;878;880;881;885;887;888;891;892;895;896;899,64,1
89a95cd8-ca13-4edf-807e-d62138fd30e0,Does the dipping of dough in flour happen after using the rolling pin?,No,,152;153;156;158;160;161;164;165;168;169;172;175;176;177;180;181;184;185;188;190;192;193;196;197;200;202;204;206;208;209;213;214;216;217;220;221;224;227;228;231;232;235;236;239;240;243;244;247;248;251;278;280;283;878;880;881;885;887;888;891;892;895;896;899,64,1
89a95cd8-ca13-4edf-807e-d62138fd30e0,Does rolling the dough with hands happen before cutting the dough?,Yes,,152;153;156;158;160;161;164;165;168;169;172;175;176;177;180;181;184;185;188;190;192;193;196;197;200;202;204;206;208;209;213;214;216;217;220;221;224;227;228;231;232;235;236;239;240;243;244;247;276;278;280;283;876;878;880;881;885;887;888;891;892;895;896;899,64,1
89a95cd8-ca13-4edf-807e-d62138fd30e0,Is the dough rolled with a roller after being dipped in flour?,Yes,,152;153;156;158;160;161;164;165;168;169;172;175;176;177;180;181;184;185;188;190;192;193;196;197;200;202;204;206;208;209;213;214;216;217;220;221;224;227;228;231;232;235;236;239;240;243;244;247;276;278;280;283;876;878;880;881;885;887;888;891;892;895;896;899,64,1
89a95cd8-ca13-4edf-807e-d62138fd30e0,What occurs just before rolling dough with a roller in the video?,The dough is cut,,152;153;156;158;160;161;164;165;168;169;172;175;176;177;180;181;184;185;188;190;192;193;196;197;200;202;204;206;208;209;213;214;216;217;220;221;224;227;228;231;232;235;236;239;240;243;244;247;276;278;280;283;876;878;880;881;885;887;888;891;892;895;896;899,64,1
89a95cd8-ca13-4edf-807e-d62138fd30e0,"In the video sequence, what happens before rolling dough with hands?","Nothing, it's the first action",,152;153;156;158;160;161;164;165;168;169;172;175;176;177;180;181;184;185;188;190;192;193;196;197;200;202;204;206;208;209;213;214;216;217;220;221;224;227;228;231;232;235;236;239;240;243;244;247;276;278;280;283;876;878;880;881;885;887;888;891;892;895;896;899,64,1
89a95cd8-ca13-4edf-807e-d62138fd30e0,What is done just before cutting the dough?,The dough is rolled with hands,,152;153;156;158;160;161;164;165;168;169;172;175;176;177;180;181;184;185;188;190;192;193;196;197;200;202;204;206;208;209;213;214;216;217;220;221;224;227;228;231;232;235;236;239;240;243;244;247;276;278;280;283;876;878;880;881;885;887;888;891;892;895;896;899,64,1
89a95cd8-ca13-4edf-807e-d62138fd30e0,Did I clean the counter before rolling the dough?,Yes,,152;153;156;158;160;161;164;165;168;169;172;175;176;177;180;181;184;185;188;190;192;193;196;197;200;202;204;206;208;209;213;214;216;217;220;221;224;227;228;231;232;235;236;239;240;243;244;247;276;278;280;283;876;878;880;881;885;887;888;891;892;895;896;899,64,1
89a95cd8-ca13-4edf-807e-d62138fd30e0,Was the dough cut before being rolled?,Yes,,152;153;156;158;160;161;164;165;168;169;172;175;176;177;180;181;184;185;188;190;192;193;196;197;200;202;204;206;208;209;213;214;216;217;220;221;224;227;228;231;232;235;236;239;240;243;244;247;276;278;280;283;876;878;880;881;885;887;888;891;892;895;896;899,64,1
89a95cd8-ca13-4edf-807e-d62138fd30e0,Did I dip the dough in flour before using the rolling pin?,Yes,,152;153;156;158;160;161;164;165;168;169;172;175;176;177;180;181;184;185;188;190;192;193;196;197;200;202;204;206;208;209;213;214;216;217;220;221;224;227;228;231;232;235;236;239;240;243;244;247;276;278;280;283;876;878;880;881;885;887;888;891;892;895;896;899,64,1
89a95cd8-ca13-4edf-807e-d62138fd30e0,Did I cook food after rolling the dough with my hands?,No,,152;153;156;158;160;161;164;165;168;169;172;175;176;177;180;181;184;185;188;190;192;193;196;197;200;202;204;206;208;209;213;214;216;217;220;221;224;227;228;231;232;235;236;239;240;243;244;247;276;278;280;283;876;878;880;881;885;887;888;891;892;895;896;899,64,1
89a95cd8-ca13-4edf-807e-d62138fd30e0,Was the counter cleaned after the dough was cut?,No,,152;153;156;158;160;161;164;165;168;169;172;175;176;177;180;181;184;185;188;190;192;193;196;197;200;202;204;206;208;209;213;214;216;217;220;221;224;227;228;231;232;235;236;239;240;243;244;247;248;251;278;280;283;878;880;881;885;887;888;891;892;895;896;899,64,1
89a95cd8-ca13-4edf-807e-d62138fd30e0,What do I do before rolling the dough with a roller?,Cut the dough,,152;153;156;158;160;161;164;165;168;169;172;175;176;177;180;181;184;185;188;190;192;193;196;197;200;202;204;206;208;209;213;214;216;217;220;221;224;227;228;231;232;235;236;239;240;243;244;247;276;278;280;283;876;878;880;881;885;887;888;891;892;895;896;899,64,1
89a95cd8-ca13-4edf-807e-d62138fd30e0,What occurs just before cutting the dough?,Rolling dough with hands,,152;153;156;158;160;161;164;165;168;169;172;175;176;177;180;181;184;185;188;190;192;193;196;197;200;202;204;206;208;209;213;214;216;217;220;221;224;227;228;231;232;235;236;239;240;243;244;247;276;278;280;283;876;878;880;881;885;887;888;891;892;895;896;899,64,1
89a95cd8-ca13-4edf-807e-d62138fd30e0,What do I do before cleaning the counter?,Cook food,,152;153;156;158;160;161;164;165;168;169;172;175;176;177;180;181;184;185;188;190;192;193;196;197;200;202;204;206;208;209;213;214;216;217;220;221;224;227;228;231;232;235;236;239;240;243;244;247;248;251;278;280;283;878;880;881;885;887;888;891;892;895;896;899,64,1
89a95cd8-ca13-4edf-807e-d62138fd30e0,Describe the main activity occurring in this section of video.,Food preparation for a meal.,,152;153;156;158;160;161;164;165;168;169;172;175;176;177;180;181;184;185;188;190;192;193;196;197;200;202;204;206;208;209;213;214;216;217;220;221;224;227;228;231;232;235;236;239;240;243;244;247;276;278;280;283;876;878;880;881;885;887;888;891;892;895;896;899,64,1
89a95cd8-ca13-4edf-807e-d62138fd30e0,What is the current culinary action captured here?,Ready to cook flatbread on the pan.,,152;153;156;158;160;161;164;165;168;169;172;175;176;177;180;181;184;185;188;190;192;193;196;197;200;202;204;206;208;209;213;214;216;217;220;221;224;227;228;231;232;235;236;239;240;243;244;247;276;278;280;283;876;878;880;881;885;887;888;891;892;895;896;899,64,1
89a95cd8-ca13-4edf-807e-d62138fd30e0,Did the person successfully slice the cucumber?,Yes.,,152;153;156;158;160;161;164;165;168;169;172;175;176;177;180;181;184;185;188;190;192;193;196;197;200;202;204;206;208;209;213;214;216;217;220;221;224;227;228;231;232;235;236;239;240;243;244;247;276;278;280;283;876;878;880;881;885;887;888;891;892;895;896;899,64,1
89a95cd8-ca13-4edf-807e-d62138fd30e0,Has the lemon been placed on the cucumber slices?,Yes.,,152;153;156;158;160;161;164;165;168;169;172;175;176;177;180;181;184;185;188;190;192;193;196;197;200;202;204;206;208;209;213;214;216;217;220;221;224;227;228;231;232;235;236;239;240;243;244;247;276;278;280;283;876;878;880;881;885;887;888;891;892;895;896;899,64,1
89a95cd8-ca13-4edf-807e-d62138fd30e0,Describe the setting in this video clip.,A kitchen with a person cooking roti on a stove.,,152;153;156;158;160;161;164;165;168;169;172;175;176;177;180;181;184;185;188;190;192;193;196;197;200;202;204;206;208;209;213;214;216;217;220;221;224;227;228;231;232;235;236;239;240;243;244;247;276;278;280;283;876;878;880;881;885;887;888;891;892;895;896;899,64,1
89a95cd8-ca13-4edf-807e-d62138fd30e0,What is the visual focal point of this scene?,The pan with the roti being roasted.,,152;153;156;158;160;161;164;165;168;169;172;175;176;177;180;181;184;185;188;190;192;193;196;197;200;202;204;206;208;209;213;214;216;217;220;221;224;227;228;231;232;235;236;239;240;243;244;247;276;278;280;283;876;878;880;881;885;887;888;891;892;895;896;899,64,1
89a95cd8-ca13-4edf-807e-d62138fd30e0,Where is the roti being placed after roasting?,In a pot next to the stove.,,152;153;156;158;160;161;164;165;168;169;172;175;176;177;180;181;184;185;188;190;192;193;196;197;200;202;204;206;208;209;213;214;216;217;220;221;224;227;228;231;232;235;236;239;240;243;244;247;276;278;280;283;876;878;880;881;885;887;888;891;892;895;896;899,64,1
89a95cd8-ca13-4edf-807e-d62138fd30e0,What kitchen equipment is being utilized in this action?,A frying pan and a stove.,,152;153;156;158;160;161;164;165;168;169;172;175;176;177;180;181;184;185;188;190;192;193;196;197;200;202;204;206;208;209;213;214;216;217;220;221;224;227;228;231;232;235;236;239;240;243;244;247;276;278;280;283;876;878;880;881;885;887;888;891;892;895;896;899,64,1
89a95cd8-ca13-4edf-807e-d62138fd30e0,Does the clip show a person flipping the roti?,No.,,152;153;156;158;160;161;164;165;168;169;172;175;176;177;180;181;184;185;188;190;192;193;196;197;200;202;204;206;208;209;213;214;216;217;220;221;224;227;228;231;232;235;236;239;240;243;244;247;276;278;280;283;876;878;880;881;885;887;888;891;892;895;896;899,64,1
89a95cd8-ca13-4edf-807e-d62138fd30e0,Is the roti being taken out of the pan in this frame?,Yes.,,152;153;156;158;160;161;164;165;168;169;172;175;176;177;180;181;184;185;188;190;192;193;196;197;200;202;204;206;208;209;213;214;216;217;220;221;224;227;228;231;232;235;236;239;240;243;244;247;248;251;278;280;283;878;880;881;885;887;888;891;892;895;896;899,64,1
89a95cd8-ca13-4edf-807e-d62138fd30e0,Does the clip involve any baking activity?,No.,,152;153;156;158;160;161;164;165;168;169;172;175;176;177;180;181;184;185;188;190;192;193;196;197;200;202;204;206;208;209;213;214;216;217;220;221;224;227;228;231;232;235;236;239;240;243;244;247;276;278;280;283;876;878;880;881;885;887;888;891;892;895;896;899,64,1
89a95cd8-ca13-4edf-807e-d62138fd30e0,Is there another person assisting with the cooking?,No.,,152;153;156;158;160;161;164;165;168;169;172;175;176;177;180;181;184;185;188;190;192;193;196;197;200;202;204;206;208;209;213;214;216;217;220;221;224;227;228;231;232;235;236;239;240;243;244;247;248;251;278;280;283;878;880;881;885;887;888;891;892;895;896;899,64,1
89a95cd8-ca13-4edf-807e-d62138fd30e0,Was the flat bread prepared before the roti was roasted?,Yes,,152;153;156;158;160;161;164;165;168;169;172;175;176;177;180;181;184;185;188;190;192;193;196;197;200;202;204;206;208;209;213;214;216;217;220;221;224;227;228;231;232;235;236;239;240;243;244;247;276;278;280;283;876;878;880;881;885;887;888;891;892;895;896;899,64,1
89a95cd8-ca13-4edf-807e-d62138fd30e0,Did I put the roasted roti in the pot before cutting the cucumber?,No,,152;153;156;158;160;161;164;165;168;169;172;175;176;177;180;181;184;185;188;190;192;193;196;197;200;202;204;206;208;209;213;214;216;217;220;221;224;227;228;231;232;235;236;239;240;243;244;247;276;278;280;283;876;878;880;881;885;887;888;891;892;895;896;899,64,1
89a95cd8-ca13-4edf-807e-d62138fd30e0,Did I roast the roti after preparing the flat bread?,Yes,,152;153;156;158;160;161;164;165;168;169;172;175;176;177;180;181;184;185;188;190;192;193;196;197;200;202;204;206;208;209;213;214;216;217;220;221;224;227;228;231;232;235;236;239;240;243;244;247;276;278;280;283;876;878;880;881;885;887;888;891;892;895;896;899,64,1
89a95cd8-ca13-4edf-807e-d62138fd30e0,What cooking method is used for tortillas?,They are placed in a hot pot.,,152;153;156;158;160;161;164;165;168;169;172;175;176;177;180;181;184;185;188;190;192;193;196;197;200;202;204;206;208;209;213;214;216;217;220;221;224;227;228;231;232;235;236;239;240;243;244;247;276;278;280;283;876;878;880;881;885;887;888;891;892;895;896;899,64,1
89a95cd8-ca13-4edf-807e-d62138fd30e0,Is the person wearing oven mitts?,No.,,152;153;156;158;160;161;164;165;168;169;172;175;176;177;180;181;184;185;188;190;192;193;196;197;200;202;204;206;208;209;213;214;216;217;220;221;224;227;228;231;232;235;236;239;240;243;244;247;276;278;280;283;876;878;880;881;885;887;888;891;892;895;896;899,64,1
89a95cd8-ca13-4edf-807e-d62138fd30e0,"In the video, is the pot closed after the roti is put inside?",Yes,,152;153;156;158;160;161;164;165;168;169;172;175;176;177;180;181;184;185;188;190;192;193;196;197;200;202;204;206;208;209;213;214;216;217;220;221;224;227;228;231;232;235;236;239;240;243;244;247;248;251;278;280;283;878;880;881;885;887;888;891;892;895;896;899,64,1
89a95cd8-ca13-4edf-807e-d62138fd30e0,Did I use a spatula to roast the roti before placing it in the pot?,Yes,,152;153;156;158;160;161;164;165;168;169;172;175;176;177;180;181;184;185;188;190;192;193;196;197;200;202;204;206;208;209;213;214;216;217;220;221;224;227;228;231;232;235;236;239;240;243;244;247;276;278;280;283;876;878;880;881;885;887;888;891;892;895;896;899,64,1
89a95cd8-ca13-4edf-807e-d62138fd30e0,What activity is shown just before the roti comes in contact with the pan?,The roti is picked up,,152;153;156;158;160;161;164;165;168;169;172;175;176;177;180;181;184;185;188;190;192;193;196;197;200;202;204;206;208;209;213;214;216;217;220;221;224;227;228;231;232;235;236;239;240;243;244;247;248;251;278;280;283;878;880;881;885;887;888;891;892;895;896;899,64,1
2bb31b69-fcda-4f54-8338-f590944df999,What activity is depicted in this snapshot?,A card game is being played.,,6;7;10;11;14;15;16;19;20;21;24;25;30;32;36;39;40;42;47;48;53;55;56;58;60;62;65;66;69;71;72;73;78;79;82;84;87;90;93;98;100;103;106;108;109;114;115;116;118;120;122;124;125;129;131;133;140;142,64,1
2bb31b69-fcda-4f54-8338-f590944df999,Where is this scene likely taking place?,"The scene is indoors, possibly in a living room.",,6;7;10;11;14;15;16;19;20;21;24;25;30;32;36;39;40;42;47;48;53;55;56;58;60;62;65;66;69;71;72;73;78;79;82;84;87;89;90;93;98;100;103;106;108;109;114;115;116;118;120;122;124;125;129;131;133;140;142,64,1
2bb31b69-fcda-4f54-8338-f590944df999,What objects are present in this setting?,"Cards, a piece of paper, and a plant.",,6;7;10;11;14;15;16;19;20;21;24;25;30;32;36;39;40;42;47;48;53;55;56;58;60;62;65;66;69;71;72;73;78;79;82;84;87;89;90;93;98;100;103;106;108;109;114;115;116;118;120;122;124;125;129;131;133;140;142,64,1
2bb31b69-fcda-4f54-8338-f590944df999,How is the room furnished?,"With a couch, a rug, and various personal items.",,6;7;10;11;14;15;16;19;20;21;24;25;30;32;36;39;40;42;47;48;53;55;56;58;60;62;65;66;69;71;72;73;78;79;82;84;87;89;90;93;98;100;103;106;108;109;114;115;116;118;120;122;124;125;129;131;133;140;142,64,1
2bb31b69-fcda-4f54-8338-f590944df999,What is the approximate time of day in this scene?,It's not discernible from this image.,,6;7;10;11;14;15;16;19;20;21;24;25;30;32;36;39;40;42;47;48;53;55;56;58;60;62;65;66;69;71;72;73;78;79;82;84;87;90;92;93;98;100;103;106;108;109;114;115;116;118;120;122;124;125;129;131;133;140;142,64,1
2bb31b69-fcda-4f54-8338-f590944df999,What action is being performed with the cards?,The cards are being reshuffled.,,6;7;10;11;14;15;16;19;20;21;24;25;30;32;36;39;40;42;47;48;53;55;56;58;60;62;65;66;69;71;72;73;78;79;82;84;87;89;90;93;98;100;103;106;108;109;114;115;116;118;120;122;124;125;129;131;133;140;142,64,1
2bb31b69-fcda-4f54-8338-f590944df999,What is the person across doing?,The person is holding and possibly organizing cards.,,6;7;10;11;14;15;16;19;20;21;24;25;30;32;36;39;40;42;47;48;53;55;56;58;60;62;65;66;69;71;72;73;78;79;82;84;87;90;92;93;98;100;103;106;108;109;114;115;116;118;120;122;124;125;129;131;133;140;142,64,1
2bb31b69-fcda-4f54-8338-f590944df999,What follow-up activity to shuffling is likely?,Dealing the cards to players.,,6;7;10;11;14;15;16;19;20;21;24;25;30;32;36;39;40;42;47;48;53;55;56;58;60;62;65;66;69;71;72;73;78;79;82;84;87;89;90;93;98;100;103;106;108;109;114;115;116;118;120;122;124;125;129;131;133;140;142,64,1
2bb31b69-fcda-4f54-8338-f590944df999,Is there more than one participant in the card activity?,Yes.,,6;7;10;11;14;15;16;19;20;21;24;25;30;32;36;39;40;42;47;48;53;55;56;58;60;62;65;66;69;71;72;73;78;79;82;84;87;90;92;93;98;100;103;106;108;109;114;115;116;118;120;122;124;125;129;131;133;140;142,64,1
2bb31b69-fcda-4f54-8338-f590944df999,Is any reading material involved in the activity?,"Yes, there's a piece of paper being held.",,6;7;10;11;14;15;16;19;20;21;24;25;30;32;36;39;40;42;47;48;53;55;56;58;60;62;65;66;69;71;72;73;78;79;82;84;87;89;90;92;93;98;100;103;106;108;109;114;115;116;118;120;122;124;125;129;131;133;140;142,64,1
2bb31b69-fcda-4f54-8338-f590944df999,Are any electronic devices being used in the game?,No visible electronic devices are used.,,6;7;10;11;14;15;16;19;20;21;24;25;30;32;36;39;40;42;47;48;53;55;56;58;60;62;65;66;69;71;72;73;78;79;82;84;87;89;90;92;93;98;100;103;106;108;109;114;115;116;118;120;122;124;125;129;131;133;140;142,64,1
2bb31b69-fcda-4f54-8338-f590944df999,Has any card been laid out on the floor?,"No, they're being held or shuffled.",,6;7;10;11;14;15;16;19;20;21;24;25;30;32;36;39;40;42;47;48;53;55;56;58;60;62;65;66;69;71;72;73;78;79;82;84;87;89;90;93;98;100;103;106;108;109;114;115;116;118;120;122;124;125;129;131;133;140;142,64,1
2bb31b69-fcda-4f54-8338-f590944df999,What activity is taking place in the room?,Playing poker.,,10;14;15;20;24;25;36;47;55;56;58;60;71;73;79;82;84;90;98;103;106;109;114;115;116;122;124;125;129;133;140;142;151;153;163;169;172;174;184;191;194;195;196;206;208;209;214;215;217;223;227;231;232;233;236;238;253;256;259;265;268;274;276;280,64,1
2bb31b69-fcda-4f54-8338-f590944df999,What is the setting of this clip?,"Indoors, in a room.",,10;14;15;20;24;25;36;42;47;55;56;58;60;71;73;79;82;84;90;98;103;106;109;114;115;116;118;122;124;125;129;133;140;142;151;153;163;169;172;174;184;194;195;196;206;208;214;215;217;223;227;231;232;233;236;238;253;256;259;265;268;274;276;280,64,1
2bb31b69-fcda-4f54-8338-f590944df999,What objects are visible in the scene?,"Cards, a carpet, and furniture.",,10;14;15;20;24;25;36;42;47;55;56;58;60;71;73;79;82;84;90;98;103;106;109;114;115;116;118;122;124;125;129;133;140;142;151;153;163;169;172;174;184;194;195;196;206;208;214;215;217;223;227;231;232;233;236;238;253;256;259;265;268;274;276;280,64,1
2bb31b69-fcda-4f54-8338-f590944df999,Describe the atmosphere of the room.,Casual and leisurely.,,10;14;15;20;24;25;36;42;47;55;56;58;60;71;73;79;82;84;90;98;103;106;109;114;115;116;118;122;124;125;129;133;140;142;151;153;163;169;172;174;184;194;195;196;206;208;214;215;217;223;227;231;232;233;236;238;253;256;259;265;268;274;276;280,64,1
2bb31b69-fcda-4f54-8338-f590944df999,What precedes the dealing of cards in poker?,Reshuffling the cards.,,10;14;15;20;24;25;36;42;47;56;58;60;71;73;79;82;84;90;98;103;106;109;114;115;116;118;122;124;125;129;133;140;142;151;153;154;163;169;172;174;184;194;195;196;206;208;209;214;215;217;223;227;231;232;233;236;238;253;259;265;268;274;276;280,64,1
2bb31b69-fcda-4f54-8338-f590944df999,Did someone shuffle cards in this video?,Yes.,,10;14;15;20;24;25;36;42;47;56;58;60;71;73;79;82;84;90;98;103;106;109;114;115;116;118;122;124;125;129;133;140;142;151;153;163;168;169;172;174;184;194;195;196;206;208;214;215;217;223;227;231;232;233;236;238;252;253;256;259;265;268;274;276,64,1
2bb31b69-fcda-4f54-8338-f590944df999,Is the room set up for a large gathering?,No.,,10;14;15;20;24;25;36;42;47;55;56;58;60;71;73;79;82;84;90;98;103;106;109;114;115;116;122;124;125;129;133;140;142;151;153;154;163;169;172;174;184;194;195;196;206;208;209;214;215;217;223;227;231;232;233;236;238;253;259;265;268;274;276;280,64,1
2bb31b69-fcda-4f54-8338-f590944df999,Are the individuals standing in this video?,No.,,10;14;15;20;24;25;36;47;55;56;58;60;71;73;79;82;84;90;98;103;106;109;114;115;116;118;122;124;125;129;133;140;142;151;153;163;169;172;174;184;191;194;195;196;206;208;214;215;217;223;227;231;232;233;236;238;253;256;259;265;268;274;276;280,64,1
2bb31b69-fcda-4f54-8338-f590944df999,Was the deck reshuffled before playing the cards?,Yes.,,10;14;15;20;24;25;36;42;47;55;56;58;60;71;73;79;82;84;90;98;103;106;109;114;115;116;122;124;125;129;133;140;142;151;153;154;163;169;172;174;184;194;195;196;206;208;209;214;215;217;223;227;231;232;233;236;238;253;259;265;268;274;276;280,64,1
2bb31b69-fcda-4f54-8338-f590944df999,What occurs just before picking up the cards?,The cards are spread on floor.,,10;14;15;20;24;25;36;47;55;56;58;60;71;73;79;82;84;90;98;103;106;109;114;115;116;122;124;125;129;133;140;142;151;153;154;163;169;172;174;184;191;194;195;196;206;208;214;215;217;223;227;231;232;233;236;238;253;259;265;268;274;276;280,64,1
2bb31b69-fcda-4f54-8338-f590944df999,What action occurs before the deck is seen in a unified stack?,Separate the cards.,,10;14;15;20;24;25;36;47;55;56;58;60;71;73;79;82;84;90;98;103;106;109;114;115;116;122;124;125;129;133;140;142;151;153;154;163;169;172;174;184;191;194;195;196;206;208;214;215;217;223;227;231;232;233;236;238;253;256;259;265;268;274;276;280,64,1
2bb31b69-fcda-4f54-8338-f590944df999,What is visible before I separate cards?,Floor and unorganized cards.,,10;14;15;20;24;25;36;47;55;56;58;60;71;73;79;82;84;90;98;103;106;109;114;115;116;122;124;125;129;133;140;142;151;153;154;163;169;172;174;184;191;194;195;196;206;208;209;214;215;217;223;227;231;232;233;236;238;253;259;265;268;274;276;280,64,1
2bb31b69-fcda-4f54-8338-f590944df999,What is the setting of the current video clip?,A room with two people playing cards.,,10;24;25;36;56;58;60;71;82;84;103;106;115;116;122;124;133;151;153;163;169;172;184;194;195;196;215;217;227;231;232;233;236;253;259;265;268;274;288;291;296;298;304;311;315;321;326;330;332;338;349;351;352;353;357;358;360;367;372;377;397;413;416;417,64,1
2bb31b69-fcda-4f54-8338-f590944df999,What objects are prominent in the video scene?,"Playing cards, a phone, and a paper.",,10;24;25;36;56;60;71;82;84;103;106;115;116;122;124;133;151;153;163;169;172;184;194;195;196;215;217;227;231;232;233;236;253;259;265;268;274;288;291;296;298;304;311;315;321;326;330;332;338;349;351;352;353;357;358;360;367;372;377;397;403;413;416;417,64,1
2bb31b69-fcda-4f54-8338-f590944df999,How would you characterize the atmosphere in the video?,Casual and leisurely.,,10;24;25;36;56;58;60;71;82;84;103;106;115;116;122;124;133;151;153;163;169;172;184;194;195;196;215;217;227;231;232;233;236;253;259;265;268;274;288;291;296;298;304;311;315;321;326;330;332;338;349;351;352;353;357;358;360;367;372;377;397;413;416;417,64,1
2bb31b69-fcda-4f54-8338-f590944df999,What actions are being performed in the video clip?,"Shuffling, picking, and playing cards.",,10;24;25;36;56;60;71;82;84;103;106;115;116;122;124;133;151;153;163;169;172;184;194;195;196;215;217;227;231;232;233;236;253;259;265;268;274;288;291;296;298;304;311;315;321;326;330;332;338;349;351;352;353;357;358;360;367;372;377;397;403;413;416;417,64,1
2bb31b69-fcda-4f54-8338-f590944df999,Did the individuals reshuffle the cards in the video?,Yes.,,10;24;25;36;56;60;71;82;84;90;103;106;115;116;122;124;133;151;153;163;169;172;184;194;195;196;215;217;227;231;232;233;236;253;259;265;268;274;288;291;296;298;304;311;315;321;326;330;332;338;349;351;352;353;357;358;360;367;372;377;397;413;416;417,64,1
2bb31b69-fcda-4f54-8338-f590944df999,Was a phone used during the gameplay?,Yes.,,10;24;25;36;56;60;71;82;84;90;103;106;115;116;122;124;133;151;153;163;169;172;184;194;195;196;215;217;227;231;232;233;236;253;259;265;268;274;288;291;296;298;304;311;315;321;326;330;332;338;349;351;352;353;357;358;360;367;372;377;397;413;416;417,64,1
2bb31b69-fcda-4f54-8338-f590944df999,Was a new game started in the video clip?,Yes.,,10;24;25;36;56;60;71;82;84;103;106;115;116;122;124;133;151;153;163;169;172;184;194;195;196;215;217;227;231;232;233;236;253;259;265;268;274;288;291;296;298;304;311;315;321;326;330;332;338;349;351;352;353;357;358;360;367;372;377;397;403;413;416;417,64,1
2bb31b69-fcda-4f54-8338-f590944df999,Did the scene capture any form of disagreement?,No.,,10;24;25;36;56;60;71;82;84;90;103;106;115;116;122;124;133;151;153;163;169;172;184;194;195;196;215;217;227;231;232;233;236;253;259;265;268;274;288;291;296;298;304;311;315;321;326;330;332;338;349;351;352;353;357;358;360;367;372;377;397;413;416;417,64,1
2bb31b69-fcda-4f54-8338-f590944df999,"In the video, is the poker game started before the cards are reshuffled?",No.,,10;24;25;36;56;60;71;82;84;103;106;115;116;122;124;133;151;153;163;169;172;184;194;195;196;215;217;227;231;232;233;236;253;259;265;268;274;288;291;296;298;304;311;315;321;326;330;332;338;349;351;352;353;357;358;360;367;372;377;397;403;413;416;417,64,1
2bb31b69-fcda-4f54-8338-f590944df999,Is the deck spread out on the floor after picking a card?,Yes.,,10;24;25;36;56;60;71;82;84;90;103;106;115;116;122;124;133;151;153;163;169;172;184;194;195;196;215;217;227;231;232;233;236;253;259;265;268;274;291;296;298;304;311;315;321;326;330;332;338;349;351;352;353;357;358;360;367;372;377;397;403;413;416;417,64,1
2bb31b69-fcda-4f54-8338-f590944df999,Does the card shuffling happen before sitting on the floor?,No.,,10;24;25;36;56;60;71;82;84;103;106;115;116;122;124;133;151;153;163;169;172;184;194;195;196;215;217;227;231;232;233;236;253;259;265;268;274;288;291;296;298;304;311;315;321;326;330;332;338;349;351;352;353;357;358;360;367;372;377;397;403;413;416;417,64,1
2bb31b69-fcda-4f54-8338-f590944df999,"In the video, is the card game initiated before sitting with the lady?",No.,,10;24;25;36;56;60;71;82;84;103;106;115;116;122;124;133;151;153;163;169;172;184;194;195;196;215;217;227;231;232;233;236;253;259;265;268;274;288;291;296;298;304;311;315;321;326;330;332;338;349;351;352;353;357;358;360;367;372;377;397;403;413;416;417,64,1
2bb31b69-fcda-4f54-8338-f590944df999,What happens before the poker game is played in the video?,Cards are picked.,,10;24;25;36;56;60;71;82;84;103;106;115;116;122;124;133;151;153;163;169;172;184;194;195;196;215;217;227;231;232;233;236;253;259;265;268;274;288;291;296;298;304;311;315;321;326;330;332;338;349;351;352;353;357;358;360;367;372;377;397;403;413;416;417,64,1
2bb31b69-fcda-4f54-8338-f590944df999,What occurs right before reshuffling the cards?,I sit with the lady.,,10;24;25;36;56;60;71;82;84;90;103;106;115;116;122;124;133;151;153;163;169;172;184;194;195;196;215;217;227;231;232;233;236;253;259;265;268;274;288;291;296;298;304;311;315;321;326;330;332;338;349;351;352;353;357;358;360;367;372;377;397;413;416;417,64,1
2bb31b69-fcda-4f54-8338-f590944df999,What is done just before spreading the cards on the floor?,Cards are picked.,,10;24;25;36;56;60;71;82;84;90;103;106;115;116;122;124;133;151;153;163;169;172;184;194;195;196;215;217;227;231;232;233;236;253;259;265;268;274;291;296;298;304;311;315;321;326;330;332;338;349;351;352;353;357;358;360;367;372;377;397;403;413;416;417,64,1
2bb31b69-fcda-4f54-8338-f590944df999,"In the video, did I play cards before shuffling them?",No.,,10;24;25;36;56;60;71;82;84;103;106;115;116;122;124;133;151;153;163;169;172;184;194;195;196;215;217;227;231;232;233;236;253;259;265;268;274;288;291;296;298;304;311;315;321;326;330;332;338;349;351;352;353;357;358;360;367;372;377;397;403;413;416;417,64,1
2bb31b69-fcda-4f54-8338-f590944df999,"In the video, did I shuffle the cards before picking them?",Yes.,,10;24;25;36;56;60;71;82;84;90;103;106;115;116;122;124;133;151;153;163;169;172;184;194;195;196;215;217;227;231;232;233;236;253;259;265;268;274;288;291;296;298;304;311;315;321;326;330;332;338;349;351;352;353;357;358;360;367;372;377;397;413;416;417,64,1
2bb31b69-fcda-4f54-8338-f590944df999,What is the action before reshuffling the cards in the video?,Separating the cards.,,10;24;25;36;56;58;60;71;82;84;103;106;115;116;122;124;133;151;153;163;169;172;184;194;195;196;215;217;227;231;232;233;236;253;259;265;268;274;288;291;296;298;304;311;315;321;326;330;332;338;349;351;352;353;357;358;360;367;372;377;397;413;416;417,64,1
2bb31b69-fcda-4f54-8338-f590944df999,What is the setting of the video?,A room with two people playing poker.,,10;24;36;56;82;84;103;106;116;122;151;153;163;172;184;194;195;196;215;217;227;231;232;233;236;253;259;265;268;274;291;296;298;304;311;321;330;332;349;351;352;353;357;358;360;367;372;413;416;417;423;457;466;478;485;488;491;509;516;521;529;532;534;544,64,1
2bb31b69-fcda-4f54-8338-f590944df999,What objects are present in the scene?,"Cards, a tablecloth, and personal items on the floor.",,10;24;25;36;56;82;84;103;106;116;122;151;153;163;184;194;195;196;215;217;227;231;232;233;236;253;259;265;268;274;291;296;298;304;311;321;330;332;349;351;352;353;357;358;360;367;372;413;416;417;423;457;466;478;485;488;491;509;516;521;529;532;534;544,64,1
2bb31b69-fcda-4f54-8338-f590944df999,What is the main focus of the camera?,The poker game and the players' actions.,,10;24;25;36;56;82;84;103;106;115;116;122;151;153;163;172;184;194;195;196;215;217;227;231;232;233;236;253;259;265;268;274;291;296;298;304;321;330;332;349;352;353;357;358;360;367;372;413;416;417;423;457;466;478;485;488;491;509;516;521;529;532;534;544,64,1
2bb31b69-fcda-4f54-8338-f590944df999,What stage of the game is shown?,"The preparation phase, shuffling and dealing cards.",,10;36;56;82;84;103;106;116;122;124;151;153;163;172;184;194;195;196;215;217;227;231;232;233;236;253;259;265;268;274;291;296;298;304;311;321;330;332;349;351;352;353;357;358;360;367;372;413;416;417;423;457;466;478;485;488;491;509;516;521;529;532;534;544,64,1
2bb31b69-fcda-4f54-8338-f590944df999,Capture the essence of the action in a short phrase.,An intense poker game in progress.,,10;24;25;36;56;82;84;103;106;115;116;122;151;153;163;172;184;194;195;196;215;217;227;231;232;233;236;253;259;265;268;274;291;296;298;304;321;330;332;349;351;352;353;357;358;360;367;372;413;416;417;423;457;466;485;488;491;509;516;521;529;532;534;544,64,1
2bb31b69-fcda-4f54-8338-f590944df999,Did the person shuffle the cards more than once?,Yes.,,10;24;25;36;56;82;84;103;106;115;116;122;124;151;153;163;172;184;194;195;196;215;217;227;231;232;233;236;253;259;265;268;274;291;296;298;304;321;330;332;349;352;353;357;358;360;367;372;413;416;417;423;457;466;485;488;491;509;516;521;529;532;534;544,64,1
2bb31b69-fcda-4f54-8338-f590944df999,Is there another activity besides poker being portrayed?,No.,,10;24;25;36;56;82;84;103;106;115;116;122;151;153;163;184;194;195;196;215;217;227;231;232;233;236;253;259;265;268;274;291;296;298;304;321;330;332;349;352;353;357;358;360;367;372;377;413;416;417;423;457;466;478;485;488;491;509;516;521;529;532;534;544,64,1
2bb31b69-fcda-4f54-8338-f590944df999,Are both players sitting on chairs?,"No, they are sitting on the floor.",,10;24;25;36;82;84;103;106;115;116;122;151;153;163;172;184;194;195;196;215;217;227;231;232;233;236;253;259;265;268;274;291;296;298;304;321;330;332;349;352;353;357;358;360;367;372;413;416;417;423;453;457;466;478;485;488;491;509;516;521;529;532;534;544,64,1
2bb31b69-fcda-4f54-8338-f590944df999,"In the video, is the card reshuffling performed before picking the cards?",No,,10;24;25;36;56;82;84;103;106;115;116;122;151;153;163;172;184;194;195;196;215;217;227;231;232;233;236;253;259;265;268;274;291;296;298;304;321;330;332;349;352;353;357;358;360;367;372;413;416;417;423;457;466;478;485;488;491;509;516;521;529;532;534;544,64,1
2bb31b69-fcda-4f54-8338-f590944df999,Is the lady X present in the room before I reshuffle the cards?,Yes,,10;24;25;36;56;82;84;103;106;115;116;122;151;153;163;184;194;195;196;215;217;227;231;232;233;236;253;259;265;268;274;291;296;298;304;321;330;332;349;352;353;357;358;360;367;372;377;413;416;417;423;457;466;478;485;488;491;509;516;521;529;532;534;544,64,1
2bb31b69-fcda-4f54-8338-f590944df999,Do I play the cards before lady X picks her phone?,No,,10;24;25;36;56;82;84;103;106;115;116;122;151;153;163;184;194;195;196;215;217;227;231;232;233;236;253;259;265;268;274;291;296;298;304;321;330;332;349;352;353;357;358;360;367;372;377;413;416;417;423;457;466;478;485;488;491;509;516;521;529;532;534;544,64,1
2bb31b69-fcda-4f54-8338-f590944df999,Are the cards picked before they are played?,Yes,,10;24;25;36;56;82;84;103;106;115;116;122;151;153;163;184;194;195;196;215;217;227;231;232;233;236;253;259;265;268;274;291;296;298;304;321;330;332;349;351;352;353;357;358;360;367;372;413;416;417;423;457;466;478;485;488;491;509;516;521;529;532;534;544,64,1
2bb31b69-fcda-4f54-8338-f590944df999,What happens just before the cards are played in the video?,The cards are reshuffled.,,10;24;25;36;56;82;84;103;106;116;122;151;153;163;184;194;196;215;217;227;231;232;233;236;253;259;265;268;274;291;296;298;304;311;321;330;332;349;351;352;353;357;358;360;367;372;377;413;416;417;423;457;466;478;485;488;491;509;516;521;529;532;534;544,64,1
2bb31b69-fcda-4f54-8338-f590944df999,What do we see happening just before the cards are picked?,The cards are reshuffled.,,10;24;25;36;56;82;84;103;106;115;116;122;151;153;163;184;194;195;196;215;217;227;231;232;233;236;253;259;265;268;274;291;296;298;304;321;330;332;349;351;352;353;357;358;360;367;372;413;416;417;423;457;466;478;485;488;491;509;516;521;529;532;534;544,64,1
2bb31b69-fcda-4f54-8338-f590944df999,What action takes place before reshuffling the cards?,The cards are picked.,,10;24;36;56;82;84;103;106;115;116;122;151;153;163;184;194;195;196;215;217;227;231;232;233;236;253;259;265;268;274;291;296;298;304;311;321;330;332;349;352;353;357;358;360;367;372;377;413;416;417;423;457;466;478;485;488;491;509;516;521;529;532;534;544,64,1
2bb31b69-fcda-4f54-8338-f590944df999,"Before the poker game begins, what is the last action performed?",The cards are reshuffled.,,10;24;25;36;56;82;84;103;106;115;116;122;151;153;163;184;194;195;196;215;217;227;231;232;233;236;253;259;265;268;274;291;296;298;304;321;330;332;349;351;352;353;357;358;360;367;372;413;416;417;423;457;466;478;485;488;491;509;516;521;529;532;534;544,64,1
2bb31b69-fcda-4f54-8338-f590944df999,Did the card reshuffling happen before picking the cards?,No,,10;24;25;36;56;82;84;103;106;115;116;122;151;153;163;172;184;194;195;196;215;217;227;231;232;233;236;253;259;265;268;274;291;296;298;304;321;330;332;349;352;353;357;358;360;367;372;413;416;417;423;457;466;478;485;488;491;509;516;521;529;532;534;544,64,1
2bb31b69-fcda-4f54-8338-f590944df999,Was playing cards done after picking the cards?,Yes,,10;24;25;36;56;82;84;103;106;115;116;122;151;153;163;184;194;195;196;215;217;227;231;232;233;236;253;259;265;268;274;291;296;298;304;321;330;332;349;352;353;357;358;360;367;372;377;413;416;417;423;457;466;478;485;488;491;509;516;521;529;532;534;544,64,1
2bb31b69-fcda-4f54-8338-f590944df999,What happened just before playing poker cards?,Reshuffled the cards,,10;24;25;36;56;82;84;103;106;115;116;122;151;153;163;184;194;195;196;215;217;227;231;232;233;236;253;259;265;268;274;291;296;298;304;321;330;332;349;352;353;357;358;360;367;372;377;413;416;417;423;457;466;478;485;488;491;509;516;521;529;532;534;544,64,1
2bb31b69-fcda-4f54-8338-f590944df999,What occurs right before reshuffling the cards?,Picked the cards,,10;24;25;36;56;82;84;103;106;115;116;122;151;153;163;184;194;195;196;215;217;227;231;232;233;236;253;259;265;268;274;291;296;298;304;321;330;332;349;351;352;353;357;358;360;367;372;413;416;417;423;457;466;478;485;488;491;509;516;521;529;532;534;544,64,1
2bb31b69-fcda-4f54-8338-f590944df999,What action took place just before picking the cards?,Reshuffled the cards,,10;24;36;56;60;82;84;103;106;116;122;151;153;163;184;194;195;196;215;217;227;232;233;236;253;259;265;268;274;291;296;298;304;311;321;330;332;349;351;352;353;357;358;360;367;372;377;413;416;417;423;457;466;478;485;488;491;509;516;521;529;532;534;544,64,1
2bb31b69-fcda-4f54-8338-f590944df999,What environment is presented in the video?,A casual indoor space with a card game being played.,,10;36;84;106;116;122;151;153;163;194;196;215;217;227;232;233;236;253;259;268;274;291;296;298;304;321;330;332;349;352;357;358;360;372;413;416;423;485;488;491;509;521;534;544;568;584;602;605;609;614;615;618;619;622;623;633;638;640;643;648;661;672;674;681,64,1
2bb31b69-fcda-4f54-8338-f590944df999,What sequence of actions is depicted here?,"Selecting, organizing, and using cards in a game is depicted.",,10;36;84;106;116;122;151;153;194;196;215;217;227;232;233;236;253;259;268;274;291;296;298;304;321;330;332;349;352;357;358;360;372;413;416;423;457;485;488;491;509;521;534;544;568;584;602;605;609;614;615;618;619;622;623;633;638;640;643;648;661;672;674;681,64,1
2bb31b69-fcda-4f54-8338-f590944df999,How are the participants utilizing the items?,They are using cards for a recreational activity.,,10;36;84;103;106;116;122;153;194;196;215;217;227;231;232;233;236;253;259;268;291;296;298;304;321;330;332;349;352;357;358;360;372;413;416;423;457;485;488;491;509;521;534;544;568;584;602;605;609;614;615;618;619;622;623;633;638;640;643;648;661;672;674;681,64,1
2bb31b69-fcda-4f54-8338-f590944df999,Is there a competitive game being played in this scene?,Yes.,,10;36;84;106;116;122;153;184;194;196;215;217;227;232;233;236;253;259;268;274;291;296;298;304;321;330;332;349;352;357;358;360;372;413;416;423;457;485;488;491;509;521;534;544;568;584;602;605;609;614;615;618;619;622;623;633;638;640;643;648;661;672;674;681,64,1
2bb31b69-fcda-4f54-8338-f590944df999,Has any card been placed face-up on the carpet?,Yes.,,10;36;84;106;116;122;151;153;194;196;215;217;227;232;233;236;253;259;268;274;291;296;298;304;321;330;332;349;352;357;358;360;372;413;416;423;485;488;491;509;521;534;544;568;584;602;605;608;609;614;615;618;619;622;623;633;638;640;643;648;661;672;674;681,64,1
2bb31b69-fcda-4f54-8338-f590944df999,Are there drinks present on the floor beside the players?,Yes.,,10;36;84;103;106;116;122;153;184;194;196;215;217;227;232;233;236;253;259;268;274;291;296;298;304;321;330;332;349;357;358;360;372;413;416;423;485;488;491;509;521;534;544;568;584;602;605;608;609;614;615;618;619;622;623;633;638;640;643;648;661;672;674;681,64,1
2bb31b69-fcda-4f54-8338-f590944df999,Is there a document visible on the floor?,Yes.,,10;24;36;84;103;106;116;122;151;153;163;194;196;215;217;227;232;233;236;253;259;268;291;296;298;304;321;330;332;349;357;358;360;372;413;416;423;485;488;491;509;521;534;544;568;584;602;605;609;614;615;618;619;622;623;633;638;640;643;648;661;672;674;681,64,1
2bb31b69-fcda-4f54-8338-f590944df999,Are both participants actively selecting cards?,Yes.,,36;84;103;106;116;122;151;153;184;194;196;215;217;227;232;233;236;253;259;268;291;296;298;304;321;330;332;349;357;358;360;372;413;416;423;457;485;488;491;509;516;521;534;544;568;584;602;605;609;614;615;618;619;622;623;633;638;640;643;648;661;672;674;681,64,1
2bb31b69-fcda-4f54-8338-f590944df999,Is the poker game played before reshuffling the cards?,No,,10;24;25;36;84;103;106;116;122;151;153;184;194;196;215;217;227;232;233;236;253;259;268;291;296;298;304;321;330;332;349;357;358;360;372;413;416;423;488;491;509;521;534;544;568;584;602;605;608;609;614;615;618;619;622;623;633;638;640;643;648;661;672;674,64,1
2bb31b69-fcda-4f54-8338-f590944df999,What action is performed immediately before reshuffling?,Picking the cards,,10;36;84;106;116;122;151;153;194;196;215;217;227;232;233;236;253;259;268;274;291;296;298;304;321;330;332;349;352;357;358;360;372;413;416;423;457;485;488;491;509;521;534;544;568;584;602;605;609;614;615;618;619;622;623;633;638;640;643;648;661;672;674;681,64,1
2bb31b69-fcda-4f54-8338-f590944df999,Was the poker card played after the cards were picked?,Yes.,,10;24;25;36;84;106;116;122;153;184;194;196;215;217;227;232;233;236;253;259;268;274;291;296;298;304;321;330;332;349;357;358;360;372;413;416;423;488;491;509;521;534;544;568;584;602;605;608;609;614;615;618;619;622;623;633;638;640;643;648;661;672;674;681,64,1
2bb31b69-fcda-4f54-8338-f590944df999,What action occurs before playing the card game?,Separating cards.,,10;36;84;106;116;122;151;153;194;196;215;217;227;232;233;236;253;259;268;274;291;296;298;304;321;330;332;349;357;358;360;372;413;416;423;478;485;488;491;509;516;521;534;544;568;584;602;605;609;614;615;618;619;622;623;633;638;640;643;648;661;672;674;681,64,1
2bb31b69-fcda-4f54-8338-f590944df999,What is done just before reshuffling the cards?,Picking the cards.,,10;24;25;36;84;103;106;116;122;153;194;196;215;217;227;232;233;236;253;259;268;274;291;296;298;304;321;330;332;349;357;358;360;372;413;416;423;485;488;491;509;521;534;544;568;584;602;605;609;614;615;618;619;622;623;633;638;640;643;648;661;672;674;681,64,1
2bb31b69-fcda-4f54-8338-f590944df999,What is the main setting of this scene?,The setting is a room where a poker card game is being played.,,10;36;84;106;116;153;194;196;215;217;227;232;233;236;253;259;268;291;296;298;304;330;332;349;357;358;360;372;413;416;423;488;491;509;521;534;568;584;602;605;609;614;615;618;619;622;623;633;638;640;643;648;661;672;674;681;691;713;721;723;729;749;755;800,64,1
2bb31b69-fcda-4f54-8338-f590944df999,How many participants are involved in the card game?,There are two participants in the card game.,,36;84;106;116;122;153;194;196;215;217;227;232;233;236;253;259;268;291;296;298;304;321;330;332;349;357;358;360;372;413;416;423;488;491;521;534;568;584;602;605;609;614;615;618;619;622;623;633;638;640;643;648;661;672;674;681;691;713;721;723;729;749;755;800,64,1
2bb31b69-fcda-4f54-8338-f590944df999,What objects are primarily visible on the table?,Visible objects include poker cards and scattered items.,,10;36;84;106;116;122;153;194;196;217;227;232;233;236;253;259;268;291;296;298;304;321;330;332;349;357;358;360;372;413;416;423;491;509;521;534;544;568;584;602;605;609;614;615;618;619;622;623;633;638;640;643;648;661;672;681;691;697;713;721;723;749;755;800,64,1
2bb31b69-fcda-4f54-8338-f590944df999,Describe the sequence of actions with the poker cards.,"The poker cards are picked up, shuffled, then played in turns.",,10;36;84;106;116;122;153;194;196;215;217;227;232;233;236;253;259;268;291;296;298;304;321;330;332;349;357;358;360;372;413;416;423;488;491;521;534;544;568;584;602;605;609;614;615;618;619;622;623;633;638;640;643;648;661;672;681;691;713;721;723;749;755;800,64,1
2bb31b69-fcda-4f54-8338-f590944df999,Did I carry out a reshuffle of the poker cards?,Yes.,,10;24;36;84;106;116;122;153;184;194;215;217;227;232;233;236;253;259;268;291;296;298;304;330;332;349;357;358;360;372;413;416;423;488;491;521;534;544;568;584;602;605;609;614;615;618;619;622;623;633;638;640;643;648;661;672;691;697;713;721;723;749;755;800,64,1
2bb31b69-fcda-4f54-8338-f590944df999,Was a complete poker game played in this clip?,Yes.,,10;36;84;106;116;122;153;194;196;215;217;227;232;233;236;253;259;268;291;296;298;304;330;332;349;357;358;360;372;413;416;423;488;491;521;534;568;584;602;605;609;614;615;618;619;622;623;633;638;640;643;648;661;672;674;681;691;697;713;721;723;749;755;800,64,1
2bb31b69-fcda-4f54-8338-f590944df999,Did the game involve more than two players?,No.,,10;36;84;106;116;153;194;196;215;217;227;232;233;236;253;259;268;291;296;298;304;321;330;332;349;357;358;360;372;413;416;423;488;491;521;534;568;584;602;605;609;614;615;618;619;622;623;633;638;640;643;648;661;672;674;681;691;713;721;723;729;749;755;800,64,1
2bb31b69-fcda-4f54-8338-f590944df999,Did I participate in dealing the cards?,Yes.,,10;36;84;106;116;153;184;194;196;215;217;227;231;232;233;236;253;259;268;291;296;298;304;330;332;349;357;358;360;372;413;416;423;488;491;521;534;544;568;584;602;605;609;614;615;619;622;623;633;638;640;643;648;661;672;691;697;713;721;723;729;749;755;800,64,1
2bb31b69-fcda-4f54-8338-f590944df999,"In the video, did the card shuffling happen before playing the game?",Yes.,,10;36;84;106;116;122;153;194;196;215;217;227;232;233;236;253;259;268;291;296;298;304;321;330;332;349;357;358;360;372;413;416;423;488;491;521;534;568;584;602;605;609;614;615;618;619;622;623;633;638;640;643;648;661;672;674;681;691;713;721;723;749;755;800,64,1
2bb31b69-fcda-4f54-8338-f590944df999,Did the playing of poker cards occur before reshuffling the cards?,No.,,10;36;84;106;116;122;153;194;196;215;217;227;232;233;236;253;259;268;291;296;298;304;330;332;349;357;358;360;372;413;416;423;488;491;521;534;544;568;584;602;605;609;614;615;618;619;622;623;633;638;640;643;648;661;672;674;691;713;721;723;729;749;755;800,64,1
2bb31b69-fcda-4f54-8338-f590944df999,Did picking the cards happen after playing the card game?,No.,,10;36;84;106;116;122;153;194;196;215;217;227;232;233;236;253;259;268;291;296;298;304;330;332;349;357;358;360;372;413;416;423;488;491;509;521;534;568;584;602;605;609;614;615;618;619;622;623;633;638;640;643;648;661;672;681;691;697;713;721;723;749;755;800,64,1
2bb31b69-fcda-4f54-8338-f590944df999,What happens just before playing the poker card game in the video?,Reshuffling the cards.,,10;36;84;106;116;153;194;196;215;217;227;232;233;236;253;259;268;291;296;298;304;321;330;332;349;357;358;360;372;413;416;423;488;491;521;534;568;584;602;605;609;614;615;618;619;622;623;633;638;640;643;648;661;672;674;681;691;697;713;721;723;749;755;800,64,1
2bb31b69-fcda-4f54-8338-f590944df999,What occurs directly before playing the card game?,Separating the cards.,,10;36;84;106;116;122;153;194;196;215;217;227;232;233;236;253;259;268;291;296;298;304;321;330;332;349;357;358;360;372;413;416;423;488;491;521;534;568;584;602;605;609;614;615;618;619;622;623;633;638;640;643;648;661;672;681;691;697;713;721;723;749;755;800,64,1
2bb31b69-fcda-4f54-8338-f590944df999,"In the video, was the poker card played before they were reshuffled?",No,,10;36;84;106;116;122;153;194;196;215;217;227;232;233;236;253;259;268;291;296;298;304;330;332;349;357;358;360;372;413;416;423;488;491;521;534;568;584;602;605;609;614;615;618;619;622;623;633;638;640;643;648;661;672;674;681;691;697;713;721;723;749;755;800,64,1
2bb31b69-fcda-4f54-8338-f590944df999,"In the clip, was the poker card reshuffled after card separation?",Yes,,10;36;84;106;116;122;153;194;196;215;217;227;232;233;236;253;259;268;291;296;298;304;321;330;332;349;357;358;360;372;413;416;423;488;491;509;521;534;568;584;602;605;609;614;615;618;619;622;623;633;640;643;648;661;672;681;691;697;713;721;723;749;755;800,64,1
2bb31b69-fcda-4f54-8338-f590944df999,What occurs just before playing the poker card in the video?,Reshuffling the cards,,10;36;84;106;116;153;194;196;215;217;227;232;233;236;253;259;268;291;296;298;304;321;330;332;349;357;358;360;372;413;416;423;488;491;521;534;568;584;602;605;609;614;615;618;619;622;623;633;638;640;643;648;661;672;674;681;691;697;713;721;723;749;755;800,64,1
2bb31b69-fcda-4f54-8338-f590944df999,"In the video, what event precedes playing the card game?",Separating cards,,10;36;84;106;116;122;153;194;196;217;227;232;233;236;253;259;268;291;296;298;304;321;330;332;349;357;358;360;372;413;416;423;488;491;509;521;534;568;584;602;605;609;614;615;618;619;622;623;633;638;640;643;648;661;672;674;681;691;713;721;723;749;755;800,64,1
2bb31b69-fcda-4f54-8338-f590944df999,What does this video clip depict in the room scene?,The video shows a card game session in a room.,,36;84;106;116;153;194;196;217;227;232;233;236;253;259;268;291;296;298;304;330;332;349;357;358;360;372;413;416;423;488;491;521;534;568;584;602;605;609;614;615;618;619;622;623;633;638;640;643;648;661;672;674;681;691;713;721;723;749;755;800;827;831;840;855,64,1
2bb31b69-fcda-4f54-8338-f590944df999,What can you infer about the location in the video?,"It is a casual, home-like space with a seated person.",,10;36;84;106;116;153;194;217;227;232;233;236;253;259;268;291;296;298;304;330;332;349;357;358;360;372;413;416;423;488;491;521;534;568;584;602;605;609;614;615;619;622;623;633;638;640;643;648;661;672;674;681;691;697;713;721;723;729;749;755;800;827;840;855,64,1
2bb31b69-fcda-4f54-8338-f590944df999,Do these frames show any specific action with the cards?,"Yes, the cards are being reshuffled by the person.",,10;36;84;106;116;153;194;196;217;227;232;233;236;253;259;268;291;296;298;304;330;332;349;357;358;360;372;413;416;423;488;491;521;534;568;584;602;605;609;614;615;618;619;622;623;633;638;640;643;648;661;672;681;691;713;721;723;749;755;800;827;831;840;855,64,1
2bb31b69-fcda-4f54-8338-f590944df999,Did the scene show a game in progress?,Yes.,,10;36;84;106;116;153;194;196;217;227;232;233;236;253;259;268;291;296;298;304;330;332;349;357;358;360;372;413;416;423;488;491;521;534;568;584;602;605;609;614;615;618;619;622;623;633;638;640;643;648;661;672;681;691;713;721;723;749;755;800;827;831;840;855,64,1
2bb31b69-fcda-4f54-8338-f590944df999,Was there a card shuffle taking place?,Yes.,,10;36;84;106;116;153;194;196;217;227;232;233;236;253;259;268;291;296;298;304;330;332;349;357;358;360;372;413;416;423;488;491;521;534;568;584;602;605;609;614;615;618;619;622;623;633;640;643;648;661;672;681;691;697;713;721;723;749;755;800;827;831;840;855,64,1
2bb31b69-fcda-4f54-8338-f590944df999,Did they play the cards on a traditional table?,No.,,10;36;84;106;116;153;194;196;217;227;232;233;236;253;259;268;291;296;298;304;330;332;349;357;358;360;372;413;416;423;491;521;534;568;584;602;605;609;614;615;618;619;622;623;633;638;640;643;648;661;672;681;691;697;713;721;723;749;755;800;827;831;840;855,64,1
2bb31b69-fcda-4f54-8338-f590944df999,Was the person alone in this activity?,No.,,10;36;84;106;116;153;194;217;227;232;233;236;253;259;268;291;296;298;304;330;332;349;357;358;360;372;413;416;423;488;491;521;534;568;584;602;605;609;614;615;619;622;623;633;638;640;643;648;661;672;674;681;691;713;721;723;729;749;755;800;827;831;840;855,64,1
2bb31b69-fcda-4f54-8338-f590944df999,Did the video capture an outdoor event?,No.,,10;36;84;106;116;153;194;196;215;217;227;232;233;236;253;259;268;291;296;298;304;330;332;349;357;358;360;372;413;416;423;488;491;521;534;568;584;602;605;609;614;615;618;619;622;623;633;638;640;643;648;661;672;713;721;723;729;749;755;800;827;831;840;855,64,1
2bb31b69-fcda-4f54-8338-f590944df999,What action takes place immediately before the carpet is covered?,Sitting down.,,10;36;84;106;116;153;194;196;217;227;232;233;236;253;259;268;291;296;298;304;321;330;332;349;357;358;360;372;413;416;423;491;521;534;568;584;602;605;609;614;615;618;619;622;623;633;638;640;643;648;661;672;674;681;691;713;723;749;755;800;827;831;840;855,64,1
2bb31b69-fcda-4f54-8338-f590944df999,Is the card game played before reshuffling the cards?,No,,10;36;84;106;116;122;153;194;196;215;217;227;232;233;236;253;259;268;291;296;298;304;330;332;349;357;358;360;372;413;416;423;488;491;521;534;568;584;602;605;609;614;615;618;619;622;623;633;640;643;648;661;672;691;697;713;723;749;755;800;827;831;840;855,64,1
2bb31b69-fcda-4f54-8338-f590944df999,Is picking the cards shown before separating them?,Yes,,10;36;84;106;116;153;194;215;217;227;232;233;236;253;259;268;291;296;298;304;321;330;332;349;357;358;360;372;413;416;423;488;491;521;534;568;584;602;605;609;614;615;618;619;622;623;633;638;640;643;648;661;672;691;713;721;723;749;755;800;827;831;840;855,64,1
2bb31b69-fcda-4f54-8338-f590944df999,Does separating cards happen before reshuffling?,Yes,,10;36;84;106;116;153;194;215;217;227;232;233;236;253;259;268;291;296;298;304;330;332;349;357;358;360;372;413;416;423;488;491;521;534;568;584;602;605;609;614;615;618;619;622;623;633;638;640;643;648;661;672;691;697;713;721;723;749;755;800;827;831;840;855,64,1
2bb31b69-fcda-4f54-8338-f590944df999,Is reshuffling the cards shown before playing poker?,Yes,,10;36;84;106;116;122;153;194;196;215;217;227;232;233;236;253;259;268;291;296;298;304;330;332;349;357;358;360;372;413;416;423;488;491;521;534;568;584;602;605;609;614;615;618;619;622;623;633;640;643;648;661;672;691;713;721;723;749;755;800;827;831;840;855,64,1
2bb31b69-fcda-4f54-8338-f590944df999,Does picking cards occur before playing the card game?,Yes,,10;36;84;106;116;153;194;196;217;227;232;233;236;253;259;268;291;296;298;304;321;330;332;349;357;358;360;372;413;416;423;488;491;521;534;568;584;602;605;609;614;615;618;619;622;623;633;640;643;648;661;672;681;691;713;721;723;749;755;800;827;831;840;855,64,1
2bb31b69-fcda-4f54-8338-f590944df999,What is the current setting in the video clip?,A room where a card game is being played.,,10;36;84;106;116;153;194;196;217;227;232;233;236;253;259;268;291;296;298;304;330;332;349;357;358;360;372;413;416;423;491;521;534;568;584;602;605;609;614;615;618;619;622;623;633;638;640;643;648;661;672;674;681;691;713;721;723;749;755;800;827;831;840;855,64,1
2bb31b69-fcda-4f54-8338-f590944df999,What objects are central to the scene in the video?,A deck of poker cards.,,10;36;84;106;116;153;194;196;217;227;232;233;236;253;259;268;291;296;298;304;330;332;349;357;358;360;372;413;416;423;488;491;521;534;568;584;602;605;609;614;615;618;619;622;623;633;638;640;643;648;661;672;681;691;713;721;723;749;755;800;827;831;840;855,64,1
2bb31b69-fcda-4f54-8338-f590944df999,What is the main focus of the scene?,The act of playing a poker game.,,10;36;84;106;116;153;194;217;227;232;233;236;253;259;268;291;296;298;304;330;332;349;357;358;360;372;413;416;423;488;491;521;534;568;584;602;605;609;614;615;618;619;622;623;633;638;640;643;648;661;672;674;681;713;721;723;729;749;755;800;827;831;840;855,64,1
2bb31b69-fcda-4f54-8338-f590944df999,Detail the sequence of actions with the cards.,"Cards are being selected, shuffled, and dealt for poker.",,10;36;84;106;116;122;153;194;196;215;217;227;232;233;236;253;259;268;291;296;298;304;330;332;349;357;358;360;372;413;416;423;491;521;534;568;584;602;605;609;614;615;618;619;622;623;633;638;640;643;648;661;672;691;713;721;723;749;755;800;827;831;840;855,64,1
2bb31b69-fcda-4f54-8338-f590944df999,Does the scene show a poker game in action?,Yes.,,10;36;84;106;116;153;194;196;217;227;232;233;236;253;259;268;291;296;298;304;330;332;349;357;358;360;372;413;416;423;488;491;521;534;568;584;602;605;609;614;615;618;619;622;623;633;638;640;643;648;661;672;681;691;713;721;723;749;755;800;827;831;840;855,64,1
2bb31b69-fcda-4f54-8338-f590944df999,Does the video include a moment of card shuffling?,Yes.,,10;36;84;106;116;153;194;196;217;227;232;233;236;253;259;268;291;296;298;304;330;332;349;357;358;360;372;413;416;423;488;491;521;534;568;584;602;605;609;614;615;618;619;622;623;633;638;640;643;648;661;672;681;691;713;721;723;749;755;800;827;831;840;855,64,1
2bb31b69-fcda-4f54-8338-f590944df999,Is a card game being organized on a carpet?,Yes.,,10;36;84;106;116;122;153;194;217;227;232;233;236;253;259;268;291;296;298;304;321;330;332;349;357;358;360;372;413;416;423;491;521;534;568;584;602;605;609;614;615;618;619;622;623;633;640;643;648;661;672;681;691;697;713;721;723;749;755;800;827;831;840;855,64,1
2bb31b69-fcda-4f54-8338-f590944df999,Does the clip show someone dealing cards?,Yes.,,10;36;84;106;116;153;184;194;196;217;227;232;233;236;253;259;268;291;296;298;304;330;332;349;357;358;360;372;413;416;423;488;491;521;534;568;584;602;605;609;614;615;618;619;622;623;633;638;640;643;648;661;672;713;721;723;729;749;755;800;827;831;840;855,64,1
2bb31b69-fcda-4f54-8338-f590944df999,Is the lady sitting on the floor while playing cards?,Yes.,,10;36;84;106;116;153;194;215;217;227;232;233;236;253;259;268;291;296;298;304;330;332;349;357;358;360;372;413;416;423;488;491;521;534;568;584;602;605;609;614;615;618;619;622;623;633;638;640;643;648;661;672;691;697;713;721;723;749;755;800;827;831;840;855,64,1
2bb31b69-fcda-4f54-8338-f590944df999,Did the card shuffling happen before playing cards?,Yes,,10;36;84;106;116;153;194;196;215;217;227;232;233;236;253;259;268;291;296;298;304;330;332;349;357;358;360;372;413;416;423;488;491;521;534;568;584;602;605;609;614;615;618;619;622;623;633;640;643;648;661;672;681;691;713;721;723;749;755;800;827;831;840;855,64,1
2bb31b69-fcda-4f54-8338-f590944df999,Was the room entered before the cards were reshuffled?,Yes,,10;36;84;106;116;122;153;194;217;227;232;233;236;253;259;268;291;296;298;304;330;332;349;357;358;360;372;413;416;423;488;491;521;534;568;584;602;605;609;614;615;618;619;622;623;633;638;640;643;648;661;672;691;697;713;721;723;749;755;800;827;831;840;855,64,1
2bb31b69-fcda-4f54-8338-f590944df999,Did card shuffling occur before the cards were picked?,No,,10;36;84;106;116;153;194;215;217;227;232;233;236;253;259;268;291;296;298;304;330;332;349;357;358;360;372;413;416;423;488;491;521;534;568;584;602;605;609;614;615;618;619;622;623;633;638;640;643;648;661;672;691;697;713;721;723;749;755;800;827;831;840;855,64,1
2bb31b69-fcda-4f54-8338-f590944df999,What action is performed right before playing cards?,Reshuffling the cards,,36;84;106;116;153;194;196;217;227;232;233;236;253;259;268;291;296;298;304;321;330;332;349;357;358;360;372;413;416;423;488;491;521;534;568;584;602;605;609;614;615;618;619;622;623;633;638;640;643;648;661;672;681;691;697;713;723;749;755;800;827;831;840;855,64,1
2bb31b69-fcda-4f54-8338-f590944df999,What happens just before reshuffling the cards?,Picking up the cards,,10;36;84;106;116;153;194;196;215;217;227;232;233;236;253;259;268;291;296;298;304;330;332;349;357;358;360;372;413;416;423;488;491;521;534;568;584;602;605;609;614;615;619;622;623;633;638;640;643;648;661;672;691;697;713;721;723;749;755;800;827;831;840;855,64,1
2bb31b69-fcda-4f54-8338-f590944df999,What is done immediately before picking up cards?,Entering the room,,10;36;84;106;116;153;194;217;227;232;233;236;253;259;268;291;296;298;304;330;332;349;357;358;360;372;413;416;423;488;491;521;534;568;584;602;605;609;614;615;618;619;622;623;633;638;640;643;648;661;672;681;691;697;713;721;723;749;755;800;827;831;840;855,64,1
2bb31b69-fcda-4f54-8338-f590944df999,What takes place immediately after reshuffling cards?,Playing cards,,10;36;84;106;116;153;194;196;215;217;227;232;233;236;253;259;268;291;296;298;304;330;332;349;357;358;360;372;413;416;423;488;491;521;534;568;584;602;605;609;614;615;618;619;622;623;633;640;643;648;661;672;681;691;697;713;723;749;755;800;827;831;840;855,64,1
2bb31b69-fcda-4f54-8338-f590944df999,"In the video, is the poker game started before reshuffling the cards?",No,,10;36;84;106;116;153;194;215;217;227;232;233;236;253;259;268;291;296;298;304;330;332;349;357;358;360;372;413;416;423;488;491;521;534;568;584;602;605;609;614;615;618;619;622;623;633;638;640;643;648;661;672;691;697;713;721;723;749;755;800;827;831;840;855,64,1
2bb31b69-fcda-4f54-8338-f590944df999,"In the video, is the poker game initiated before the cards are spread out on the floor?",Yes,,10;36;84;106;116;153;194;217;227;232;233;236;253;259;268;291;296;298;304;330;332;349;357;358;360;372;413;416;423;488;491;521;534;568;584;602;605;609;614;615;618;619;622;623;633;638;640;643;648;661;672;681;691;697;713;721;723;749;755;800;827;831;840;855,64,1
2bb31b69-fcda-4f54-8338-f590944df999,What happens just before the cards are reshuffled in the video?,The cards are picked up,,10;36;84;106;116;153;194;217;227;232;233;236;253;259;268;291;296;298;304;330;332;349;357;358;360;372;413;416;423;488;491;521;534;568;584;602;605;609;614;615;618;619;622;623;633;638;640;643;648;661;672;681;691;697;713;721;723;749;755;800;827;831;840;855,64,1
2bb31b69-fcda-4f54-8338-f590944df999,What happens immediately before the cards are spread out on the floor?,Poker game is played,,10;36;84;106;116;153;194;217;227;232;233;236;253;259;268;291;296;298;304;330;332;349;357;358;360;372;413;416;423;488;491;521;534;568;584;602;605;609;614;615;618;619;622;623;633;638;640;643;648;661;672;681;691;697;713;721;723;749;755;800;827;831;840;855,64,1
2bb31b69-fcda-4f54-8338-f590944df999,What activity is being depicted in this room?,A card game is being played in the room.,,36;84;106;116;153;194;196;215;217;227;232;233;236;253;259;268;291;296;298;304;330;332;349;357;358;360;372;413;416;423;488;491;521;534;568;584;602;605;609;614;615;619;622;623;633;638;640;643;648;661;672;674;681;691;697;713;721;723;749;755;800;827;840;855,64,1
2bb31b69-fcda-4f54-8338-f590944df999,What can you deduce about the space shown?,"It's a lived-in room with a casual, cozy setting.",,36;84;106;116;153;194;196;217;227;232;233;236;253;259;268;291;296;298;304;321;330;332;349;357;358;372;413;416;423;488;491;521;534;568;584;602;605;609;614;615;618;619;622;623;633;638;640;643;648;661;672;674;681;691;713;721;723;749;755;800;827;831;840;855,64,1
2bb31b69-fcda-4f54-8338-f590944df999,Where are the players sitting in the scenario?,The players are seated on the floor.,,10;36;84;106;116;153;194;217;227;232;233;236;253;259;268;291;296;298;304;330;332;349;357;358;360;372;413;416;423;488;491;521;534;568;584;602;605;609;614;615;618;619;622;623;633;638;640;643;648;661;672;681;691;713;721;723;729;749;755;800;827;831;840;855,64,1
2bb31b69-fcda-4f54-8338-f590944df999,What are the visible objects associated with the activity?,Playing cards and casual footwear are visible.,,10;36;84;106;116;153;194;217;227;232;233;236;253;259;268;291;296;298;304;330;332;349;357;358;360;372;413;416;423;491;509;521;534;568;584;602;605;609;614;615;618;619;622;623;633;638;640;643;648;661;672;681;691;697;713;721;723;749;755;800;827;831;840;855,64,1
2bb31b69-fcda-4f54-8338-f590944df999,Does playing poker occur after picking cards?,Yes,,10;36;84;106;116;153;194;196;215;217;227;232;233;236;253;259;268;291;296;298;304;330;332;349;357;358;360;372;413;416;423;488;491;521;534;568;584;602;605;609;614;615;618;619;622;623;633;638;640;643;648;661;672;681;691;713;721;723;749;755;800;831;840;855,64,1
2bb31b69-fcda-4f54-8338-f590944df999,Are cards picked before reshuffling?,Yes,,10;36;84;106;116;153;194;215;217;227;232;233;236;253;259;268;291;296;298;304;330;332;349;357;358;360;372;413;416;423;488;491;521;534;568;584;602;605;609;614;615;618;619;622;623;633;638;640;643;648;661;672;691;713;721;723;729;749;755;800;827;831;840;855,64,1
2bb31b69-fcda-4f54-8338-f590944df999,Is the poker card played after reshuffling?,Yes,,10;36;84;106;116;122;153;194;196;215;217;227;232;233;236;253;259;268;291;296;298;304;330;332;349;357;358;360;372;413;416;423;488;491;521;534;568;584;602;605;609;614;615;618;619;622;623;633;640;643;648;661;672;691;697;713;723;749;755;800;827;831;840;855,64,1
2bb31b69-fcda-4f54-8338-f590944df999,What happens just before reshuffling the cards?,Picking the cards,,10;36;84;106;116;153;194;196;215;217;227;232;233;236;253;259;268;291;296;298;304;330;332;349;357;358;360;372;413;416;423;488;491;521;534;568;584;602;605;609;614;615;619;622;623;633;638;640;643;648;661;672;691;697;713;721;723;749;755;800;827;831;840;855,64,1
2bb31b69-fcda-4f54-8338-f590944df999,"In the video, is a card picked up before reshuffling the deck?",No,,10;36;84;106;116;153;194;217;227;232;233;236;253;259;268;291;296;298;304;330;332;349;357;358;360;372;413;416;423;488;491;521;534;568;584;602;605;609;614;615;618;619;622;623;633;638;640;643;648;661;672;681;691;697;713;721;723;749;755;800;827;831;840;855,64,1
2bb31b69-fcda-4f54-8338-f590944df999,"In the video, does playing cards occur before picking any card from the deck?",No,,10;36;84;106;116;153;194;217;227;232;233;236;253;259;268;291;296;298;304;330;332;349;357;358;360;372;413;416;423;488;491;521;534;568;584;602;605;609;614;615;618;619;622;623;633;638;640;643;648;661;672;681;691;697;713;721;723;749;755;800;827;831;840;855,64,1
2bb31b69-fcda-4f54-8338-f590944df999,"In the video, what happens before reshuffling the cards?",Picking up the cards,,10;36;84;106;116;153;194;215;217;227;232;233;236;253;259;268;291;296;298;304;330;332;349;357;358;360;372;413;416;423;488;491;521;534;568;584;602;605;609;614;615;619;622;623;633;638;640;643;648;661;672;691;697;713;721;723;729;749;755;800;827;831;840;855,64,1
2bb31b69-fcda-4f54-8338-f590944df999,What takes place just after the cards are picked up?,Reshuffling the cards,,10;36;84;106;116;153;194;217;227;232;233;236;253;259;268;291;296;298;304;330;332;349;357;358;360;372;413;416;423;488;491;521;534;568;584;602;605;609;614;615;618;619;622;623;633;638;640;643;648;661;672;681;691;697;713;721;723;749;755;800;827;831;840;855,64,1
2bb31b69-fcda-4f54-8338-f590944df999,What is done right after reshuffling the deck?,Playing poker cards,,10;36;84;106;116;153;194;215;217;227;232;233;236;253;259;268;291;296;298;304;330;332;349;357;358;360;372;413;416;423;488;491;521;534;568;584;602;605;609;614;615;619;622;623;633;638;640;643;648;661;672;681;691;697;713;721;723;749;755;800;827;831;840;855,64,1
2bb31b69-fcda-4f54-8338-f590944df999,What is the setting of the scene depicted?,The setting is inside a room with two individuals playing poker.,,10;36;84;106;116;153;194;196;217;227;232;233;236;253;259;268;291;296;298;304;330;332;349;357;358;360;372;413;416;423;488;491;521;534;568;584;602;605;609;614;615;618;619;622;623;633;638;640;643;648;661;672;674;681;713;721;723;749;755;800;827;831;840;855,64,1
2bb31b69-fcda-4f54-8338-f590944df999,What objects are prominent in this scene?,Poker cards and hands are prominent in the scene.,,10;36;84;106;116;153;194;196;217;227;232;233;236;253;259;268;291;296;298;304;330;332;349;357;358;360;372;413;416;423;488;491;521;534;568;584;602;605;609;614;615;619;622;623;633;638;640;643;648;661;672;681;691;697;713;721;723;749;755;800;827;831;840;855,64,1
2bb31b69-fcda-4f54-8338-f590944df999,Is there a card game being played in this video?,Yes.,,10;36;84;106;116;153;194;196;217;227;232;233;236;253;259;268;291;296;298;304;330;332;349;357;358;360;372;413;416;423;488;491;521;534;568;584;602;605;609;614;615;618;619;622;623;633;638;640;643;648;661;672;681;691;697;713;723;749;755;800;827;831;840;855,64,1
2bb31b69-fcda-4f54-8338-f590944df999,Does this video show a person dealing cards?,Yes.,,10;36;84;106;116;153;194;196;217;227;232;233;236;253;259;268;291;296;298;304;330;332;349;357;358;360;372;413;416;423;488;491;521;534;568;584;602;605;609;614;615;618;619;622;623;633;638;640;643;648;661;672;681;691;713;721;723;749;755;800;827;831;840;855,64,1
2bb31b69-fcda-4f54-8338-f590944df999,Are the poker cards being reshuffled in this scene?,Yes.,,10;36;84;106;116;122;153;194;215;217;227;232;233;236;253;259;268;291;296;298;304;330;332;349;357;358;360;372;413;416;423;488;491;521;534;568;584;602;605;609;614;615;618;619;622;623;633;640;643;648;661;672;681;691;713;721;723;749;755;800;827;831;840;855,64,1
2bb31b69-fcda-4f54-8338-f590944df999,Did the card reshuffling occur before playing poker?,Yes.,,10;36;84;106;116;122;153;194;196;215;217;227;232;233;236;253;259;268;291;296;298;304;330;332;349;357;358;360;372;413;416;423;488;491;521;534;568;584;602;605;609;614;615;618;619;622;623;633;640;643;648;661;672;691;713;721;723;749;755;800;827;831;840;855,64,1
2bb31b69-fcda-4f54-8338-f590944df999,Do I wear blue sleeves before the lady reads a card?,Yes.,,10;36;84;106;116;122;153;194;217;227;232;233;236;253;259;268;291;296;298;304;330;332;349;357;358;360;372;413;416;423;488;491;509;521;534;568;584;602;605;609;614;615;618;619;622;623;633;638;640;643;648;661;672;691;713;721;723;749;755;800;827;831;840;855,64,1
2bb31b69-fcda-4f54-8338-f590944df999,Are poker cards spread on the carpet before organizing them into rows?,Yes.,,10;36;84;106;116;122;153;194;215;217;227;232;233;236;253;259;268;291;296;298;304;330;332;349;357;358;360;372;413;416;423;488;491;521;534;568;584;602;605;609;614;615;618;619;622;623;633;640;643;648;661;672;691;697;713;721;723;749;755;800;827;831;840;855,64,1
2bb31b69-fcda-4f54-8338-f590944df999,Is the picking of cards done before reshuffling?,No,,10;36;84;106;116;153;194;215;217;227;232;233;236;253;259;268;291;296;298;304;330;332;349;357;358;360;372;413;416;423;488;491;521;534;568;584;602;605;609;614;615;618;619;622;623;633;638;640;643;648;661;672;691;697;713;721;723;749;755;800;827;831;840;855,64,1
2bb31b69-fcda-4f54-8338-f590944df999,Is playing poker done after reshuffling cards?,Yes,,10;36;84;106;116;153;194;196;215;217;227;232;233;236;253;259;268;291;296;298;304;330;332;349;357;358;360;372;413;416;423;488;491;521;534;568;584;602;605;609;614;615;618;619;622;623;633;640;643;648;661;672;691;697;713;721;723;749;755;800;827;831;840;855,64,1
2bb31b69-fcda-4f54-8338-f590944df999,Does the reshuffling occur before arranging cards on the floor?,Yes,,10;36;84;106;116;153;194;215;217;227;232;233;236;253;259;268;291;296;298;304;330;332;349;357;358;360;372;413;416;423;488;491;521;534;568;584;602;605;609;614;615;618;619;622;623;633;638;640;643;648;661;672;691;697;713;721;723;749;755;800;827;831;840;855,64,1
2bb31b69-fcda-4f54-8338-f590944df999,What takes place right before picking cards?,Sitting in the room,,10;36;84;106;116;153;194;196;215;217;227;232;233;236;253;259;268;291;296;298;304;321;330;332;349;357;358;372;413;416;423;488;491;521;534;568;584;602;605;609;614;615;618;619;622;623;633;638;640;643;648;661;672;681;691;697;713;723;749;755;800;831;840;855,64,1
2bb31b69-fcda-4f54-8338-f590944df999,What activity is taking place in this clip?,Playing cards with a woman.,,10;36;84;106;116;153;194;196;217;227;232;233;236;253;259;268;291;296;298;304;330;332;349;357;358;360;372;413;416;423;488;491;521;534;568;584;602;605;609;614;615;618;619;622;623;633;638;640;643;648;661;672;674;681;691;697;713;721;723;749;755;800;840;855,64,1
2bb31b69-fcda-4f54-8338-f590944df999,What is the setting of this scene?,Inside a house.,,10;36;84;106;116;153;194;196;217;227;232;233;236;253;259;268;291;296;298;304;330;332;349;357;358;360;372;413;416;423;488;491;521;534;568;584;602;605;609;614;615;619;622;623;633;638;640;643;648;661;672;674;681;691;713;721;723;749;755;800;827;831;840;855,64,1
2bb31b69-fcda-4f54-8338-f590944df999,What objects are prominently featured in this clip?,Cards and a carpet.,,10;36;84;106;116;153;194;217;227;232;233;236;253;259;268;291;296;298;304;330;332;349;357;358;360;372;413;416;423;488;491;521;534;568;584;602;605;609;614;615;619;622;623;633;638;640;643;648;661;672;681;691;697;713;721;723;729;749;755;800;827;831;840;855,64,1
2bb31b69-fcda-4f54-8338-f590944df999,What is the atmosphere in this scene?,Casual indoor leisure.,,10;36;84;106;116;153;194;217;227;232;233;236;253;259;268;291;296;298;304;330;332;349;357;358;360;372;413;416;423;488;491;521;534;568;584;602;605;609;614;615;619;622;623;633;638;640;643;648;661;672;674;681;691;697;713;721;723;749;755;800;827;831;840;855,64,1
2bb31b69-fcda-4f54-8338-f590944df999,Is there any interaction between the players?,"Yes, they are playing a game together.",,36;84;106;116;153;194;196;217;227;232;233;236;253;259;268;291;296;298;304;321;330;332;349;357;358;360;372;413;416;423;488;491;521;534;568;584;602;605;609;614;615;618;619;622;623;633;638;640;643;648;661;672;681;691;713;721;723;749;755;800;827;831;840;855,64,1
2bb31b69-fcda-4f54-8338-f590944df999,Can you describe the table setup for the game?,Cards are spread out haphazardly on the carpet.,,10;36;84;106;116;153;194;196;215;217;227;232;233;236;253;259;268;291;296;298;304;330;332;349;357;358;360;372;413;416;423;488;491;521;534;568;584;602;605;609;614;615;619;622;623;633;638;640;643;648;661;672;681;691;713;721;723;749;755;800;827;831;840;855,64,1
2bb31b69-fcda-4f54-8338-f590944df999,How are the players seated during the game?,They are sitting cross-legged on the floor.,,36;84;106;116;153;194;196;217;227;232;233;236;253;259;268;291;296;298;304;321;330;332;349;357;358;360;372;413;416;423;488;491;521;534;568;584;602;605;609;614;615;618;619;622;623;633;638;640;643;648;661;672;681;691;713;721;723;749;755;800;827;831;840;855,64,1
2bb31b69-fcda-4f54-8338-f590944df999,Did the game just start?,"No, it is in progress as cards are already spread out.",,36;84;106;116;153;194;196;217;227;232;233;236;253;259;268;291;296;298;304;330;332;349;357;358;360;372;413;416;423;488;491;521;534;568;584;602;605;609;614;615;618;619;622;623;633;638;640;643;648;661;672;681;691;713;721;723;729;749;755;800;827;831;840;855,64,1
2bb31b69-fcda-4f54-8338-f590944df999,Did reshuffling the cards happen before playing the poker cards?,Yes.,,10;36;84;106;116;122;153;194;196;215;217;227;232;233;236;253;259;268;291;296;298;304;330;332;349;357;358;360;372;413;416;423;488;491;521;534;568;584;602;605;609;614;615;618;619;622;623;633;640;643;648;661;672;691;713;721;723;749;755;800;827;831;840;855,64,1
2bb31b69-fcda-4f54-8338-f590944df999,Did laying out the cards on the floor occur after sitting down?,Yes.,,10;24;36;84;106;116;153;194;217;227;232;233;236;253;259;268;291;296;298;304;330;332;349;357;358;360;372;413;416;423;488;491;521;534;568;584;602;605;609;614;615;618;619;622;623;633;638;640;643;648;661;672;691;697;713;721;723;749;755;800;827;831;840;855,64,1
2bb31b69-fcda-4f54-8338-f590944df999,Did the game of cards start after the cards were laid out?,Yes.,,10;24;36;84;106;116;153;194;217;227;232;233;236;253;259;268;291;296;298;304;330;332;349;357;358;360;372;413;416;423;488;491;521;534;568;584;602;605;609;614;615;618;619;622;623;633;638;640;643;648;661;672;691;697;713;721;723;749;755;800;827;831;840;855,64,1
2bb31b69-fcda-4f54-8338-f590944df999,Did I play cards before reshuffling them?,No,,10;36;84;106;116;153;194;196;215;217;227;232;233;236;253;259;268;291;296;298;304;330;332;349;357;358;360;372;413;416;423;488;491;521;534;568;584;602;605;609;614;615;618;619;622;623;633;640;643;648;661;672;691;697;713;721;723;749;755;800;827;831;840;855,64,1
2bb31b69-fcda-4f54-8338-f590944df999,Was the rug visible before I dealt the cards?,Yes,,10;36;84;106;116;122;153;194;217;227;232;233;236;253;259;268;291;296;298;304;330;332;349;357;358;360;372;413;416;423;488;491;521;534;568;584;602;605;609;614;615;618;619;622;623;633;638;640;643;648;661;672;691;697;713;721;723;749;755;800;827;831;840;855,64,1
2bb31b69-fcda-4f54-8338-f590944df999,Did I spread cards on the floor before sitting down?,Yes,,10;36;84;106;116;153;194;196;217;227;232;233;236;253;259;268;291;296;298;304;330;332;349;357;358;360;372;413;416;423;488;491;521;534;568;584;602;605;609;614;615;618;619;622;623;633;638;640;643;648;661;672;691;697;713;721;723;749;755;800;827;831;840;855,64,1
2bb31b69-fcda-4f54-8338-f590944df999,Were cards in my hand before reshuffling?,No,,10;36;84;106;116;153;194;215;217;227;232;233;236;253;259;268;291;296;298;304;330;332;349;357;358;360;372;413;416;423;488;491;521;534;568;584;602;605;609;614;615;618;619;622;623;633;640;643;648;661;672;681;691;697;713;721;723;749;755;800;827;831;840;855,64,1
2bb31b69-fcda-4f54-8338-f590944df999,Was I seated before the cards were displayed face-up?,Yes,,10;36;84;106;116;122;153;194;196;217;227;232;233;236;253;259;268;291;296;298;304;321;330;332;349;357;358;372;413;416;423;491;521;534;568;584;602;605;609;614;615;618;619;622;623;633;638;640;643;648;661;672;681;691;697;713;723;749;755;800;827;831;840;855,64,1
2bb31b69-fcda-4f54-8338-f590944df999,What happened just before playing cards?,Reshuffled the cards,,36;84;106;116;153;194;196;217;227;232;233;236;253;259;268;291;296;298;304;321;330;332;349;357;358;360;372;413;416;423;488;491;521;534;568;584;602;605;609;614;615;619;622;623;633;638;640;643;648;661;672;681;691;697;713;721;723;749;755;800;827;831;840;855,64,1
2bb31b69-fcda-4f54-8338-f590944df999,What happened before reshuffling the cards?,Sat in the room,,10;36;84;106;116;153;194;215;217;227;232;233;236;253;259;268;291;296;298;304;330;332;349;357;358;360;372;413;416;423;488;491;521;534;568;584;602;605;609;614;615;618;619;622;623;633;638;640;643;648;661;672;691;697;713;721;723;749;755;800;827;831;840;855,64,1
2bb31b69-fcda-4f54-8338-f590944df999,What did I do before spreading cards on the floor?,Reshuffled them,,10;36;84;106;116;153;194;217;227;232;233;236;253;259;268;291;296;298;304;330;332;349;357;358;360;372;413;416;423;488;491;521;534;568;584;602;605;609;614;615;618;619;622;623;633;638;640;643;648;661;672;681;691;697;713;721;723;749;755;800;827;831;840;855,64,1
2bb31b69-fcda-4f54-8338-f590944df999,What action took place before sitting down?,Entered the room,,36;84;106;116;153;194;196;215;217;227;232;233;236;253;259;268;291;296;298;304;321;330;332;349;357;358;360;372;413;416;423;488;491;521;534;568;584;602;605;609;614;615;618;619;622;623;633;638;640;643;648;661;672;681;691;697;713;723;749;755;800;827;840;855,64,1
2bb31b69-fcda-4f54-8338-f590944df999,What activity is being performed in the scene?,Playing cards is the activity.,,36;84;106;116;153;194;196;217;227;232;233;236;253;259;268;274;291;296;298;304;321;330;332;349;357;358;360;372;413;416;423;491;521;534;568;584;602;605;609;614;615;618;619;622;623;633;638;640;643;648;661;672;674;681;691;713;721;723;749;755;800;827;840;855,64,1
2bb31b69-fcda-4f54-8338-f590944df999,How many individuals are participating in the activity?,Two individuals are participating.,,36;84;106;116;153;194;196;215;217;227;232;233;236;253;259;268;291;296;298;304;321;330;332;349;357;358;360;372;413;416;423;488;491;521;534;568;584;602;605;609;614;615;619;622;623;633;638;640;643;648;661;672;674;681;713;721;723;749;755;800;827;831;840;855,64,1
2bb31b69-fcda-4f54-8338-f590944df999,Can you describe the setting of the video clip?,"The setting is indoors, on the floor with a rug.",,36;84;106;116;153;194;196;217;227;232;233;236;253;259;268;291;296;298;304;330;332;349;357;358;360;372;413;416;423;488;491;521;534;568;584;602;605;609;614;615;618;619;622;623;633;638;640;643;648;661;672;674;681;713;721;723;729;749;755;800;827;831;840;855,64,1
2bb31b69-fcda-4f54-8338-f590944df999,What is the gender composition of the participants?,One male and one female are participating.,,36;84;106;116;153;194;196;215;217;227;232;233;236;253;259;268;291;296;298;304;321;330;332;349;357;358;360;372;413;416;423;488;491;521;534;568;584;602;605;609;614;615;618;619;622;623;633;638;640;643;648;661;672;681;713;721;723;749;755;800;827;831;840;855,64,1
2bb31b69-fcda-4f54-8338-f590944df999,How are the participants positioned in the clip?,They are sitting on the floor.,,10;36;84;106;116;153;194;196;215;217;227;232;233;236;253;259;268;291;296;298;304;330;332;349;357;358;360;372;413;416;423;488;491;521;534;568;584;602;605;609;614;615;619;622;623;633;638;640;643;648;661;672;681;713;721;723;729;749;755;800;827;831;840;855,64,1
2bb31b69-fcda-4f54-8338-f590944df999,Describe the interaction between the individuals.,They are engaged in a card game.,,36;84;106;116;122;153;194;196;217;227;232;233;236;253;259;268;291;296;298;304;321;330;332;349;357;358;360;372;413;416;423;488;491;521;534;568;584;602;605;609;614;615;618;619;622;623;633;638;640;643;648;661;672;681;713;721;723;749;755;800;827;831;840;855,64,1
2bb31b69-fcda-4f54-8338-f590944df999,Are there any other objects involved in the action?,"Yes, a deck of cards is involved.",,10;36;84;106;116;153;194;217;227;232;233;236;253;259;268;291;296;298;304;330;332;349;357;358;360;372;413;416;423;488;491;521;534;568;584;602;605;609;614;615;618;619;622;623;633;638;640;643;648;661;672;681;691;713;721;723;729;749;755;800;827;831;840;855,64,1
2bb31b69-fcda-4f54-8338-f590944df999,Is there a competitive activity occurring in the video?,Yes.,,10;36;84;106;116;153;194;217;227;232;233;236;253;259;268;291;296;298;304;330;332;349;357;358;360;372;413;416;423;488;491;521;534;568;584;602;605;609;614;615;618;619;622;623;633;638;640;643;648;661;672;681;691;697;713;721;723;749;755;800;827;831;840;855,64,1
2bb31b69-fcda-4f54-8338-f590944df999,Is there a visible winner in the card game?,No.,,10;36;84;106;116;122;153;194;217;227;232;233;236;253;259;268;291;296;298;304;321;330;332;349;357;358;372;413;416;423;488;491;521;534;568;584;602;605;609;614;615;618;619;622;623;633;638;640;643;648;661;672;681;691;697;713;723;749;755;800;827;831;840;855,64,1
2bb31b69-fcda-4f54-8338-f590944df999,Did I pick up a card before shuffling the deck?,No,,10;36;84;106;116;153;194;217;227;232;233;236;253;259;268;291;296;298;304;330;332;349;357;358;360;372;413;416;423;488;491;521;534;568;584;602;605;609;614;615;618;619;622;623;633;638;640;643;648;661;672;681;691;697;713;721;723;749;755;800;827;831;840;855,64,1
2bb31b69-fcda-4f54-8338-f590944df999,Was the woman seen holding cards before I laid mine on the floor?,Yes,,10;36;84;106;116;122;153;194;196;217;227;232;233;236;253;259;268;291;296;298;304;330;332;349;357;358;360;372;413;416;423;491;521;534;568;584;602;605;609;614;615;618;619;622;623;633;638;640;643;648;661;672;681;691;697;713;723;749;755;800;827;831;840;855,64,1
2bb31b69-fcda-4f54-8338-f590944df999,Did I deal cards to the woman before sitting down?,No,,10;36;84;106;116;153;194;215;217;227;232;233;236;253;259;268;291;296;298;304;330;332;349;357;358;360;372;413;416;423;488;491;521;534;568;584;602;605;609;614;615;618;619;622;623;633;638;640;643;648;661;672;691;697;713;721;723;749;755;800;827;831;840;855,64,1
2bb31b69-fcda-4f54-8338-f590944df999,Did the woman adjust her glasses before smiling at me?,Yes,,10;36;84;106;116;153;194;215;217;227;232;233;236;253;259;268;291;296;298;304;330;332;349;357;358;360;372;413;416;423;488;491;521;534;568;584;602;605;609;614;615;618;619;622;623;633;638;640;643;648;661;672;691;697;713;721;723;749;755;800;827;831;840;855,64,1
2bb31b69-fcda-4f54-8338-f590944df999,Was the woman's sock visible before she crossed her legs?,Yes,,10;36;84;106;116;153;194;217;227;232;233;236;253;259;268;291;296;298;304;330;332;349;357;358;360;372;413;416;423;488;491;521;534;568;584;602;605;609;614;615;618;619;622;623;633;638;640;643;648;661;672;674;681;691;713;721;723;749;755;800;827;831;840;855,64,1
2bb31b69-fcda-4f54-8338-f590944df999,What did the woman do before looking at her hand of cards?,She crossed her legs,,10;36;84;106;116;153;194;217;227;232;233;236;253;259;268;291;296;298;304;330;332;349;357;358;360;372;413;416;423;488;491;521;534;568;584;602;605;609;614;615;618;619;622;623;633;638;640;643;648;661;672;674;681;691;713;721;723;749;755;800;827;831;840;855,64,1
2bb31b69-fcda-4f54-8338-f590944df999,What occurred before the woman adjusted her glasses?,She held her cards,,10;36;84;106;116;153;194;196;215;217;227;232;233;236;253;259;268;291;296;298;304;321;330;332;349;357;358;360;372;413;416;423;488;491;521;534;568;584;602;605;609;614;615;619;622;623;633;638;640;643;648;661;672;691;713;721;723;749;755;800;827;831;840;855,64,1
2bb31b69-fcda-4f54-8338-f590944df999,What action took place before I dealt the cards?,I picked up the deck,,36;84;106;116;153;194;196;215;217;227;232;233;236;253;259;268;291;296;298;304;330;332;349;357;358;360;372;413;416;423;488;491;521;534;568;584;602;605;609;614;615;618;619;622;623;633;638;640;643;648;661;672;681;691;697;713;723;749;755;800;827;831;840;855,64,1
2bb31b69-fcda-4f54-8338-f590944df999,"In the video, is the poker game started before reshuffling the cards?",No,,10;36;84;106;116;153;194;215;217;227;232;233;236;253;259;268;291;296;298;304;330;332;349;357;358;360;372;413;416;423;488;491;521;534;568;584;602;605;609;614;615;618;619;622;623;633;638;640;643;648;661;672;691;697;713;721;723;749;755;800;827;831;840;855,64,1
2bb31b69-fcda-4f54-8338-f590944df999,"In the sequence, does the lady pick up her cards before the cards are laid out on the floor?",Yes,,10;36;84;106;116;153;194;217;227;232;233;236;253;259;268;291;296;298;304;330;332;349;357;358;360;372;413;416;423;488;491;521;534;568;584;602;605;609;614;615;618;619;622;623;633;638;640;643;648;661;672;681;691;697;713;721;723;749;755;800;827;831;840;855,64,1
2bb31b69-fcda-4f54-8338-f590944df999,"In the clip, do the cards get scattered on the table before being picked up?",Yes,,10;36;84;106;116;153;194;217;227;232;233;236;253;259;268;291;296;298;304;330;332;349;357;358;360;372;413;416;423;488;491;521;534;568;584;602;605;609;614;615;618;619;622;623;633;638;640;643;648;661;672;681;691;697;713;721;723;749;755;800;827;831;840;855,64,1
2bb31b69-fcda-4f54-8338-f590944df999,Does the video show the lady with cards in hand before the cards are shuffled?,No,,10;36;84;106;116;153;194;217;227;232;233;236;253;259;268;291;296;298;304;330;332;349;357;358;360;372;413;416;423;488;491;521;534;568;584;602;605;609;614;615;618;619;622;623;633;638;640;643;648;661;672;681;691;697;713;721;723;749;755;800;827;831;840;855,64,1
2bb31b69-fcda-4f54-8338-f590944df999,What occurs just before the lady picks up her cards?,Cards are laid out on the floor,,10;36;84;106;116;153;194;217;227;232;233;236;253;259;268;291;296;298;304;330;332;349;357;358;360;372;413;416;423;488;491;521;534;568;584;602;605;609;614;615;618;619;622;623;633;638;640;643;648;661;672;681;691;697;713;721;723;749;755;800;827;831;840;855,64,1
2bb31b69-fcda-4f54-8338-f590944df999,"In the video, what happens before the cards are reshuffled?",A round of poker is played,,10;36;84;106;116;153;194;215;217;227;232;233;236;253;259;268;291;296;298;304;330;332;349;357;358;360;372;413;416;423;488;491;521;534;568;584;602;605;609;614;615;619;622;623;633;638;640;643;648;661;672;681;691;697;713;721;723;749;755;800;827;831;840;855,64,1
2bb31b69-fcda-4f54-8338-f590944df999,What event happens before the cards get scattered on the table?,The lady picks up her cards,,10;36;84;106;116;153;194;196;217;227;232;233;236;253;259;268;291;296;298;304;330;332;349;357;358;360;372;413;416;423;491;521;534;568;584;602;605;609;614;615;618;619;622;623;633;638;640;643;648;661;672;681;691;697;713;721;723;749;755;800;827;831;840;855,64,1
2bb31b69-fcda-4f54-8338-f590944df999,What do we see happening before the cards are laid out on the floor?,Reshuffling of cards,,10;36;84;106;116;153;194;217;227;232;233;236;253;259;268;291;296;298;304;330;332;349;357;358;360;372;413;416;423;488;491;521;534;568;584;602;605;609;614;615;618;619;622;623;633;638;640;643;648;661;672;681;691;697;713;721;723;749;755;800;827;831;840;855,64,1
2bb31b69-fcda-4f54-8338-f590944df999,What action takes place before the poker game starts?,Cards are reshuffled,,10;36;84;106;116;153;194;196;217;227;232;233;236;253;259;268;291;296;298;304;321;330;332;349;357;358;360;372;413;416;423;488;491;521;534;568;584;602;605;609;614;615;618;619;622;623;633;638;640;643;648;661;672;681;691;713;723;749;755;800;827;831;840;855,64,1
2bb31b69-fcda-4f54-8338-f590944df999,What is the setting of this video clip?,I played cards with a woman inside a house.,,10;36;84;106;116;153;194;217;227;232;233;236;253;259;268;291;296;298;304;330;332;349;357;358;360;372;413;416;423;491;521;534;568;584;602;605;609;614;615;618;619;622;623;633;638;640;643;648;661;672;681;691;697;713;721;723;729;749;755;800;827;831;840;855,64,1
2bb31b69-fcda-4f54-8338-f590944df999,How many people are involved in the scene?,Two people are involved in the scene.,,36;84;106;116;153;194;196;215;217;227;232;233;236;253;259;268;291;296;298;304;321;330;332;349;357;358;360;372;413;416;423;488;491;521;534;568;584;602;605;609;614;615;619;622;623;633;638;640;643;648;661;672;674;681;713;721;723;749;755;800;827;831;840;855,64,1
2bb31b69-fcda-4f54-8338-f590944df999,Is there a competitive element visible here?,"Yes, the card game implies a competitive interaction.",,10;36;84;106;116;122;153;194;196;217;227;232;233;236;253;259;268;291;296;298;304;321;330;332;349;357;358;372;413;416;423;491;509;521;534;568;584;602;605;609;614;615;618;619;622;623;633;638;640;643;648;661;672;681;691;713;723;749;755;800;827;831;840;855,64,1
2bb31b69-fcda-4f54-8338-f590944df999,Did the individuals rearrange the furniture for playing?,No.,,10;36;84;106;116;122;153;194;196;215;217;227;232;233;236;253;259;268;291;296;298;304;330;332;349;357;358;360;372;413;416;423;488;491;521;534;568;584;602;605;609;614;615;618;619;622;623;633;638;640;643;648;661;672;713;721;723;749;755;800;827;831;840;855,64,1
2bb31b69-fcda-4f54-8338-f590944df999,Did someone draw a card in the clip?,Yes.,,10;36;84;106;116;153;194;196;217;227;232;233;236;253;259;268;291;296;298;304;330;332;349;357;358;360;372;413;416;423;488;491;521;534;568;584;602;605;609;614;615;618;619;622;623;633;638;640;643;648;661;672;681;691;713;721;723;749;755;800;827;831;840;855,64,1
2bb31b69-fcda-4f54-8338-f590944df999,Did the scene involve any form of digital technology?,No.,,36;84;106;116;153;194;196;215;217;227;232;233;236;253;259;268;291;296;298;304;330;332;349;357;358;360;372;413;416;423;488;491;521;534;568;584;602;605;609;614;615;618;619;622;623;633;638;640;643;648;661;672;681;713;721;723;729;749;755;800;827;831;840;855,64,1
2bb31b69-fcda-4f54-8338-f590944df999,Did the people appear to be outdoors?,No.,,10;36;84;106;116;122;153;194;215;217;227;232;233;236;253;259;268;291;296;298;304;330;332;349;357;358;360;372;413;416;423;488;491;521;534;568;584;602;605;609;614;615;619;622;623;633;638;640;643;648;661;672;681;713;721;723;729;749;755;800;827;831;840;855,64,1
2bb31b69-fcda-4f54-8338-f590944df999,"In the video, did the shoe appear before the card deck on the carpet?",Yes,,10;36;84;106;116;122;153;194;217;227;232;233;236;253;259;268;291;296;298;304;330;332;349;357;358;360;372;413;416;423;488;491;521;534;568;584;602;605;609;614;615;618;619;622;623;633;638;640;643;648;661;672;691;697;713;721;723;749;755;800;827;831;840;855,64,1
2bb31b69-fcda-4f54-8338-f590944df999,Was the hand holding cards before the bottle was seen?,Yes,,10;36;84;106;116;153;194;217;227;232;233;236;253;259;268;291;296;298;304;321;330;332;349;357;358;360;372;413;416;423;491;521;534;568;584;602;605;609;614;615;618;619;622;623;633;638;640;643;648;661;672;681;691;697;713;721;723;749;755;800;827;831;840;855,64,1
2bb31b69-fcda-4f54-8338-f590944df999,"In the clip, did the playing of cards happen before the plant was visible?",No,,10;36;84;106;116;153;194;196;217;227;232;233;236;253;259;268;291;296;298;304;330;332;349;357;358;360;372;413;416;423;488;491;521;534;568;584;602;605;609;614;615;618;619;622;623;633;638;640;643;648;661;672;681;691;713;721;723;749;755;800;827;831;840;855,64,1
2bb31b69-fcda-4f54-8338-f590944df999,What is shown before the bottle on the left side of the frame?,Cards on the floor,,10;36;84;106;116;153;194;217;227;232;233;236;253;259;268;291;296;298;304;321;330;332;349;357;358;360;372;413;416;423;491;521;534;568;584;602;605;609;614;615;618;619;622;623;633;638;640;643;648;661;672;681;691;697;713;721;723;749;755;800;827;831;840;855,64,1
2bb31b69-fcda-4f54-8338-f590944df999,What do you see before the plant in the video's background?,A sofa,,10;36;84;106;116;153;194;196;217;227;232;233;236;253;259;268;291;296;298;304;330;332;349;357;358;372;413;416;423;488;491;521;534;568;584;602;605;609;614;615;618;619;622;623;633;638;640;643;648;661;672;674;681;691;713;721;723;729;749;755;800;827;840;855,64,1
2bb31b69-fcda-4f54-8338-f590944df999,Was the rug straightened before I sat down to play?,No.,,10;36;84;106;116;153;194;217;227;232;233;236;253;259;268;291;296;298;304;321;330;332;349;357;358;360;372;413;416;423;488;491;521;534;568;584;602;605;609;614;615;618;619;622;623;633;638;640;643;648;661;672;681;691;713;721;723;749;755;800;827;831;840;855,64,1
2bb31b69-fcda-4f54-8338-f590944df999,Did I touch my foot before picking more cards from the pile?,No.,,10;36;84;106;116;153;194;217;227;232;233;236;253;259;268;291;296;298;304;330;332;349;357;358;360;372;413;416;423;488;491;521;534;568;584;602;605;609;614;615;618;619;622;623;633;638;640;643;648;661;672;681;691;697;713;721;723;749;755;800;827;831;840;855,64,1
2bb31b69-fcda-4f54-8338-f590944df999,Were the cards spread out on the rug before the game started?,No.,,10;24;36;84;106;116;153;194;217;227;232;233;236;253;259;268;291;296;298;304;330;332;349;357;358;360;372;413;416;423;488;491;521;534;568;584;602;605;609;614;615;618;619;622;623;633;638;640;643;648;661;672;691;697;713;721;723;749;755;800;827;831;840;855,64,1
2bb31b69-fcda-4f54-8338-f590944df999,Did I pick a card from my hand before the woman looked at hers?,Yes.,,10;36;84;106;116;153;194;217;227;232;233;236;253;259;268;291;296;298;304;330;332;349;357;358;360;372;413;416;423;488;491;521;534;568;584;602;605;609;614;615;618;619;622;623;633;638;640;643;648;661;672;681;691;697;713;721;723;749;755;800;827;831;840;855,64,1
2bb31b69-fcda-4f54-8338-f590944df999,What occurs just before I look at my cards?,I pick them up.,,10;36;84;106;116;153;194;217;227;232;233;236;253;259;268;291;296;298;304;330;332;349;357;358;360;372;413;416;423;488;491;521;534;568;584;602;605;609;614;615;618;619;622;623;633;638;640;643;648;661;672;681;691;697;713;721;723;749;755;800;827;831;840;855,64,1
2bb31b69-fcda-4f54-8338-f590944df999,What action takes place before the game begins?,Sitting down on the rug.,,10;36;84;106;116;153;194;196;217;227;232;233;236;253;259;268;291;296;298;304;321;330;332;349;357;358;360;372;413;416;423;488;491;521;534;568;584;602;605;609;614;615;618;619;622;623;633;638;640;643;648;661;672;681;691;713;723;749;755;800;827;831;840;855,64,1
2bb31b69-fcda-4f54-8338-f590944df999,What happens before more cards are picked from the pile?,Playing a round of cards.,,10;36;84;106;116;153;194;217;227;232;233;236;253;259;268;291;296;298;304;330;332;349;357;358;360;372;413;416;423;488;491;521;534;568;584;602;605;609;614;615;618;619;622;623;633;638;640;643;648;661;672;681;691;697;713;721;723;749;755;800;827;831;840;855,64,1
2bb31b69-fcda-4f54-8338-f590944df999,What activity takes place in this scene?,Playing cards in the house.,,36;84;106;116;153;194;196;217;227;232;233;236;253;259;268;291;296;298;304;330;332;349;357;358;360;372;413;416;423;488;491;521;534;568;584;602;605;609;614;615;618;619;622;623;633;638;640;643;648;661;672;674;681;691;697;713;721;723;749;755;800;831;840;855,64,1
2bb31b69-fcda-4f54-8338-f590944df999,Where are the individuals in this scene?,Inside a house.,,36;84;106;116;153;194;196;217;227;232;233;236;253;259;268;291;296;298;304;330;332;349;357;358;360;372;413;416;423;488;491;521;534;568;584;602;605;609;614;615;619;622;623;633;638;640;643;648;661;672;674;681;691;697;713;721;723;749;755;800;827;831;840;855,64,1
2bb31b69-fcda-4f54-8338-f590944df999,What objects are central in this scenario?,Cards on the floor.,,10;36;84;106;116;153;194;217;227;232;233;236;253;259;268;291;296;298;304;330;332;349;357;358;360;372;413;416;423;488;491;521;534;568;584;602;605;609;614;615;619;622;623;633;638;640;643;648;661;672;681;691;697;713;721;723;729;749;755;800;827;831;840;855,64,1
2bb31b69-fcda-4f54-8338-f590944df999,How is the room in the clip furnished?,There's a bookshelf and a couch.,,10;36;84;106;116;153;194;217;227;232;233;236;253;259;268;291;296;298;304;330;332;349;357;358;360;372;413;416;423;488;491;521;534;568;584;602;605;609;614;615;618;619;622;623;633;638;640;643;648;661;672;674;681;691;713;721;723;749;755;800;827;831;840;855,64,1
2bb31b69-fcda-4f54-8338-f590944df999,What action is the person opposite performing?,Holding and presumably playing cards.,,36;84;106;116;153;194;196;215;217;227;232;233;236;253;259;268;291;296;298;304;321;330;332;349;357;358;360;372;413;416;423;488;491;521;534;568;584;602;605;609;614;615;618;619;622;623;633;638;640;643;648;661;672;681;713;721;723;749;755;800;827;831;840;855,64,1
2bb31b69-fcda-4f54-8338-f590944df999,What seems to be the immediate action captured in the frame?,Dealing or picking up cards.,,10;36;84;106;116;122;153;194;217;227;232;233;236;253;259;268;291;296;298;304;321;330;332;349;357;358;360;372;413;416;423;491;521;534;568;584;602;605;609;614;615;618;619;622;623;633;638;640;643;648;661;672;681;691;713;721;723;749;755;800;827;831;840;855,64,1
2bb31b69-fcda-4f54-8338-f590944df999,What can be said about the card game's progression?,It looks mid-game with several cards played.,,10;36;84;106;116;153;194;217;227;232;233;236;253;259;268;291;296;298;304;321;330;332;349;357;358;360;372;413;416;423;491;521;534;568;584;602;605;609;614;615;618;619;622;623;633;638;640;643;648;661;672;674;681;691;697;713;721;723;749;755;800;827;840;855,64,1
2bb31b69-fcda-4f54-8338-f590944df999,Is there a card game occurring?,Yes.,,10;36;84;106;116;153;194;217;227;232;233;236;253;259;268;291;296;298;304;321;330;332;349;357;358;360;372;413;416;423;488;491;521;534;568;584;602;605;609;614;615;618;619;622;623;633;640;643;648;661;672;681;691;697;713;721;723;749;755;800;827;831;840;855,64,1
2bb31b69-fcda-4f54-8338-f590944df999,Is there more than one participant in the game?,Yes.,,36;84;106;116;153;194;217;227;232;233;236;253;259;268;291;296;298;304;321;330;332;349;357;358;360;372;413;416;423;488;491;521;534;568;584;602;605;609;614;615;619;622;623;633;638;640;643;648;661;672;674;681;691;697;713;721;723;729;749;755;800;827;840;855,64,1
2bb31b69-fcda-4f54-8338-f590944df999,Have any cards been laid out on the floor?,Yes.,,10;36;84;106;116;153;194;215;217;227;232;233;236;253;259;268;291;296;298;304;330;332;349;357;358;360;372;413;416;423;488;491;521;534;568;584;602;605;609;614;615;618;619;622;623;633;638;640;643;648;661;672;691;697;713;721;723;749;755;800;827;831;840;855,64,1
2bb31b69-fcda-4f54-8338-f590944df999,Is the activity taking place indoors?,Yes.,,10;36;84;106;116;122;153;194;196;217;227;232;233;236;253;259;268;291;296;298;304;330;332;349;357;358;360;372;413;416;423;488;491;521;534;568;584;602;605;609;614;615;618;619;622;623;633;640;643;648;661;672;681;691;713;721;723;749;755;800;827;831;840;855,64,1
2bb31b69-fcda-4f54-8338-f590944df999,Does it appear to be a formal card-playing setting?,No.,,10;36;84;106;116;122;153;194;215;217;227;232;233;236;253;259;268;291;296;298;304;321;330;332;349;357;358;360;372;413;416;423;491;521;534;568;584;602;605;609;614;615;618;619;622;623;633;638;640;643;648;661;672;691;713;721;723;749;755;800;827;831;840;855,64,1
2bb31b69-fcda-4f54-8338-f590944df999,Was the rug visible before I started playing cards?,Yes.,,10;36;84;106;116;153;194;217;227;232;233;236;253;259;268;291;296;298;304;330;332;349;357;358;360;372;413;416;423;488;491;521;534;568;584;602;605;609;614;615;618;619;622;623;633;638;640;643;648;661;672;681;691;697;713;721;723;749;755;800;827;831;840;855,64,1
2bb31b69-fcda-4f54-8338-f590944df999,Did the plant appear in the frame before the game began?,Yes.,,10;36;84;106;116;153;194;196;217;227;232;233;236;253;259;268;291;296;298;304;321;330;332;349;357;358;360;372;413;416;423;491;521;534;568;584;602;605;609;614;615;618;619;622;623;633;638;640;643;648;661;672;681;691;713;721;723;749;755;800;827;831;840;855,64,1
2bb31b69-fcda-4f54-8338-f590944df999,What happens before I sit on the floor?,The setting of the room is displayed.,,10;36;84;106;116;153;194;196;217;227;232;233;236;253;259;268;291;296;298;304;330;332;349;357;358;360;372;413;416;423;488;491;521;534;568;584;602;605;609;614;615;619;622;623;633;638;640;643;648;661;672;681;691;697;713;721;723;749;755;800;827;831;840;855,64,1
2bb31b69-fcda-4f54-8338-f590944df999,"In the video, does the arrangement of cards on the floor change before a new card is drawn?",No,,10;36;84;106;116;153;194;217;227;232;233;236;253;259;268;291;296;298;304;330;332;349;357;358;360;372;413;416;423;488;491;521;534;568;584;602;605;609;614;615;618;619;622;623;633;638;640;643;648;661;672;681;691;697;713;721;723;749;755;800;827;831;840;855,64,1
2bb31b69-fcda-4f54-8338-f590944df999,"In the video, is the heart card shown before a player picks more cards?",Yes,,10;36;84;106;116;153;194;217;227;232;233;236;253;259;268;291;296;298;304;330;332;349;357;358;360;372;413;416;423;488;491;521;534;568;584;602;605;609;614;615;618;619;622;623;633;638;640;643;648;661;672;681;691;697;713;721;723;749;755;800;827;831;840;855,64,1
2bb31b69-fcda-4f54-8338-f590944df999,Does the woman put down a card before all cards are laid out?,Yes,,10;24;36;84;106;116;153;194;217;227;232;233;236;253;259;268;291;296;298;304;330;332;349;357;358;360;372;413;416;423;488;491;521;534;568;584;602;605;609;614;615;618;619;622;623;633;638;640;643;648;661;672;691;697;713;721;723;749;755;800;827;831;840;855,64,1
2bb31b69-fcda-4f54-8338-f590944df999,What occurs just before a new card is drawn from the deck?,Players examine their cards,,10;36;84;106;116;153;194;217;227;232;233;236;253;259;268;291;296;298;304;330;332;349;357;358;360;372;413;416;423;488;491;521;534;568;584;602;605;609;614;615;618;619;622;623;633;638;640;643;648;661;672;681;691;697;713;721;723;749;755;800;827;831;840;855,64,1
2bb31b69-fcda-4f54-8338-f590944df999,"In the video sequence, what do we see happening before the cards are spread out?",A card is being placed down,,10;36;84;106;116;153;194;217;227;232;233;236;253;259;268;291;296;298;304;330;332;349;357;358;360;372;413;416;423;488;491;521;534;568;584;602;605;609;614;615;618;619;622;623;633;638;640;643;648;661;672;681;691;697;713;721;723;749;755;800;827;831;840;855,64,1
2bb31b69-fcda-4f54-8338-f590944df999,What takes place right before more cards are picked from the deck?,The woman sorts her cards,,10;36;84;106;116;153;194;217;227;232;233;236;253;259;268;291;296;298;304;330;332;349;357;358;360;372;413;416;423;488;491;521;534;568;584;602;605;609;614;615;618;619;622;623;633;638;640;643;648;661;672;681;691;697;713;721;723;749;755;800;827;831;840;855,64,1
af400f98-3c57-46ad-acac-eaca6f940180,What location is shown in the video frame?,It shows a road.,,0;3;6;7;9;11;18;21;28;31;32;34;36;38;44;47;49;51;55;58;67;68;80;265;275;279;284;288;291;299;309;312;317;327;329;331;335;336;337;340;344;345;350;353;359;381;388;403;404;410;414;416;417,64,1
af400f98-3c57-46ad-acac-eaca6f940180,Are there other people present in this scene?,"Yes, people are present.",,0;3;6;7;9;11;18;21;23;28;31;32;34;36;38;44;47;49;51;55;58;59;67;68;80;265;279;284;288;291;299;309;312;317;327;329;331;335;336;337;340;344;345;350;353;359;381;388;403;404;410;416;417,64,1
af400f98-3c57-46ad-acac-eaca6f940180,Is the environment urban or rural?,The environment appears to be urban.,,0;3;6;7;9;11;18;21;28;31;32;34;36;38;44;47;49;51;55;58;68;209;265;268;279;284;288;291;299;309;312;317;327;329;331;332;335;336;337;340;344;345;350;353;359;381;388;403;404;405;410;414;416;417,64,1
af400f98-3c57-46ad-acac-eaca6f940180,Is the road busy or empty?,The road is busy with movement.,,0;3;6;7;9;11;18;21;28;31;32;34;36;38;44;47;49;51;55;58;68;80;265;268;279;284;288;291;299;309;312;317;327;329;331;332;335;336;337;340;344;345;350;353;359;381;388;403;404;405;410;414;416;417,64,1
af400f98-3c57-46ad-acac-eaca6f940180,What is the weather like in the scene?,The weather information is not provided.,,0;3;6;7;9;11;18;21;23;28;31;32;34;36;38;44;47;49;51;55;58;59;67;68;80;265;279;284;288;291;299;309;312;317;327;329;331;335;336;337;340;344;345;350;353;359;381;388;403;404;410;416;417,64,1
af400f98-3c57-46ad-acac-eaca6f940180,Who is walking in this clip?,I am walking along the road.,,0;3;6;7;9;11;18;21;23;28;31;32;34;36;38;44;47;49;51;55;58;59;67;68;80;265;279;284;288;291;299;309;312;317;327;329;331;335;336;337;340;344;345;350;353;359;381;388;403;404;410;414;416;417,64,1
af400f98-3c57-46ad-acac-eaca6f940180,What is the camera angle capturing?,The camera angle captures from the walker's perspective.,,0;3;6;7;9;11;18;21;28;31;32;34;36;38;44;47;49;51;55;58;67;68;80;265;279;284;288;291;299;309;312;317;327;329;331;332;335;336;337;340;344;345;350;353;359;381;388;403;404;405;410;414;416;417,64,1
af400f98-3c57-46ad-acac-eaca6f940180,Is there interaction with the passerby?,No interaction is mentioned or shown.,,0;3;6;7;9;11;18;21;28;31;32;34;36;38;44;47;49;51;55;58;68;265;275;279;284;288;291;299;309;312;317;327;329;331;335;336;337;340;344;345;350;353;359;381;388;403;404;405;409;410;414;416;417,64,1
af400f98-3c57-46ad-acac-eaca6f940180,Do any vehicles pass by closely?,"The summary indicates vehicles move past, but closeness isn't specified.",,0;3;6;7;9;11;18;21;28;31;32;34;36;38;44;47;49;51;55;58;59;67;68;80;265;279;284;288;291;299;309;312;317;327;329;331;335;336;337;340;344;345;350;353;359;381;388;403;404;405;410;416;417,64,1
af400f98-3c57-46ad-acac-eaca6f940180,Is there an accident occurring in the video?,"No, no accident is mentioned.",,0;3;6;7;9;11;18;21;23;28;31;32;34;36;38;44;47;49;51;55;58;59;67;68;80;265;279;284;288;291;299;309;312;317;327;329;331;335;336;337;340;344;345;350;353;359;381;388;403;404;410;416;417,64,1
af400f98-3c57-46ad-acac-eaca6f940180,Is there any construction work shown in the video?,"No, no construction is mentioned.",,0;3;6;7;9;11;18;21;28;31;32;34;36;38;44;47;49;51;55;58;68;265;275;279;284;288;291;299;309;312;317;327;329;331;332;335;336;337;340;344;345;350;353;359;381;388;403;404;405;410;414;416;417,64,1
af400f98-3c57-46ad-acac-eaca6f940180,Does the video frame show clear skies?,The video frame does not provide this information.,,0;3;6;7;9;11;18;21;28;31;32;34;36;38;44;47;49;51;55;58;68;80;265;268;275;279;284;288;291;299;309;312;317;327;329;331;335;336;337;340;344;345;350;353;359;381;388;403;404;405;410;414;416;417,64,1
af400f98-3c57-46ad-acac-eaca6f940180,What is the main event depicted in this video clip?,A walk on the road with a woman and interactions with passersby.,,0;3;6;7;9;11;18;21;28;34;36;38;47;49;51;55;58;68;279;284;288;291;309;317;327;331;335;336;381;403;404;410;416;417;422;423;424;429;434;438;452;459;485;516;544;583;625;694;720;754;785;810;819;825;847;854;882,64,1
af400f98-3c57-46ad-acac-eaca6f940180,Which location is primarily featured in this video clip?,The video clip features a road.,,0;3;6;7;9;11;18;21;28;34;36;38;47;49;51;55;58;68;279;284;288;291;299;309;317;327;331;335;336;381;403;404;410;416;417;422;423;424;429;434;438;452;459;485;516;544;583;625;694;720;754;785;810;819;825;847;854;882,64,1
af400f98-3c57-46ad-acac-eaca6f940180,How many main subjects are involved in this video scenario?,"Two main subjects, a man and a woman.",,0;3;6;7;9;11;18;21;28;31;34;36;38;47;49;51;55;58;68;279;284;288;291;309;317;327;331;335;336;381;403;404;410;416;417;422;423;424;429;434;438;452;459;485;516;544;583;625;694;720;754;785;810;819;825;847;854;882,64,1
af400f98-3c57-46ad-acac-eaca6f940180,Are there other individuals present in this video scene besides the subjects?,"Yes, there are passersby present.",,0;3;6;7;9;11;18;21;28;31;36;38;47;49;51;55;58;68;279;284;288;291;309;317;327;331;335;336;381;403;404;410;416;417;422;423;424;429;434;438;452;459;485;516;544;583;625;694;720;785;810;819;825;847;854;882,64,1
af400f98-3c57-46ad-acac-eaca6f940180,What actions are shown in these new frames?,A person is seen walking and reaching out to others.,,0;3;6;7;9;11;18;21;28;31;34;36;38;47;49;51;55;58;68;279;284;288;291;309;317;327;331;335;336;381;403;404;410;416;417;422;423;424;429;434;438;459;485;516;544;583;625;694;720;785;810;819;825;847;854;882,64,1
af400f98-3c57-46ad-acac-eaca6f940180,Is there any communication depicted in the clip?,"Yes, there is interaction with passersby.",,0;3;6;7;9;11;18;21;28;36;38;47;49;51;55;58;68;279;284;288;291;299;309;317;327;331;335;336;337;381;403;404;410;416;417;422;423;424;429;434;438;452;459;485;516;544;583;625;694;720;754;785;810;819;825;854;882,64,1
af400f98-3c57-46ad-acac-eaca6f940180,Can you describe the physical posture in this frame?,The person's arm is extended forward as if reaching out.,,0;3;6;7;9;11;18;21;28;36;38;47;49;51;55;58;68;279;284;288;291;299;309;317;327;331;335;336;337;381;403;404;410;416;417;422;423;424;429;434;438;452;459;485;516;544;583;625;694;720;754;785;810;819;825;847;854;882,64,1
af400f98-3c57-46ad-acac-eaca6f940180,Are the movements in the video leisurely or hurried?,They appear leisurely.,,0;3;6;7;9;11;18;21;28;36;38;47;49;51;55;58;68;279;284;288;291;299;309;317;327;331;335;336;337;381;403;404;410;416;417;422;423;424;429;434;438;452;459;485;516;544;583;625;694;720;754;785;810;819;825;847;854;882,64,1
af400f98-3c57-46ad-acac-eaca6f940180,Does the person in the video come into physical contact with others?,It is implied but not visible.,,0;3;6;7;9;11;18;21;28;31;36;38;47;49;51;55;58;68;279;284;288;291;309;317;327;331;335;336;337;381;403;404;410;417;422;423;424;429;434;438;452;459;485;516;544;583;625;694;720;754;785;810;819;825;847;854;882,64,1
af400f98-3c57-46ad-acac-eaca6f940180,Is the person in the video engaging in a conversation?,Yes.,,0;3;6;7;9;11;18;21;28;31;34;36;38;47;49;51;55;58;68;279;284;288;291;309;317;327;331;335;336;381;403;404;410;417;422;423;424;429;434;438;452;485;516;544;583;625;694;720;754;785;810;819;825;854;882,64,1
af400f98-3c57-46ad-acac-eaca6f940180,Does the person walk on a grassy path in the video?,No.,,0;3;6;7;9;11;18;21;28;36;38;47;49;51;55;58;68;279;284;288;291;299;309;317;327;331;335;336;337;381;403;404;410;416;417;422;423;424;429;434;438;452;459;485;516;544;583;625;694;720;754;785;810;819;825;854;882,64,1
af400f98-3c57-46ad-acac-eaca6f940180,Does the person in the video interact with more than one passerby?,Yes.,,0;3;6;7;9;11;18;21;28;31;36;38;47;49;51;55;58;68;279;284;288;291;309;317;327;331;335;336;337;381;403;404;410;417;422;423;424;429;434;438;459;485;516;544;583;625;694;720;754;785;810;819;825;854;882,64,1
af400f98-3c57-46ad-acac-eaca6f940180,What is the setting of this video clip?,It's on a road with a person walking and interacting with a woman.,,0;3;6;7;9;11;18;21;28;34;36;38;47;49;51;55;58;68;279;284;288;291;309;317;327;331;335;336;337;381;403;404;410;416;417;422;423;424;429;434;438;452;459;485;516;544;583;625;694;720;754;785;810;819;825;847;854;882,64,1
af400f98-3c57-46ad-acac-eaca6f940180,Is there any physical contact between the two individuals?,No.,,0;3;6;7;9;11;18;21;28;36;38;47;49;51;58;68;279;284;288;291;299;309;317;327;331;335;336;337;381;403;404;410;416;417;422;423;424;429;434;438;452;459;485;544;583;625;694;720;754;785;805;810;819;825;847;854;882,64,1
af400f98-3c57-46ad-acac-eaca6f940180,Did the person in the video stop walking while interacting?,No.,,0;3;6;7;9;11;18;21;28;31;34;36;38;47;49;51;55;58;68;279;284;288;291;309;317;327;331;335;336;381;403;404;410;417;422;423;424;429;434;438;452;485;516;544;583;625;694;720;754;785;810;819;825;847;854;882,64,1
af400f98-3c57-46ad-acac-eaca6f940180,Is the communication friendly and non-threatening?,Yes.,,0;3;6;7;9;11;18;21;28;36;38;47;49;51;55;58;68;279;284;288;291;299;309;317;327;331;335;336;381;403;404;410;416;417;422;423;424;429;434;438;459;485;516;544;583;625;694;720;754;785;805;810;815;819;825;847;854;882,64,1
af400f98-3c57-46ad-acac-eaca6f940180,"In the video, do I interact with some passersby before walking with the woman on the road?",No,,0;3;6;7;9;11;18;21;28;36;38;47;49;51;55;58;68;279;284;288;291;299;309;317;327;331;335;336;337;381;403;404;410;417;422;423;424;429;434;438;452;459;485;516;544;583;625;694;720;754;785;805;810;819;825;847;854;882,64,1
af400f98-3c57-46ad-acac-eaca6f940180,"In the video, do I walk alone on the road before interacting with a woman?",Yes,,0;3;6;7;9;11;18;21;28;31;36;38;47;49;51;55;58;68;279;284;288;291;299;309;317;327;331;335;336;381;403;404;410;417;422;423;424;429;434;438;459;485;516;544;583;625;694;720;754;785;805;810;819;825;847;854;882,64,1
af400f98-3c57-46ad-acac-eaca6f940180,What do I do just before interacting with the woman on the road in the video?,Walk alone,,0;3;6;7;9;11;18;21;28;31;36;38;47;49;51;55;58;68;279;284;288;291;309;317;327;331;335;336;381;403;404;410;417;422;423;424;429;434;438;459;485;516;544;583;625;694;720;754;785;805;810;819;825;847;854;882,64,1
20bc995f-c3de-4789-bd7a-34cf1a313b0c,Who is involved in the scene?,A man and some girls.,,2;5;9;10;12;17;18;22;25;28;29;39;41;43;47;48;51;53;56;57;60;65;69;75;78;85;87;89;90;92;95;98;100;103;104;105;108;109;112;113;117;119;120;122;128;131;133;135;137;138;142;145;146,64,1
20bc995f-c3de-4789-bd7a-34cf1a313b0c,What activity is taking place?,Food preparation.,,2;5;9;10;12;17;18;22;25;28;29;39;41;43;47;48;51;53;56;57;60;65;69;75;78;85;87;89;90;92;95;98;100;103;104;105;108;109;112;113;117;119;120;122;128;131;133;135;137;138;142;145;146,64,1
20bc995f-c3de-4789-bd7a-34cf1a313b0c,What can be seen on the table in the scene?,Ingredients and cooking utensils.,,2;5;9;10;12;17;18;22;25;28;29;39;41;43;47;48;51;53;56;57;60;65;69;75;78;85;87;89;90;92;95;98;100;103;104;105;108;109;112;113;117;119;120;122;128;131;133;135;137;138;142;145;146,64,1
20bc995f-c3de-4789-bd7a-34cf1a313b0c,What is the camera wearer doing with the spoon?,Cooking food.,,2;5;9;10;12;17;18;22;25;28;29;39;41;43;47;48;51;53;56;57;60;64;65;75;78;85;87;89;90;92;95;98;100;103;104;105;108;109;112;113;117;119;120;122;128;131;133;135;137;138;142;145;146,64,1
20bc995f-c3de-4789-bd7a-34cf1a313b0c,What can be assumed about the pace of the activity?,It is fast-paced.,,2;5;9;10;12;17;18;22;25;28;29;39;41;43;47;48;51;53;56;57;60;65;69;75;78;85;87;89;90;92;95;98;100;103;104;105;108;109;112;113;117;119;120;122;128;131;133;135;137;138;142;145;146,64,1
20bc995f-c3de-4789-bd7a-34cf1a313b0c,Does the video show any monetary transaction?,No.,,2;5;9;10;12;17;18;22;25;28;29;39;41;43;47;48;51;53;56;57;60;65;69;75;78;85;87;89;90;92;95;98;100;103;104;105;108;109;112;113;117;119;120;122;128;131;133;135;137;138;142;145;146,64,1
20bc995f-c3de-4789-bd7a-34cf1a313b0c,Is the food prepared for a large group?,Yes.,,2;5;9;10;12;17;18;22;25;28;29;39;41;43;47;48;51;53;56;57;60;65;69;75;78;85;87;89;90;92;95;98;100;103;104;105;108;109;112;113;117;119;120;122;128;131;133;135;137;138;142;145;146,64,1
20bc995f-c3de-4789-bd7a-34cf1a313b0c,Does the camera wearer handle more than one dish?,Yes.,,2;5;9;10;12;17;18;22;25;28;29;39;41;43;47;48;51;53;56;57;60;65;69;75;78;85;87;89;90;92;95;98;100;103;104;105;108;109;112;113;117;119;120;122;128;131;133;135;137;138;142;145;146,64,1
20bc995f-c3de-4789-bd7a-34cf1a313b0c,What is the setting in this video clip?,A food tent with servings of food.,,17;22;28;41;51;53;56;57;65;98;100;103;104;105;108;109;119;120;122;131;133;137;138;146;150;152;153;158;159;160;169;171;176;177;180;189;200;204;214;222;224;235;249;257;263;265;268;269;272;273;276;278;280;281,64,1
20bc995f-c3de-4789-bd7a-34cf1a313b0c,Is the person serving food to more than one person?,Yes.,,17;22;28;41;51;53;56;57;65;98;100;103;104;105;108;109;117;119;120;122;131;133;137;138;146;150;153;158;159;160;169;171;176;177;180;189;200;204;214;222;224;235;249;257;263;265;268;269;272;273;276;278;280;281,64,1
20bc995f-c3de-4789-bd7a-34cf1a313b0c,Is there a pot included in the food items being served?,Yes.,,17;22;28;41;51;53;56;57;65;98;100;103;104;105;108;109;119;120;122;131;133;137;138;146;150;152;153;158;159;160;169;171;176;177;180;189;200;204;214;222;224;235;249;257;263;265;268;269;272;273;276;278;280;281,64,1
20bc995f-c3de-4789-bd7a-34cf1a313b0c,Is the setting of this video during a nighttime event?,Yes.,,17;22;28;41;51;53;56;57;65;98;100;103;104;105;108;109;119;120;122;131;133;137;138;146;150;152;153;158;159;160;169;171;176;177;180;189;200;204;214;222;224;235;249;257;263;265;268;269;272;273;276;278;280;281,64,1
20bc995f-c3de-4789-bd7a-34cf1a313b0c,Is the food made for a man and some girls before serving food under the tent?,Yes,,17;22;28;41;51;53;56;57;65;98;100;103;104;105;108;109;117;119;120;122;131;133;137;138;146;150;153;158;159;160;169;171;176;177;180;189;200;204;214;222;224;235;249;257;263;265;268;269;272;273;276;278;280;281,64,1
20bc995f-c3de-4789-bd7a-34cf1a313b0c,What is the setting of the video clip?,At a roadside food stall.,,268;269;272;273;276;278;280;281;284;285;288;289;292;293;296;297;300;301;304;306;308;309;312;313;316;319;320;321;324;325;328;329;332;333;336;337;340;343;344;347;349;351;352;355;356;359;360;363;364;367;368;371;372;375;376;379;380;383;384;387;388;413;416;419,64,1
20bc995f-c3de-4789-bd7a-34cf1a313b0c,Who is the main person interacting with others in the scene?,A food stall vendor.,,268;269;272;273;276;278;280;281;284;285;288;289;292;293;296;297;300;301;304;306;308;309;312;313;316;319;320;321;324;325;328;329;332;333;336;337;340;343;344;347;349;351;352;355;356;359;360;363;364;367;368;371;372;375;376;379;380;383;384;387;412;413;416;419,64,1
20bc995f-c3de-4789-bd7a-34cf1a313b0c,What type of interaction occurs between the vendor and customers?,Serving food and conversing.,,268;269;272;273;276;278;280;281;284;285;288;289;292;293;296;297;300;301;304;306;308;309;312;313;316;319;320;321;324;325;328;329;332;333;336;337;340;343;344;347;349;351;352;355;356;359;360;363;364;367;368;371;372;375;376;379;380;383;384;387;412;413;416;419,64,1
20bc995f-c3de-4789-bd7a-34cf1a313b0c,How is the stall vendor engaging with the customers besides serving food?,Talking with them.,,268;269;272;273;276;278;280;281;284;285;288;289;292;293;296;297;300;301;304;306;308;309;312;313;316;319;320;321;324;325;328;329;332;333;336;337;340;343;344;347;349;351;352;355;356;359;360;363;364;367;368;371;372;375;376;379;380;383;384;387;412;413;416;419,64,1
20bc995f-c3de-4789-bd7a-34cf1a313b0c,Is the vendor wearing gloves while handling food?,No.,,268;269;272;273;276;278;280;281;284;285;288;289;292;293;296;297;300;301;304;306;308;309;312;313;316;319;320;321;324;325;328;329;332;333;336;337;340;343;344;347;349;351;352;355;356;359;360;363;364;367;368;371;372;375;376;379;380;383;384;387;412;413;416;419,64,1
20bc995f-c3de-4789-bd7a-34cf1a313b0c,Does the video show a customer receiving change after payment?,No.,,268;269;272;273;278;280;281;284;288;289;292;293;296;297;300;301;304;306;308;309;312;313;316;319;320;321;324;325;328;329;332;333;336;337;340;343;344;347;349;351;352;355;356;359;360;363;364;367;368;371;372;375;376;379;380;383;384;387;388;391;392;413;416;419,64,1
20bc995f-c3de-4789-bd7a-34cf1a313b0c,Is there any interaction between the customers in the frame?,No.,,268;269;272;273;278;280;281;284;288;289;292;293;296;297;300;301;304;306;308;309;312;313;316;319;320;321;324;325;328;329;332;333;336;337;340;343;344;347;349;351;352;355;356;359;360;363;364;367;368;371;372;375;376;379;380;383;384;387;388;391;392;413;416;419,64,1
20bc995f-c3de-4789-bd7a-34cf1a313b0c,Does the stall have a digital payment option displayed?,Yes.,,268;269;272;273;276;278;280;281;284;285;288;289;292;293;296;297;300;301;304;306;308;309;312;313;316;319;320;321;324;325;328;329;332;333;336;337;340;343;344;347;349;351;352;355;356;359;360;363;364;367;368;371;372;375;376;379;380;383;384;387;412;413;416;419,64,1
20bc995f-c3de-4789-bd7a-34cf1a313b0c,Does the interaction with woman B happen before serving to woman C?,Yes,,268;269;272;273;276;278;280;281;284;285;288;289;292;293;296;297;300;301;304;306;308;309;312;313;316;319;320;321;324;325;328;329;332;333;336;337;340;343;344;347;349;351;352;355;356;359;360;363;364;367;368;371;372;375;376;379;380;383;384;387;412;413;416;419,64,1
20bc995f-c3de-4789-bd7a-34cf1a313b0c,Do I serve food to a group of people before the roadside food stall scene?,No,,268;269;272;273;278;280;281;284;288;289;292;293;296;297;300;301;304;306;308;309;312;313;316;319;320;321;324;325;328;329;332;333;336;337;340;343;344;347;349;351;352;355;356;359;360;363;364;367;368;371;372;375;376;379;380;383;384;387;388;391;392;413;416;419,64,1
20bc995f-c3de-4789-bd7a-34cf1a313b0c,"In the video, did I serve food under the tent before talking to man A at the stand?",No,,268;269;272;273;278;280;281;284;288;289;292;293;296;297;300;301;304;306;308;309;312;313;316;319;320;321;324;325;328;329;332;333;336;337;340;343;344;347;349;351;352;355;356;359;360;363;364;367;368;371;372;375;376;379;380;383;384;387;388;391;392;413;416;419,64,1
20bc995f-c3de-4789-bd7a-34cf1a313b0c,"In the video, does serving pani puri occur before making food for the man and girls?",Yes,,268;269;272;273;278;280;281;284;288;289;292;293;296;297;300;301;304;306;308;309;312;313;316;319;320;321;324;325;328;329;332;333;336;337;340;343;344;347;349;351;352;355;356;359;360;363;364;367;368;371;372;375;376;379;380;383;384;387;388;391;392;413;416;419,64,1
20bc995f-c3de-4789-bd7a-34cf1a313b0c,"What happens before interacting with woman A, B, and C at the roadside stall?",I serve food to a group of people.,,268;269;272;273;276;278;280;281;284;285;288;289;292;293;296;297;300;301;304;306;308;309;312;313;316;319;320;321;324;325;328;329;332;333;336;337;340;343;344;347;349;351;352;355;356;359;360;363;364;367;368;371;372;375;376;379;380;383;384;387;412;413;416;419,64,1
20bc995f-c3de-4789-bd7a-34cf1a313b0c,Describe the setting of this video clip.,A roadside food stall at night.,,268;269;272;273;276;278;280;281;284;285;288;289;292;293;296;297;300;301;304;306;308;309;312;313;316;319;320;321;324;325;328;329;332;333;336;337;340;343;344;347;349;351;352;355;356;359;360;363;364;367;368;371;372;375;376;379;380;383;384;387;412;413;416;419,64,1
20bc995f-c3de-4789-bd7a-34cf1a313b0c,Could you summarize the depicted scenario?,A person serving and conversing at a food stall.,,268;269;272;273;276;278;280;281;284;285;288;289;292;293;296;297;300;301;304;306;308;309;312;313;316;319;320;321;324;325;328;329;332;333;336;337;340;343;344;347;349;351;352;355;356;359;360;363;364;367;368;371;372;375;376;379;380;383;384;387;412;413;416;419,64,1
20bc995f-c3de-4789-bd7a-34cf1a313b0c,Did the vendor converse with two individuals?,Yes.,,268;269;272;273;276;278;280;281;284;285;288;289;292;293;296;297;300;301;304;306;308;309;312;313;316;319;320;321;324;325;328;329;332;333;336;337;340;343;344;347;349;351;352;355;356;359;360;363;364;367;368;371;372;375;376;379;380;383;384;387;412;413;416;419,64,1
20bc995f-c3de-4789-bd7a-34cf1a313b0c,"In the sequence, is food served at the roadside stall before the food tent?",No,,268;269;272;273;278;280;281;284;288;289;292;293;296;297;300;301;304;306;308;309;312;313;316;319;320;321;324;325;328;329;332;333;336;337;340;343;344;347;349;351;352;355;356;359;360;363;364;367;368;371;372;375;376;379;380;383;384;387;388;391;392;413;416;419,64,1
20bc995f-c3de-4789-bd7a-34cf1a313b0c,What scene is captured in the video clip?,A food stand with cooking in progress.,,268;269;272;273;276;278;280;281;284;285;288;289;292;293;296;297;300;301;304;306;308;309;312;313;316;319;320;321;324;325;328;329;332;333;336;337;340;343;344;347;349;351;352;355;356;359;360;363;364;367;368;371;372;375;376;379;380;383;384;387;412;413;416;419,64,1
20bc995f-c3de-4789-bd7a-34cf1a313b0c,What's the brief of the depicted scenario?,Food preparation at a stand with a customer waiting.,,268;269;272;273;276;278;280;281;284;285;288;289;292;293;296;297;300;301;304;306;308;309;312;313;316;319;320;321;324;325;328;329;332;333;336;337;340;343;344;347;349;351;352;355;356;359;360;363;364;367;368;371;372;375;376;379;380;383;384;387;412;413;416;419,64,1
20bc995f-c3de-4789-bd7a-34cf1a313b0c,Does the scene capture a customer receiving their order?,No.,,268;269;272;273;278;280;281;284;288;289;292;293;296;297;300;301;304;306;308;309;312;313;316;319;320;321;324;325;328;329;332;333;336;337;340;343;344;347;349;351;352;355;356;359;360;363;364;367;368;371;372;375;376;379;380;383;384;387;388;391;392;413;416;419,64,1
20bc995f-c3de-4789-bd7a-34cf1a313b0c,Is there any indication of a payment transaction in the video?,No.,,268;269;272;273;278;280;281;284;288;289;292;293;296;297;300;301;304;306;308;309;312;313;316;319;320;321;324;325;328;329;332;333;336;337;340;343;344;347;349;351;352;355;356;359;360;363;364;367;368;371;372;375;376;379;380;383;384;387;388;391;392;413;416;419,64,1
20bc995f-c3de-4789-bd7a-34cf1a313b0c,Does the video show the cook finishing the dish?,No.,,268;269;272;273;278;280;281;284;288;289;292;293;296;297;300;301;304;306;308;309;312;313;316;319;320;321;324;325;328;329;332;333;336;337;340;343;344;347;349;351;352;355;356;359;360;363;364;367;368;371;372;375;376;379;380;383;384;387;388;391;392;413;416;419,64,1
20bc995f-c3de-4789-bd7a-34cf1a313b0c,Is the cook multitasking between cooking and another activity?,Yes.,,268;269;272;273;276;278;280;281;284;285;288;289;292;293;296;297;300;301;304;306;308;309;312;313;316;319;320;321;324;325;328;329;332;333;336;337;340;343;344;347;349;351;352;355;356;359;360;363;364;367;368;371;372;375;376;379;380;383;384;387;412;413;416;419,64,1
20bc995f-c3de-4789-bd7a-34cf1a313b0c,Does the cook appear to be preparing food for more than one person?,Yes.,,268;269;272;273;276;278;280;281;284;285;288;289;292;293;296;297;300;301;304;306;308;309;312;313;316;319;320;321;324;325;328;329;332;333;336;337;340;343;344;347;349;351;352;355;356;359;360;363;364;367;368;371;372;375;376;379;380;383;384;387;412;413;416;419,64,1
20bc995f-c3de-4789-bd7a-34cf1a313b0c,Did the discussion with man X and man Y happen before serving woman Z?,No,,268;269;272;273;276;278;280;281;284;285;288;289;292;293;296;297;300;301;304;306;308;309;312;313;316;319;320;321;324;325;328;329;332;333;336;337;340;343;344;347;349;351;352;355;356;359;360;363;364;367;368;371;372;375;376;379;380;383;384;387;412;413;416;419,64,1
20bc995f-c3de-4789-bd7a-34cf1a313b0c,What event happened before the phone conversation?,Serving a different customer,,268;269;272;273;278;280;281;284;288;289;292;293;296;297;300;301;304;306;308;309;312;313;316;319;320;321;324;325;328;329;332;333;336;337;340;343;344;347;349;351;352;355;356;359;360;363;364;367;368;371;372;375;376;379;380;383;384;387;388;391;392;413;416;419,64,1
20bc995f-c3de-4789-bd7a-34cf1a313b0c,Was food made for woman A after the interaction with woman B?,Yes,,268;269;272;273;276;278;280;281;284;285;288;289;292;293;296;297;300;301;304;306;308;309;312;313;316;319;320;321;324;325;328;329;332;333;336;337;340;343;344;347;349;351;352;355;356;359;360;363;364;367;368;371;372;375;376;379;380;383;384;387;412;413;416;419,64,1
20bc995f-c3de-4789-bd7a-34cf1a313b0c,Did the phone conversation occur before discussing with man Y?,Yes,,268;269;272;273;276;278;280;281;284;285;288;289;292;293;296;297;300;301;304;306;308;309;312;313;316;319;320;321;324;325;328;329;332;333;336;337;340;343;344;347;349;351;352;355;356;359;360;363;364;367;368;371;372;375;376;379;380;383;384;387;412;413;416;419,64,1
20bc995f-c3de-4789-bd7a-34cf1a313b0c,What is seen happening before making food for man B?,Talked on the phone,,268;269;272;273;278;280;281;284;288;289;292;293;296;297;300;301;304;306;308;309;312;313;316;319;320;321;324;325;328;329;332;333;336;337;340;343;344;347;349;351;352;355;356;359;360;363;364;367;368;371;372;375;376;379;380;383;384;387;388;391;413;416;419;578,64,1
20bc995f-c3de-4789-bd7a-34cf1a313b0c,What took place just before making food for woman A?,Talked on the phone,,268;269;272;273;278;280;281;284;288;289;292;293;296;297;300;301;304;306;308;309;312;313;316;319;320;321;324;325;328;329;332;333;336;337;340;343;344;347;349;351;352;355;356;359;360;363;364;367;368;371;372;375;376;379;380;383;384;387;388;391;392;413;416;419,64,1
20bc995f-c3de-4789-bd7a-34cf1a313b0c,What is the location of the scene in the video?,The location is at a food stand.,,268;269;272;273;278;280;281;284;288;289;292;293;296;297;300;301;304;306;308;309;312;313;316;319;320;321;324;325;328;329;332;333;336;337;340;343;344;347;349;351;352;355;356;359;360;363;364;367;368;371;372;375;376;379;380;383;384;387;388;391;392;413;416;419,64,1
20bc995f-c3de-4789-bd7a-34cf1a313b0c,How many customers are being interacted with?,Three customers are being interacted with.,,268;269;272;273;276;278;280;281;284;285;288;289;292;293;296;297;300;301;304;306;308;309;312;313;316;319;320;321;324;325;328;329;332;333;336;337;340;343;344;347;349;351;352;355;356;359;360;363;364;367;368;371;372;375;376;379;380;383;384;387;412;413;416;419,64,1
20bc995f-c3de-4789-bd7a-34cf1a313b0c,Does the frame show the server handing pani puris to a customer?,Yes.,,268;269;272;273;276;278;280;281;284;285;288;289;292;293;296;297;300;301;304;306;308;309;312;313;316;319;320;321;324;325;328;329;332;333;336;337;340;343;344;347;349;351;352;355;356;359;360;363;364;367;368;371;372;375;376;379;380;383;384;387;412;413;416;419,64,1
20bc995f-c3de-4789-bd7a-34cf1a313b0c,Is the shown frame depicting an indoor activity?,No.,,268;269;272;273;276;278;280;281;284;285;288;289;292;293;296;297;300;301;304;306;308;309;312;313;316;319;320;321;324;325;328;329;332;333;336;337;340;343;344;347;349;351;352;355;356;359;360;363;364;367;368;371;372;375;376;379;380;383;384;387;412;413;416;419,64,1
20bc995f-c3de-4789-bd7a-34cf1a313b0c,Does the video involve interaction between the server and customers?,Yes.,,268;269;272;273;276;278;280;281;284;285;288;289;292;293;296;297;300;301;304;306;308;309;312;313;316;319;320;321;324;325;328;329;332;333;336;337;340;343;344;347;349;351;352;355;356;359;360;363;364;367;368;371;372;375;376;379;380;383;384;387;412;413;416;419,64,1
20bc995f-c3de-4789-bd7a-34cf1a313b0c,Is the phone conversation happening before making food for woman A?,Yes,,268;269;272;273;276;278;280;281;284;285;288;289;292;293;296;297;300;301;304;306;308;309;312;313;316;319;320;321;324;325;328;329;332;333;336;337;340;343;344;347;349;351;352;355;356;359;360;363;364;367;368;371;372;375;376;379;380;383;384;387;412;413;416;419,64,1
20bc995f-c3de-4789-bd7a-34cf1a313b0c,Does man Z get served before the phone conversation starts?,No,,268;269;272;273;278;280;281;284;288;289;292;293;296;297;300;301;304;306;308;309;312;313;316;319;320;321;324;325;328;329;332;333;336;337;340;343;344;347;349;351;352;355;356;359;360;363;364;367;368;371;372;375;376;379;380;383;384;387;388;391;392;413;416;419,64,1
20bc995f-c3de-4789-bd7a-34cf1a313b0c,"In the video, is the interaction with man X and Y before the food preparation for woman A and man B?",No,,268;269;272;273;276;278;280;281;284;285;288;289;292;293;296;297;300;301;304;306;308;309;312;313;316;319;320;321;324;325;328;329;332;333;336;337;340;343;344;347;349;351;352;355;356;359;360;363;364;367;368;371;372;375;376;379;380;383;384;387;412;413;416;419,64,1
20bc995f-c3de-4789-bd7a-34cf1a313b0c,Do I talk to man Z before making food for woman A and man B?,No.,,268;269;272;273;278;280;281;284;288;289;292;293;296;297;300;301;304;306;308;309;312;313;316;319;320;321;324;325;328;329;332;333;336;337;340;343;344;347;349;351;352;355;356;359;360;363;364;367;368;371;372;375;376;379;380;383;384;387;388;391;392;413;416;419,64,1
20bc995f-c3de-4789-bd7a-34cf1a313b0c,Is the food prepared for woman Z before the interaction with man Z?,Yes.,,268;269;272;273;278;280;281;284;288;289;292;293;296;297;300;301;304;306;308;309;312;313;316;319;320;321;324;325;328;329;332;333;336;337;340;343;344;347;349;351;352;355;356;359;360;363;364;367;368;371;372;375;376;379;380;383;384;387;388;391;392;413;416;419,64,1
20bc995f-c3de-4789-bd7a-34cf1a313b0c,What do I do before making food for woman A and man B?,Talking on the phone.,,268;269;272;273;278;280;281;284;288;289;292;293;296;297;300;301;304;306;308;309;312;313;316;319;320;321;324;325;328;329;332;333;336;337;340;343;344;347;349;351;352;355;356;359;360;363;364;367;368;371;372;375;376;379;380;383;384;387;388;391;392;413;416;419,64,1
20bc995f-c3de-4789-bd7a-34cf1a313b0c,How many individuals does the camera wearer interact with?,Three individuals.,,268;269;272;273;276;278;280;281;284;285;288;289;292;293;296;297;300;301;304;306;308;309;312;313;316;319;320;321;324;325;328;329;332;333;336;337;340;343;344;347;349;351;352;355;356;359;360;363;364;367;368;371;372;375;376;379;380;383;384;387;412;413;416;419,64,1
20bc995f-c3de-4789-bd7a-34cf1a313b0c,Are there any objects visible in the scene?,"Yes, food and serving utensils.",,268;269;272;273;278;280;281;284;288;289;292;293;296;297;300;301;304;306;308;309;312;313;316;319;320;321;324;325;328;329;332;333;336;337;340;343;344;347;349;351;352;355;356;359;360;363;364;367;368;371;372;375;376;379;380;383;384;387;388;391;392;413;416;419,64,1
20bc995f-c3de-4789-bd7a-34cf1a313b0c,Is the environment depicted busy or calm?,"Busy, with serving and conversation happening.",,268;269;272;273;276;278;280;281;284;285;288;289;292;293;296;297;300;301;304;306;308;309;312;313;316;319;320;321;324;325;328;329;332;333;336;337;340;343;344;347;349;351;352;355;356;359;360;363;364;367;368;371;372;375;376;379;380;383;384;387;412;413;416;419,64,1
20bc995f-c3de-4789-bd7a-34cf1a313b0c,Did the camera wearer carry out more than one task?,"Yes, serving and conversing.",,268;269;272;273;276;278;280;281;284;285;288;289;292;293;296;297;300;301;304;306;308;309;312;313;316;319;320;321;324;325;328;329;332;333;336;337;340;343;344;347;349;351;352;355;356;359;360;363;364;367;368;371;372;375;376;379;380;383;384;387;412;413;416;419,64,1
20bc995f-c3de-4789-bd7a-34cf1a313b0c,Did the serving of food appear organized or haphazard?,"Organized, with food laid out.",,268;269;272;273;276;278;280;281;284;285;288;289;292;293;296;297;300;301;304;306;308;309;312;313;316;319;320;321;324;325;328;329;332;333;336;337;340;343;344;347;349;351;352;355;356;359;360;363;364;367;368;371;372;375;376;379;380;383;384;387;412;413;416;419,64,1
20bc995f-c3de-4789-bd7a-34cf1a313b0c,Are all men engaged in eating or just conversing?,"Only one is shown eating, others converse.",,268;269;272;273;278;280;281;284;288;289;292;293;296;297;300;301;304;306;308;309;312;313;316;319;320;321;324;325;328;329;332;333;336;337;340;343;344;347;349;351;352;355;356;359;360;363;364;367;368;371;372;375;376;379;380;383;384;387;388;391;392;413;416;419,64,1
20bc995f-c3de-4789-bd7a-34cf1a313b0c,Was there verbal exchange under the tent?,Yes.,,268;269;272;273;278;280;281;284;288;289;292;293;296;297;300;301;304;306;308;309;312;313;316;319;320;321;324;325;328;329;332;333;336;337;340;343;344;347;349;351;352;355;356;359;360;363;364;367;368;371;372;375;376;379;380;383;384;387;388;391;392;413;416;419,64,1
20bc995f-c3de-4789-bd7a-34cf1a313b0c,Is there visible evidence of food being consumed in the frame?,Yes.,,268;269;272;273;278;280;281;284;288;289;292;293;296;297;300;301;304;306;308;309;312;313;316;319;320;321;324;325;328;329;332;333;336;337;340;343;344;347;349;351;352;355;356;359;360;363;364;367;368;371;372;375;376;379;380;383;384;387;388;391;392;413;416;419,64,1
20bc995f-c3de-4789-bd7a-34cf1a313b0c,Does the scene suggest any sign of a rush or urgency?,"No, it appears orderly.",,268;269;272;273;276;278;280;281;284;285;288;289;292;293;296;297;300;301;304;306;308;309;312;313;316;319;320;321;324;325;328;329;332;333;336;337;340;343;344;347;349;351;352;355;356;359;360;363;364;367;368;371;372;375;376;379;380;383;384;387;412;413;416;419,64,1
20bc995f-c3de-4789-bd7a-34cf1a313b0c,Is the preparation of pani puris shown before serving them to man X and Y?,Yes,,268;269;272;273;276;278;280;281;284;285;288;289;292;293;296;297;300;301;304;306;308;309;312;313;316;319;320;321;324;325;328;329;332;333;336;337;340;343;344;347;349;351;352;355;356;359;360;363;364;367;368;371;372;375;376;379;380;383;384;387;412;413;416;419,64,1
20bc995f-c3de-4789-bd7a-34cf1a313b0c,Do I talk on the phone prior to serving food under the food tent?,Yes,,268;269;272;273;278;280;281;284;288;289;292;293;296;297;300;301;304;306;308;309;312;313;316;319;320;321;324;325;328;329;332;333;336;337;340;343;344;347;349;351;352;355;356;359;360;363;364;367;368;371;372;375;376;379;380;383;384;387;388;391;413;416;419;578,64,1
20bc995f-c3de-4789-bd7a-34cf1a313b0c,What occurs just before serving food to man A under the food tent?,Preparing food,,268;269;272;273;278;280;281;284;288;289;292;293;296;297;300;301;304;306;308;309;312;313;316;319;320;321;324;325;328;329;332;333;336;337;340;343;344;347;349;351;352;355;356;359;360;363;364;367;368;371;372;375;376;379;380;383;384;387;388;391;413;416;419;578,64,1
20bc995f-c3de-4789-bd7a-34cf1a313b0c,What activity is taking place at the stall?,A person is serving potato balls and gruel.,,268;269;272;273;278;280;281;284;288;289;292;293;296;297;300;301;304;306;308;309;312;313;316;319;320;321;324;325;328;329;332;333;336;337;340;343;344;347;349;351;352;355;356;359;360;363;364;367;368;371;372;375;376;379;380;383;384;387;388;391;392;413;416;419,64,1
20bc995f-c3de-4789-bd7a-34cf1a313b0c,Who is interacting at the food stall?,"A server, a woman, and a girl.",,268;269;272;273;276;278;280;281;284;285;288;289;292;293;296;297;300;301;304;306;308;309;312;313;316;319;320;321;324;325;328;329;332;333;336;337;340;343;344;347;349;351;352;355;356;359;360;363;364;367;368;371;372;375;376;379;380;383;384;387;412;413;416;419,64,1
20bc995f-c3de-4789-bd7a-34cf1a313b0c,What type of service is depicted at the stall?,Food service involving potato balls and gruel.,,268;269;272;273;276;278;280;281;284;285;288;289;292;293;296;297;300;301;304;306;308;309;312;313;316;319;320;321;324;325;328;329;332;333;336;337;340;343;344;347;349;351;352;355;356;359;360;363;364;367;368;371;372;375;376;379;380;383;384;387;412;413;416;419,64,1
20bc995f-c3de-4789-bd7a-34cf1a313b0c,Who is preparing the food in the video clip?,The server at the stall.,,268;269;272;273;276;278;280;281;284;285;288;289;292;293;296;297;300;301;304;306;308;309;312;313;316;319;320;321;324;325;328;329;332;333;336;337;340;343;344;347;349;351;352;355;356;359;360;363;364;367;368;371;372;375;376;379;380;383;384;387;388;413;416;419,64,1
20bc995f-c3de-4789-bd7a-34cf1a313b0c,What actions can be seen in the frame provided?,Preparing and serving food at the stall.,,268;269;272;273;278;280;281;284;288;289;292;293;296;297;300;301;304;306;308;309;312;313;316;319;320;321;324;325;328;329;332;333;336;337;340;343;344;347;349;351;352;355;356;359;360;363;364;367;368;371;372;375;376;379;380;383;384;387;388;391;413;416;419;578,64,1
20bc995f-c3de-4789-bd7a-34cf1a313b0c,Is the food being freshly prepared or pre-packaged?,"Freshly prepared, as seen in the video.",,268;269;272;273;278;280;281;284;288;289;292;293;296;297;300;301;304;306;308;309;312;313;316;319;320;321;324;325;328;329;332;333;336;337;340;343;344;347;349;351;352;355;356;359;360;363;364;367;368;371;372;375;376;379;380;383;384;387;388;391;413;416;419;578,64,1
20bc995f-c3de-4789-bd7a-34cf1a313b0c,Does the server use any special tools for serving?,Not evident in the provided frame.,,268;269;272;273;276;278;280;281;284;285;288;289;292;293;296;297;300;301;304;306;308;309;312;313;316;319;320;321;324;325;328;329;332;333;336;337;340;343;344;347;349;351;352;355;356;359;360;363;364;367;368;371;372;375;376;379;380;383;384;387;412;413;416;419,64,1
20bc995f-c3de-4789-bd7a-34cf1a313b0c,Does the video show the server using a foam plate for serving?,Yes.,,268;269;272;273;276;278;280;281;284;285;288;289;292;293;296;297;300;301;304;306;308;309;312;313;316;319;320;321;324;325;328;329;332;333;336;337;340;343;344;347;349;351;352;355;356;359;360;363;364;367;368;371;372;375;376;379;380;383;384;387;412;413;416;419,64,1
20bc995f-c3de-4789-bd7a-34cf1a313b0c,Can we see any cooking equipment in the video?,"Yes, in the provided frame.",,268;269;272;273;278;280;281;284;288;289;292;293;296;297;300;301;304;306;308;309;312;313;316;319;320;321;324;325;328;329;332;333;336;337;340;343;344;347;349;351;352;355;356;359;360;363;364;367;368;371;372;375;376;379;380;383;384;387;388;391;392;413;416;419,64,1
20bc995f-c3de-4789-bd7a-34cf1a313b0c,Did the serving of potato balls occur before serving gruel?,Yes,,268;269;272;273;278;280;281;284;288;289;292;293;296;297;300;301;304;306;308;309;312;313;316;319;320;321;324;325;328;329;332;333;336;337;340;343;344;347;349;351;352;355;356;359;360;363;364;367;368;371;372;375;376;379;380;383;384;387;388;391;392;413;416;419,64,1
20bc995f-c3de-4789-bd7a-34cf1a313b0c,Was the conversation with man E before serving food to the woman Z?,No,,268;269;272;273;278;280;281;284;288;289;292;293;296;297;300;301;304;306;308;309;312;313;316;319;320;321;324;325;328;329;332;333;336;337;340;343;344;347;349;351;352;355;356;359;360;363;364;367;368;371;372;375;376;379;380;383;384;387;388;391;392;413;416;419,64,1
20bc995f-c3de-4789-bd7a-34cf1a313b0c,What event occurs just before serving food to man A?,Being under a food tent,,268;269;272;273;278;280;281;284;288;289;292;293;296;297;300;301;304;306;308;309;312;313;316;319;320;321;324;325;328;329;332;333;336;337;340;343;344;347;349;351;352;355;356;359;360;363;364;367;368;371;372;375;376;379;380;383;384;387;388;391;392;413;416;419,64,1
20bc995f-c3de-4789-bd7a-34cf1a313b0c,What happens right before serving potato balls?,Interacting with a group of people,,268;269;272;273;276;278;280;281;284;285;288;289;292;293;296;297;300;301;304;306;308;309;312;313;316;319;320;321;324;325;328;329;332;333;336;337;340;343;344;347;349;351;352;355;356;359;360;363;364;367;368;371;372;375;376;379;380;383;384;387;412;413;416;419,64,1
20bc995f-c3de-4789-bd7a-34cf1a313b0c,What event happens before interacting with a group of people?,Being at a stall,,268;269;272;273;278;280;281;284;288;289;292;293;296;297;300;301;304;306;308;309;312;313;316;319;320;321;324;325;328;329;332;333;336;337;340;343;344;347;349;351;352;355;356;359;360;363;364;367;368;371;372;375;376;379;380;383;384;387;388;391;392;413;416;419,64,1
20bc995f-c3de-4789-bd7a-34cf1a313b0c,Did the serving of potato balls happen before the gruel in foam plates?,No,,268;269;272;273;276;278;280;281;284;285;288;289;292;293;296;297;300;301;304;306;308;309;312;313;316;319;320;321;324;325;328;329;332;333;336;337;340;343;344;347;349;351;352;355;356;359;360;363;364;367;368;371;372;375;376;379;380;383;384;387;412;413;416;419,64,1
20bc995f-c3de-4789-bd7a-34cf1a313b0c,"In the video, is the food tent scene before the interaction with the group of people?",No,,268;269;272;273;278;280;281;284;288;289;292;293;296;297;300;301;304;306;308;309;312;313;316;319;320;321;324;325;328;329;332;333;336;337;340;343;344;347;349;351;352;355;356;359;360;363;364;367;368;371;372;375;376;379;380;383;384;387;388;391;392;413;416;419,64,1
20bc995f-c3de-4789-bd7a-34cf1a313b0c,What do we see happening just before the food stand scene?,Serving at a stall,,268;269;272;273;278;280;281;284;288;289;292;293;296;297;300;301;304;306;308;309;312;313;316;319;320;321;324;325;328;329;332;333;336;337;340;343;344;347;349;351;352;355;356;359;360;363;364;367;368;371;372;375;376;379;380;383;384;387;388;391;392;413;416;419,64,1
20bc995f-c3de-4789-bd7a-34cf1a313b0c,What's the setting of the video clip?,Inside a food kiosk.,,268;269;272;273;278;280;281;284;288;289;292;293;296;297;300;301;304;306;308;309;312;313;316;319;320;321;324;325;328;329;332;333;336;337;340;343;344;347;349;351;352;355;356;359;360;363;364;367;368;371;372;375;376;379;380;383;384;387;388;391;392;413;416;419,64,1
20bc995f-c3de-4789-bd7a-34cf1a313b0c,What is the primary activity occurring?,Food preparation and sales.,,268;269;272;273;276;278;280;281;284;285;288;289;292;293;296;297;300;301;304;306;308;309;312;313;316;319;320;321;324;325;328;329;332;333;336;337;340;343;344;347;349;351;352;355;356;359;360;363;364;367;368;371;372;375;376;379;380;383;384;387;412;413;416;419,64,1
20bc995f-c3de-4789-bd7a-34cf1a313b0c,Are there any customers present in the video?,"Yes, a group of people.",,268;269;272;273;278;280;281;284;288;289;292;293;296;297;300;301;304;306;308;309;312;313;316;319;320;321;324;325;328;329;332;333;336;337;340;343;344;347;349;351;352;355;356;359;360;363;364;367;368;371;372;375;376;379;380;383;384;387;388;391;392;413;416;419,64,1
20bc995f-c3de-4789-bd7a-34cf1a313b0c,What can be seen in the kiosk besides the food?,Food ingredients and cooking utensils.,,268;269;272;273;278;280;281;284;288;289;292;293;296;297;300;301;304;306;308;309;312;313;316;319;320;321;324;325;328;329;332;333;336;337;340;343;344;347;349;351;352;355;356;359;360;363;364;367;368;371;372;375;376;379;380;383;384;387;388;391;392;413;416;419,64,1
20bc995f-c3de-4789-bd7a-34cf1a313b0c,What type of food is being sold?,It is not specified.,,268;269;272;273;278;280;281;284;288;289;292;293;296;297;300;301;304;306;308;309;312;313;316;319;320;321;324;325;328;329;332;333;336;337;340;343;344;347;349;351;352;355;356;359;360;363;364;367;368;371;372;375;376;379;380;383;384;387;388;391;392;413;416;419,64,1
20bc995f-c3de-4789-bd7a-34cf1a313b0c,Is the food seller working alone?,It's not clear from the clip.,,268;269;272;273;276;278;280;281;284;285;288;289;292;293;296;297;300;301;304;306;308;309;312;313;316;319;320;321;324;325;328;329;332;333;336;337;340;343;344;347;349;351;352;355;356;359;360;363;364;367;368;371;372;375;376;379;380;383;384;387;412;413;416;419,64,1
20bc995f-c3de-4789-bd7a-34cf1a313b0c,Does the video show the exchange of goods for payment?,It is not confirmed.,,268;269;272;273;276;278;280;281;284;285;288;289;292;293;296;297;300;301;304;306;308;309;312;313;316;319;320;321;324;325;328;329;332;333;336;337;340;343;344;347;349;351;352;355;356;359;360;363;364;367;368;371;372;375;376;379;380;383;384;387;412;413;416;419,64,1
20bc995f-c3de-4789-bd7a-34cf1a313b0c,Does the video show the food being cooked?,No.,,268;269;272;273;278;280;281;284;288;289;292;293;296;297;300;301;304;306;308;309;312;313;316;319;320;321;324;325;328;329;332;333;336;337;340;343;344;347;349;351;352;355;356;359;360;363;364;367;368;371;372;375;376;379;380;383;384;387;388;391;392;413;416;419,64,1
20bc995f-c3de-4789-bd7a-34cf1a313b0c,Does the video show the food being packaged?,"No, it shows it being prepared.",,268;269;272;273;278;280;281;284;288;289;292;293;296;297;300;301;304;306;308;309;312;313;316;319;320;321;324;325;328;329;332;333;336;337;340;343;344;347;349;351;352;355;356;359;360;363;364;367;368;371;372;375;376;379;380;383;384;387;388;391;392;413;416;419,64,1
20bc995f-c3de-4789-bd7a-34cf1a313b0c,Is there any indication of the kiosk's location being outdoors?,No.,,268;269;272;273;278;280;281;284;288;289;292;293;296;297;300;301;304;306;308;309;312;313;316;319;320;321;324;325;328;329;332;333;336;337;340;343;344;347;349;351;352;355;356;359;360;363;364;367;368;371;372;375;376;379;380;383;384;387;388;391;392;413;416;419,64,1
20bc995f-c3de-4789-bd7a-34cf1a313b0c,"In the video, is the gruel served after the interaction with the group of people?",Yes,,268;269;272;273;278;280;281;284;288;289;292;293;296;297;300;301;304;306;308;309;312;313;316;319;320;321;324;325;328;329;332;333;336;337;340;343;344;347;349;351;352;355;356;359;360;363;364;367;368;371;372;375;376;379;380;383;384;387;388;391;392;413;416;419,64,1
20bc995f-c3de-4789-bd7a-34cf1a313b0c,Was I at the kiosk before serving potato balls and gruel?,No,,268;269;272;273;276;278;280;281;284;285;288;289;292;293;296;297;300;301;304;306;308;309;312;313;316;319;320;321;324;325;328;329;332;333;336;337;340;343;344;347;349;351;352;355;356;359;360;363;364;367;368;371;372;375;376;379;380;383;384;387;412;413;416;419,64,1
20bc995f-c3de-4789-bd7a-34cf1a313b0c,Did I sell food before I prepared it in the kiosk?,No,,268;269;272;273;278;280;281;284;288;289;292;293;296;297;300;301;304;306;308;309;312;313;316;319;320;321;324;325;328;329;332;333;336;337;340;343;344;347;349;351;352;355;356;359;360;363;364;367;368;371;372;375;376;379;380;383;384;387;388;391;392;413;416;419,64,1
20bc995f-c3de-4789-bd7a-34cf1a313b0c,Is the food sold to the group of people after I prepared it?,Yes,,268;269;272;273;278;280;281;284;288;289;292;293;296;297;300;301;304;306;308;309;312;313;316;319;320;321;324;325;328;329;332;333;336;337;340;343;344;347;349;351;352;355;356;359;360;363;364;367;368;371;372;375;376;379;380;383;384;387;388;391;392;413;416;419,64,1
20bc995f-c3de-4789-bd7a-34cf1a313b0c,What event took place before serving food to a group of people?,Prepared food in the kiosk,,268;269;272;273;278;280;281;284;288;289;292;293;296;297;300;301;304;306;308;309;312;313;316;319;320;321;324;325;328;329;332;333;336;337;340;343;344;347;349;351;352;355;356;359;360;363;364;367;368;371;372;375;376;379;380;383;384;387;388;391;413;416;419;578,64,1
20bc995f-c3de-4789-bd7a-34cf1a313b0c,Did I serve gruel before serving potato balls?,No,,268;269;272;273;276;278;280;281;284;285;288;289;292;293;296;297;300;301;304;306;308;309;312;313;316;319;320;321;324;325;328;329;332;333;336;337;340;343;344;347;349;351;352;355;356;359;360;363;364;367;368;371;372;375;376;379;380;383;384;412;413;416;419;578,64,1
