video_id,question,answer,pred_answer,retrieved_blocks,retrieve_size,chunk_size
9198b9a4-8d8f-4ba6-9924-4c86982d890a,What task is being performed with vegetables?,Chopping vegetables.,The person is chopping vegetables on a cutting board.,0;1;13;17;18;25;45;50;53;54;55;56;58;59;60;61;62;63;65;66;68;69;70;71;72;74;75;76;77;78;80;81;82;84;85;87;90;97;100;101;103;106;107;109;110;111;115;116;117;118;119;121;124;127;128;129;133;134;135;136;141;142;145;147,64,1
9198b9a4-8d8f-4ba6-9924-4c86982d890a,What step is being taken with flatbread?,Wrapping sauce in flatbread.,The flatbread is being placed on a black grill pan.,1;13;17;18;25;45;50;53;54;55;58;59;60;61;62;63;65;66;68;69;70;71;72;74;75;76;77;78;80;81;82;84;85;87;90;97;100;101;102;103;106;107;109;110;111;112;115;116;117;118;119;121;124;127;128;129;133;134;135;136;141;142;145;147,64,1
9198b9a4-8d8f-4ba6-9924-4c86982d890a,What kitchen fixture is being utilized?,Opening a cabinet.,stove,1;13;17;18;25;45;50;53;54;55;56;58;59;60;61;62;63;65;66;68;69;70;71;72;74;75;76;77;78;80;81;82;84;85;87;90;97;100;101;103;106;107;109;110;111;112;115;116;117;118;119;121;124;127;128;129;133;134;135;136;141;142;145;147,64,1
9198b9a4-8d8f-4ba6-9924-4c86982d890a,What's the overview of the action in the clip?,Preparing ingredients for a meal.,"The video begins with a view of a kitchen counter where various ingredients are laid out, including chopped tomatoes, onions, and a bowl of mixed vegetables. A person is seen preparing food, specifically slicing a red bell pepper on a wooden cutting board. The kitchen is well-equipped with a stove, a pot of chili, and various cooking utensils. The person continues to chop the bell pepper and then moves to a bowl of mixed vegetables, adding them to the pot of chili on the stove. The scene transitions to a close-up of the person's hands as they chop garlic on the same wooden cutting board. The kitchen counter is cluttered with bowls of chopped vegetables, a bowl of onions, a bottle of oil, and other cooking ingredients. The person then moves to a different part of the kitchen, where they are seen chopping garlic on a wooden cutting board. The kitchen counter is cluttered with various ingredients, including a bowl of chopped tomatoes, a bowl of onions, a bowl of mixed vegetables, a bottle of oil, and other cooking utensils. The person continues to chop the garlic and then moves to a bowl of mixed vegetables, adding them to the pot of chili on the stove. The video concludes with a close-up of the person's hands as they chop garlic on",1;13;17;18;25;45;50;53;54;55;56;58;59;60;61;62;63;65;66;68;69;70;71;72;74;75;76;77;78;80;81;82;84;85;87;90;97;100;101;103;106;107;109;110;111;112;115;116;117;118;119;121;124;127;128;129;133;134;135;136;141;142;145;147,64,1
9198b9a4-8d8f-4ba6-9924-4c86982d890a,Does the video show someone chopping vegetables?,Yes.,Yes.,1;13;17;18;25;45;50;53;54;55;58;59;60;61;62;63;65;66;68;69;70;71;72;74;75;76;77;78;80;81;82;84;85;87;90;96;97;100;101;103;106;107;109;110;111;112;115;116;117;118;119;121;124;127;128;129;133;134;135;136;141;142;145;147,64,1
9198b9a4-8d8f-4ba6-9924-4c86982d890a,Did the individual successfully open a kitchen cabinet?,Yes.,Yes.,1;13;17;18;25;45;50;53;54;55;56;58;59;60;61;62;63;65;66;68;69;70;71;72;74;75;76;77;78;80;81;82;84;85;87;90;97;100;101;103;106;107;109;110;111;112;115;116;117;118;119;121;124;127;128;129;133;134;135;136;141;142;145;147,64,1
9198b9a4-8d8f-4ba6-9924-4c86982d890a,Is the flatbread being seasoned with sauce?,Yes.,"No, the flatbread is not being seasoned with sauce.",1;13;17;18;25;45;50;53;54;55;56;58;59;60;61;62;63;65;66;68;69;70;71;72;74;75;76;77;78;80;81;82;84;85;87;90;97;100;101;103;106;107;109;110;111;112;115;116;117;118;119;121;124;127;128;129;133;134;135;136;141;142;145;147,64,1
9198b9a4-8d8f-4ba6-9924-4c86982d890a,Is there an occurrence of food being wrapped?,Yes.,"Yes, there is an occurrence of food being wrapped.",1;13;17;18;25;45;50;53;54;55;56;58;59;60;61;62;63;65;66;68;69;70;71;72;74;75;76;77;78;80;81;82;84;85;87;90;97;100;101;103;106;107;109;110;111;112;115;116;117;118;119;121;124;127;128;129;133;134;135;136;141;142;145;147,64,1
9198b9a4-8d8f-4ba6-9924-4c86982d890a,Is the person using a knife for cooking tasks?,Yes.,Yes.,1;13;17;18;25;45;50;53;54;55;56;58;59;60;61;62;63;65;66;68;69;70;71;72;74;75;76;77;78;80;81;82;84;85;87;90;97;100;101;103;106;107;109;110;111;112;115;116;117;118;119;121;124;127;128;129;133;134;135;136;141;142;145;147,64,1
9198b9a4-8d8f-4ba6-9924-4c86982d890a,What is the location in the video clip?,A kitchen.,The location in the video clip is a kitchen.,50;53;55;58;59;61;62;65;69;71;72;75;77;81;117;118;119;121;129;133;134;135;142;169;170;182;190;193;194;195;196;197;198;199;200;202;203;208;215;216;217;218;219;220;222;226;237;238;240;242;255;258;259;261;262;263;264;270;271;273;275;278;279;280,64,1
9198b9a4-8d8f-4ba6-9924-4c86982d890a,What kitchen activity is underway in the clip?,Cutting vegetables.,The clip shows the preparation of a meal involving filling tortillas with a meat mixture and cooking them on a stovetop.,50;53;55;58;59;61;62;65;69;71;72;75;77;81;117;118;119;121;129;133;134;135;142;169;170;182;190;193;194;195;196;197;198;199;200;202;203;208;215;216;217;218;219;220;222;226;237;238;240;242;255;258;259;261;262;263;264;270;271;273;275;278;279;280,64,1
9198b9a4-8d8f-4ba6-9924-4c86982d890a,What tool does the person in the video use?,Knives.,The person in the video uses a spatula to stir the mixture in the pan.,50;53;55;58;59;60;61;62;65;69;71;72;75;77;81;117;118;119;121;129;133;134;135;169;170;182;190;193;194;195;196;197;198;199;200;202;203;208;215;216;217;218;219;220;222;226;237;238;240;242;255;258;259;261;262;263;264;270;271;273;275;278;279;280,64,1
9198b9a4-8d8f-4ba6-9924-4c86982d890a,What appliance does the person in the video handle?,The heat regulator of the cooker.,The person in the video handles a black griddle.,50;53;55;58;59;60;61;62;65;69;71;72;75;77;81;117;118;119;121;129;133;134;135;169;170;182;190;193;194;195;196;197;198;199;200;202;203;208;215;216;217;218;219;220;222;226;237;238;240;242;255;258;259;261;262;263;264;270;271;273;275;278;279;280,64,1
9198b9a4-8d8f-4ba6-9924-4c86982d890a,What part of the kitchen furniture does the person interact with?,Drawers.,"The person interacts with the stove, pot, and countertop.",50;53;55;58;59;60;61;62;65;69;71;72;75;77;81;117;118;119;121;129;133;134;135;169;170;182;190;193;194;195;196;197;198;199;200;202;203;208;215;216;217;218;219;220;222;226;237;238;240;242;255;258;259;261;262;263;264;270;271;273;275;278;279;280,64,1
9198b9a4-8d8f-4ba6-9924-4c86982d890a,How is the person controlling the cooking temperature?,Operating the heat regulator.,The person is using a spatula to stir the contents of the pan and adjusting the stove's temperature.,50;53;55;58;59;60;61;62;65;69;71;72;75;77;81;117;118;119;121;129;133;134;135;169;170;182;190;193;194;195;196;197;198;199;200;202;203;208;215;216;217;218;219;220;222;226;237;238;240;242;255;258;259;261;262;263;264;270;271;273;275;278;279;280,64,1
9198b9a4-8d8f-4ba6-9924-4c86982d890a,What can be inferred from the person's actions with the drawers?,Searching or organizing.,"The person's actions with the drawers suggest they are organizing or retrieving items, possibly related to the cooking process.",50;53;55;58;59;61;62;65;69;71;72;75;77;81;117;118;119;121;129;133;134;135;142;169;170;182;190;193;194;195;196;197;198;199;200;202;203;208;215;216;217;218;219;220;222;226;237;238;240;242;255;258;259;261;262;263;264;270;271;273;275;278;279;280,64,1
9198b9a4-8d8f-4ba6-9924-4c86982d890a,Does the clip show any cooking taking place?,"No direct cooking, only preparation.","Yes, the clip shows the person cooking by placing the tortillas on the griddle and filling them with the meat mixture.",50;53;55;58;59;60;61;62;65;69;71;72;75;77;81;117;118;119;121;129;133;134;135;169;170;182;190;193;194;195;196;197;198;199;200;202;203;208;215;216;217;218;219;220;222;226;237;238;240;242;255;258;259;261;262;263;264;270;271;273;275;278;279;280,64,1
9198b9a4-8d8f-4ba6-9924-4c86982d890a,Did the person successfully cut the vegetables?,Yes.,"Yes, the person successfully cut the vegetables into smaller pieces.",50;53;55;58;59;60;61;62;65;69;71;72;75;77;81;117;118;119;121;129;133;134;135;169;170;182;190;193;194;195;196;197;198;199;200;202;203;208;215;216;217;218;219;220;222;226;237;238;240;242;255;258;259;261;262;263;264;270;271;273;275;278;279;280,64,1
9198b9a4-8d8f-4ba6-9924-4c86982d890a,Was the heat regulator adjusted to a specific level?,"Yes, it was operated.","Yes, the heat regulator was adjusted to a specific level, as indicated by the digital display showing ""2:38"" and the temperature setting.",50;53;55;58;59;60;61;62;65;69;71;72;75;77;81;117;118;119;121;129;133;134;135;169;170;182;190;193;194;195;196;197;198;199;200;202;203;208;215;216;217;218;219;220;222;226;237;238;240;242;255;258;259;261;262;263;264;270;271;273;275;278;279;280,64,1
9198b9a4-8d8f-4ba6-9924-4c86982d890a,Did the person use any other kitchen tools besides knives?,Heat regulator only mentioned.,"Yes, the person used a spatula to handle the food.",50;53;55;58;59;60;61;62;65;69;71;72;75;77;81;117;118;119;121;129;133;134;135;169;170;182;190;193;194;195;196;197;198;199;200;202;203;208;215;216;217;218;219;220;222;226;237;238;240;242;255;258;259;261;262;263;264;270;271;273;275;278;279;280,64,1
9198b9a4-8d8f-4ba6-9924-4c86982d890a,Is the cabinet opened before wrapping the sauce in flat bread?,No,"Yes, the cabinet is opened to reveal a stack of tortillas before wrapping the sauce in flat bread.",50;53;55;58;59;60;61;62;65;69;71;72;75;77;81;117;118;119;121;129;133;134;135;169;170;182;190;193;194;195;196;197;198;199;200;202;203;208;215;216;217;218;219;220;222;226;237;238;240;242;255;258;259;261;262;263;264;270;271;273;275;278;279;280,64,1
9198b9a4-8d8f-4ba6-9924-4c86982d890a,Do I cut vegetables before operating the heat regulator on the cooker?,Yes,"No, you should cut the vegetables before operating the heat regulator on the cooker.",50;53;55;58;59;60;61;62;65;69;71;72;75;76;77;81;117;118;119;121;129;133;134;135;169;170;182;190;193;194;195;196;197;198;199;200;202;208;215;216;217;218;219;220;222;226;237;238;240;242;255;258;259;261;262;263;264;270;271;273;275;278;279;280,64,1
9198b9a4-8d8f-4ba6-9924-4c86982d890a,Is the drawer opened before the vegetables are chopped?,No,No.,50;53;55;58;59;60;61;62;65;69;71;72;75;77;81;117;118;119;121;129;133;134;135;169;170;182;190;193;194;195;196;197;198;199;200;202;203;208;215;216;217;218;219;220;222;226;237;238;240;242;255;258;259;261;262;263;264;270;271;273;275;278;279;280,64,1
9198b9a4-8d8f-4ba6-9924-4c86982d890a,Does wrapping sauce in flat bread happen after cutting vegetables?,Yes,"No, wrapping sauce in flat bread happens after cutting vegetables.",50;53;55;58;59;60;61;62;65;69;71;72;75;77;81;117;118;119;121;129;133;134;135;169;170;182;190;193;194;195;196;197;198;199;200;202;203;208;215;216;217;218;219;220;222;226;237;238;240;242;255;258;259;261;262;263;264;270;271;273;275;278;279;280,64,1
9198b9a4-8d8f-4ba6-9924-4c86982d890a,Do I open the cabinet before chopping the vegetables?,No,"No, you should open the cabinet after chopping the vegetables.",50;53;55;58;59;60;61;62;65;69;71;72;75;77;81;117;118;119;121;129;133;134;135;169;170;182;190;193;194;195;196;197;198;199;200;202;203;208;215;216;217;218;219;220;222;226;237;238;240;242;255;258;259;261;262;263;264;270;271;273;275;278;279;280,64,1
9198b9a4-8d8f-4ba6-9924-4c86982d890a,What occurs just before wrapping the sauce in flat bread?,Chopping vegetables,The sauce is scooped into the flat bread.,50;53;55;58;59;60;61;62;65;69;71;72;75;77;81;117;118;119;121;129;133;134;135;169;170;182;190;193;194;195;196;197;198;199;200;202;203;208;215;216;217;218;219;220;222;226;237;238;240;242;255;258;259;261;262;263;264;270;271;273;275;278;279;280,64,1
9198b9a4-8d8f-4ba6-9924-4c86982d890a,What takes place right before operating the heat regulator of the cooker?,Cutting vegetables with knives,"Right before operating the heat regulator of the cooker, the person is seen holding a spatula and a bowl of chopped vegetables, preparing to add them to the pan.",50;53;55;58;59;60;61;62;65;69;71;72;75;76;77;81;117;118;119;121;129;133;134;135;169;170;182;190;193;194;195;196;197;198;199;200;202;208;215;216;217;218;219;220;222;226;237;238;240;242;255;258;259;261;262;263;264;270;271;273;275;278;279;280,64,1
9198b9a4-8d8f-4ba6-9924-4c86982d890a,What setting is shown in this video clip?,A kitchen.,The video clip shows a kitchen setting where a person is preparing food.,50;53;58;59;61;65;71;72;75;77;81;117;118;133;134;169;182;190;193;195;196;197;198;199;202;215;217;218;219;220;222;237;238;240;259;261;262;263;264;270;271;273;275;278;279;280;288;297;301;302;303;309;313;317;318;328;337;338;373;384;385;389;390;419,64,1
9198b9a4-8d8f-4ba6-9924-4c86982d890a,What task is being performed with tomatoes?,Cutting tomatoes.,The tomatoes are being chopped and added to the pan with the meat mixture.,50;53;58;59;61;65;71;72;75;77;81;117;133;134;169;182;190;193;195;196;197;198;199;202;215;217;218;219;220;222;237;238;240;259;261;262;263;264;270;271;273;275;278;279;280;288;297;301;302;303;309;313;317;318;319;328;337;338;373;384;385;389;390;419,64,1
9198b9a4-8d8f-4ba6-9924-4c86982d890a,Is there an electronic device being used in this scene?,"Yes, a mobile phone.",Yes.,50;53;58;59;61;65;71;72;75;77;81;117;133;134;169;182;190;193;195;196;197;198;199;202;215;217;218;219;220;222;237;238;240;259;261;262;263;264;270;271;273;275;278;279;280;288;297;301;302;303;309;313;317;318;319;328;337;338;373;384;385;389;390;419,64,1
9198b9a4-8d8f-4ba6-9924-4c86982d890a,How is the sauce being utilized in the cooking process?,By spreading it on flatbreads.,"The sauce is being used to fill the tortillas, which are then placed on a grill pan to be cooked.",50;53;58;59;61;65;71;72;75;77;81;117;133;134;169;182;190;193;195;196;197;198;199;202;215;217;218;219;220;222;237;238;240;259;261;262;263;264;270;271;273;275;278;279;280;288;297;301;302;303;309;313;317;318;319;328;337;338;373;384;385;389;390;419,64,1
9198b9a4-8d8f-4ba6-9924-4c86982d890a,What activity is occurring aside from food preparation?,Operating a mobile phone.,"A person is seen holding a smartphone, possibly recording the cooking process.",50;53;58;59;61;65;71;72;75;77;81;117;118;133;134;169;182;190;193;195;196;197;198;199;202;215;217;218;219;220;222;237;238;240;242;259;261;262;263;264;270;271;273;275;278;279;280;288;297;301;302;303;309;313;317;318;328;337;338;373;384;389;390;419,64,1
9198b9a4-8d8f-4ba6-9924-4c86982d890a,What manual task is depicted involving food items?,"Cutting vegetables, specifically tomatoes.",The manual task depicted involves filling tortillas with a meat mixture and placing them on a grill pan to cook.,50;53;58;59;61;65;71;72;75;77;81;117;118;133;134;169;182;190;193;195;196;197;198;199;202;215;217;218;219;220;222;237;238;240;259;261;262;263;264;270;271;273;275;278;279;280;288;297;301;302;303;309;313;317;318;319;328;337;338;373;384;389;390;419,64,1
9198b9a4-8d8f-4ba6-9924-4c86982d890a,Is someone chopping vegetables in the video?,Yes.,Yes.,50;53;55;58;59;61;71;72;75;77;81;117;118;133;134;169;182;190;193;195;196;197;198;199;202;215;217;218;219;220;222;237;238;240;259;261;262;263;264;270;271;273;275;278;279;280;288;297;301;302;303;309;313;317;318;319;328;337;338;373;384;389;390;419,64,1
9198b9a4-8d8f-4ba6-9924-4c86982d890a,Is the sauce being poured into a bowl?,"No, it's being rolled in flatbreads.","No, the sauce is being poured into a pan.",50;53;58;59;61;65;71;72;75;77;81;117;118;133;134;169;182;190;193;195;196;197;198;199;202;215;217;218;219;220;222;237;238;240;259;261;262;263;264;270;271;273;275;278;279;280;288;297;301;302;303;309;313;317;318;319;337;338;373;384;385;389;390;419,64,1
9198b9a4-8d8f-4ba6-9924-4c86982d890a,Is a cooking activity happening in a bedroom?,"No, it's happening in a kitchen.",no,50;53;58;59;61;65;71;72;75;77;81;117;118;133;134;169;182;190;193;195;196;197;198;199;202;215;217;218;219;220;222;237;238;240;259;261;262;263;264;270;271;273;275;278;279;280;288;297;301;302;303;309;313;317;318;319;337;338;373;384;385;389;390;419,64,1
9198b9a4-8d8f-4ba6-9924-4c86982d890a,Does the frame capture the act of grilling or frying?,No.,"The frame captures the act of grilling or frying, as the tortillas are being cooked on a grill pan.",50;53;58;59;61;65;71;72;75;77;81;117;118;133;134;169;182;190;193;195;196;197;198;199;202;215;217;218;219;220;222;237;238;240;259;261;262;263;264;270;271;273;275;278;279;280;288;297;301;302;303;309;313;317;318;319;328;337;338;373;384;389;390;419,64,1
9198b9a4-8d8f-4ba6-9924-4c86982d890a,"In the video, are vegetables cut before the heat regulator is operated?",Yes,"Yes, vegetables are cut before the heat regulator is operated.",50;53;58;59;61;71;72;75;77;81;117;118;133;134;169;182;190;193;195;196;197;198;199;202;215;217;218;219;220;222;237;238;240;259;261;262;263;264;270;271;273;275;278;279;280;288;297;301;302;303;309;313;317;318;319;328;337;338;373;384;385;389;390;419,64,1
9198b9a4-8d8f-4ba6-9924-4c86982d890a,Does rolling sauce in flatbreads occur after cutting tomatoes?,Yes,"No, rolling sauce in flatbreads occurs before cutting tomatoes.",50;53;55;58;59;61;71;72;75;77;81;117;118;133;134;169;182;190;193;195;196;197;198;199;202;215;217;218;219;220;222;237;238;240;259;261;262;263;264;270;271;273;275;278;279;280;288;297;301;302;303;309;313;317;318;319;328;337;338;373;384;389;390;419,64,1
9198b9a4-8d8f-4ba6-9924-4c86982d890a,Does the opening of the drawers happen before using the mobile phone?,No,"No, the opening of the drawers happens after using the mobile phone.",50;53;58;59;61;65;71;72;75;77;81;117;118;133;134;169;182;190;193;195;196;197;198;199;202;215;217;218;219;220;222;237;238;240;259;261;262;263;264;270;271;273;275;278;279;280;288;297;301;302;303;309;313;317;318;319;328;337;338;373;384;389;390;419,64,1
9198b9a4-8d8f-4ba6-9924-4c86982d890a,Is the heat regulator operated before rolling sauce in flatbreads?,No,"Yes, the heat regulator is operated before rolling sauce in flatbreads.",50;53;58;59;61;65;71;72;75;77;81;117;118;133;134;169;182;190;193;195;196;197;198;199;202;215;217;218;219;220;222;237;238;240;259;261;262;263;264;270;271;273;275;278;279;280;288;297;301;302;303;309;313;317;318;319;328;337;338;373;384;389;390;419,64,1
9198b9a4-8d8f-4ba6-9924-4c86982d890a,What occurs just before rolling sauce in flatbreads?,Cutting tomatoes with a knife.,"Just before rolling sauce in flatbreads, the person scoops the sauce with a spoon and places it onto the flatbread.",50;53;58;59;61;65;71;72;75;77;81;117;118;133;134;169;182;190;193;195;196;197;198;199;202;215;217;218;219;220;222;237;238;240;259;261;262;263;264;270;271;273;275;278;279;280;288;297;301;302;303;309;313;317;318;319;328;337;338;373;384;389;390;419,64,1
9198b9a4-8d8f-4ba6-9924-4c86982d890a,What happens just before operating the heat regulator?,Cutting vegetables with knives.,"Just before operating the heat regulator, the person is seen holding a spatula and a stack of tortillas, preparing to assemble the burritos.",50;53;58;59;61;65;71;72;75;77;81;117;118;133;134;169;182;190;193;195;196;197;198;199;202;215;217;218;219;220;222;237;238;240;259;261;262;263;264;270;271;273;275;278;279;280;288;297;301;302;303;309;313;317;318;319;328;337;338;373;384;389;390;419,64,1
9198b9a4-8d8f-4ba6-9924-4c86982d890a,What is done just before opening drawers in the kitchen?,Operating the heat regulator of the cooker.,"Just before opening drawers in the kitchen, a person is seen holding a red lid, possibly preparing to place it on a container or lid.",50;53;58;59;61;65;71;72;75;77;81;117;118;133;134;169;182;190;193;195;196;197;198;199;202;215;217;218;219;220;222;237;238;240;259;261;262;263;264;270;271;273;275;278;279;280;288;297;301;302;303;309;313;317;318;319;328;337;338;373;384;389;390;419,64,1
9198b9a4-8d8f-4ba6-9924-4c86982d890a,What activity occurs just before operating a mobile phone?,Rolling sauce in flatbreads.,The person reaches for a mobile phone.,50;58;59;61;65;71;72;75;77;81;117;118;133;134;169;182;190;193;195;196;197;198;199;202;215;217;218;219;220;222;237;238;240;259;261;262;263;264;270;271;273;275;278;279;280;288;297;301;302;303;309;313;317;318;319;328;337;338;373;384;385;389;390;419,64,1
9198b9a4-8d8f-4ba6-9924-4c86982d890a,Is the cabinet opened before the vegetables are chopped?,No,No.,50;53;58;59;61;71;72;75;77;81;117;118;133;134;169;182;190;193;195;196;197;198;199;202;215;217;218;219;220;222;237;238;240;259;261;262;263;264;270;271;273;275;278;279;280;288;297;301;302;303;309;313;317;318;319;328;337;338;373;384;385;389;390;419,64,1
9198b9a4-8d8f-4ba6-9924-4c86982d890a,Does operating the heat regulator happen after chopping vegetables?,Yes,"Yes, operating the heat regulator happens after chopping vegetables.",50;53;58;59;61;71;72;75;77;81;117;118;133;134;169;182;190;193;195;196;197;198;199;202;215;217;218;219;220;222;237;238;240;242;259;261;262;263;264;270;271;273;275;278;279;280;288;297;301;302;303;309;313;317;318;319;328;337;338;373;384;389;390;419,64,1
9198b9a4-8d8f-4ba6-9924-4c86982d890a,Is wrapping sauce in flat bread before cutting vegetables?,No,"No, wrapping sauce in flat bread is after cutting vegetables.",50;53;55;58;59;61;71;72;75;77;81;117;118;133;134;169;182;190;193;195;196;197;198;199;202;215;217;218;219;220;222;237;238;240;261;262;263;264;270;271;273;275;278;279;280;288;297;301;302;303;309;313;317;318;319;328;337;338;344;373;384;389;390;419,64,1
9198b9a4-8d8f-4ba6-9924-4c86982d890a,Do I use the mobile phone before opening drawers?,Yes,"No, you should not use the mobile phone before opening drawers.",50;53;58;59;61;65;71;72;75;77;81;117;118;133;134;169;182;190;193;195;196;197;198;199;202;215;217;218;219;220;222;237;238;240;259;261;262;263;264;270;271;273;275;278;279;280;288;297;301;302;303;309;313;317;318;319;328;337;338;373;384;389;390;419,64,1
9198b9a4-8d8f-4ba6-9924-4c86982d890a,What happens just before the cabinet is opened in the video?,Chopping vegetables,A hand reaches for a container of tortillas.,50;53;58;59;61;65;71;72;75;77;81;117;118;133;134;169;182;190;193;195;196;197;198;199;202;215;217;218;219;220;222;237;238;240;259;261;262;263;264;270;271;273;275;278;279;280;288;297;301;302;303;309;313;317;318;328;337;338;373;384;385;389;390;419,64,1
9198b9a4-8d8f-4ba6-9924-4c86982d890a,What occurs immediately before operating the heat regulator?,Cutting vegetables with knives,"Immediately before operating the heat regulator, the person is seen holding a spatula and a bowl of chopped vegetables, preparing to add them to the pan.",50;53;58;59;61;65;71;72;75;77;81;117;118;133;134;169;182;190;193;195;196;197;198;199;202;215;217;218;219;220;222;237;238;240;259;261;262;263;264;270;271;273;275;278;279;280;288;297;301;302;303;309;313;317;318;319;328;337;338;373;384;389;390;419,64,1
9198b9a4-8d8f-4ba6-9924-4c86982d890a,What do I do right before rolling sauce in flat breads?,Cutting tomatoes,"It looks like you're preparing to make tacos or a similar dish. Here are the steps you should follow right before rolling the sauce in flat breads:1. **Prepare the Toppings**: Ensure that all your toppings are ready, such as diced onions, cilantro, lime wedges, and any other garnishes you prefer.2. **Heat the Flatbreads**: If your flatbreads are not already warm, you can heat them in a pan or under a broiler for a few seconds to make them more pliable.3. **Add the Toppings**: Place a spoonful of the cooked sauce onto the center of each flatbread. Then, add your desired toppings, such as diced onions, cilantro, and any other ingredients you like.4. **Fold the Flatbread**: Fold the flatbread over the filling, tucking in the sides to form a neat package. You can fold it like a burrito or wrap it in a tortilla for a taco.5. **Serve**: Serve the tacos or wraps immediately, garnished with any additional toppings or sauces you like.Remember to handle the flatbreads gently to avoid tearing them, and adjust the amount of sauce and toppings according to your taste. Enjoy your meal!",50;53;58;59;61;65;71;72;75;77;81;117;118;133;134;169;182;190;193;195;196;197;198;199;202;215;217;218;219;220;222;237;238;240;259;261;262;263;264;270;271;273;275;278;279;280;288;297;301;302;303;309;313;317;318;319;328;337;338;373;384;389;390;419,64,1
9198b9a4-8d8f-4ba6-9924-4c86982d890a,What action takes place just before using the mobile phone?,Rolling sauce in flat breads,"Just before using the mobile phone, the person is seen holding a bowl of chopped vegetables.",50;58;59;61;65;71;72;75;77;81;117;118;133;134;169;182;190;193;195;196;197;198;199;202;215;217;218;219;220;222;237;238;240;242;259;261;262;263;264;270;271;273;275;278;279;280;288;297;301;302;303;309;313;317;318;328;337;338;373;384;385;389;390;419,64,1
9198b9a4-8d8f-4ba6-9924-4c86982d890a,What is done directly before opening drawers in the kitchen?,Operating the heat regulator.,"Directly before opening drawers in the kitchen, the person is seen holding a red lid and a stack of tortillas.",50;53;58;59;61;65;71;72;75;77;81;117;118;133;134;169;182;190;193;195;196;197;198;199;202;215;217;218;219;220;222;237;238;240;259;261;262;263;264;270;271;273;275;278;279;280;288;297;301;302;303;309;313;317;318;319;328;337;338;373;384;389;390;419,64,1
9198b9a4-8d8f-4ba6-9924-4c86982d890a,What is the setting of the latest video frame?,A kitchen.,"The setting of the latest video frame is a kitchen with a tiled backsplash, a stove with a pot of chili, a pan with a colorful vegetable mixture, and a container of tortillas.",50;58;59;61;71;72;77;81;117;133;134;169;182;190;193;195;196;197;198;199;202;217;218;219;220;222;237;238;240;259;261;262;263;264;270;271;273;275;278;279;280;297;301;303;313;317;318;337;338;373;384;389;390;421;427;430;431;432;446;448;449;478;481;512,64,1
9198b9a4-8d8f-4ba6-9924-4c86982d890a,What can be seen on the stove in the video clip?,A pan with shawarma filling and bread.,A pot of chili and a pan of mixed vegetables can be seen on the stove.,50;58;59;61;71;72;75;77;81;117;133;134;169;182;190;193;195;196;197;198;199;202;217;218;219;220;222;237;238;240;259;262;263;264;270;271;273;275;278;279;280;297;301;303;313;317;318;337;338;373;384;389;390;421;427;430;431;432;446;448;449;478;481;512,64,1
9198b9a4-8d8f-4ba6-9924-4c86982d890a,How many pans are on the stove in the video?,Two pans.,There are two pans on the stove in the video.,50;58;59;61;71;72;77;81;117;133;134;169;182;190;193;195;196;197;198;199;202;217;218;219;220;222;237;238;240;259;262;263;264;270;271;273;275;278;279;280;297;301;303;313;317;318;337;338;373;384;389;390;421;427;430;431;432;446;448;449;478;481;512;514,64,1
9198b9a4-8d8f-4ba6-9924-4c86982d890a,What objects are visible on the kitchen counter in the video?,Ingredients and utensils.,"A container of tortillas, a bowl of chopped vegetables, a jar of spices, and a bottle of oil are visible on the kitchen counter.",50;58;59;61;71;72;77;81;117;133;134;169;182;190;193;195;196;197;198;199;202;217;218;219;220;222;237;238;240;259;262;263;264;270;271;273;275;278;279;280;297;301;303;313;317;318;337;338;373;384;389;390;421;427;430;431;432;446;448;449;478;481;512;514,64,1
9198b9a4-8d8f-4ba6-9924-4c86982d890a,What cooking process is happening in the new frames?,Shawarma filling is being prepared.,"In the new frames, the person is preparing to cook the tortillas by filling them with the meat mixture and then placing them on a grill pan to cook.",50;58;59;61;71;72;77;81;117;133;134;169;182;190;193;195;196;197;198;199;202;217;218;219;220;222;237;238;240;262;263;264;270;271;273;275;278;279;280;297;301;302;303;309;313;317;318;337;338;373;384;389;390;421;427;430;431;432;446;448;449;478;481;512,64,1
9198b9a4-8d8f-4ba6-9924-4c86982d890a,What action was the cook performing?,Adding bread to the shawarma filling.,"The cook was preparing a dish by filling tortillas with a mixture of meat and vegetables, cooking the filled tortillas on a griddle, and adding a colorful vegetable mixture to a pan.",50;58;59;61;71;72;75;77;81;117;133;134;169;182;190;193;195;196;197;198;199;202;217;218;219;220;222;237;238;240;259;261;262;263;264;270;271;273;275;278;279;280;297;301;303;313;317;318;337;338;373;384;389;390;421;427;430;431;432;446;448;449;478;481,64,1
9198b9a4-8d8f-4ba6-9924-4c86982d890a,How is the cook interacting with the food?,By stirring and combining ingredients.,"The cook is interacting with the food by scooping the meat mixture onto tortillas, folding them, and placing them on a baking tray.",50;58;59;61;71;72;77;81;117;133;134;169;182;190;193;195;196;197;198;199;202;217;218;219;220;222;237;238;240;262;263;264;270;271;273;275;278;279;280;297;301;302;303;313;317;318;337;338;373;384;385;389;390;421;427;430;431;432;446;448;449;478;481;512,64,1
9198b9a4-8d8f-4ba6-9924-4c86982d890a,Describe the cook's technique in the video clip.,Carefully scooping and spreading filling onto bread.,"The cook in the video clip is seen preparing a dish that involves several steps. Initially, the cook is seen handling tortillas, which are likely being prepared for filling. The tortillas are placed on a black tray, and the cook is seen holding one in their hand, possibly to fill it with the meat mixture. The meat mixture is being scooped from a pot on the stove and placed into the tortillas, indicating a process of assembling tacos or burritos.The cook is also seen stirring a pan filled with a colorful mixture of vegetables and possibly meat, which is being cooked on the stove. The vegetables include yellow, orange, and green pieces, suggesting a mix of bell peppers and possibly onions or tomatoes. The cook uses a spatula to stir the contents of the pan, ensuring the ingredients are well-mixed and cooked evenly.Throughout the video, the cook is seen using a spatula to handle the food, indicating a methodical approach to cooking. The kitchen environment is well-organized, with various ingredients and utensils visible on the counter, such as bottles of oil, jars of spices, and a container of tortillas. The cook's actions are deliberate and focused, suggesting experience and skill in preparing the dish.The video also shows the cook using a",50;58;59;61;71;72;77;81;117;133;134;169;182;190;193;195;196;197;198;199;202;217;218;219;220;222;237;238;240;259;262;263;264;270;271;273;275;278;279;280;297;301;303;313;317;318;337;338;373;384;389;390;421;427;430;431;432;446;448;449;478;481;512;514,64,1
9198b9a4-8d8f-4ba6-9924-4c86982d890a,Is there more than one dish being cooked simultaneously?,Yes.,Yes.,50;58;59;61;71;72;75;77;81;117;133;134;169;182;190;193;195;196;197;198;199;202;217;218;219;220;222;237;238;240;262;263;264;270;271;273;275;278;279;280;288;297;301;303;313;317;318;337;338;373;384;389;390;419;421;427;430;431;432;446;448;449;478;481,64,1
9198b9a4-8d8f-4ba6-9924-4c86982d890a,Is the cook wearing any protective gloves in the video?,No.,"No, the cook is not wearing any protective gloves in the video.",50;58;59;61;71;72;77;81;117;133;134;169;182;190;193;195;196;197;198;199;202;217;218;219;220;222;237;238;240;261;262;263;264;270;271;273;275;278;279;280;297;301;303;313;317;318;337;338;373;384;389;390;421;427;430;431;432;446;448;449;478;481;512;514,64,1
9198b9a4-8d8f-4ba6-9924-4c86982d890a,Does the video capture the addition of toppings to the shawarma?,No.,"Yes, the video captures the addition of toppings to the shawarma, as the person is seen adding toppings to the shawarma on the grill.",50;58;59;61;71;72;77;81;117;133;134;169;182;190;193;195;196;197;198;199;202;217;218;219;220;222;237;238;240;261;262;263;264;270;271;273;275;278;279;280;297;301;303;313;317;318;337;338;373;384;389;390;421;427;430;431;432;446;448;449;478;481;512;514,64,1
9198b9a4-8d8f-4ba6-9924-4c86982d890a,Is the mobile phone operated before rolling sauce in flat breads?,No,No.,50;58;59;61;71;72;75;77;81;117;133;134;169;182;190;193;195;196;197;198;199;202;217;218;219;220;222;237;238;240;262;263;264;270;271;273;275;278;279;280;297;301;303;313;317;318;337;338;373;384;389;390;421;427;430;431;432;446;448;449;478;481;512;514,64,1
9198b9a4-8d8f-4ba6-9924-4c86982d890a,Do I cut the tomatoes before preparing the shawarma?,Yes,"Yes, the tomatoes are cut before preparing the shawarma.",50;58;59;61;71;72;75;77;81;117;133;134;169;182;190;193;195;196;197;198;199;202;217;218;219;220;222;237;238;240;262;263;264;270;271;273;275;278;279;280;288;297;301;303;313;317;318;337;338;373;384;389;390;421;427;430;431;432;446;448;449;478;481;514,64,1
9198b9a4-8d8f-4ba6-9924-4c86982d890a,Is the shawarma prepared before cutting tomatoes?,No,"Yes, the shawarma is prepared before cutting tomatoes.",50;58;59;61;71;72;75;77;81;117;133;134;169;182;190;193;195;196;197;198;199;202;217;218;219;220;222;237;238;240;262;263;264;270;271;273;275;278;279;280;297;301;303;313;317;318;337;338;373;384;389;390;421;427;430;431;432;446;448;449;478;481;512;514,64,1
9198b9a4-8d8f-4ba6-9924-4c86982d890a,Do I roll sauce in flat breads after cutting tomatoes?,Yes,"Yes, after cutting tomatoes, the next step is to roll the sauce in flat breads.",50;58;59;61;71;72;75;77;81;117;133;134;169;182;190;193;195;196;197;198;199;202;217;218;219;220;222;237;238;240;262;263;264;270;271;273;275;278;279;280;297;301;303;313;317;318;337;338;373;384;389;390;421;427;430;431;432;446;448;449;478;481;512;514,64,1
9198b9a4-8d8f-4ba6-9924-4c86982d890a,Is the mobile phone operated after preparing the shawarma?,Yes,"No, the mobile phone is not operated after preparing the shawarma.",50;58;59;61;71;72;75;77;81;117;133;134;169;182;190;193;195;196;197;198;199;202;217;218;219;220;222;237;238;240;262;263;264;270;271;273;275;278;279;280;288;297;301;303;313;317;318;337;338;373;384;389;390;421;427;430;431;432;446;448;449;478;481;514,64,1
9198b9a4-8d8f-4ba6-9924-4c86982d890a,What action occurs just before I operated the mobile phone?,Rolling sauce in flat breads,"The action that occurs just before operating the mobile phone is the person holding the phone in their hand, likely preparing to take a photo or video.",50;58;59;61;71;72;75;77;81;117;133;134;169;182;190;193;195;196;197;198;199;202;217;218;219;220;222;237;238;240;259;261;262;263;264;270;271;273;275;278;279;280;297;301;303;313;317;318;337;338;373;384;389;390;421;427;430;431;432;446;448;449;478;481,64,1
9198b9a4-8d8f-4ba6-9924-4c86982d890a,What do I do before cutting the tomatoes?,"Nothing, it is the first action.","Before cutting the tomatoes, you should wash them thoroughly under running water to remove any dirt or debris. Then, you can use a sharp knife to slice them. If you want to make a salad, you might also want to remove the seeds and cut them into smaller pieces or wedges. If you're making a dish that requires a specific shape or size of tomato pieces, you can use a tomato cutter or a knife to achieve the desired shape.",50;58;59;61;71;72;75;77;81;117;133;134;169;182;190;193;195;196;197;198;199;202;217;218;219;220;222;237;238;240;259;262;263;264;270;271;273;275;278;279;280;288;297;301;303;313;317;318;337;338;373;384;389;390;421;427;430;431;432;446;448;449;478;481,64,1
9198b9a4-8d8f-4ba6-9924-4c86982d890a,What occurs just before preparing the shawarma?,Operating the mobile phone,"Just before preparing the shawarma, the person is seen holding a plate with a stack of tortillas and a bowl of chopped vegetables, indicating the preparation of the shawarma.",50;58;59;61;71;72;75;77;81;117;133;134;169;182;190;193;195;196;197;198;199;202;217;218;219;220;222;237;238;240;262;263;264;270;271;273;275;278;279;280;288;297;301;303;313;317;318;337;338;373;384;389;390;421;427;430;431;432;446;448;449;478;481;512,64,1
9198b9a4-8d8f-4ba6-9924-4c86982d890a,"In the video, did I open the kitchen drawers before cutting vegetables?",No,"No, you did not open the kitchen drawers before cutting vegetables.",50;58;59;61;71;72;77;81;117;133;134;169;182;190;193;195;196;197;198;199;202;215;217;218;219;220;222;237;238;240;262;263;264;270;271;273;275;278;279;280;297;301;303;313;317;318;337;338;373;384;389;390;421;427;430;431;432;446;448;449;478;481;512;514,64,1
9198b9a4-8d8f-4ba6-9924-4c86982d890a,Does the cooking of shawarma happen before regulating the cooker's heat?,Yes,"No, the cooking of shawarma happens after regulating the cooker's heat.",50;58;59;61;71;72;75;77;81;117;133;134;169;182;190;193;195;196;197;198;199;202;217;218;219;220;222;237;238;240;262;263;264;270;271;273;275;278;279;280;297;301;303;313;317;318;337;338;373;384;389;390;421;427;430;431;432;446;448;449;478;481;512;514,64,1
9198b9a4-8d8f-4ba6-9924-4c86982d890a,"In the video, is the mobile phone operated after the sauce is rolled in flatbreads?",Yes,"Yes, the mobile phone is operated after the sauce is rolled in flatbreads.",50;58;59;61;71;72;77;81;117;133;134;169;182;190;193;195;196;197;198;199;202;217;218;219;220;222;237;238;240;259;262;263;264;270;271;273;275;278;279;280;297;301;303;313;317;318;337;338;373;384;389;390;421;427;430;431;432;446;448;449;478;481;512;514,64,1
9198b9a4-8d8f-4ba6-9924-4c86982d890a,Is heat regulation done before cutting tomatoes with a knife?,No,"Yes, heat regulation is done before cutting tomatoes with a knife.",50;58;59;61;71;72;77;81;117;133;134;169;182;190;193;195;196;197;198;199;202;217;218;219;220;222;237;238;240;262;263;264;270;271;273;275;278;279;280;288;297;301;303;313;317;318;337;338;373;384;389;390;421;427;430;431;432;446;448;449;478;481;512;514,64,1
9198b9a4-8d8f-4ba6-9924-4c86982d890a,"In the video sequence, what do I do before cooking shawarma?",Cut vegetables,"Before cooking shawarma, the video shows the preparation of ingredients and the cooking process. Here's a step-by-step breakdown:1. **Preparation of Ingredients:**   - The video starts with the preparation of ingredients, including chopping vegetables and preparing the shawarma meat.   - Tortillas are laid out on a tray, ready to be filled with the cooked shawarma.2. **Cooking Process:**   - The shawarma meat is cooked in a pan on the stove, likely seasoned and possibly marinated.   - The vegetables are sautéed in a pan, adding color and flavor to the dish.   - The shawarma meat is then placed into the tortillas, and the vegetables are added on top.3. **Assembly and Serving:**   - The shawarma is assembled in the tortillas, ready to be served.   - The final step involves placing the filled tortillas on a tray, possibly for serving or further cooking.Throughout the video, the focus is on the meticulous preparation and cooking of the shawarma, ensuring that the dish is both flavorful and visually appealing.",50;58;59;61;71;72;75;77;81;117;133;134;169;182;190;193;195;196;197;198;199;202;217;218;219;220;222;237;238;240;262;263;264;270;271;273;275;278;279;280;288;297;301;303;313;317;318;337;338;373;384;389;390;421;427;430;431;432;446;448;449;478;481;512,64,1
9198b9a4-8d8f-4ba6-9924-4c86982d890a,Describe the setting shown in the video clip.,A kitchen where shawarma is being prepared.,"The video takes place in a kitchen with a tiled backsplash and various cooking utensils and ingredients visible on the counter. The main focus is on the preparation of a dish involving tortillas, a mixture of meat and vegetables, and a colorful vegetable mixture. The person in the video is seen handling tortillas, scooping a meat mixture, and adding it to the tortillas. They also stir a pan of vegetables and add cheese to the mixture. The kitchen counter is cluttered with various items such as a container of tortillas, a bowl of chopped vegetables, and a jar of spices. The stove has a pot of meat mixture and a pan of vegetables. The person is wearing a black sleeve and has red-painted nails.",50;59;61;71;72;77;81;133;134;169;182;190;193;195;196;197;198;199;202;217;218;219;220;222;237;238;240;262;263;264;270;271;275;279;280;297;301;303;313;317;318;338;373;384;389;390;427;430;431;432;446;448;481;555;566;567;610;621;623;626;627;628;630;650,64,1
9198b9a4-8d8f-4ba6-9924-4c86982d890a,What is happening in these new frames?,Shawarma is being filled with ingredients.,"In the new frames, we see a person in a kitchen preparing food. They are handling tortillas, which appear to be filled with a meat mixture, and are placing them on a baking tray. There is a pan on the stove with a mixture of vegetables being stirred, and another pan with a meat-based filling. The kitchen counter is cluttered with various cooking ingredients and utensils, indicating an active cooking session. The person is also seen adding ingredients to the pan with the vegetable mixture, possibly preparing a dish that involves both the vegetable and meat components.",50;59;61;71;72;77;81;133;134;169;182;190;193;195;196;197;198;199;202;217;218;219;220;222;237;238;240;262;263;264;270;271;275;279;280;297;301;303;313;317;318;338;373;384;389;390;427;430;431;432;446;448;449;481;555;566;567;610;621;623;626;627;628;630,64,1
9198b9a4-8d8f-4ba6-9924-4c86982d890a,Is the person in the video making a meal?,Yes.,Yes.,50;59;61;71;72;77;81;133;134;169;182;190;193;195;196;197;198;199;202;217;218;219;220;222;237;238;240;262;263;264;270;271;275;279;280;297;301;303;313;317;318;338;373;384;389;390;427;430;431;432;446;448;449;481;555;566;567;610;621;623;626;627;628;630,64,1
9198b9a4-8d8f-4ba6-9924-4c86982d890a,Is the kitchen the main location in these frames?,Yes.,Yes.,50;59;61;71;72;77;81;133;134;169;182;190;193;195;196;197;198;199;202;217;218;219;220;222;237;238;240;262;263;264;270;271;275;279;280;297;301;303;313;317;318;338;373;384;389;390;427;430;431;432;446;448;449;481;555;566;567;610;621;623;626;627;628;630,64,1
9198b9a4-8d8f-4ba6-9924-4c86982d890a,Does the video capture the moment of grilling meat for the shawarma?,No.,"No, the video does not capture the moment of grilling meat for the shawarma. It focuses on the preparation and cooking of the shawarma and the vegetable mixture.",50;59;61;71;72;77;81;133;169;182;190;193;195;196;197;198;199;202;217;218;219;220;222;237;238;240;262;263;264;270;271;275;279;280;297;301;303;313;317;318;338;373;384;389;390;427;430;431;432;446;448;481;555;566;567;610;621;623;625;626;627;628;630;650,64,1
9198b9a4-8d8f-4ba6-9924-4c86982d890a,Are spices being added to the food in this clip?,No.,"Yes, spices are being added to the food in this clip.",50;59;61;71;72;77;81;133;169;182;190;193;195;196;197;198;199;202;217;218;219;220;222;237;238;240;262;263;264;270;271;275;279;280;297;301;303;313;317;318;338;373;384;389;390;421;427;430;431;432;446;448;481;555;566;567;610;621;623;626;627;628;630;650,64,1
9198b9a4-8d8f-4ba6-9924-4c86982d890a,"In the video, is the shawarma filling added to the bread before wrapping it?",Yes,"Yes, the shawarma filling is added to the bread before wrapping it.",50;59;61;71;72;77;81;133;169;182;190;193;195;196;197;198;199;202;217;218;219;220;222;237;238;240;262;263;264;270;271;275;279;280;297;301;303;313;317;318;338;373;384;389;390;427;430;431;432;446;448;449;481;555;566;567;610;621;623;626;627;628;630;650,64,1
9198b9a4-8d8f-4ba6-9924-4c86982d890a,Does the chopping of vegetables occur before heating the pan?,No,"Yes, the chopping of vegetables occurs before heating the pan.",50;59;61;71;72;77;81;133;169;182;190;193;195;196;197;198;199;202;217;218;219;220;222;237;238;240;262;263;264;270;271;275;278;279;280;297;301;303;313;317;318;338;373;384;389;390;427;430;431;432;446;448;481;555;566;567;610;621;623;626;627;628;630;650,64,1
9198b9a4-8d8f-4ba6-9924-4c86982d890a,Is the stove turned off before removing the pan from heat?,Yes,No.,50;59;61;71;72;77;81;133;169;182;190;193;195;196;197;198;199;202;217;218;219;220;222;237;238;240;262;263;264;270;271;275;279;280;297;301;303;313;317;318;338;373;384;389;390;421;427;430;431;432;446;448;481;555;566;567;610;621;623;626;627;628;630;650,64,1
9198b9a4-8d8f-4ba6-9924-4c86982d890a,"In the video, is the bread placed on the pan before adding fillings?",Yes,"Yes, the bread is placed on the pan before adding fillings.",50;59;61;71;72;77;81;133;134;169;182;190;193;195;196;197;198;199;202;217;218;219;220;222;237;238;240;262;263;264;270;271;275;279;280;297;301;303;313;317;318;338;373;384;389;390;427;430;431;432;446;448;481;555;566;567;610;621;623;626;627;628;630;650,64,1
9198b9a4-8d8f-4ba6-9924-4c86982d890a,Is the shawarma served before adding sauce?,No,"Yes, the shawarma is served before adding sauce.",50;59;61;71;72;77;81;133;169;182;190;193;195;196;197;198;199;202;217;218;219;220;222;237;238;240;262;263;264;270;271;273;275;279;280;301;303;313;317;318;338;373;384;389;390;427;430;431;432;446;448;481;555;566;567;610;621;623;625;626;627;628;630;650,64,1
9198b9a4-8d8f-4ba6-9924-4c86982d890a,What do I do before adding the shawarma filling to the bread?,Chop vegetables,"Before adding the shawarma filling to the bread, you should ensure that the bread is warm and ready to be filled. In the video, the bread is shown on a tray next to the stove, indicating that it has been heated. You can also see a pan with a spatula nearby, which might be used to serve the shawarma filling. Once the bread is warm, you can start assembling the shawarma by placing the meat, vegetables, and any additional fillings onto the bread, then fold it over the filling to create a wrap.",50;59;61;71;72;77;81;133;169;182;190;193;195;196;197;198;199;202;217;218;219;220;222;237;238;240;262;263;264;270;271;275;279;280;297;301;303;313;317;318;338;373;384;389;390;421;427;430;431;432;446;448;481;555;566;567;610;621;623;626;627;628;630;650,64,1
9198b9a4-8d8f-4ba6-9924-4c86982d890a,What is done before turning off the stove?,Cook shawarma,"Before turning off the stove, the person ensures that the food is well-cooked and ready to be served.",50;59;61;71;72;77;81;133;134;169;182;190;193;195;196;197;198;199;202;217;218;219;220;222;237;238;240;262;263;264;270;271;275;279;280;297;301;303;313;317;318;338;373;384;389;390;421;427;430;431;432;446;448;481;555;566;567;610;621;623;626;627;628;630,64,1
9198b9a4-8d8f-4ba6-9924-4c86982d890a,What is the immediate step before serving the shawarma?,Add sauce,The immediate step before serving the shawarma is to add shredded cheese to the pan with the vegetable mixture and stir it.,50;59;61;71;72;77;81;133;134;169;182;190;193;195;196;197;198;199;202;217;218;219;220;222;237;238;240;262;263;264;270;271;275;279;280;297;301;303;313;317;318;338;373;384;389;390;427;430;431;432;446;448;481;555;566;567;610;621;623;626;627;628;630;650,64,1
9198b9a4-8d8f-4ba6-9924-4c86982d890a,"In the video, is the sauce added to the flat bread before cutting the tomatoes?",No,"No, the sauce is added to the flat bread after cutting the tomatoes.",50;59;61;71;72;77;81;133;169;182;190;193;195;196;197;198;199;202;217;218;219;220;222;237;238;240;262;263;264;270;271;275;278;279;280;297;301;303;313;317;318;338;373;384;389;390;427;430;431;432;446;448;449;481;555;566;567;610;621;623;626;627;628;630,64,1
9198b9a4-8d8f-4ba6-9924-4c86982d890a,Does the person operate the mobile phone after rolling the sauce in the flat breads?,Yes,"No, the person does not operate the mobile phone after rolling the sauce in the flat breads.",50;59;61;71;72;77;81;133;169;182;190;193;195;196;197;198;199;202;217;218;219;220;222;237;238;240;262;263;264;270;271;275;278;279;280;297;301;303;313;317;318;338;373;384;389;390;427;430;431;432;446;448;481;555;566;567;610;621;623;626;627;628;630;650,64,1
9198b9a4-8d8f-4ba6-9924-4c86982d890a,Is the shawarma prepared before the tomatoes are cut with a knife?,Yes,"Yes, the shawarma is prepared before the tomatoes are cut with a knife.",50;59;61;71;72;77;81;133;169;182;190;193;195;196;197;198;199;202;217;218;219;220;222;237;238;240;262;263;264;270;271;275;279;280;297;301;303;313;317;318;338;373;384;389;390;427;430;431;432;446;448;481;555;566;567;610;621;623;625;626;627;628;630;650,64,1
9198b9a4-8d8f-4ba6-9924-4c86982d890a,"In the video, does rolling the sauce happen before the shawarma preparation?",No,"No, rolling the sauce happens after the shawarma preparation.",50;59;61;71;72;77;81;133;169;182;190;193;195;196;197;198;199;202;217;218;219;220;222;237;238;240;262;263;264;270;271;275;279;280;297;301;303;313;317;318;338;373;384;389;390;427;430;431;432;446;448;481;555;566;567;610;621;623;625;626;627;628;630;650,64,1
9198b9a4-8d8f-4ba6-9924-4c86982d890a,Is the flat bread used before operating the mobile phone?,Yes,No.,50;59;61;71;72;77;133;134;169;182;190;193;195;196;197;198;199;202;217;218;219;220;222;237;238;240;262;263;264;270;271;275;278;279;280;297;301;303;313;317;318;338;373;384;389;390;427;430;431;432;446;448;481;555;566;567;610;621;623;626;627;628;630;650,64,1
9198b9a4-8d8f-4ba6-9924-4c86982d890a,What setting is portrayed in the latest clip?,A kitchen setting.,"The latest clip portrays a kitchen setting with a tiled backsplash, various cooking utensils, and ingredients on the counter.",50;59;61;71;72;77;81;133;134;169;182;190;193;195;196;197;198;199;202;217;218;219;220;222;237;238;240;262;263;264;270;271;275;279;280;297;301;303;313;317;318;338;373;384;389;390;427;430;431;432;446;448;481;555;566;567;610;621;623;626;627;628;630;718,64,1
9198b9a4-8d8f-4ba6-9924-4c86982d890a,What activity is featured in the frame?,Preparing shawarma.,"The activity featured in the frame is the preparation of food, specifically cooking and assembling burritos.",50;59;61;71;72;77;81;133;134;169;182;190;193;195;196;197;198;199;202;217;218;219;220;222;237;238;240;262;263;264;270;271;275;279;280;297;301;303;313;317;318;338;373;384;389;390;421;427;431;432;446;448;481;555;566;567;610;621;623;626;627;628;630;718,64,1
9198b9a4-8d8f-4ba6-9924-4c86982d890a,Is the shawarma preparation process completed in the clip?,No.,"No, the clip ends with the shawarma being prepared, but the video does not show the final steps of cooking or serving the shawarma.",50;59;61;71;72;77;81;133;169;182;190;193;195;196;197;198;199;202;217;218;219;220;222;237;238;240;262;263;264;270;271;275;279;280;297;301;303;313;317;318;338;373;384;389;390;427;430;431;432;446;448;481;555;566;567;610;621;623;626;627;628;630;650;718,64,1
9198b9a4-8d8f-4ba6-9924-4c86982d890a,Is there more than one person visible in the kitchen?,No.,"Yes, there is another person visible in the kitchen, holding a plate of tortillas.",50;59;61;71;72;77;81;133;169;182;190;193;195;196;197;198;199;202;217;218;219;220;222;237;238;240;262;263;264;270;271;275;279;280;297;301;303;313;317;318;338;373;384;389;390;421;427;431;432;446;448;481;555;566;567;610;621;623;626;627;628;630;650;718,64,1
9198b9a4-8d8f-4ba6-9924-4c86982d890a,Does the clip show any cooking appliances being used?,No.,"Yes, the clip shows the use of a blender and a stove for cooking.",50;59;61;71;72;77;133;134;169;182;190;193;195;196;197;198;199;202;217;218;219;220;222;237;238;240;262;263;264;270;271;275;279;280;297;301;303;313;317;318;338;373;384;389;390;427;430;431;432;446;448;481;555;566;567;610;621;623;626;627;628;630;650;718,64,1
9198b9a4-8d8f-4ba6-9924-4c86982d890a,Is there any sign of food already cooked in the scene?,No.,"Yes, there is a pot of chili on the stove and a pan with a mixture of vegetables and cheese.",50;59;61;71;72;77;81;133;169;182;190;193;195;196;197;198;199;202;217;218;219;220;222;237;238;240;262;263;264;270;271;275;279;280;297;301;303;313;317;318;338;373;384;389;390;427;430;431;432;446;448;481;555;566;567;610;621;623;626;627;628;630;650;718,64,1
9198b9a4-8d8f-4ba6-9924-4c86982d890a,Is the person in the frame wearing gloves?,No.,"No, the person is not wearing gloves.",50;59;61;71;72;77;81;133;169;182;190;193;195;196;197;198;199;202;217;218;219;220;222;237;238;240;262;263;264;270;271;275;279;280;297;301;303;313;317;318;338;373;384;389;390;427;430;431;432;446;448;481;555;566;567;610;621;623;626;627;628;630;650;718,64,1
9198b9a4-8d8f-4ba6-9924-4c86982d890a,"In the video, is the meat added to the shawarma wrap before chopping the herbs?",No,"No, the meat is added to the shawarma wrap after chopping the herbs.",50;59;61;71;72;77;81;133;169;182;190;193;195;196;197;198;199;202;217;218;219;220;222;237;238;240;262;263;264;270;271;275;279;280;297;301;303;313;317;318;338;373;384;389;390;427;430;431;432;446;448;481;555;566;567;610;621;623;626;627;628;630;650;718,64,1
9198b9a4-8d8f-4ba6-9924-4c86982d890a,"In the video, is the shawarma wrap prepared before the vegetables are chopped?",Yes,"No, the shawarma wrap is not prepared before the vegetables are chopped. The video shows the shawarma wrap being prepared after the vegetables are chopped.",50;59;61;71;72;77;81;133;169;182;190;193;195;196;197;198;199;202;217;218;219;220;222;237;238;240;262;263;264;270;271;275;279;280;297;301;303;313;317;318;338;373;384;389;390;427;430;431;432;446;448;481;555;566;567;610;621;623;626;627;628;630;650;718,64,1
9198b9a4-8d8f-4ba6-9924-4c86982d890a,Does chopping herbs happen after the vegetables are mixed in the bowl?,No,"Yes, chopping herbs happens after the vegetables are mixed in the bowl.",50;59;61;71;72;77;81;133;169;182;190;193;195;196;197;198;199;202;217;218;219;220;222;237;238;240;262;263;264;270;271;275;279;280;297;301;303;313;317;318;338;373;384;389;390;427;430;431;432;446;448;481;555;566;567;610;621;623;626;627;628;630;650;718,64,1
9198b9a4-8d8f-4ba6-9924-4c86982d890a,Is the shawarma meat cooked before the vegetables are cut?,Yes,"Yes, the shawarma meat is cooked before the vegetables are cut.",50;59;61;71;72;77;81;133;169;182;190;193;195;196;197;198;199;202;217;218;219;220;222;237;238;240;262;263;264;270;271;275;279;280;297;301;303;313;317;318;338;373;384;389;390;427;430;431;432;446;448;481;555;566;567;610;621;623;626;627;628;630;650;718,64,1
9198b9a4-8d8f-4ba6-9924-4c86982d890a,What happens just before the shawarma meat is added to the wrap in the video?,The vegetables are mixed in a bowl,The shawarma meat is scooped from a pan and placed into a tortilla.,50;59;61;71;72;77;81;133;169;182;190;193;195;196;197;198;199;202;217;218;219;220;222;237;238;240;262;263;264;270;271;275;279;280;297;301;303;313;317;318;338;373;384;389;390;421;427;431;432;446;448;481;555;566;567;610;621;623;626;627;628;630;650;718,64,1
9198b9a4-8d8f-4ba6-9924-4c86982d890a,What action takes place before the wrap is rolled up in the video?,The meat and vegetables are added to it,"Before the wrap is rolled up, the person scoops the meat mixture from the pan and places it into the tortilla.",50;59;61;71;72;77;81;133;134;169;182;190;193;195;196;197;198;199;202;217;218;219;222;237;238;240;262;263;264;270;271;275;279;280;301;303;313;317;318;338;373;384;389;390;421;427;430;431;432;446;448;481;555;566;567;610;621;623;626;627;628;630;650;718,64,1
9198b9a4-8d8f-4ba6-9924-4c86982d890a,"In the video, is the meat placed on the bread before adding vegetables?",No,"Yes, the meat is placed on the bread before adding vegetables.",50;59;61;71;72;77;81;133;169;182;190;193;195;196;197;198;199;202;217;218;219;220;222;237;238;240;262;263;264;270;271;275;279;280;297;301;303;313;317;318;338;373;384;389;390;427;430;431;432;446;448;449;481;555;566;567;610;621;623;626;627;628;630;718,64,1
9198b9a4-8d8f-4ba6-9924-4c86982d890a,Is the bread toasted before spreading the meat on it?,No,Yes.,50;59;61;71;72;77;81;133;169;182;190;193;195;196;197;198;199;202;217;218;219;220;222;237;238;240;262;263;264;270;271;275;279;280;297;301;303;313;317;318;338;373;384;389;390;427;430;431;432;446;448;481;555;566;567;610;621;623;626;627;628;630;650;718,64,1
9198b9a4-8d8f-4ba6-9924-4c86982d890a,"In the clip, is the chopping of vegetables shown before the frying of meat?",Yes,"No, the chopping of vegetables is shown after the frying of meat.",50;59;61;71;72;77;81;133;169;182;190;193;195;196;197;198;199;202;217;218;219;220;222;237;238;240;262;263;264;270;271;275;278;279;280;297;301;303;313;317;318;338;373;384;389;390;427;430;431;432;446;448;481;555;566;567;610;621;623;626;627;628;630;718,64,1
9198b9a4-8d8f-4ba6-9924-4c86982d890a,Does the video show adding condiments after the meat is placed on the bread?,Yes,"Yes, the video shows adding condiments after the meat is placed on the bread.",50;59;61;71;72;77;81;133;169;182;190;193;195;196;197;198;199;202;217;218;219;220;222;237;238;240;262;263;264;270;271;275;279;280;297;301;303;313;317;318;338;373;384;389;390;427;430;431;432;446;448;481;555;566;567;610;621;623;626;627;628;630;650;718,64,1
9198b9a4-8d8f-4ba6-9924-4c86982d890a,What occurs just before the meat is added to the bread in the video?,Vegetables are chopped,The meat is scooped from a pot and placed into a frying pan.,50;59;61;71;72;77;81;133;169;182;190;193;195;196;197;198;199;202;217;218;219;220;222;237;238;240;262;263;264;270;271;275;279;280;297;301;303;313;317;318;338;373;384;389;390;421;427;431;432;446;448;481;555;566;567;610;621;623;626;627;628;630;650;718,64,1
9198b9a4-8d8f-4ba6-9924-4c86982d890a,"In the video sequence, what do we see happening before the bread is picked up?",Vegetables being sautéed,"Before the bread is picked up, we see a close-up of the kitchen counter with various ingredients and utensils, including a container of tortillas, a bowl of chopped vegetables, and a jar of spices.",50;59;61;71;72;77;81;133;134;169;182;190;193;195;196;197;198;199;202;217;218;219;220;222;237;238;240;262;263;264;270;271;275;279;280;297;301;303;313;317;318;338;373;384;389;390;427;430;431;432;446;448;481;555;566;567;610;621;623;626;627;628;630;718,64,1
9198b9a4-8d8f-4ba6-9924-4c86982d890a,"Before the chopping of vegetables, what event is shown in the clip?",Preparing other ingredients,"Before the chopping of vegetables, the clip shows a person holding a plate with rolled tortillas.",50;59;61;71;72;77;81;133;169;182;190;193;195;196;197;198;199;202;217;218;219;220;222;237;238;240;262;263;264;270;271;275;279;280;297;301;303;313;317;318;338;373;384;389;390;427;430;431;432;446;448;481;555;566;567;610;621;623;626;627;628;630;650;718,64,1
9198b9a4-8d8f-4ba6-9924-4c86982d890a,What does the cook do before adding condiments to the shawarma?,Place meat on the bread,The cook spreads a white sauce on the shawarma before adding condiments.,50;59;61;71;72;77;81;133;169;182;190;193;195;196;197;198;199;202;217;218;219;220;222;237;238;240;262;263;264;270;271;275;279;280;297;301;303;313;317;318;338;373;384;389;390;427;430;431;432;446;448;481;555;566;567;610;621;623;626;627;628;630;650;718,64,1
9198b9a4-8d8f-4ba6-9924-4c86982d890a,What is the setting of this scene?,A kitchen.,The setting of this scene is a kitchen where a person is preparing food.,50;59;61;71;72;77;81;133;134;169;182;190;193;195;196;197;198;199;202;217;218;219;220;222;237;238;240;262;263;264;270;271;275;279;280;297;301;303;313;317;318;338;373;384;389;390;427;430;431;432;446;448;481;555;566;567;610;621;623;626;627;628;630;718,64,1
9198b9a4-8d8f-4ba6-9924-4c86982d890a,What culinary activity is taking place?,Preparing shawarma.,"The video shows the preparation of a meal involving filling tortillas with a meat mixture, cooking vegetables, and preparing a sauce or dip.",50;59;61;71;72;77;81;133;134;169;182;190;193;195;196;197;198;199;202;217;218;219;220;222;237;238;240;262;263;264;270;271;273;275;279;280;301;303;313;317;318;338;373;384;389;390;427;431;432;446;448;481;555;566;567;610;621;623;626;627;628;630;650;718,64,1
9198b9a4-8d8f-4ba6-9924-4c86982d890a,Which type of cuisine is being worked on?,"Middle Eastern, specifically shawarma.",Mexican cuisine,50;59;61;71;72;77;81;133;134;169;182;190;193;195;196;197;198;199;202;217;218;219;220;222;237;238;240;262;263;264;270;271;275;279;280;297;301;303;313;317;318;338;373;384;389;390;421;427;431;432;446;448;481;555;566;567;610;621;623;626;627;628;630;718,64,1
9198b9a4-8d8f-4ba6-9924-4c86982d890a,Are any other tasks being carried out besides cooking?,"No, just cooking.","Yes, besides cooking, the person is also preparing ingredients, such as chopping vegetables and handling tortillas, and organizing the kitchen space.",50;59;61;71;72;77;81;133;134;169;182;190;193;195;196;197;198;199;202;217;218;219;220;222;237;238;240;262;263;264;270;271;275;279;280;297;301;303;313;317;318;338;373;384;389;390;427;431;432;446;448;481;555;566;567;610;621;623;626;627;628;630;650;718,64,1
9198b9a4-8d8f-4ba6-9924-4c86982d890a,Is the kitchen residential or commercial?,It appears residential.,Residential,50;59;61;71;72;77;81;133;169;182;190;193;195;196;197;198;199;202;217;218;219;220;222;237;238;240;262;263;264;270;271;275;279;280;297;301;303;313;317;318;338;373;384;389;390;427;430;431;432;446;448;449;481;555;566;567;610;621;623;626;627;628;630;718,64,1
9198b9a4-8d8f-4ba6-9924-4c86982d890a,Is any equipment being used in the action?,"Yes, a knife for chopping.","Yes, a blender is being used in the action.",50;59;61;71;72;77;81;133;134;169;182;190;193;195;196;197;198;199;202;217;218;219;222;237;238;240;262;263;264;270;271;275;279;280;297;301;303;313;317;318;338;373;384;389;390;421;427;431;432;446;448;481;555;566;567;610;621;623;626;627;628;630;650;718,64,1
9198b9a4-8d8f-4ba6-9924-4c86982d890a,Is the person cooking alone or with others?,The clip only shows one person cooking.,The video does not provide information about whether the person is cooking alone or with others.,50;59;61;71;72;77;81;133;134;169;182;190;193;195;196;197;198;199;202;217;218;219;220;222;237;238;240;262;263;264;270;271;275;279;280;297;301;303;313;317;318;338;373;384;389;390;427;430;431;432;446;448;481;555;566;567;610;621;623;626;627;628;630;718,64,1
9198b9a4-8d8f-4ba6-9924-4c86982d890a,Is there more than one person in this scene?,No.,"Yes, there is at least one other person in the scene, as indicated by the presence of a hand holding a spatula and a bowl of chopped vegetables.",50;59;61;71;72;77;81;133;169;182;190;193;195;196;197;198;199;202;217;218;219;220;222;237;238;240;262;263;264;270;271;275;279;280;297;301;303;313;317;318;338;373;384;389;390;421;427;431;432;446;448;481;555;566;567;610;621;623;626;627;628;630;650;718,64,1
9198b9a4-8d8f-4ba6-9924-4c86982d890a,Has the meal been completed in this frame?,No.,"No, the meal has not been completed in this frame. The video shows the preparation of a meal, including cooking meat, preparing a vegetable mixture, and assembling tacos, but it does not show the final steps of cooking or serving the meal.",50;59;61;71;72;77;81;133;169;182;190;193;195;196;197;198;199;202;217;218;219;220;222;237;238;240;262;263;264;270;271;275;279;280;297;301;303;313;317;318;338;373;384;389;390;427;430;431;432;446;448;481;555;566;567;610;621;623;626;627;628;630;650;718,64,1
9198b9a4-8d8f-4ba6-9924-4c86982d890a,Is the person in the video cleaning?,No.,"No, the person in the video is cooking.",50;59;61;71;72;77;81;133;134;169;182;190;193;195;196;197;198;199;202;217;218;219;220;222;237;238;240;262;263;264;270;271;275;279;280;297;301;303;313;317;318;338;373;384;389;390;427;430;431;432;446;448;481;555;566;567;610;621;623;626;627;628;630;718,64,1
9198b9a4-8d8f-4ba6-9924-4c86982d890a,Does this clip show the finished shawarma dish?,No.,"Yes, the clip shows the finished shawarma dish, with the person placing the cooked shawarma rolls on a plate and garnishing them with a sauce.",50;59;61;71;72;77;81;133;169;182;190;193;195;196;197;198;199;202;217;218;219;220;222;237;238;240;262;263;264;270;271;275;279;280;297;301;303;313;317;318;338;373;384;389;390;427;430;431;432;446;448;481;555;566;567;610;621;623;626;627;628;630;650;718,64,1
9198b9a4-8d8f-4ba6-9924-4c86982d890a,Are there any children present in this video?,No.,"No, there are no children present in this video.",50;59;61;71;72;77;81;133;134;169;182;190;193;195;196;197;198;199;202;217;218;219;222;237;238;240;262;263;264;270;271;275;279;280;297;301;303;313;317;318;338;373;384;389;390;421;427;431;432;446;448;481;555;566;567;610;621;623;626;627;628;630;650;718,64,1
9198b9a4-8d8f-4ba6-9924-4c86982d890a,"In the video, is the shawarma prepared after I washed the vegetables?",No,"No, the shawarma is not prepared after washing the vegetables. The video shows the preparation of shawarma, including cooking it on a grill, but it does not show the washing of vegetables.",50;59;61;71;72;77;81;133;169;182;190;193;195;196;197;198;199;202;217;218;219;220;222;237;238;240;262;263;264;270;271;275;279;280;297;301;303;313;317;318;338;373;384;389;390;427;430;431;432;446;448;481;555;566;567;610;621;623;626;627;628;630;650;718,64,1
9198b9a4-8d8f-4ba6-9924-4c86982d890a,"In the video, do I chop the parsley before assembling the shawarma?",Yes,"Yes, in the video, the parsley is chopped before assembling the shawarma.",50;59;61;71;72;77;81;133;169;182;190;193;195;196;197;198;199;202;217;218;219;220;222;237;238;240;262;263;264;270;271;275;279;280;297;301;303;313;317;318;338;373;384;389;390;427;430;431;432;446;448;481;555;566;567;610;621;623;625;626;627;628;630;718,64,1
9198b9a4-8d8f-4ba6-9924-4c86982d890a,Does cutting tomatoes occur before the marinating of meat?,Yes,"No, cutting tomatoes occurs after the marinating of meat.",50;59;61;71;72;77;81;133;169;182;190;193;195;196;197;198;199;202;217;218;219;220;222;237;238;240;262;263;264;270;271;275;279;280;297;301;303;313;317;318;338;373;384;389;390;427;430;431;432;446;448;481;555;566;567;610;621;623;626;627;628;630;650;718,64,1
9198b9a4-8d8f-4ba6-9924-4c86982d890a,"In the clip, is the garlic crushed before the tzatziki sauce is mixed?",Yes,"Yes, the garlic is crushed before the tzatziki sauce is mixed.",50;59;61;71;72;77;81;133;169;182;190;193;195;196;197;198;199;202;217;218;219;220;222;237;238;240;262;263;264;270;271;275;279;280;297;301;303;313;317;318;338;373;384;389;390;427;430;431;432;446;448;481;555;566;567;610;621;623;625;626;627;628;630;718,64,1
9198b9a4-8d8f-4ba6-9924-4c86982d890a,Is the lettuce shredded after the hummus is spread on the bread?,Yes,"No, the lettuce is not shredded after the hummus is spread on the bread.",50;59;61;71;72;77;81;133;169;182;190;193;195;196;197;198;199;202;217;218;219;220;222;237;238;240;262;263;264;270;271;275;278;279;280;297;301;303;313;317;318;338;373;384;389;390;427;430;431;432;446;448;481;555;566;567;610;621;623;626;627;628;630;718,64,1
9198b9a4-8d8f-4ba6-9924-4c86982d890a,What happens before I season the shawarma meat?,Chopping onions,"Before seasoning the shawarma meat, the person is seen preparing the ingredients on the kitchen counter. They have a bowl of chopped vegetables, a container of shawarma meat, and a plate with tortillas. The person is also holding a plate with a stack of tortillas and a bowl of chopped vegetables, likely preparing to assemble the shawarma wraps.",50;59;61;71;72;77;81;133;169;182;190;193;195;196;197;198;199;202;217;218;219;220;222;237;238;240;262;263;264;270;271;275;279;280;297;301;303;313;317;318;338;373;384;389;390;427;430;431;432;446;448;481;555;566;567;610;621;623;626;627;628;630;650;718,64,1
9198b9a4-8d8f-4ba6-9924-4c86982d890a,What do I do just before wrapping the shawarma?,Adding sauces,"Just before wrapping the shawarma, you typically assemble the ingredients in the pita bread. Here's a step-by-step guide:1. **Prepare the pita bread**: If the pita bread is cold, you can warm it slightly in a pan or in the oven to make it more pliable and easier to wrap.2. **Add the shawarma meat**: Place a generous portion of the shawarma meat onto the center of the pita bread.3. **Add any additional fillings**: You can add any additional fillings such as vegetables, sauces, or pickles according to your preference.4. **Fold the pita bread**: Fold the bottom part of the pita bread over the shawarma meat and fillings. Then, fold the sides of the pita bread inward and roll it tightly to form a wrap.5. **Serve and enjoy**: Serve the shawarma wrap immediately and enjoy it while it's still warm and fresh.Remember, the exact steps might vary depending on the specific recipe or personal preferences, but these are the general steps for assembling a shawarma wrap.",50;59;61;71;72;77;81;133;169;182;190;193;195;196;197;198;199;202;217;218;219;220;222;237;238;240;262;263;264;270;271;275;279;280;297;301;303;313;317;318;338;373;384;389;390;427;430;431;432;446;448;481;555;566;567;610;621;623;626;627;628;630;650;718,64,1
9198b9a4-8d8f-4ba6-9924-4c86982d890a,What occurs before I put the shawarma on the grill?,Skewing meat,"Before putting the shawarma on the grill, the person is seen preparing the shawarma by placing it on a plate and then onto the grill.",50;59;61;71;72;77;81;133;169;182;190;193;195;196;197;198;199;202;217;218;219;220;222;237;238;240;262;263;264;270;271;275;279;280;297;301;303;313;317;318;338;373;384;389;390;427;430;431;432;446;448;481;555;566;567;610;621;623;626;627;628;630;650;718,64,1
9198b9a4-8d8f-4ba6-9924-4c86982d890a,"In the video, what action precedes slicing the cooked shawarma?",Removing from heat,"The action that precedes slicing the cooked shawarma is the person holding a spatula and a knife, preparing to cut the shawarma.",50;59;61;71;72;77;81;133;169;182;190;193;195;196;197;198;199;202;217;218;219;220;222;237;238;240;262;263;264;270;271;275;279;280;297;301;303;313;317;318;338;373;384;389;390;427;430;431;432;446;448;481;555;566;567;610;621;623;625;626;627;628;630;718,64,1
9198b9a4-8d8f-4ba6-9924-4c86982d890a,What task is completed before garnishing the dish with parsley?,Placing the shawarma on the plate.,"Before garnishing the dish with parsley, the person completes the task of adding shredded cheese to the pan with the vegetable mixture.",50;59;61;71;72;77;81;133;169;182;190;193;195;196;197;198;199;202;217;218;219;220;222;237;238;240;262;263;264;270;271;275;279;280;297;301;303;313;317;318;338;373;384;389;390;427;430;431;432;446;448;481;555;566;567;610;621;623;626;627;628;630;650;718,64,1
9198b9a4-8d8f-4ba6-9924-4c86982d890a,"In the kitchen, is shawarma added to the pita before chopping the herbs?",No,"No, shawarma is added to the pita after chopping the herbs.",50;59;61;71;72;77;81;133;169;182;190;193;195;196;197;198;199;202;217;218;219;220;222;237;238;240;262;263;264;270;271;275;279;280;297;301;303;313;317;318;338;373;384;389;390;427;430;431;432;446;448;481;555;566;567;610;621;623;626;627;628;630;650;718,64,1
9198b9a4-8d8f-4ba6-9924-4c86982d890a,Are the herbs chopped before the shawarma is cooked?,Yes,"Yes, the herbs are chopped before the shawarma is cooked.",50;59;61;71;72;77;81;133;169;182;190;193;195;196;197;198;199;202;217;218;219;220;222;237;238;240;262;263;264;270;271;275;279;280;297;301;303;313;317;318;338;373;384;389;390;427;430;431;432;446;448;481;555;566;567;610;621;623;625;626;627;628;630;718,64,1
9198b9a4-8d8f-4ba6-9924-4c86982d890a,Is the pita prepared before any cooking starts?,No,"Yes, the pita is prepared before any cooking starts, as it is shown in a plastic container on the counter.",50;59;61;71;72;77;81;133;134;169;182;190;193;195;196;197;198;199;202;217;218;219;220;222;237;238;240;262;263;264;270;271;275;279;280;301;303;313;318;338;373;384;389;390;427;430;431;432;446;448;481;555;566;567;610;621;623;625;626;627;628;630;650;718,64,1
9198b9a4-8d8f-4ba6-9924-4c86982d890a,Is the pan on the stove before chopping the herbs?,Yes,No.,50;59;61;71;72;77;81;133;169;182;190;193;195;196;197;198;199;202;217;218;219;220;222;237;238;240;262;263;264;270;271;275;278;279;280;297;301;303;313;317;318;338;373;384;389;390;427;430;431;432;446;448;481;555;566;567;610;621;623;626;627;628;630;718,64,1
9198b9a4-8d8f-4ba6-9924-4c86982d890a,What happens before the pita is filled with shawarma?,Shawarma is cooked.,"Before the pita is filled with shawarma, the person scoops the shawarma from the pot and places it into the pita.",50;59;61;71;72;77;81;133;169;182;190;193;195;196;197;198;199;202;217;218;219;220;222;237;238;240;262;263;264;270;271;275;279;280;297;301;303;313;317;318;338;373;384;389;390;427;430;431;432;446;448;481;555;566;567;610;621;623;626;627;628;630;650;718,64,1
9198b9a4-8d8f-4ba6-9924-4c86982d890a,What is the action performed after placing the pan on the stove?,Cooking shawarma.,"After placing the pan on the stove, the person stirs the contents of the pan.",50;59;61;71;72;77;81;133;134;169;182;190;193;195;196;197;198;199;202;217;218;219;220;222;237;238;240;262;263;264;270;271;275;279;280;297;301;303;313;317;318;338;373;384;389;390;427;430;431;432;446;448;481;555;566;567;610;621;623;626;627;628;630;718,64,1
9198b9a4-8d8f-4ba6-9924-4c86982d890a,What is the setting shown in the video clip?,A kitchen.,The setting shown in the video clip is a kitchen.,50;59;61;71;72;77;81;133;134;169;182;190;193;195;196;197;198;199;202;217;218;219;220;222;237;238;240;262;263;264;270;271;275;279;280;297;301;303;313;317;318;338;373;384;389;390;427;430;431;432;446;448;481;555;566;567;610;621;623;626;627;628;630;718,64,1
9198b9a4-8d8f-4ba6-9924-4c86982d890a,Which dish is being prepared in this video?,Shawarma.,The video shows the preparation of tacos.,50;59;61;71;72;77;81;133;134;169;182;190;193;195;196;197;198;199;202;217;218;219;220;222;237;238;240;262;263;264;270;271;275;279;280;297;301;303;313;317;318;338;373;384;389;390;427;431;432;446;448;481;555;566;567;610;621;623;626;627;628;630;650;718,64,1
9198b9a4-8d8f-4ba6-9924-4c86982d890a,Are there any decorations visible in the video scene?,"Yes, a Christmas tree.","Yes, there is a Christmas tree visible in the background.",50;59;61;71;72;77;81;133;169;182;190;193;195;196;197;198;199;202;217;218;219;220;222;237;238;240;262;263;264;270;271;275;279;280;297;301;303;313;317;318;338;373;384;389;390;427;430;431;432;446;448;481;555;566;567;610;621;623;626;627;628;630;650;718,64,1
9198b9a4-8d8f-4ba6-9924-4c86982d890a,What appliances are present in the video scene?,A stove and fridge are visible.,"The video scene includes a stove with a pot of chili, a pan with a mixture of vegetables, and a container of tortillas.",50;59;61;71;72;77;81;133;134;169;182;190;193;195;196;197;198;199;202;217;218;219;220;222;237;238;240;262;263;264;270;271;275;279;280;297;301;303;313;317;318;338;373;384;389;390;427;430;431;432;446;448;481;555;566;567;610;621;623;626;627;628;630;718,64,1
9198b9a4-8d8f-4ba6-9924-4c86982d890a,Is the kitchen depicted as clean or messy?,It appears clean.,The kitchen is depicted as clean and organized.,50;59;61;71;72;77;81;133;169;182;190;193;195;196;197;198;199;202;217;218;219;220;222;237;238;240;262;263;264;270;271;275;279;280;297;301;303;313;317;318;338;373;384;389;390;427;430;431;432;446;448;481;555;566;567;610;621;623;626;627;628;630;650;718,64,1
9198b9a4-8d8f-4ba6-9924-4c86982d890a,Is any cooking appliance being used in the frames?,The stove is being used.,"Yes, a stove is being used in the frames.",50;59;61;71;72;77;133;134;169;182;190;193;195;196;197;198;199;202;217;218;219;220;222;237;238;240;262;263;264;270;271;275;279;280;297;301;303;313;317;318;338;373;384;389;390;427;430;431;432;446;448;481;555;566;567;610;621;623;626;627;628;630;650;718,64,1
9198b9a4-8d8f-4ba6-9924-4c86982d890a,Is there any evidence of recent cooking in the video?,"Yes, a pan is on the stovetop.","Yes, there is evidence of recent cooking in the video. The stove has a pot of chili and a pan with a mixture of vegetables and cheese, and there are several tortillas on a tray.",50;59;61;71;72;77;81;133;169;182;190;193;195;196;197;198;199;202;217;218;219;220;222;237;238;240;262;263;264;270;271;275;279;280;297;301;303;313;317;318;338;373;384;389;390;427;430;431;432;446;448;481;555;566;567;610;621;623;626;627;628;630;650;718,64,1
9198b9a4-8d8f-4ba6-9924-4c86982d890a,Is food being cooked or assembled?,"Assembled, as shawarma is being prepared.","Yes, food is being cooked and assembled.",50;59;61;71;72;77;81;133;134;169;182;190;193;195;196;197;198;199;202;217;218;219;220;222;237;238;240;262;263;264;270;271;275;279;280;297;301;303;313;317;318;338;373;384;389;390;427;430;431;432;446;448;481;555;566;567;610;621;623;626;627;630;650;718,64,1
9198b9a4-8d8f-4ba6-9924-4c86982d890a,Does the clip show any ingredient being chopped or sliced?,"No, not depicted in the clip.","No, the clip does not show any ingredient being chopped or sliced.",50;59;61;71;72;77;81;133;169;182;190;193;195;196;197;198;199;202;217;218;219;220;222;237;238;240;262;263;264;270;271;275;279;280;297;301;303;313;317;318;338;373;384;389;390;427;430;431;432;446;448;481;555;566;567;610;621;623;626;627;628;630;650;718,64,1
9198b9a4-8d8f-4ba6-9924-4c86982d890a,Is there a person visible in the video clip?,No.,"Yes, there is a person visible in the video clip.",50;59;61;71;72;77;81;133;169;182;190;193;195;196;197;198;199;202;217;218;219;220;222;237;238;240;262;263;264;270;271;275;279;280;297;301;303;313;317;318;338;373;384;389;390;427;430;431;432;446;448;481;555;566;567;610;621;623;626;627;628;630;650;718,64,1
9198b9a4-8d8f-4ba6-9924-4c86982d890a,Does the clip include any festive decorations?,Yes.,"Yes, the clip includes a Christmas tree in the background.",50;59;61;71;72;77;81;133;169;182;190;193;195;196;197;198;199;202;217;218;219;220;222;237;238;240;262;263;264;270;271;275;279;280;297;301;303;313;317;318;338;373;384;389;390;427;430;431;432;446;448;481;555;566;567;610;621;623;626;627;628;630;650;718,64,1
9198b9a4-8d8f-4ba6-9924-4c86982d890a,Can you see any finished dish in the clip?,No.,"Yes, there is a finished dish of tacos with a colorful vegetable mixture on the stovetop.",50;59;61;71;72;77;81;133;169;182;190;193;195;196;197;198;199;202;217;218;219;220;222;237;238;240;262;263;264;270;271;275;279;280;297;301;303;313;317;318;338;373;384;389;390;421;427;431;432;446;448;481;555;566;567;610;621;623;626;627;628;630;650;718,64,1
9198b9a4-8d8f-4ba6-9924-4c86982d890a,Does the clip show someone doing the dishes?,No.,"No, the clip does not show someone doing the dishes. It focuses on the cooking process.",50;59;61;71;72;77;133;134;169;182;190;193;195;196;197;198;199;202;217;218;219;220;222;237;238;240;262;263;264;270;271;275;279;280;297;301;303;313;317;318;338;373;384;389;390;427;430;431;432;446;448;449;481;555;566;567;610;621;623;626;627;628;630;718,64,1
9198b9a4-8d8f-4ba6-9924-4c86982d890a,Is there any visible flame or food being cooked directly?,No.,"No, there is no visible flame or food being cooked directly.",50;59;61;71;72;77;81;133;169;182;190;193;195;196;197;198;199;202;217;218;219;220;222;237;238;240;262;263;264;270;271;275;279;280;301;303;313;317;318;338;373;384;389;390;421;427;430;431;432;446;448;481;555;566;567;610;621;623;626;627;628;630;650;718,64,1
9198b9a4-8d8f-4ba6-9924-4c86982d890a,What is the setting of the latest video clip?,The setting is a kitchen.,The setting of the latest video clip is a kitchen with a tiled backsplash and various cooking utensils and ingredients on the counter.,50;59;61;71;72;77;81;133;134;169;182;190;193;195;196;197;198;199;202;217;218;219;220;222;237;238;240;262;263;264;270;271;275;279;280;297;301;303;313;317;318;338;373;384;389;390;427;430;431;432;446;448;481;555;566;567;610;621;623;626;627;628;630;718,64,1
9198b9a4-8d8f-4ba6-9924-4c86982d890a,Describe the activity being carried out.,Cooking or food preparation is being performed.,"The video begins with a person preparing a meal in a kitchen. The scene shows a countertop with various ingredients and utensils, including a container of tortillas, a bowl of chopped vegetables, and a pot of cooked meat. The person is seen placing tortillas on a black tray and spreading the cooked meat onto them. The kitchen counter is cluttered with various items such as a blender, a bowl of chopped vegetables, and a container of spices. The person is also seen stirring the meat in a pot on the stove.The video then transitions to a close-up of the person stirring a pan of mixed vegetables on the stove. The vegetables include yellow, orange, and green pieces, and the person is using a spatula to mix them. The kitchen counter in the background is cluttered with various items such as a blender, a bowl of chopped vegetables, and a container of spices. The person is also seen placing tortillas on a black tray and spreading the cooked meat onto them. The kitchen counter is cluttered with various items such as a blender, a bowl of chopped vegetables, and a container of spices.The video continues with a close-up of the person stirring a pan of mixed vegetables on the stove. The vegetables include yellow, orange, and green pieces,",50;59;61;71;72;77;81;133;134;169;182;190;193;195;196;197;198;199;202;217;218;219;222;237;238;240;262;263;264;270;271;275;279;280;297;301;303;313;317;318;338;373;384;389;390;421;427;431;432;446;448;481;555;566;567;610;621;623;626;627;628;630;650;718,64,1
9198b9a4-8d8f-4ba6-9924-4c86982d890a,Does the person open the refrigerator in the video?,Yes.,"No, the person does not open the refrigerator in the video.",50;59;61;71;72;77;81;133;169;182;190;193;195;196;197;198;199;202;217;218;219;220;222;237;238;240;262;263;264;270;271;275;279;280;297;301;303;313;317;318;338;373;384;389;390;427;430;431;432;446;448;481;555;566;567;610;621;623;626;627;628;630;650;718,64,1
9198b9a4-8d8f-4ba6-9924-4c86982d890a,"In the video, is the refrigerator opened before the cheese is retrieved?",Yes,"No, the refrigerator is not opened before the cheese is retrieved.",50;59;61;71;72;77;81;133;134;169;182;190;193;195;196;197;198;199;202;217;218;219;220;222;237;238;240;262;263;264;270;271;275;279;280;297;301;303;313;317;318;338;373;384;389;390;427;430;431;432;446;448;481;555;566;567;610;621;623;626;627;628;630;718,64,1
9198b9a4-8d8f-4ba6-9924-4c86982d890a,Is the kitchen light turned on after I enter the room?,No,"Yes, the kitchen light is turned on after you enter the room.",50;59;61;71;72;77;81;133;134;169;182;190;193;195;196;197;198;199;202;217;218;219;222;237;238;240;262;263;264;270;271;275;279;280;297;301;303;313;317;318;338;373;384;389;390;427;430;431;432;446;448;481;555;566;567;610;621;623;626;627;628;630;650;718,64,1
9198b9a4-8d8f-4ba6-9924-4c86982d890a,Do I start preparing shawarma before setting the ingredients on the counter?,No,"No, you start preparing shawarma after setting the ingredients on the counter.",50;59;61;71;72;77;81;133;169;182;190;193;195;196;197;198;199;202;217;218;219;220;222;237;238;240;262;263;264;270;271;275;279;280;297;301;303;313;317;318;338;373;384;389;390;427;430;431;432;446;448;481;555;566;567;610;621;623;626;627;628;630;650;718,64,1
9198b9a4-8d8f-4ba6-9924-4c86982d890a,"In the video, is the tree decorated before I begin cooking?",Yes,"Yes, the tree is decorated before you begin cooking.",50;59;61;71;72;77;81;133;134;169;182;190;193;195;196;197;198;199;202;217;218;219;220;222;237;238;240;262;263;264;270;271;275;279;280;297;301;303;313;317;318;338;373;384;389;390;427;430;431;432;446;448;481;555;566;567;610;621;623;626;627;628;630;718,64,1
9198b9a4-8d8f-4ba6-9924-4c86982d890a,What's the setting of the video clip?,In a kitchen.,The setting of the video clip is a kitchen where a person is preparing food.,50;59;61;71;72;77;81;133;134;169;182;190;193;195;196;197;198;199;202;217;218;219;220;222;237;238;240;262;263;264;270;271;275;279;280;297;301;303;313;317;318;338;373;384;389;390;427;430;431;432;446;448;481;555;566;567;610;621;623;626;627;628;630;718,64,1
9198b9a4-8d8f-4ba6-9924-4c86982d890a,What objects are present in this scene?,"Glass cup, glass bowls, steel bowls, whipping cream, flour, eggs, whisker.","In this scene, we see a kitchen setting with various objects and activities taking place. Here's a list of the objects and items visible:1. **Stove**: There is a stovetop with two pans on it. One pan contains a mixture of beans, and the other has a colorful vegetable mixture.2. **Vegetable Mixture**: A pan on the right side of the stove contains a colorful mixture of chopped vegetables, including what appears to be bell peppers, onions, and possibly tomatoes.3. **Bean Mixture**: The pan on the left side of the stove contains a mixture of beans, which could be refried beans or a similar dish.4. **Tortillas**: There are several tortillas on a tray to the left of the stove, some of which are being filled with the bean mixture.5. **Blender**: A blender is visible on the counter to the right, with a clear container and a lid.6. **Ingredients**: Various ingredients are scattered around the kitchen, including a bowl of chopped vegetables, a container of spices, and a bottle of oil.7. **Utensils**: There are several utensils visible, such as a spatula, a spoon, and a pair of tongs.",50;59;61;71;72;77;81;133;134;169;182;190;193;195;196;197;198;199;202;217;218;219;220;222;237;238;240;262;263;264;270;271;275;279;280;297;301;303;313;317;318;338;373;384;389;390;427;430;431;432;446;448;481;555;566;567;610;621;623;626;627;628;630;718,64,1
9198b9a4-8d8f-4ba6-9924-4c86982d890a,What is the main activity taking place?,Baking preparation.,"The main activity is the preparation and cooking of a meal, specifically making tacos.",50;59;61;71;72;77;81;133;134;169;182;190;193;195;196;197;198;199;202;217;218;219;222;237;238;240;262;263;264;270;271;275;279;280;297;301;303;313;317;318;338;373;384;389;390;421;427;430;431;432;446;448;481;555;566;567;610;621;623;626;627;628;630;718,64,1
9198b9a4-8d8f-4ba6-9924-4c86982d890a,Are there any kitchen appliances visible?,"Yes, a stove and a sink.","Yes, there are kitchen appliances visible, including a blender and a stove.",50;59;61;71;72;77;81;133;169;182;190;193;195;196;197;198;199;202;217;218;219;220;222;237;238;240;262;263;264;270;271;275;279;280;297;301;303;313;317;318;338;373;384;389;390;427;430;431;432;446;448;481;555;566;567;610;621;623;626;627;628;630;650;718,64,1
9198b9a4-8d8f-4ba6-9924-4c86982d890a,Can you identify the ingredients used?,"Heavy whipping cream, flour, and eggs.","The video shows a cooking process involving several ingredients, which are not explicitly named but can be inferred from the context. Here are some of the ingredients and items visible in the video:1. Tortillas: There are several tortillas laid out on a tray, likely to be used for making tacos or burritos.2. Ground meat: A pan on the stove contains what appears to be cooked ground meat, possibly beef or pork, which is a common filling for tacos or burritos.3. Vegetables: There are chopped vegetables, including what looks like diced onions and possibly bell peppers, being sautéed in a pan.4. Cheese: A block of cheese is visible, which might be used to melt over the filling for tacos or burritos.5. Spices and seasonings: Various spices and seasonings are present, including a container of what could be chili powder or cumin, and other bottles that might contain spices or sauces.6. Tortilla chips: A container of tortilla chips is visible, which could be used as a side dish or for dipping.7. Cheese sauce: A bowl with a creamy, yellowish sauce, likely a cheese sauce, is present, which could be used to top the tacos or burritos.8",50;59;61;71;72;77;81;133;134;169;182;190;193;195;196;197;198;199;202;217;218;219;220;222;237;238;240;262;263;264;270;271;275;279;280;297;301;303;313;317;318;338;373;384;389;390;427;431;432;446;448;481;555;566;567;610;621;623;626;627;628;630;650;718,64,1
9198b9a4-8d8f-4ba6-9924-4c86982d890a,What is being prepared in the kitchen?,A baking recipe.,Tortillas are being prepared in the kitchen.,50;59;61;71;72;77;81;133;134;169;182;190;193;195;196;197;198;199;202;217;218;219;220;222;237;238;240;262;263;264;270;271;275;279;280;297;301;303;313;317;318;338;373;384;389;390;421;427;431;432;446;448;481;555;566;567;610;621;623;626;627;628;630;718,64,1
9198b9a4-8d8f-4ba6-9924-4c86982d890a,What action does the person perform with the eggs?,Cracking and whipping them.,The person cracks eggs into a bowl.,50;59;61;71;72;77;81;133;134;169;182;190;193;195;196;197;198;199;202;217;218;219;222;237;238;240;262;263;264;270;271;275;279;280;297;301;303;313;317;318;338;373;384;389;390;427;430;431;432;446;448;481;555;566;567;610;621;623;626;627;628;630;650;718,64,1
9198b9a4-8d8f-4ba6-9924-4c86982d890a,What tool is used for whipping the eggs?,A whisker.,A whisk is used for whipping the eggs.,50;58;59;61;71;72;77;81;133;169;182;190;193;195;196;197;198;199;202;217;218;219;220;222;237;238;240;262;263;264;270;271;275;279;280;297;301;303;313;317;318;338;373;384;389;390;427;430;431;432;446;448;481;555;566;567;610;621;623;626;627;628;630;718,64,1
9198b9a4-8d8f-4ba6-9924-4c86982d890a,Where are the ingredients placed after being prepared?,In glass and steel bowls.,The ingredients are placed in bowls on the counter.,50;59;61;71;72;77;81;133;134;169;182;190;193;195;196;197;198;199;202;217;218;219;220;222;237;238;240;262;263;264;270;271;275;279;280;301;303;313;317;318;338;373;384;389;390;421;427;431;432;446;448;481;555;566;567;610;621;623;626;627;628;630;650;718,64,1
9198b9a4-8d8f-4ba6-9924-4c86982d890a,How are the ingredients combined?,Poured into bowls and whipped.,The ingredients are combined by scooping them into a pan and stirring them together.,50;59;61;71;72;77;81;133;169;182;190;193;195;196;197;198;199;202;217;218;219;220;222;237;238;240;262;263;264;270;271;275;279;280;297;301;303;313;317;318;338;373;384;389;390;427;430;431;432;446;448;449;481;555;566;567;610;621;623;626;627;628;630;718,64,1
9198b9a4-8d8f-4ba6-9924-4c86982d890a,Is there an egg crate visible in the scene?,Yes.,"No, there is no egg crate visible in the scene.",50;59;61;71;72;77;81;133;169;182;190;193;195;196;197;198;199;202;217;218;219;220;222;237;238;240;262;263;264;270;271;275;279;280;297;301;303;313;317;318;338;373;384;389;390;427;430;431;432;446;448;481;555;566;567;610;621;623;626;627;628;630;650;718,64,1
9198b9a4-8d8f-4ba6-9924-4c86982d890a,Did the person crack eggs from both a slab and the fridge?,Yes.,"No, the person cracked eggs from a slab and a bowl, not from the fridge.",50;59;61;71;72;77;81;133;169;182;190;193;195;196;197;198;199;202;217;218;219;220;222;237;238;240;262;263;264;270;271;275;278;279;280;297;301;303;313;317;318;338;373;384;389;390;427;430;431;432;446;448;481;555;566;567;610;621;623;626;627;628;630;718,64,1
9198b9a4-8d8f-4ba6-9924-4c86982d890a,Were the flour and whipping cream poured into separate containers?,Yes.,"Yes, the flour and whipping cream were poured into separate containers.",50;59;61;71;72;77;81;133;169;182;190;193;195;196;197;198;199;202;217;218;219;220;222;237;238;240;262;263;264;270;271;275;278;279;280;297;301;303;313;317;318;338;373;384;389;390;427;430;431;432;446;448;449;481;555;566;567;610;621;623;626;627;630;718,64,1
9198b9a4-8d8f-4ba6-9924-4c86982d890a,Is the heavy whipping cream poured before cracking the eggs?,Yes,"No, the heavy whipping cream is not poured before cracking the eggs.",50;59;61;71;72;77;81;133;169;182;190;193;195;196;197;198;199;202;217;218;219;220;222;237;238;240;262;263;264;270;271;275;279;280;297;301;303;313;317;318;338;373;384;389;390;427;430;431;432;446;448;481;555;566;567;610;621;623;625;626;627;628;630;718,64,1
9198b9a4-8d8f-4ba6-9924-4c86982d890a,Is the flour added to the bowl before the eggs are cracked?,Yes,"No, the flour is added to the bowl after the eggs are cracked.",50;59;61;71;72;77;81;133;169;182;190;193;195;196;197;198;199;202;217;218;219;220;222;237;238;240;262;263;264;270;271;275;278;279;280;297;301;303;313;317;318;338;373;384;389;390;427;430;431;432;446;448;449;481;555;566;567;610;621;623;626;627;630;718,64,1
9198b9a4-8d8f-4ba6-9924-4c86982d890a,What did I do just before whipping the eggs in the video?,Crack the eggs into steel bowls,"Just before whipping the eggs in the video, you were seen holding a carton of eggs and a bowl, preparing to crack the eggs into the bowl.",50;59;61;71;72;77;81;133;169;182;190;193;195;196;197;198;199;202;217;218;219;220;222;237;238;240;262;263;264;270;271;275;279;280;297;301;303;313;317;318;338;373;384;389;390;427;430;431;432;446;448;481;555;566;567;610;621;623;626;627;628;630;650;718,64,1
9198b9a4-8d8f-4ba6-9924-4c86982d890a,What takes place just before flour is poured into a bowl?,Pouring cream into a glass cup,"A hand is seen holding a bowl of flour, ready to pour it into a bowl.",50;59;61;71;72;77;81;133;169;182;190;193;195;196;197;198;199;202;217;218;219;220;222;237;238;240;262;263;264;270;271;275;279;280;297;301;303;313;317;318;338;373;384;389;390;421;427;430;431;432;446;448;481;555;566;567;610;621;623;626;627;628;630;718,64,1
9198b9a4-8d8f-4ba6-9924-4c86982d890a,What do we see happening before the egg crate is put in the fridge?,Cracking eggs on the slab,"Before the egg crate is put in the fridge, we see a person holding a carton of eggs and placing it on the kitchen counter.",50;59;61;71;72;77;81;133;169;182;190;193;195;196;197;198;199;202;217;218;219;220;222;237;238;240;262;263;264;270;271;275;279;280;297;301;303;313;317;318;338;373;384;389;390;427;430;431;432;446;448;481;555;566;567;610;621;623;626;627;628;630;650;718,64,1
9198b9a4-8d8f-4ba6-9924-4c86982d890a,What occurs just before the shawarma preparation in the video?,Taking the egg crate out of the fridge,"The video shows the preparation of a mixture of vegetables and meat in a pan, with a person stirring the contents.",50;59;61;71;72;77;81;133;169;182;190;193;195;196;197;198;199;202;217;218;219;220;222;237;238;240;262;263;264;270;271;275;279;280;297;301;303;313;317;318;338;373;384;389;390;427;430;431;432;446;448;481;555;566;567;610;621;623;626;627;628;630;650;718,64,1
9198b9a4-8d8f-4ba6-9924-4c86982d890a,"In the video, is the egg cracked into the bowl before the cream is poured?",No,"No, the egg is cracked into the bowl after the cream is poured.",50;59;61;71;72;77;81;133;169;182;190;193;195;196;197;198;199;202;217;218;219;220;222;237;238;240;262;263;264;270;271;275;279;280;297;301;303;313;317;318;338;373;384;389;390;427;430;431;432;446;448;449;481;555;566;567;610;621;623;626;627;628;630;718,64,1
9198b9a4-8d8f-4ba6-9924-4c86982d890a,Does the egg crate go back into the fridge after the eggs are cracked?,Yes,"Yes, the egg crate is placed back into the fridge after the eggs are cracked.",50;59;61;71;72;77;81;133;169;182;190;193;195;196;197;198;199;202;217;218;219;220;222;237;238;240;262;263;264;270;271;275;278;279;280;297;301;303;313;317;318;338;373;384;389;390;427;430;431;432;446;448;481;555;566;567;610;621;623;626;627;628;630;718,64,1
9198b9a4-8d8f-4ba6-9924-4c86982d890a,"In the video, is the flour poured into the bowl after the egg is cracked?",Yes,"No, the flour is not poured into the bowl after the egg is cracked. The flour is poured into the bowl before the egg is cracked.",50;59;61;71;72;77;81;133;169;182;190;193;195;196;197;198;199;202;217;218;219;220;222;237;238;240;262;263;264;270;271;275;278;279;280;297;301;303;313;317;318;338;373;384;389;390;427;430;431;432;446;448;449;481;555;566;567;610;621;623;626;627;630;718,64,1
9198b9a4-8d8f-4ba6-9924-4c86982d890a,Does the preparation of shawarma occur before the cream is poured into the cup?,Yes,"Yes, the preparation of shawarma occurs before the cream is poured into the cup.",50;59;61;71;72;77;81;133;169;182;190;193;195;196;197;198;199;202;217;218;219;220;222;237;238;240;262;263;264;270;271;275;279;280;297;301;303;313;317;318;338;373;384;389;390;427;430;431;432;446;448;481;555;566;567;610;621;623;626;627;628;630;650;718,64,1
9198b9a4-8d8f-4ba6-9924-4c86982d890a,What happens just before the egg crate is put back in the fridge?,The eggs are cracked.,The egg crate is removed from the fridge and placed on the counter.,50;59;61;71;72;77;81;133;169;182;190;193;195;196;197;198;199;202;217;218;219;220;222;237;238;240;262;263;264;270;271;275;279;280;297;301;303;313;317;318;338;373;384;389;390;427;430;431;432;446;448;481;555;566;567;610;621;623;626;627;628;630;650;718,64,1
9198b9a4-8d8f-4ba6-9924-4c86982d890a,What occurs just before the whipping of the egg?,The egg is cracked into the bowl.,"The person is seen holding a carton of eggs, preparing to crack them into a bowl.",50;59;61;71;72;77;81;133;169;182;190;193;195;196;197;198;199;202;217;218;219;220;222;237;238;240;262;263;264;270;271;275;279;280;297;301;303;313;317;318;338;373;384;389;390;427;430;431;432;446;448;481;555;566;567;610;621;623;626;627;628;630;650;718,64,1
9198b9a4-8d8f-4ba6-9924-4c86982d890a,"In the video, what do we see happening before the flour is poured into the bowl?",The cream is poured into a cup.,"Before the flour is poured into the bowl, we see a hand holding a bowl of flour over a stove with a pot of chili and a pan with a mixture of vegetables.",50;59;61;71;72;77;81;133;134;169;182;190;193;195;196;197;198;199;202;217;218;219;220;222;237;238;240;262;263;264;270;271;275;279;280;297;301;303;313;317;318;338;373;384;389;390;427;430;431;432;446;448;481;555;566;567;610;621;623;626;627;628;630;718,64,1
9198b9a4-8d8f-4ba6-9924-4c86982d890a,What happens just before the cream is poured into the cup?,Shawarma is prepared.,The cream is poured into the cup.,50;59;61;71;72;77;81;133;169;182;190;193;195;196;197;198;199;202;217;218;219;220;222;237;238;240;262;263;264;270;271;275;279;280;297;301;303;313;317;318;338;373;384;389;390;421;427;431;432;446;448;481;555;566;567;610;621;623;626;627;628;630;650;718,64,1
9198b9a4-8d8f-4ba6-9924-4c86982d890a,What is the setting of the video clip?,In a kitchen.,The setting of the video clip is a kitchen.,50;59;61;71;72;77;81;133;134;169;182;190;193;195;196;197;198;199;202;217;218;219;220;222;237;238;240;262;263;264;270;271;275;279;280;297;301;303;313;317;318;338;373;384;389;390;427;430;431;432;446;448;481;555;566;567;610;621;623;626;627;628;630;718,64,1
9198b9a4-8d8f-4ba6-9924-4c86982d890a,What ingredients are combined in the mixture?,"Egg, cheese, baking soda, cream, sugar, vegetables.","The mixture contains diced vegetables, possibly including carrots and bell peppers, and a brown, chunky mixture that could be a meat-based filling.",50;59;61;71;72;77;81;133;169;182;190;193;195;196;197;198;199;202;217;218;219;220;222;237;238;240;262;263;264;270;271;275;279;280;297;301;303;313;317;318;338;373;384;389;390;427;430;431;432;446;448;449;478;481;555;566;567;610;621;623;626;627;630;718,64,1
9198b9a4-8d8f-4ba6-9924-4c86982d890a,What utensil is used to stir the mixture?,A spatula.,A spatula is used to stir the mixture.,50;59;61;71;72;77;81;133;169;182;190;193;195;196;197;198;199;202;217;218;219;220;222;237;238;240;262;263;264;270;271;275;279;280;297;301;303;313;317;318;338;373;384;389;390;427;430;431;432;446;448;481;555;566;567;610;621;623;626;627;628;630;650;718,64,1
9198b9a4-8d8f-4ba6-9924-4c86982d890a,Where is the dough placed after removal from the fridge?,On a board on a slab in the kitchen.,The dough is placed on a baking sheet.,50;59;61;71;72;77;81;133;134;169;182;190;193;195;196;197;198;199;202;217;218;219;220;222;237;238;240;262;263;264;270;271;275;279;280;297;301;303;313;317;318;338;373;384;389;390;427;430;431;432;446;448;481;555;566;567;610;621;623;626;627;628;630;718,64,1
9198b9a4-8d8f-4ba6-9924-4c86982d890a,What does the person do with the dough and mixture?,Stir the mixture; place dough on board.,"The person places the dough on a flat surface, spreads the mixture onto it, and then folds it over the mixture.",50;59;61;71;72;77;81;133;169;182;190;193;195;196;197;198;199;202;217;218;219;220;222;237;238;240;262;263;264;270;271;275;279;280;297;301;303;313;317;318;338;373;384;389;390;427;430;431;432;446;448;449;481;555;566;567;610;621;623;626;627;628;630;718,64,1
9198b9a4-8d8f-4ba6-9924-4c86982d890a,What preparation is shown in the video clip?,Making some food involving a mixed batter.,"The video clip shows the preparation of a meal involving tortillas, a mixture of meat and vegetables, and a blend of spices.",50;59;61;71;72;77;81;133;134;169;182;190;193;195;196;197;198;199;202;217;218;219;220;222;237;238;240;262;263;264;270;271;275;279;280;297;301;303;313;317;318;338;373;384;389;390;427;430;431;432;446;448;481;555;566;567;610;621;623;626;627;628;630;718,64,1
9198b9a4-8d8f-4ba6-9924-4c86982d890a,What sequence of actions is depicted in the clip?,"Stirring mixture, retrieving, placing dough.","The clip depicts the preparation and cooking of a meal, starting with the person handling tortillas, adding meat to them, and then cooking the meat in a pan. The scene transitions to the person stirring a mixture of vegetables and meat in a pan, adding cheese, and then pouring the mixture into tortillas. The clip concludes with the person cooking the filled tortillas on the stovetop.",50;59;61;71;72;77;81;133;134;169;182;190;193;195;196;197;198;199;202;217;218;219;220;222;237;238;240;262;263;264;270;271;275;279;280;297;301;303;313;317;318;338;373;384;389;390;427;430;431;432;446;448;481;555;566;567;610;621;623;626;627;628;630;718,64,1
9198b9a4-8d8f-4ba6-9924-4c86982d890a,Does the person whip cream into the mixture?,Yes.,"No, the person does not whip cream into the mixture.",50;59;61;71;72;77;81;133;169;182;190;193;195;196;197;198;199;202;217;218;219;220;222;237;238;240;262;263;264;270;271;275;279;280;297;301;303;313;317;318;338;373;384;389;390;427;430;431;432;446;448;481;555;566;567;610;621;623;625;626;627;628;630;718,64,1
9198b9a4-8d8f-4ba6-9924-4c86982d890a,Does the person transfer the mixture to another container?,No.,"Yes, the person transfers the mixture to a blender.",50;59;61;71;72;77;81;133;169;182;190;193;195;196;197;198;199;202;217;218;219;220;222;237;238;240;262;263;264;270;271;275;279;280;301;303;313;317;318;338;373;384;389;390;427;430;431;432;446;448;449;481;555;566;567;610;621;623;626;627;628;630;650;718,64,1
9198b9a4-8d8f-4ba6-9924-4c86982d890a,Is the dough placed in an oven?,No.,No.,50;59;61;71;72;77;81;133;169;182;190;193;195;196;197;198;199;202;217;218;219;220;222;237;238;240;262;263;264;270;271;275;279;280;297;301;303;313;317;318;338;373;384;389;390;427;430;431;432;446;448;449;481;555;566;567;610;621;623;626;627;628;630;718,64,1
9198b9a4-8d8f-4ba6-9924-4c86982d890a,Does the person knead the dough in the clip?,No.,"No, the person does not knead the dough in the clip.",50;59;61;71;72;77;81;133;169;182;190;193;195;196;197;198;199;202;217;218;219;220;222;237;238;240;262;263;264;270;271;275;278;279;280;297;301;303;313;317;318;338;373;384;389;390;427;430;431;432;446;448;481;555;566;567;610;621;623;626;627;628;630;718,64,1
9198b9a4-8d8f-4ba6-9924-4c86982d890a,Is there a moment when sugar is added to the mixture?,No (sugar was already added before).,"Yes, there is a moment when sugar is added to the mixture.",50;59;61;71;72;77;81;133;169;182;190;193;195;196;197;198;199;202;217;218;219;220;222;237;238;240;262;263;264;270;271;275;279;280;297;301;303;313;317;318;338;373;384;389;390;421;427;431;432;446;448;481;555;566;567;610;621;623;626;627;628;630;650;718,64,1
9198b9a4-8d8f-4ba6-9924-4c86982d890a,Was the cream poured into a cup before the eggs were cracked?,Yes,"No, the cream was poured into a cup after the eggs were cracked.",50;59;61;71;72;77;81;133;169;182;190;193;195;196;197;198;199;202;217;218;219;220;222;237;238;240;262;263;264;270;271;275;279;280;297;301;303;313;317;318;338;373;384;389;390;427;430;431;432;446;448;481;555;566;567;610;621;623;626;627;628;630;650;718,64,1
9198b9a4-8d8f-4ba6-9924-4c86982d890a,Was the mixture stirred before the dough was brought out?,Yes,"Yes, the mixture was stirred before the dough was brought out.",50;59;61;71;72;77;81;133;169;182;190;193;195;196;197;198;199;202;217;218;219;220;222;237;238;240;262;263;264;270;271;275;278;279;280;297;301;303;313;317;318;338;373;384;389;390;427;430;431;432;446;448;481;555;566;567;610;621;623;626;627;630;650;718,64,1
9198b9a4-8d8f-4ba6-9924-4c86982d890a,Did the whipping of eggs happen after the flour was poured?,Yes,"No, the whipping of eggs happened before the flour was poured.",50;59;61;71;72;77;81;133;169;182;190;193;195;196;197;198;199;202;217;218;219;220;222;237;238;240;262;263;264;270;271;275;278;279;280;297;301;303;313;317;318;338;373;384;389;390;427;430;431;432;446;448;481;555;566;567;610;621;623;626;627;630;650;718,64,1
9198b9a4-8d8f-4ba6-9924-4c86982d890a,Is sugar added to the mixture after the egg is whipped?,Yes,"No, sugar is not added to the mixture after the egg is whipped.",50;59;61;71;72;77;81;133;169;182;190;193;195;196;197;198;199;202;217;218;219;220;222;237;238;240;262;263;264;270;271;275;279;280;297;301;303;313;317;318;338;373;384;389;390;427;430;431;432;446;448;481;555;566;567;610;621;623;626;627;628;630;650;718,64,1
9198b9a4-8d8f-4ba6-9924-4c86982d890a,What happened before the dough was placed on the board?,Stirring the mixture,"Before the dough was placed on the board, it was rolled out on a wooden board.",50;59;61;71;72;77;81;133;134;169;182;190;193;195;196;197;198;199;202;217;218;219;220;222;237;238;240;262;263;264;270;271;275;279;280;297;301;303;313;317;318;338;373;384;389;390;427;430;431;432;446;448;481;555;566;567;610;621;623;626;627;630;650;718,64,1
9198b9a4-8d8f-4ba6-9924-4c86982d890a,What occurs just before the eggs are whipped?,Cracking eggs into bowls,The eggs are cracked into a bowl.,50;59;61;71;72;77;81;133;134;169;182;190;193;195;196;197;198;199;202;217;218;219;220;222;237;238;240;262;263;264;270;271;275;279;280;297;301;303;313;317;318;338;373;384;389;390;427;430;431;432;446;448;481;555;566;567;610;621;623;626;627;628;630;718,64,1
9198b9a4-8d8f-4ba6-9924-4c86982d890a,What is done just before cracking eggs from the fridge?,Pouring cream into a cup,"Just before cracking eggs from the fridge, the person is seen holding a carton of eggs and a red plate, preparing to crack the eggs into the bowl.",50;59;61;71;72;77;81;133;169;182;190;193;195;196;197;198;199;202;217;218;219;220;222;237;238;240;262;263;264;270;271;275;279;280;297;301;303;313;317;318;338;373;384;389;390;421;427;430;431;432;446;448;481;555;566;567;610;621;623;626;627;628;630;718,64,1
9198b9a4-8d8f-4ba6-9924-4c86982d890a,What is done right before adding grated cheese to the mixture?,Stirring the mixture,"Right before adding grated cheese to the mixture, the person stirs the mixture with a spatula.",50;59;61;71;72;77;81;133;169;182;190;193;195;196;197;198;199;202;217;218;219;220;222;237;238;240;262;263;264;270;271;275;279;280;301;303;313;317;318;338;373;384;389;390;421;427;430;431;432;446;448;481;555;566;567;610;621;623;626;627;628;630;650;718,64,1
9198b9a4-8d8f-4ba6-9924-4c86982d890a,"In the video, does the cheese get grated before the eggs are cracked?",No,"No, the cheese is grated after the eggs are cracked.",50;59;61;71;72;77;81;133;169;182;190;193;195;196;197;198;199;202;217;218;219;220;222;237;238;240;262;263;264;270;271;275;279;280;297;301;303;313;317;318;338;373;384;389;390;427;430;431;432;446;448;481;555;566;567;610;621;623;626;627;628;630;650;718,64,1
9198b9a4-8d8f-4ba6-9924-4c86982d890a,Is the heavy whipping cream poured into a cup after the flour?,Yes,Yes.,50;59;61;71;72;77;81;133;169;182;190;193;195;196;197;198;199;202;217;218;219;220;222;237;238;240;262;263;264;270;271;275;279;280;297;301;303;313;317;318;338;373;384;389;390;427;430;431;432;446;448;481;555;566;567;610;621;623;626;627;628;630;650;718,64,1
9198b9a4-8d8f-4ba6-9924-4c86982d890a,Does the dough come out of the fridge before the eggs are whipped?,No,"No, the dough comes out of the fridge after the eggs are whisked.",50;59;61;71;72;77;81;133;169;182;190;193;195;196;197;198;199;202;217;218;219;220;222;237;238;240;262;263;264;270;271;275;278;279;280;297;301;303;313;317;318;338;373;384;389;390;427;430;431;432;446;448;481;555;566;567;610;621;623;626;627;628;630;718,64,1
9198b9a4-8d8f-4ba6-9924-4c86982d890a,"In the video, is the sugar added to the mixture before the vegetables?",Yes,"No, the sugar is added to the mixture after the vegetables.",50;59;61;71;72;77;81;133;169;182;190;193;195;196;197;198;199;202;217;218;219;220;222;237;238;240;262;263;264;270;271;275;279;280;297;301;303;313;317;318;338;373;384;389;390;427;430;431;432;446;448;449;481;555;566;567;610;621;623;626;627;628;630;718,64,1
9198b9a4-8d8f-4ba6-9924-4c86982d890a,Does the mixture get stirred before the eggs are cracked?,No,"Yes, the mixture is stirred before the eggs are cracked.",50;59;61;71;72;77;81;133;169;182;190;193;195;196;197;198;199;202;217;218;219;220;222;237;238;240;262;263;264;270;271;275;279;280;297;301;303;313;317;318;338;373;384;389;390;427;430;431;432;446;448;481;555;566;567;610;621;623;626;627;628;630;650;718,64,1
9198b9a4-8d8f-4ba6-9924-4c86982d890a,What happens just before the dough is placed on the board?,The mixture is stirred,The dough is rolled out on a wooden board.,50;59;61;71;72;77;81;133;134;169;182;190;193;195;196;197;198;199;202;217;218;219;220;222;237;238;240;262;263;264;270;271;275;279;280;297;301;303;313;317;318;338;373;384;389;390;427;430;431;432;446;448;481;555;566;567;610;621;623;626;627;628;630;718,64,1
9198b9a4-8d8f-4ba6-9924-4c86982d890a,"In the video sequence, what action is taken before pouring flour into a glass bowl?",Preparing shawarma,"Before pouring flour into a glass bowl, the person is seen holding a glass bowl and a spoon, likely preparing to mix ingredients.",50;59;61;71;72;77;81;133;169;182;190;193;195;196;197;198;199;202;217;218;219;220;222;237;238;240;262;263;264;270;271;275;278;279;280;297;301;303;313;317;318;338;373;384;389;390;427;430;431;432;446;448;481;555;566;567;610;621;623;626;627;628;630;718,64,1
9198b9a4-8d8f-4ba6-9924-4c86982d890a,What occurs just before grating the cheese?,Stirring the mixture,"Just before grating the cheese, the person is seen holding a block of cheese and a grater, preparing to grate it.",50;59;61;71;72;77;81;133;169;182;190;193;195;196;197;198;199;202;217;218;219;220;222;237;238;240;262;263;264;270;271;275;279;280;301;303;313;317;318;338;373;384;389;390;421;427;430;431;432;446;448;481;555;566;567;610;621;623;626;627;628;630;650;718,64,1
9198b9a4-8d8f-4ba6-9924-4c86982d890a,"In the video, what happens right before whipping the egg?",Cracking the eggs,"Right before whipping the egg, the person is seen cracking an egg into a bowl.",50;59;61;71;72;77;81;133;169;182;190;193;195;196;197;198;199;202;217;218;219;220;222;237;238;240;262;263;264;270;271;275;279;280;297;301;303;313;317;318;338;373;384;389;390;427;430;431;432;446;448;481;555;566;567;610;621;623;626;627;628;630;650;718,64,1
9198b9a4-8d8f-4ba6-9924-4c86982d890a,What do we see happening before the heavy whipping cream is poured?,Preparing shawarma,"Before the heavy whipping cream is poured, we see a person holding a container of heavy whipping cream, preparing to add it to the pan with the cooked vegetables.",50;59;61;71;72;77;81;133;169;182;190;193;195;196;197;198;199;202;217;218;219;220;222;237;238;240;262;263;264;270;271;275;279;280;297;301;303;313;317;318;338;373;384;389;390;427;430;431;432;446;448;481;555;566;567;610;621;623;626;627;628;630;650;718,64,1
9198b9a4-8d8f-4ba6-9924-4c86982d890a,What is the setting of the video clip?,The setting is a kitchen.,The setting of the video clip is a kitchen.,50;59;61;71;72;77;81;133;134;169;182;190;193;195;196;197;198;199;202;217;218;219;220;222;237;238;240;262;263;264;270;271;275;279;280;297;301;303;313;317;318;338;373;384;389;390;427;430;431;432;446;448;481;555;566;567;610;621;623;626;627;628;630;718,64,1
9198b9a4-8d8f-4ba6-9924-4c86982d890a,What ingredients are being used?,Dough and mixtures in bowls.,"The video shows the preparation of a dish that includes the following ingredients:1. Tortillas: There are several tortillas laid out on a tray.2. Ground meat: A pot on the stove contains a mixture of ground meat, likely beef or pork, which is being cooked.3. Vegetables: There are chopped vegetables, including what appears to be onions, bell peppers, and possibly tomatoes, being sautéed in a pan.4. Cheese: A block of cheese is visible, which will likely be used to fill the tortillas.5. Spices and seasonings: Various spices and seasonings are present, including a bottle of oil, a container of salt, and other condiments.6. Corn: There is a bowl of corn kernels, which may be used as a filling or topping for the dish.7. Tortilla chips: A container of tortilla chips is also visible, which might be used as a side or for dipping.The video demonstrates the process of preparing a dish that involves filling tortillas with the cooked meat and vegetables, and then possibly baking or frying them.",50;59;61;71;72;77;81;133;134;169;182;190;193;195;196;197;198;199;202;217;218;219;220;222;237;238;240;262;263;264;270;271;275;279;280;297;301;303;313;317;318;338;373;384;389;390;421;427;431;432;446;448;481;555;566;567;610;621;623;626;627;628;630;718,64,1
9198b9a4-8d8f-4ba6-9924-4c86982d890a,What equipment is being utilized?,Rolling pin and spatulas.,stove,50;59;61;71;72;77;81;133;134;169;182;190;193;195;196;197;198;199;202;217;218;219;220;222;237;238;240;262;263;264;270;271;275;279;280;297;301;303;313;317;318;338;373;384;389;390;421;427;431;432;446;448;481;555;566;567;610;621;623;626;627;628;630;718,64,1
9198b9a4-8d8f-4ba6-9924-4c86982d890a,What is the main activity occurring?,Preparing dough and mixtures for baking.,"The main activity is the preparation and cooking of a meal, specifically making tacos.",50;59;61;71;72;77;81;133;134;169;182;190;193;195;196;197;198;199;202;217;218;219;220;222;237;238;240;262;263;264;270;271;275;279;280;297;301;303;313;317;318;338;373;384;389;390;427;430;431;432;446;448;481;555;566;567;610;621;623;626;627;628;630;718,64,1
9198b9a4-8d8f-4ba6-9924-4c86982d890a,What task is being performed with the dough?,Rolling the dough with a rolling pin.,The dough is being rolled out and prepared for cooking.,50;59;61;71;72;77;81;133;134;169;182;190;193;195;196;197;198;199;202;217;218;219;220;222;237;238;240;262;263;264;270;271;275;279;280;297;301;303;313;317;318;338;373;384;389;390;427;430;431;432;446;448;481;555;566;567;610;621;623;626;627;628;630;718,64,1
9198b9a4-8d8f-4ba6-9924-4c86982d890a,What is being done to the mixtures?,The mixtures are being stirred in steel bowls.,The mixtures are being cooked and stirred.,50;59;61;71;72;77;81;133;169;182;190;193;195;196;197;198;199;202;217;218;219;220;222;237;238;240;262;263;264;270;271;275;279;280;297;301;303;313;317;318;338;373;384;389;390;421;427;431;432;446;448;481;555;566;567;610;621;623;626;627;628;630;650;718,64,1
9198b9a4-8d8f-4ba6-9924-4c86982d890a,Is the dough being prepared for baking?,Yes.,"No, the dough is not being prepared for baking. It is being prepared for cooking in a pan.",50;59;61;71;72;77;81;133;169;182;190;193;195;196;197;198;199;202;217;218;219;220;222;237;238;240;262;263;264;270;271;275;279;280;297;301;303;313;317;318;338;373;384;389;390;427;430;431;432;446;448;481;555;566;567;610;621;623;626;627;628;630;650;718,64,1
9198b9a4-8d8f-4ba6-9924-4c86982d890a,Is only one type of spatula being used?,"No, two different spatulas are being used.","No, there are multiple spatulas being used.",50;59;61;71;72;77;81;133;169;182;190;193;195;196;197;198;199;202;217;218;219;220;222;237;238;240;262;263;264;270;271;275;279;280;297;301;303;313;317;318;338;373;384;389;390;421;427;431;432;446;448;481;555;566;567;610;621;623;626;627;628;630;650;718,64,1
9198b9a4-8d8f-4ba6-9924-4c86982d890a,Did the same person handle all tasks shown in the summary?,Yes.,"Yes, the same person is shown handling all the tasks in the video summary, from preparing the tortillas to cooking the filling and assembling the burritos.",50;59;61;71;72;77;81;133;134;169;182;190;193;195;196;197;198;199;202;217;218;219;220;222;237;238;240;262;263;264;270;271;275;279;280;297;301;303;313;317;318;338;373;384;389;390;427;430;431;432;446;448;481;555;566;567;610;621;623;626;627;628;630;718,64,1
9198b9a4-8d8f-4ba6-9924-4c86982d890a,Is anything being cooked in the clip?,"No, only preparation steps are shown.","Yes, the clip shows a person cooking food on a stovetop.",50;59;61;71;72;77;81;133;169;182;190;193;195;196;197;198;199;202;217;218;219;220;222;237;238;240;262;263;264;270;271;275;279;280;297;301;303;313;317;318;338;373;384;389;390;421;427;430;431;432;446;448;481;555;566;567;610;621;623;626;627;628;630;718,64,1
9198b9a4-8d8f-4ba6-9924-4c86982d890a,Is the dough placed on the board before the mixture is stirred?,No,"Yes, the dough is placed on the board before the mixture is stirred.",50;59;61;71;72;77;81;133;169;182;190;193;195;196;197;198;199;202;217;218;219;220;222;237;238;240;262;263;264;270;271;275;278;279;280;297;301;303;313;317;318;338;373;384;389;390;427;430;431;432;446;448;481;555;566;567;610;621;623;626;627;628;630;718,64,1
9198b9a4-8d8f-4ba6-9924-4c86982d890a,Is the doe taken out of the fridge before the rolling pin is used?,Yes,"No, the dough is taken out of the fridge after the rolling pin is used.",50;59;61;71;72;77;81;133;169;182;190;193;195;196;197;198;199;202;217;218;219;220;222;237;238;240;262;263;264;270;271;275;279;280;297;301;303;313;317;318;338;373;384;389;390;427;430;431;432;446;448;481;555;566;567;610;621;623;626;627;628;630;650;718,64,1
9198b9a4-8d8f-4ba6-9924-4c86982d890a,What do we see happening before the spatula stirs the mixture in the steel bowls?,The rolling pin rolls on the dough,"Before the spatula stirs the mixture, we see a close-up of the kitchen counter with various ingredients and utensils, including a bowl of chopped vegetables, a container of cheese, and a jar of spices.",50;59;61;71;72;77;81;133;169;182;190;193;195;196;197;198;199;202;217;218;219;220;222;237;238;240;262;263;264;270;271;275;279;280;297;301;303;313;317;318;338;373;384;389;390;427;430;431;432;446;448;481;555;566;567;610;621;623;626;627;628;630;650;718,64,1
9198b9a4-8d8f-4ba6-9924-4c86982d890a,Did I pour heavy whipping cream before cracking eggs?,Yes,"No, you did not pour heavy whipping cream before cracking eggs.",50;59;61;71;72;77;81;133;169;182;190;193;195;196;197;198;199;202;217;218;219;220;222;237;238;240;262;263;264;270;271;275;279;280;301;303;313;317;318;338;373;384;389;390;427;430;431;432;446;448;481;555;566;567;610;621;623;625;626;627;628;630;650;718,64,1
9198b9a4-8d8f-4ba6-9924-4c86982d890a,Is the dough rolled before stirring mixtures in bowls?,Yes,"Yes, the dough is rolled before stirring mixtures in bowls.",50;59;61;71;72;77;81;133;169;182;190;193;195;196;197;198;199;202;217;218;219;220;222;237;238;240;262;263;264;270;271;275;279;280;297;301;303;313;317;318;338;373;384;389;390;427;430;431;432;446;448;481;555;566;567;610;621;623;626;627;628;630;650;718,64,1
9198b9a4-8d8f-4ba6-9924-4c86982d890a,Do I place the dough on the board after pouring flour?,Yes,"Yes, after pouring flour, you should place the dough on the board.",50;59;61;71;72;77;81;133;169;182;190;193;195;196;197;198;199;202;217;218;219;220;222;237;238;240;262;263;264;270;271;275;278;279;280;297;301;303;313;317;318;338;373;384;389;390;427;430;431;432;446;448;481;555;566;567;610;621;623;626;627;628;630;718,64,1
9198b9a4-8d8f-4ba6-9924-4c86982d890a,What happens just before I place the dough on the board?,I bring out the dough from the fridge.,"Just before placing the dough on the board, the person is seen kneading the dough on a wooden board.",50;59;61;71;72;77;81;133;134;169;182;190;193;195;196;197;198;199;202;217;218;219;222;237;238;240;262;263;264;270;271;275;279;280;297;301;303;313;317;318;338;373;384;389;390;427;430;431;432;446;448;481;555;566;567;610;621;623;626;627;628;630;650;718,64,1
9198b9a4-8d8f-4ba6-9924-4c86982d890a,What is the setting of the video clip?,A kitchen with a board and cooking items.,The setting of the video clip is a kitchen.,50;59;61;71;72;77;81;133;134;169;182;190;193;195;196;197;198;199;202;217;218;219;220;222;237;238;240;262;263;264;270;271;275;279;280;297;301;303;313;317;318;338;373;384;389;390;427;430;431;432;446;448;481;555;566;567;610;621;623;626;627;628;630;718,64,1
9198b9a4-8d8f-4ba6-9924-4c86982d890a,What object is primarily shown in the scene?,A doe laid out on a mat on a kitchen board.,The scene primarily shows a kitchen stove with a pot of chili and a pan of mixed vegetables.,50;59;61;71;72;77;81;133;134;169;182;190;193;195;196;197;198;199;202;217;218;219;220;222;237;238;240;262;263;264;270;271;275;279;280;297;301;303;313;317;318;338;373;384;389;390;427;431;432;446;448;481;555;566;567;610;621;623;626;627;628;630;650;718,64,1
9198b9a4-8d8f-4ba6-9924-4c86982d890a,Which item is used in the scene?,A knife to trim edges of the doe.,spoon,50;59;61;71;72;77;81;133;134;169;182;190;193;195;196;197;198;199;202;217;218;219;220;222;237;238;240;262;263;264;270;271;275;279;280;297;301;303;313;317;318;338;373;384;389;390;427;430;431;432;446;448;481;555;566;567;610;621;623;626;627;628;630;718,64,1
9198b9a4-8d8f-4ba6-9924-4c86982d890a,What stage of the process is shown?,Trimming and folding the prepared doe.,"The video shows the preparation and cooking stages of making a dish with tortillas, refried beans, and a vegetable mixture.",50;59;61;71;72;77;81;133;134;169;182;190;193;195;196;197;198;199;202;217;218;219;220;222;237;238;240;262;263;264;270;271;275;279;280;297;301;303;313;317;318;338;373;384;389;390;427;430;431;432;446;448;481;555;566;567;610;621;623;626;627;628;630;718,64,1
9198b9a4-8d8f-4ba6-9924-4c86982d890a,Can you describe the main task at hand?,Trimming rough edges of the doe.,"The video showcases a detailed cooking process, focusing on the preparation and cooking of a dish that includes tortillas, a meat mixture, and a vegetable mixture. The scene is set in a kitchen with a tiled backsplash and various cooking utensils and ingredients visible on the counter. The main task involves cooking the meat mixture in a pan, preparing the vegetable mixture in a skillet, and assembling the dish with tortillas.The video begins with a close-up of a person holding a tortilla, with a pan of meat mixture and a bowl of vegetable mixture on the stove. The person places the tortilla on a black tray and spreads the meat mixture onto it. The camera then shifts to a wider shot of the kitchen, showing the stove with the meat mixture pan and the vegetable mixture skillet. The person continues to assemble the tortillas with the meat mixture, placing them on the black tray.The scene transitions to a close-up of the person holding a tortilla, with the meat mixture pan and the vegetable mixture skillet on the stove. The person spreads the meat mixture onto the tortilla and places it on the black tray. The camera then shifts to a wider shot of the kitchen, showing the stove with the meat mixture pan and the vegetable mixture skillet. The person continues to assemble",50;59;61;71;72;77;81;133;134;169;182;190;193;195;196;197;198;199;202;217;218;219;222;237;238;240;262;263;264;270;271;275;279;280;297;301;303;313;317;318;338;373;384;389;390;427;430;431;432;446;448;481;555;566;567;610;621;623;626;627;628;630;650;718,64,1
9198b9a4-8d8f-4ba6-9924-4c86982d890a,What preparation step is shown in the clip?,Folding the trimmed doe together.,"The clip shows the preparation of a dish involving tortillas, a mixture of meat and vegetables, and a sauce.",50;59;61;71;72;77;81;133;134;169;182;190;193;195;196;197;198;199;202;217;218;219;220;222;237;238;240;262;263;264;270;271;275;279;280;297;301;303;313;317;318;338;373;384;389;390;421;427;431;432;446;448;481;555;566;567;610;621;623;626;627;628;630;718,64,1
9198b9a4-8d8f-4ba6-9924-4c86982d890a,Did the person use a knife in the video?,Yes.,"Yes, the person used a knife to cut the tortillas.",50;59;61;71;72;77;81;133;134;169;182;190;193;195;196;197;198;199;202;217;218;219;220;222;237;238;240;262;263;264;270;271;275;279;280;297;301;303;313;317;318;338;373;384;389;390;427;430;431;432;446;448;481;555;566;567;610;621;623;626;627;628;630;718,64,1
9198b9a4-8d8f-4ba6-9924-4c86982d890a,Is there any folding action happening?,Yes.,"Yes, there is a folding action happening. The person is folding tortillas.",50;59;61;71;72;77;81;133;134;169;182;190;193;195;196;197;198;199;202;217;218;219;220;222;237;238;240;262;263;264;270;271;275;279;280;301;303;313;317;318;338;373;384;389;390;427;430;431;432;446;448;481;555;566;567;610;621;623;626;627;628;630;650;718,64,1
9198b9a4-8d8f-4ba6-9924-4c86982d890a,Did the person complete the trimming action?,Yes.,"Yes, the person completed the trimming action.",50;59;61;71;72;77;81;133;169;182;190;193;195;196;197;198;199;202;217;218;219;220;222;237;238;240;262;263;264;270;271;275;279;280;297;301;303;313;317;318;338;373;384;389;390;427;430;431;432;446;448;449;481;555;566;567;610;621;623;626;627;628;630;718,64,1
9198b9a4-8d8f-4ba6-9924-4c86982d890a,Is the dough folded before trimming the rough edges?,No,"Yes, the dough is folded before trimming the rough edges.",50;59;61;71;72;77;81;133;169;182;190;193;195;196;197;198;199;202;217;218;219;220;222;237;238;240;262;263;264;270;271;275;279;280;297;301;303;313;317;318;338;373;384;389;390;427;430;431;432;446;448;449;481;555;566;567;610;621;623;625;626;627;628;630,64,1
9198b9a4-8d8f-4ba6-9924-4c86982d890a,Does stirring in the steel bowls happen after folding the dough?,No,"Yes, stirring in the steel bowls happens after folding the dough.",50;59;61;71;72;77;81;133;169;182;190;193;195;196;197;198;199;202;217;218;219;220;222;237;238;240;262;263;264;270;271;275;279;280;297;301;303;313;317;318;338;373;384;389;390;427;430;431;432;446;448;481;555;566;567;610;621;623;626;627;628;630;650;718,64,1
9198b9a4-8d8f-4ba6-9924-4c86982d890a,What occurs just before folding the dough?,Trimming the rough edges with a knife,"Just before folding the dough, the person scoops the meat mixture from the pan and places it onto the dough.",50;59;61;71;72;77;81;133;169;182;190;193;195;196;197;198;199;202;217;218;219;220;222;237;238;240;262;263;264;270;271;275;279;280;297;301;303;313;317;318;338;373;384;389;390;427;430;431;432;446;448;481;555;566;567;610;621;623;626;627;628;630;650;718,64,1
9198b9a4-8d8f-4ba6-9924-4c86982d890a,What happens before stirring mixtures in steel bowls?,Rolling the pin on the dough,"Before stirring mixtures in steel bowls, the person is seen holding a spatula and a bowl, preparing to mix the contents.",50;59;61;71;72;77;81;133;169;182;190;193;195;196;197;198;199;202;217;218;219;220;222;237;238;240;262;263;264;270;271;275;279;280;297;301;303;313;317;318;338;373;384;389;390;427;430;431;432;446;448;481;555;566;567;610;621;623;626;627;628;630;650;718,64,1
9198b9a4-8d8f-4ba6-9924-4c86982d890a,Does rolling the dough with a rolling pin happen before trimming its edges?,Yes,"Yes, rolling the dough with a rolling pin happens before trimming its edges.",50;59;61;71;72;77;81;133;169;182;190;193;195;196;197;198;199;202;217;218;219;220;222;237;238;240;262;263;264;270;271;275;279;280;297;301;303;313;317;318;338;373;384;389;390;427;430;431;432;446;448;481;555;566;567;610;621;623;626;627;628;630;650;718,64,1
9198b9a4-8d8f-4ba6-9924-4c86982d890a,Is the trimmed dough folded before stirring the mixture?,No,"Yes, the trimmed dough is folded before stirring the mixture.",50;59;61;71;72;77;81;133;169;182;190;193;195;196;197;198;199;202;217;218;219;220;222;237;238;240;262;263;264;270;271;275;279;280;297;301;303;313;317;318;338;373;384;389;390;427;430;431;432;446;448;481;555;566;567;610;621;623;625;626;627;628;630;718,64,1
9198b9a4-8d8f-4ba6-9924-4c86982d890a,Do I take out the dough from the fridge before preparing mixtures?,Yes,"Yes, you should take out the dough from the fridge before preparing the mixtures.",50;59;61;71;72;77;81;133;169;182;190;193;195;196;197;198;199;202;217;218;219;220;222;237;238;240;262;263;264;270;271;275;279;280;297;301;303;313;317;318;338;373;384;389;390;427;430;431;432;446;448;481;555;566;567;610;621;623;626;627;628;630;650;718,64,1
9198b9a4-8d8f-4ba6-9924-4c86982d890a,What occurs before folding the trimmed dough?,Trimming the rough edges with a knife,"Before folding the trimmed dough, the person scoops the meat mixture from the pot and places it onto the dough.",50;59;61;71;72;77;81;133;169;182;190;193;195;196;197;198;199;202;217;218;219;220;222;237;238;240;262;263;264;270;271;275;279;280;297;301;303;313;317;318;338;373;384;389;390;427;430;431;432;446;448;449;481;555;566;567;610;621;623;626;627;628;630;718,64,1
9198b9a4-8d8f-4ba6-9924-4c86982d890a,What is the first thing I do with the dough after taking it out from the fridge?,Placing it on a board,The first thing you do with the dough after taking it out from the fridge is to let it rest at room temperature for a few minutes before rolling it out.,50;59;61;71;72;77;81;133;134;169;182;190;193;195;196;197;198;199;202;217;218;219;220;222;237;238;240;262;263;264;270;271;275;279;280;297;301;303;313;317;318;338;373;384;389;390;427;430;431;432;446;448;481;555;566;567;610;621;623;626;627;628;630;718,64,1
0fa75cb3-c4a0-4232-bdc4-15116ed39d88,What is the setting of the video clip?,It is in an outdoor field.,"The setting of the video clip is a coastal area with palm trees, a sidewalk, and a road.",41;42;43;44;61;66;69;71;91;93;102;223;224;227;228;230;231;233;234;235;236;237;238;241;242;243;244;245;246;272;276;281;288;289;290;291;303;307;308;313;318;321;322;323;328;329;330;332;333;334;341;351;360;361;362;366;368;370;371;377;387;392;393;417,64,1
0fa75cb3-c4a0-4232-bdc4-15116ed39d88,Is the scene occurring in an urban or rural environment?,Rural environment.,"The scene is occurring in an urban environment, as indicated by the presence of well-maintained streets, sidewalks, and residential buildings.",41;42;43;44;61;66;69;71;91;93;219;223;224;227;228;230;231;233;234;235;236;237;238;241;242;243;244;245;246;272;276;281;285;288;289;290;291;303;307;308;313;318;321;322;323;328;329;330;332;333;334;341;351;360;361;362;366;368;370;371;377;387;393;399,64,1
0fa75cb3-c4a0-4232-bdc4-15116ed39d88,What time of day does the scene appear to be set in?,It appears to be set in the evening.,"The scene appears to be set in the evening, as indicated by the soft, warm light and the long shadows cast by the palm trees and street lamps.",41;42;43;44;45;61;66;69;71;91;93;223;224;227;228;230;231;233;234;235;236;237;238;241;242;243;244;245;246;272;276;281;288;289;290;291;303;307;308;313;314;318;321;322;323;328;329;330;332;333;334;341;351;360;361;362;366;368;370;371;377;387;392;393,64,1
0fa75cb3-c4a0-4232-bdc4-15116ed39d88,How is the subject navigating the outdoor space?,The subject is walking on the field and then heads home.,"The subject is navigating the outdoor space by walking along a sidewalk, passing by palm trees, and moving through a residential area with white buildings and a clear sky.",41;42;43;44;61;66;69;71;91;93;102;223;224;227;228;230;231;233;234;235;236;237;238;241;242;243;244;245;246;272;276;281;285;288;289;290;291;303;307;308;313;314;318;321;322;323;328;329;330;332;333;334;341;351;360;361;362;366;368;370;371;377;387;393,64,1
0fa75cb3-c4a0-4232-bdc4-15116ed39d88,Can you provide an overview of the action in this clip?,"Subject walks outdoors, across a field, and returns home.","The video begins with a view of a street lined with palm trees and modern buildings. The sky is clear, and the sun is low, indicating either early morning or late afternoon. The street is relatively quiet with minimal traffic. The camera moves along the sidewalk, showing well-maintained landscaping and street lamps. The architecture of the buildings is contemporary, with clean lines and white facades. The palm trees are tall and healthy, providing a tropical ambiance to the setting.As the video progresses, the camera continues along the street, maintaining the same tranquil atmosphere. The buildings remain consistent in style, and the palm trees are prominent, adding to the aesthetic appeal of the area. The street lamps are evenly spaced, and the sidewalk is clean and well-kept. The sky remains clear, and the lighting suggests it is still either morning or evening.The video wraps up with the camera moving further down the street, still showing the same serene environment. The palm trees and modern buildings continue to dominate the scene, and the street remains quiet with no visible traffic. The lighting is consistent with the previous scenes, indicating the time of day has not changed significantly. The overall atmosphere is peaceful and orderly, with a focus on the natural beauty of the palm trees and the architectural design of the buildings",41;42;43;44;61;66;69;71;91;93;102;223;224;227;228;230;231;233;234;235;236;237;238;241;242;243;244;245;246;272;276;281;285;288;289;290;291;303;307;308;313;318;321;322;323;328;329;330;332;333;334;341;351;360;361;362;366;368;370;371;377;387;389;393,64,1
0fa75cb3-c4a0-4232-bdc4-15116ed39d88,Does the video show the subject entering a building?,No.,"No, the video does not show the subject entering a building.",41;42;43;44;45;61;66;69;71;91;93;223;224;227;228;230;231;233;234;235;236;237;238;241;242;243;244;245;246;272;276;281;288;289;290;291;303;307;308;313;314;318;321;322;323;328;329;330;332;333;334;341;351;360;361;362;366;368;370;371;377;387;392;393,64,1
0fa75cb3-c4a0-4232-bdc4-15116ed39d88,Is the subject interacting with other people in the video?,No.,"No, the subject is not interacting with other people in the video.",41;42;43;44;61;66;69;71;91;93;102;223;224;227;228;230;231;233;234;235;236;237;238;241;242;243;244;245;246;272;276;281;285;288;289;290;291;303;307;308;313;318;321;322;323;328;329;330;332;333;334;341;351;360;361;362;366;368;370;371;377;387;392;393,64,1
0fa75cb3-c4a0-4232-bdc4-15116ed39d88,Does the video capture the subject engaging in a sport?,No.,"No, the video does not capture the subject engaging in a sport.",41;42;43;44;61;66;69;71;91;93;102;223;224;227;228;230;231;233;234;235;236;237;238;241;242;243;244;245;246;272;276;281;288;289;290;291;303;307;308;313;314;318;321;322;323;328;329;330;332;333;334;341;351;360;361;362;366;368;370;371;377;387;392;393,64,1
0fa75cb3-c4a0-4232-bdc4-15116ed39d88,Is the subject seen leaving the field in the video?,Yes.,"No, the subject is not seen leaving the field in the video.",41;42;43;44;45;61;66;69;71;91;93;223;224;227;228;230;231;233;234;235;236;237;238;241;242;243;244;245;246;272;276;281;285;288;289;290;291;303;307;308;313;318;321;322;323;328;329;330;332;333;334;341;351;360;361;362;366;368;370;371;377;387;392;393,64,1
0fa75cb3-c4a0-4232-bdc4-15116ed39d88,Does the video show the subject at home?,"No, just heading home.","Yes, the video shows the subject at home.",41;42;43;44;45;61;66;69;71;91;93;223;224;227;228;230;231;233;234;235;236;237;238;241;242;243;244;245;246;271;272;276;281;288;289;290;291;307;308;313;318;321;322;323;328;329;330;332;333;334;341;351;360;361;362;366;368;370;371;377;387;389;392;393,64,1
0fa75cb3-c4a0-4232-bdc4-15116ed39d88,What is the location of the video clip?,The video clip is in a field with a walkway.,"The video clip is set in a residential area with palm trees, street lamps, and a clear sky.",41;42;43;44;61;66;69;71;91;93;102;223;224;227;228;230;231;233;234;235;236;237;238;241;242;243;244;245;246;272;276;281;288;289;290;291;307;308;313;318;321;322;323;328;329;330;332;333;334;341;351;360;361;362;366;368;370;371;377;387;389;392;393;417,64,1
0fa75cb3-c4a0-4232-bdc4-15116ed39d88,What activity is shown in the video?,Walking on a walkway and looking around.,The video shows a person walking on a sidewalk.,41;42;43;44;45;61;66;69;71;91;93;223;224;227;228;230;231;233;234;235;236;237;238;241;242;243;244;245;246;272;276;281;288;289;290;291;307;308;313;314;318;321;322;323;328;329;330;332;333;334;341;351;360;361;362;366;368;370;371;377;387;392;393;417,64,1
0fa75cb3-c4a0-4232-bdc4-15116ed39d88,What time of day does the video depict?,The video depicts evening or dusk.,"The video depicts either dawn or dusk, as indicated by the soft, warm light and the long shadows cast by the palm trees and street lamps.",41;42;43;44;45;61;66;69;71;91;93;223;224;227;228;230;231;233;234;235;236;237;238;241;242;243;244;245;246;272;276;281;288;289;290;291;303;307;308;313;314;318;321;322;323;328;329;330;332;333;334;341;351;360;361;362;366;368;370;371;377;387;392;393,64,1
0fa75cb3-c4a0-4232-bdc4-15116ed39d88,What natural features can be seen in the video?,There is a body of water visible.,"Palm trees, a sandy beach, and a clear sky can be seen in the video.",41;42;43;44;45;61;66;69;71;91;93;223;224;227;228;230;231;233;234;235;236;237;238;241;242;243;244;245;246;272;276;281;288;289;290;291;303;307;308;313;318;321;322;323;328;329;330;332;333;334;341;351;360;361;362;366;368;370;371;377;387;392;393;417,64,1
0fa75cb3-c4a0-4232-bdc4-15116ed39d88,Does the person stop to observe a specific scene?,Yes.,"Yes, the person stops to observe a specific scene.",41;42;43;44;45;61;66;69;71;91;93;223;224;227;228;230;231;233;234;235;236;237;238;241;242;243;244;245;246;272;276;281;288;289;290;291;303;307;308;313;314;318;321;322;323;328;329;330;332;333;334;341;360;361;362;366;368;370;371;377;387;392;393;417,64,1
0fa75cb3-c4a0-4232-bdc4-15116ed39d88,"In the video, did I look at the scenes before walking on the field?",No,"Yes, you looked at the scenes before walking on the field.",41;42;43;44;45;61;66;69;71;91;93;223;224;227;228;230;231;233;234;235;236;237;238;241;242;243;244;245;246;272;276;281;285;288;289;290;291;307;308;313;318;321;322;323;328;329;330;332;333;334;341;351;360;361;362;366;368;370;371;377;387;389;392;393,64,1
0fa75cb3-c4a0-4232-bdc4-15116ed39d88,"In the video, was I indoors before going to the field?",No,"Yes, you were indoors before going to the field.",41;42;43;44;61;66;69;71;91;93;223;224;227;228;230;231;233;234;235;236;237;238;241;242;243;244;245;246;272;276;281;285;288;289;290;291;303;307;308;313;318;321;322;323;328;329;330;332;333;334;341;351;360;361;362;366;368;370;371;377;387;389;392;393,64,1
0fa75cb3-c4a0-4232-bdc4-15116ed39d88,What happened before I walked on the walkway in the video?,I was in the field,"Before you walked on the walkway in the video, you were likely in a vehicle, as indicated by the view of the road and the presence of a car in the distance. The scene shows a well-maintained urban area with palm trees, street lamps, and a clear sky, suggesting a pleasant day. The walkway is lined with palm trees and there are signs of residential or commercial buildings in the background. The area appears to be quiet with no visible pedestrians or traffic, giving a sense of calmness and serenity.",41;42;43;44;45;61;66;69;71;91;93;223;224;227;228;230;231;233;234;235;236;237;238;241;242;243;244;245;246;272;276;281;288;289;290;291;303;307;308;313;314;318;321;322;323;328;329;330;332;333;334;341;351;360;361;362;366;368;370;371;377;387;392;393,64,1
0fa75cb3-c4a0-4232-bdc4-15116ed39d88,What is depicted in the current frame?,It shows a sidewalk lined with palm trees and buildings.,"The current frame shows a street scene with a clear view of the road, sidewalks, and a row of palm trees. The sky is overcast, suggesting it might be early morning or late afternoon. There are street lamps and a few vehicles visible on the road. The architecture of the buildings in the background is modern, with clean lines and a predominantly white color scheme, which is typical of many urban areas in the Middle East. The palm trees are tall and healthy, indicating a warm climate. The overall atmosphere is calm and quiet, with no visible pedestrians or significant activity.",41;42;43;44;61;66;69;71;91;93;223;224;227;228;230;233;234;235;236;237;238;241;242;243;244;245;246;272;276;281;288;289;290;291;307;308;313;318;321;322;323;328;329;330;332;333;334;341;351;360;361;362;366;368;370;371;377;387;393;666;670;673;675;677,64,1
0fa75cb3-c4a0-4232-bdc4-15116ed39d88,What activity is taking place in these frames?,Walking along a residential sidewalk.,"The frames depict a street scene with a focus on palm trees and modern architecture. There are no visible people or moving vehicles, suggesting a quiet moment in the area. The lighting indicates it could be either early morning or late afternoon, as the sky is not fully dark but has a soft, diffused light. The palm trees are tall and well-maintained, and the street is lined with street lamps. The architecture of the buildings is contemporary, with clean lines and a neutral color palette. The overall atmosphere is serene and orderly.",41;42;43;44;61;66;69;71;91;93;223;224;227;228;230;233;234;235;236;237;238;241;242;243;244;245;246;272;276;281;288;289;290;291;307;308;313;318;321;322;323;328;329;330;332;333;334;341;360;361;362;366;368;370;371;377;387;392;393;666;670;673;675;677,64,1
0fa75cb3-c4a0-4232-bdc4-15116ed39d88,Does this video show a busy city street?,No.,"No, the video does not show a busy city street. It shows a quiet residential area with a wide road, palm trees, and modern houses.",41;42;43;44;61;66;69;71;91;93;223;224;227;228;230;233;234;235;236;237;238;241;242;243;244;245;246;272;276;281;288;289;290;291;303;307;308;313;318;321;322;323;328;329;330;332;333;334;341;360;361;362;366;368;370;371;377;387;393;666;670;673;675;677,64,1
0fa75cb3-c4a0-4232-bdc4-15116ed39d88,Does the clip capture any interaction with people?,No.,"No, the clip does not capture any interaction with people.",41;42;43;44;61;66;69;71;91;93;223;224;227;228;230;231;233;234;235;236;237;238;241;242;243;244;245;246;272;276;281;288;289;290;291;307;308;313;318;321;322;323;328;329;330;332;333;334;341;361;362;366;368;370;371;377;387;392;393;666;670;673;675;677,64,1
0fa75cb3-c4a0-4232-bdc4-15116ed39d88,Is the person entering a building in this scene?,No.,no,41;42;43;44;61;66;69;71;91;93;223;224;227;228;230;233;234;235;236;237;238;241;242;243;244;245;246;272;276;281;288;289;290;291;303;307;308;313;318;321;322;323;328;329;330;332;333;334;341;360;361;362;366;368;370;371;377;387;393;666;670;673;675;677,64,1
0fa75cb3-c4a0-4232-bdc4-15116ed39d88,Was I in the field after walking on the walkway?,No.,"Yes, you walked on the walkway and then entered the field.",41;42;43;44;61;66;69;71;91;93;223;224;227;228;230;233;234;235;236;237;238;241;242;243;244;245;246;272;276;281;288;289;290;291;307;308;313;318;321;322;323;328;329;330;332;333;334;341;351;360;361;362;366;368;370;371;377;387;393;666;670;673;675;677,64,1
0fa75cb3-c4a0-4232-bdc4-15116ed39d88,Did I go home before looking at the scenes?,No.,"It seems like you've been describing a series of scenes, possibly from a video or a sequence of images, and you've asked if you went home before looking at those scenes. However, without more context, it's not possible for me to determine if you went home before looking at the scenes. If you're asking whether you went home before watching a video or viewing a series of images, the answer would depend on your actions leading up to that point. If you're asking if you went home before engaging with a specific scene or location, that would also depend on the details of your activities. If you could provide more context or clarify your question, I'd be happy to help further.",41;42;43;44;61;66;69;71;91;93;223;224;227;228;230;233;234;235;236;237;238;241;242;243;244;245;246;272;276;281;288;289;290;291;307;308;313;318;321;322;323;328;329;330;332;333;334;341;351;360;361;362;366;368;370;371;377;387;393;666;670;673;675;677,64,1
0fa75cb3-c4a0-4232-bdc4-15116ed39d88,What occurs just before I look at the scenes?,I walk on the walkway.,"The video begins with a view of a street lined with palm trees and modern buildings. The sky is clear, suggesting it might be early morning or late afternoon. The street is relatively quiet with minimal traffic. The camera moves along the street, showing a sidewalk with street lamps and a few pedestrians. The architecture of the buildings is contemporary, with clean lines and large windows. The palm trees are tall and well-maintained, providing a tropical ambiance to the setting. The video captures the peacefulness of the area and the beauty of the urban landscape.",41;42;43;44;61;66;69;71;91;93;223;224;227;228;230;233;234;235;236;237;238;241;242;243;244;245;246;272;276;281;288;289;290;291;307;308;313;318;321;322;323;328;329;330;332;333;334;341;351;360;361;362;366;368;370;371;377;387;393;666;670;673;675;677,64,1
0fa75cb3-c4a0-4232-bdc4-15116ed39d88,What do I do before walking on the walkway?,I am in the field.,"Before walking on the walkway, you should ensure that the area is clear of any obstacles or hazards. It's also a good idea to be aware of your surroundings, including any traffic or other pedestrians, and to follow any posted signs or rules for the area. Additionally, if you're carrying any items, you might want to secure them to prevent them from falling or causing a tripping hazard.",41;42;43;44;61;66;69;71;91;93;223;224;227;228;230;231;233;234;235;236;237;238;241;242;243;244;245;246;272;276;281;288;289;290;291;307;308;313;318;321;322;323;328;329;330;332;333;334;341;360;361;362;366;368;370;371;377;387;393;666;670;673;675;677,64,1
0fa75cb3-c4a0-4232-bdc4-15116ed39d88,Did I walk on the field before looking at the scenes?,Yes,"No, you did not walk on the field before looking at the scenes. The scenes you described are part of a video walkthrough, and the actions you mentioned are part of the video content, not something you did in real life.",41;42;43;44;61;66;69;71;91;93;223;224;227;228;230;231;233;234;235;236;237;238;241;242;243;244;245;246;272;276;281;288;289;290;291;307;308;313;318;321;322;323;328;329;330;332;333;334;341;360;361;362;366;368;370;371;377;387;393;666;670;673;675;677,64,1
0fa75cb3-c4a0-4232-bdc4-15116ed39d88,Is the walk on the walkway shown before going home in the video?,Yes,"Yes, the walk on the walkway shown before going home in the video is the first scene.",41;42;43;44;61;66;69;71;91;93;223;224;227;228;230;233;234;235;236;237;238;241;242;243;244;245;246;272;276;281;288;289;290;291;303;307;308;313;318;321;322;323;328;329;330;332;333;334;341;360;361;362;366;368;370;371;377;387;393;666;670;673;675;677,64,1
0fa75cb3-c4a0-4232-bdc4-15116ed39d88,"In the video, do we see walking through the walkways before walking on the field?",No,"Yes, the video shows walking through the walkways before walking on the field.",41;42;43;44;61;66;69;71;91;93;223;224;227;228;230;231;233;234;235;236;237;238;241;242;243;244;245;246;272;276;281;288;289;290;291;307;308;313;318;321;322;323;328;329;330;332;333;334;341;360;361;362;366;368;370;371;377;387;393;666;670;673;675;677,64,1
0fa75cb3-c4a0-4232-bdc4-15116ed39d88,Do I walk along the water before walking under the trees as shown in the clip?,Yes,"The video does not show you walking along the water before walking under the trees. It starts with a view of a street lined with palm trees and lamp posts, and then transitions to a sidewalk adjacent to a road with a view of the sky and palm trees. The sequence of scenes does not depict walking along the water before walking under the trees.",41;42;43;44;61;66;69;71;91;93;223;224;227;228;230;233;234;235;236;237;238;241;242;243;244;245;246;272;276;281;288;289;291;303;307;308;313;314;318;321;322;323;328;329;330;332;333;334;341;360;361;362;366;368;370;371;377;387;393;666;670;673;675;677,64,1
0fa75cb3-c4a0-4232-bdc4-15116ed39d88,"In the video sequence, what occurs before walking on the field?",Being outdoors,"Before walking on the field, the video shows a view of a road with palm trees and a sidewalk, leading to a white building with a red sign.",41;42;43;44;61;66;69;71;91;93;223;224;227;228;230;231;233;234;235;236;237;238;241;242;243;244;245;246;272;276;281;288;289;290;291;307;308;313;318;321;322;323;328;329;330;332;333;334;341;360;361;362;366;368;370;371;377;387;393;666;670;673;675;677,64,1
0fa75cb3-c4a0-4232-bdc4-15116ed39d88,What event takes place before walking under the trees in the clip?,Walking along the water,"Before walking under the trees in the clip, the event that takes place is walking along a sidewalk lined with palm trees, passing by a street with a few parked cars and a fire hydrant.",41;42;43;44;45;61;66;69;71;91;93;223;224;227;228;230;233;234;235;236;237;238;241;242;243;244;245;246;281;288;291;303;307;308;313;314;318;321;322;323;328;329;330;332;333;334;341;360;361;362;366;368;370;371;377;387;392;393;666;670;673;674;675;677,64,1
0fa75cb3-c4a0-4232-bdc4-15116ed39d88,What is the setting of the scenario seen in the video?,A residential area with palm trees and walkways.,"The setting of the scenario seen in the video is a well-maintained urban area with palm trees, street lamps, and a clear sky.",41;42;43;44;66;69;91;93;224;227;228;230;233;234;235;237;238;243;244;245;246;288;291;307;313;318;323;328;329;330;332;333;334;341;361;362;368;370;387;393;673;677;712;717;724;728;729;730;740;742;743;744;745;749;751;752;753;792;793;800;802;806;813;815,64,1
0fa75cb3-c4a0-4232-bdc4-15116ed39d88,What can be seen in the background of the video frame?,"Houses, streetlights, and a clear sky.","In the background of the video frame, there is a clear sky with a gradient from light to darker blue, indicating either early morning or late evening.",41;42;43;44;66;69;91;93;224;227;228;230;233;234;235;237;238;243;244;245;288;291;307;313;318;323;328;329;330;332;333;334;341;361;362;368;370;371;387;393;673;677;712;717;724;728;729;730;740;742;743;744;745;749;751;752;753;792;793;800;802;806;813;815,64,1
0fa75cb3-c4a0-4232-bdc4-15116ed39d88,What are the dominant features of the environment in this clip?,"Landscaped pathways, streetlamps, and tropical foliage.","The dominant features of the environment in this clip are palm trees, street lamps, and a clear sky.",41;42;43;44;66;69;91;93;224;227;228;230;233;234;235;237;238;243;244;245;246;288;291;307;313;318;323;328;329;330;332;333;334;341;361;362;368;370;387;393;673;677;712;717;724;728;729;730;740;742;743;744;745;749;751;752;753;792;793;800;802;806;813;815,64,1
0fa75cb3-c4a0-4232-bdc4-15116ed39d88,Can you characterize the location shown in the video?,A well-maintained suburban neighborhood.,"The video shows a well-maintained urban area with a focus on a street lined with palm trees and modern buildings. The architecture of the buildings suggests a contemporary design, possibly in a region with a warm climate given the presence of palm trees. The street is clean and appears to be in a residential or possibly a mixed-use area, as there are no visible commercial signs or billboards. The lighting fixtures are modern, and the overall atmosphere is calm and orderly. The sky is overcast, suggesting it might be early morning or late afternoon. The area is well-lit, indicating that it is likely a safe and secure neighborhood.",41;42;43;44;66;69;91;93;224;227;228;230;233;234;235;237;238;243;244;245;288;291;307;313;318;323;328;329;330;332;333;334;341;361;362;368;370;371;387;393;673;677;712;717;724;728;729;730;740;742;743;744;745;749;751;752;753;792;793;800;802;806;813;815,64,1
0fa75cb3-c4a0-4232-bdc4-15116ed39d88,What action is being undertaken in the new frames?,Walking along a residential street.,"In the new frames, a person is seen walking on the sidewalk, accompanied by a child who is riding a scooter. They are moving along the sidewalk, passing by the street with palm trees and street lamps. The person is wearing a yellow top, and the child is wearing a blue helmet and a green top. The environment appears to be a residential area with well-maintained sidewalks and landscaping. The sky is overcast, suggesting it might be early morning or late afternoon.",41;42;43;44;66;69;91;93;224;227;228;230;233;234;235;237;238;243;244;245;246;288;291;307;313;318;323;328;329;330;332;333;334;341;361;362;368;370;371;387;393;673;677;712;717;724;728;729;730;740;742;743;744;745;749;751;752;753;792;793;800;806;813;815,64,1
0fa75cb3-c4a0-4232-bdc4-15116ed39d88,Is there any sign of wildlife in the frames provided?,No.,"No, there is no sign of wildlife in the frames provided.",41;42;43;44;69;91;93;224;227;228;230;233;234;235;237;238;243;244;245;246;288;291;307;313;318;323;328;329;330;332;333;334;341;361;362;368;370;371;387;393;673;677;712;717;724;728;729;730;740;742;743;744;745;749;751;752;753;792;793;800;802;806;813;815,64,1
0fa75cb3-c4a0-4232-bdc4-15116ed39d88,Did the person in the video use any transportation other than walking?,No.,"Yes, the person in the video used a bicycle for transportation.",41;42;43;44;66;69;91;93;224;227;228;230;233;234;235;237;238;243;244;245;288;291;307;313;318;323;328;329;330;332;333;334;341;361;362;368;370;371;387;393;673;677;712;717;724;728;729;730;740;742;743;744;745;749;751;752;753;792;793;800;802;806;813;815,64,1
0fa75cb3-c4a0-4232-bdc4-15116ed39d88,Does the footage include any sporting activities?,No.,"No, the footage does not include any sporting activities.",41;42;43;44;66;69;91;93;224;227;228;230;233;234;235;237;238;241;243;244;245;246;288;291;307;313;318;323;328;329;330;332;333;334;341;361;362;368;370;371;387;393;673;677;712;724;728;729;730;740;742;743;744;745;749;751;752;753;792;793;800;806;813;815,64,1
0fa75cb3-c4a0-4232-bdc4-15116ed39d88,"Is the person in the video engaging with the environment, like sitting or touching?",No.,"No, the person in the video is not engaging with the environment in a way that suggests sitting or touching.",41;42;43;44;66;69;91;93;224;227;228;230;233;234;235;237;238;243;244;245;246;288;291;307;313;318;323;328;329;330;332;333;334;341;361;362;368;370;371;387;393;673;677;712;717;724;728;729;730;740;742;743;744;745;749;751;752;753;792;793;800;806;813;815,64,1
0fa75cb3-c4a0-4232-bdc4-15116ed39d88,Did I tour the park before walking on the walkways?,Yes,"It seems like you've been describing a tour of a park or a similar outdoor area, but you haven't explicitly mentioned walking on the walkways. You've mentioned various elements of the park such as the landscape, the path, and the surroundings, but the specific action of walking on the walkways isn't directly stated. If you have walked on the walkways, it would be an important part of exploring the park, but based on the information provided, it's not clear if that's what you did before.",41;42;43;44;66;69;91;93;224;227;228;230;233;234;235;237;238;243;244;245;246;288;291;307;313;318;323;328;329;330;332;333;334;341;361;362;368;370;371;387;393;673;677;712;717;724;728;729;730;740;742;743;744;745;749;751;752;753;792;793;800;806;813;815,64,1
0fa75cb3-c4a0-4232-bdc4-15116ed39d88,What do I do before touring the park?,"Nothing, it is the first activity","Before touring the park, you should first ensure that you have a clear understanding of the park's layout and the attractions you want to visit. Here are some steps you can take:1. **Plan Your Route**: Decide on the order in which you want to visit the attractions. This will help you make the most of your time and ensure you don't miss any key points of interest.2. **Check the Park Hours**: Make sure you know the opening and closing times of the park so you can plan your day accordingly.3. **Review the Map**: Familiarize yourself with the park map to understand the location of different attractions, restrooms, food stands, and any other facilities.4. **Prepare Your Gear**: Bring any necessary items such as sunscreen, a hat, sunglasses, comfortable shoes, and a water bottle to stay hydrated.5. **Charge Your Devices**: If you plan to use your phone for navigation or to take photos, make sure your devices are charged.6. **Plan for Snacks and Meals**: Decide where you will eat and if you need to bring any snacks. Some parks have restaurants, cafes, and food stands, while others may require you to bring your own food.7. **Check for Special Events**: Sometimes parks host",41;42;43;44;66;69;91;93;224;227;228;230;233;234;235;237;238;243;244;245;246;288;291;307;313;318;323;328;329;330;332;333;334;341;361;362;368;370;371;387;393;673;677;712;724;728;729;730;740;742;743;744;745;749;751;752;753;792;793;800;802;806;813;815,64,1
0fa75cb3-c4a0-4232-bdc4-15116ed39d88,Did I walk through the park before going home?,Yes,"It seems like you've been describing a journey through a park and a residential area, but you haven't explicitly mentioned walking through a park before going home. Based on the details you've provided, it appears you might have been walking along a sidewalk or a path in a residential area, but not specifically through a park. If you did walk through a park, you might have done so earlier in your journey, before reaching the residential area where you mentioned walking along a sidewalk and passing by houses.",41;42;43;44;66;69;91;93;224;227;228;230;233;234;235;237;238;243;244;245;246;288;291;307;313;318;323;328;329;330;332;333;334;341;361;362;368;370;371;387;393;673;677;712;717;724;728;729;730;740;742;743;744;745;749;751;752;753;792;793;800;806;813;815,64,1
0fa75cb3-c4a0-4232-bdc4-15116ed39d88,What environment is depicted in this video clip?,"An outdoor, paved area with street lamps.","The video clip depicts a suburban or urban environment with a wide, well-maintained road, sidewalks, and a series of palm trees. The area appears to be designed for both vehicular and pedestrian traffic, with streetlights and traffic signs indicating a controlled and organized urban space. The presence of residential buildings and the absence of heavy traffic suggest a calm and possibly affluent neighborhood. The time of day appears to be either dawn or dusk, given the soft lighting and long shadows.",41;42;43;44;69;91;93;224;227;228;230;233;234;235;237;238;243;244;245;291;307;313;318;323;328;329;330;332;333;334;341;361;362;368;370;387;393;673;677;712;724;728;729;730;740;742;743;745;749;751;752;753;793;800;806;815;829;831;833;837;844;855;881;899,64,1
0fa75cb3-c4a0-4232-bdc4-15116ed39d88,What action am I performing in this clip?,Walking on a pavement outdoors.,"In the clip, you are seen walking along a sidewalk next to a road. The environment appears to be a residential area with palm trees, street lamps, and well-maintained lawns. The sky suggests it might be early morning or late afternoon, given the soft lighting. You are dressed in casual attire and seem to be enjoying a leisurely stroll.",41;42;43;44;69;91;93;224;227;228;230;233;234;235;237;238;243;244;245;291;307;313;318;323;328;329;330;332;333;334;341;361;362;368;370;387;393;673;677;712;724;728;729;730;740;742;743;745;749;751;752;753;793;800;806;815;829;831;833;837;844;855;881;899,64,1
0fa75cb3-c4a0-4232-bdc4-15116ed39d88,Do I interact with anyone in this video clip?,No.,"No, there is no interaction with anyone in this video clip. The video shows a series of scenes from a street view, including palm trees, street lamps, and buildings, with no people visible.",41;42;43;44;69;91;93;224;227;228;230;233;234;235;237;238;243;244;245;291;307;313;318;323;328;329;330;332;333;334;341;361;362;368;370;387;393;673;677;712;724;728;729;730;740;742;743;745;749;751;752;753;793;800;806;813;815;829;831;833;837;855;881;899,64,1
0fa75cb3-c4a0-4232-bdc4-15116ed39d88,What is the setting of this video clip?,The setting is an outdoor pavement in a residential area.,"The setting of the video clip is a well-maintained urban area with a wide, clean road, sidewalks, and a series of palm trees. The architecture of the buildings suggests a modern residential or possibly a resort area. The sky is overcast, and the lighting indicates it could be either early morning or late afternoon. The area is devoid of heavy traffic, giving it a serene and peaceful atmosphere.",41;42;43;44;69;91;93;224;227;228;230;233;234;235;237;238;243;244;245;291;307;313;318;323;328;329;330;332;333;334;341;361;362;368;370;387;393;673;677;712;724;728;729;730;740;742;743;745;749;751;752;792;793;800;806;813;815;829;831;833;837;855;881;899,64,1
0fa75cb3-c4a0-4232-bdc4-15116ed39d88,What time of day is depicted in this frame?,It appears to be twilight or early evening.,"The time of day depicted in this frame is dusk, as indicated by the soft, diffused light and the presence of street lamps that are illuminated.",41;42;43;44;69;91;93;224;227;228;230;233;234;235;237;238;243;244;245;291;307;313;318;323;328;329;330;332;333;334;341;361;362;368;370;387;393;673;677;712;724;728;729;730;740;742;743;744;745;749;751;752;753;793;806;815;829;831;833;837;844;855;881;899,64,1
0fa75cb3-c4a0-4232-bdc4-15116ed39d88,What elements indicate that this is a residential area?,The presence of housing structures and lack of commercial signs.,"The presence of well-maintained sidewalks, street lamps, and the orderly arrangement of palm trees along the road indicate a residential area.",41;42;43;44;69;91;93;224;227;228;230;233;234;235;237;238;243;244;245;291;307;313;318;323;328;329;330;332;333;334;341;361;362;368;370;387;393;673;677;712;724;728;729;730;740;742;743;745;749;751;752;753;792;793;800;806;815;829;831;833;837;855;881;899,64,1
0fa75cb3-c4a0-4232-bdc4-15116ed39d88,What type of path is the person on in the video?,The person is on a paved walkway.,The person is on a paved path.,41;42;43;44;69;91;93;224;227;228;230;233;234;235;237;238;243;244;245;291;307;313;318;323;328;329;330;332;333;334;341;361;362;368;370;387;393;673;677;712;724;728;729;730;740;742;743;745;749;751;752;753;792;793;800;806;815;829;831;833;837;855;881;899,64,1
0fa75cb3-c4a0-4232-bdc4-15116ed39d88,Does the scene suggest a leisurely or rushed pace?,The scene suggests a leisurely pace.,The scene suggests a leisurely pace.,41;42;43;44;69;91;93;224;227;228;230;233;234;235;237;238;243;244;245;288;291;307;313;318;323;328;329;330;332;333;334;341;361;362;368;370;387;393;673;712;724;728;729;730;740;742;743;744;745;749;751;752;753;793;806;813;815;829;831;833;844;855;881;899,64,1
0fa75cb3-c4a0-4232-bdc4-15116ed39d88,Does the person interact with any objects in the scene?,No.,"No, the person does not interact with any objects in the scene.",41;42;43;44;69;91;93;224;227;228;230;233;234;235;237;238;243;244;245;288;291;307;313;318;323;328;329;330;332;333;334;341;361;362;368;370;387;393;673;712;724;728;729;730;740;742;743;745;749;751;752;753;793;800;806;813;815;829;831;833;837;855;881;899,64,1
0fa75cb3-c4a0-4232-bdc4-15116ed39d88,Is the person traveling with someone else?,No.,"Yes, the person is traveling with a child.",41;42;43;44;69;91;93;224;227;228;230;233;234;235;237;238;243;244;245;288;291;307;313;318;323;328;329;330;332;333;334;341;361;362;368;370;371;387;393;673;677;724;728;729;730;740;742;743;744;745;749;751;752;753;793;806;815;829;831;833;837;855;881;899,64,1
0fa75cb3-c4a0-4232-bdc4-15116ed39d88,Does the video capture any animals in the scene?,No.,"No, the video does not capture any animals in the scene.",41;43;44;69;91;93;224;227;228;230;233;234;235;237;238;243;244;245;288;291;307;313;318;323;328;329;330;332;333;334;341;361;362;368;370;387;393;673;712;724;728;729;730;740;742;743;745;749;751;752;753;793;800;806;813;815;829;831;833;837;844;855;881;899,64,1
0fa75cb3-c4a0-4232-bdc4-15116ed39d88,Does the individual seem to be lost or searching for directions?,No.,"No, the individual does not seem to be lost or searching for directions.",41;42;43;44;69;91;93;224;227;228;230;233;234;235;237;238;243;244;245;291;307;313;318;323;328;329;330;332;333;334;341;361;362;368;370;387;393;673;677;712;724;728;729;730;740;742;743;744;745;749;751;752;753;793;806;815;829;831;833;837;844;855;881;899,64,1
