video_id,question,answer,pred_answer,retrieve_size,chunk_size
9198b9a4-8d8f-4ba6-9924-4c86982d890a,What task is being performed with vegetables?,Chopping vegetables.,"The task being performed with vegetables is preparing a dish that includes diced tomatoes, onions, and peppers.",64,1
9198b9a4-8d8f-4ba6-9924-4c86982d890a,What step is being taken with flatbread?,Wrapping sauce in flatbread.,The person is transferring the cooked meat and vegetables from the pot onto a plate.,64,1
9198b9a4-8d8f-4ba6-9924-4c86982d890a,What kitchen fixture is being utilized?,Opening a cabinet.,A stove is being utilized in the kitchen.,64,1
9198b9a4-8d8f-4ba6-9924-4c86982d890a,What's the overview of the action in the clip?,Preparing ingredients for a meal.,The clip shows a person preparing a dish by chopping vegetables and adding them to a pot on the stove. The person then transfers the chopped vegetables into a bowl and continues to add more ingredients to the pot.,64,1
9198b9a4-8d8f-4ba6-9924-4c86982d890a,Does the video show someone chopping vegetables?,Yes.,"Yes, the video shows someone chopping vegetables, specifically tomatoes and bell peppers, on the counter.",64,1
9198b9a4-8d8f-4ba6-9924-4c86982d890a,Did the individual successfully open a kitchen cabinet?,Yes.,"Yes, the individual successfully opened a kitchen cabinet to access the ingredients.",64,1
9198b9a4-8d8f-4ba6-9924-4c86982d890a,Is the flatbread being seasoned with sauce?,Yes.,Yes,64,1
9198b9a4-8d8f-4ba6-9924-4c86982d890a,Is there an occurrence of food being wrapped?,Yes.,"Yes, there is an occurrence of food being wrapped.",64,1
9198b9a4-8d8f-4ba6-9924-4c86982d890a,Is the person using a knife for cooking tasks?,Yes.,Yes.,64,1
9198b9a4-8d8f-4ba6-9924-4c86982d890a,What is the location in the video clip?,A kitchen.,The location in the video clip is a kitchen.,64,1
9198b9a4-8d8f-4ba6-9924-4c86982d890a,What kitchen activity is underway in the clip?,Cutting vegetables.,"The kitchen activity underway in the clip is cooking, specifically making tortillas.",64,1
9198b9a4-8d8f-4ba6-9924-4c86982d890a,What tool does the person in the video use?,Knives.,The person uses a large knife to cut the tomatoes.,64,1
9198b9a4-8d8f-4ba6-9924-4c86982d890a,What appliance does the person in the video handle?,The heat regulator of the cooker.,The person in the video handles a stove.,64,1
9198b9a4-8d8f-4ba6-9924-4c86982d890a,What part of the kitchen furniture does the person interact with?,Drawers.,The person interacts with the kitchen cabinets and drawers.,64,1
9198b9a4-8d8f-4ba6-9924-4c86982d890a,How is the person controlling the cooking temperature?,Operating the heat regulator.,The person is using a digital oven control panel to adjust the temperature.,64,1
9198b9a4-8d8f-4ba6-9924-4c86982d890a,What can be inferred from the person's actions with the drawers?,Searching or organizing.,The person's actions with the drawers suggest they are organizing or preparing for the next step in the cooking process.,64,1
9198b9a4-8d8f-4ba6-9924-4c86982d890a,Does the clip show any cooking taking place?,"No direct cooking, only preparation.","Yes, the clip shows the cooking process, including the preparation of the tortillas and the cooking of the chili.",64,1
9198b9a4-8d8f-4ba6-9924-4c86982d890a,Did the person successfully cut the vegetables?,Yes.,"Yes, the person successfully cut the vegetables into smaller pieces.",64,1
9198b9a4-8d8f-4ba6-9924-4c86982d890a,Was the heat regulator adjusted to a specific level?,"Yes, it was operated.","Yes, the heat regulator was adjusted to a specific level.",64,1
9198b9a4-8d8f-4ba6-9924-4c86982d890a,Did the person use any other kitchen tools besides knives?,Heat regulator only mentioned.,"Yes, the person also used a spatula and a spoon to mix the ingredients.",64,1
9198b9a4-8d8f-4ba6-9924-4c86982d890a,Is the cabinet opened before wrapping the sauce in flat bread?,No,Yes.,64,1
9198b9a4-8d8f-4ba6-9924-4c86982d890a,Do I cut vegetables before operating the heat regulator on the cooker?,Yes,"Yes, you cut vegetables before operating the heat regulator on the cooker.",64,1
9198b9a4-8d8f-4ba6-9924-4c86982d890a,Is the drawer opened before the vegetables are chopped?,No,Yes.,64,1
9198b9a4-8d8f-4ba6-9924-4c86982d890a,Does wrapping sauce in flat bread happen after cutting vegetables?,Yes,"Yes, after cutting vegetables, the person wraps the flat bread in a thin layer of wrapping sauce.",64,1
9198b9a4-8d8f-4ba6-9924-4c86982d890a,Do I open the cabinet before chopping the vegetables?,No,"Yes, you open the cabinet before chopping the vegetables.",64,1
9198b9a4-8d8f-4ba6-9924-4c86982d890a,What occurs just before wrapping the sauce in flat bread?,Chopping vegetables,"Just before wrapping the sauce in flat bread, the person places the sauce in a bowl and then places the bowl on the counter.",64,1
9198b9a4-8d8f-4ba6-9924-4c86982d890a,What takes place right before operating the heat regulator of the cooker?,Cutting vegetables with knives,"A person is seen opening the oven door, revealing the stove with the pot on it, and then turning the heat regulator to the 'E' position.",64,1
9198b9a4-8d8f-4ba6-9924-4c86982d890a,What setting is shown in this video clip?,A kitchen.,"The video clip shows a kitchen setting with various appliances and utensils, including a stove, a sink, and a countertop with various items.",64,1
9198b9a4-8d8f-4ba6-9924-4c86982d890a,What task is being performed with tomatoes?,Cutting tomatoes.,The task being performed with tomatoes is preparing them for the next step in the cooking process.,64,1
9198b9a4-8d8f-4ba6-9924-4c86982d890a,Is there an electronic device being used in this scene?,"Yes, a mobile phone.",Yes.,64,1
9198b9a4-8d8f-4ba6-9924-4c86982d890a,How is the sauce being utilized in the cooking process?,By spreading it on flatbreads.,"The sauce is being poured over the tortillas, which are being rolled and filled with the meat mixture.",64,1
9198b9a4-8d8f-4ba6-9924-4c86982d890a,What activity is occurring aside from food preparation?,Operating a mobile phone.,"A person is seen opening a red container, possibly a container of sauce or seasoning, and placing it on the counter.",64,1
9198b9a4-8d8f-4ba6-9924-4c86982d890a,What manual task is depicted involving food items?,"Cutting vegetables, specifically tomatoes.","The manual task depicted involves placing the filled tortillas into the pot of chili, which is part of the cooking process.",64,1
9198b9a4-8d8f-4ba6-9924-4c86982d890a,Is someone chopping vegetables in the video?,Yes.,Yes.,64,1
9198b9a4-8d8f-4ba6-9924-4c86982d890a,Is the sauce being poured into a bowl?,"No, it's being rolled in flatbreads.",No.,64,1
9198b9a4-8d8f-4ba6-9924-4c86982d890a,Is a cooking activity happening in a bedroom?,"No, it's happening in a kitchen.",No.,64,1
9198b9a4-8d8f-4ba6-9924-4c86982d890a,Does the frame capture the act of grilling or frying?,No.,"Yes, the frame captures the act of grilling or frying, as the person is seen holding a red tray with a hot pan on it.",64,1
9198b9a4-8d8f-4ba6-9924-4c86982d890a,"In the video, are vegetables cut before the heat regulator is operated?",Yes,"Yes, the vegetables are cut before the heat regulator is operated.",64,1
9198b9a4-8d8f-4ba6-9924-4c86982d890a,Does rolling sauce in flatbreads occur after cutting tomatoes?,Yes,"Yes, after cutting tomatoes, the rolling sauce in flatbreads is added to the pan with the tomato slices.",64,1
9198b9a4-8d8f-4ba6-9924-4c86982d890a,Does the opening of the drawers happen before using the mobile phone?,No,"Yes, the opening of the drawers happens before using the mobile phone.",64,1
9198b9a4-8d8f-4ba6-9924-4c86982d890a,Is the heat regulator operated before rolling sauce in flatbreads?,No,Yes.,64,1
9198b9a4-8d8f-4ba6-9924-4c86982d890a,What occurs just before rolling sauce in flatbreads?,Cutting tomatoes with a knife.,"Just before rolling sauce in flatbreads, the person places the sauce in a red container and then places the tray with the rolled flatbreads on the stove.",64,1
9198b9a4-8d8f-4ba6-9924-4c86982d890a,What happens just before operating the heat regulator?,Cutting vegetables with knives.,"Just before operating the heat regulator, the person places the red lid on the pot and adjusts the stove's temperature.",64,1
9198b9a4-8d8f-4ba6-9924-4c86982d890a,What is done just before opening drawers in the kitchen?,Operating the heat regulator of the cooker.,"Just before opening drawers, the person places the red lid on the drawer and closes it.",64,1
9198b9a4-8d8f-4ba6-9924-4c86982d890a,What activity occurs just before operating a mobile phone?,Rolling sauce in flatbreads.,"Just before operating a mobile phone, the person is seen placing a red lid on a container and adjusting the oven's temperature.",64,1
9198b9a4-8d8f-4ba6-9924-4c86982d890a,Is the cabinet opened before the vegetables are chopped?,No,Yes.,64,1
9198b9a4-8d8f-4ba6-9924-4c86982d890a,Does operating the heat regulator happen after chopping vegetables?,Yes,"Yes, after chopping vegetables, the person operates the heat regulator to turn on the stove.",64,1
9198b9a4-8d8f-4ba6-9924-4c86982d890a,Is wrapping sauce in flat bread before cutting vegetables?,No,"Yes, wrapping sauce is in the bowl on the counter before cutting vegetables.",64,1
9198b9a4-8d8f-4ba6-9924-4c86982d890a,Do I use the mobile phone before opening drawers?,Yes,"No, you don't use the mobile phone before opening drawers.",64,1
9198b9a4-8d8f-4ba6-9924-4c86982d890a,What happens just before the cabinet is opened in the video?,Chopping vegetables,"Just before the cabinet is opened, the person places the red lid on the cabinet, and the camera zooms out to reveal the kitchen counter and cabinets.",64,1
9198b9a4-8d8f-4ba6-9924-4c86982d890a,What occurs immediately before operating the heat regulator?,Cutting vegetables with knives,A person places a red container on the counter.,64,1
9198b9a4-8d8f-4ba6-9924-4c86982d890a,What do I do right before rolling sauce in flat breads?,Cutting tomatoes,You should roll sauce in flat breads before adding them to the pan.,64,1
9198b9a4-8d8f-4ba6-9924-4c86982d890a,What action takes place just before using the mobile phone?,Rolling sauce in flat breads,"Just before using the mobile phone, the person places the knife on the cutting board and picks up the red plate.",64,1
9198b9a4-8d8f-4ba6-9924-4c86982d890a,What is done directly before opening drawers in the kitchen?,Operating the heat regulator.,The person opens a drawer and places a tortilla on a tray.,64,1
9198b9a4-8d8f-4ba6-9924-4c86982d890a,What is the setting of the latest video frame?,A kitchen.,"The latest video frame shows the kitchen with a wooden countertop, a sink, and various kitchen items on the counter.",64,1
9198b9a4-8d8f-4ba6-9924-4c86982d890a,What can be seen on the stove in the video clip?,A pan with shawarma filling and bread.,"On the stove, there are several tortillas being cooked, a pot of chili, and a pan with a mixture of ingredients.",64,1
9198b9a4-8d8f-4ba6-9924-4c86982d890a,How many pans are on the stove in the video?,Two pans.,There are two pans on the stove in the video.,64,1
9198b9a4-8d8f-4ba6-9924-4c86982d890a,What objects are visible on the kitchen counter in the video?,Ingredients and utensils.,"Visible objects on the kitchen counter include a cutting board with chopped vegetables, a bowl of chopped green herbs, a bottle of olive oil, a container of spices, a red container, a bottle of vinegar, a container of soy sauce, a bottle of cooking oil, a container of sugar, a container of flour, a container of eggs, a container of mayonnaise, a container of mustard, a container of salt, a container of baking powder, a container of baking soda, a container of baking soda, a container of baking powder, a container of baking soda, a container of baking powder, a container of baking soda, a container of baking powder, a container of baking soda, a container of baking powder, a container of baking soda, a container of baking powder, a container of baking soda, a container of baking powder, a container of baking soda, a container of baking powder, a container of baking soda, a container of baking powder, a container of baking soda, a container of baking powder, a container of baking soda, a container of baking powder, a container of baking soda, a container of baking powder, a container of baking soda, a container of baking powder, a container of baking soda, a container of baking powder, a container of",64,1
9198b9a4-8d8f-4ba6-9924-4c86982d890a,What cooking process is happening in the new frames?,Shawarma filling is being prepared.,"The new frames show the person preparing tortillas, adding ingredients to them, and then placing them into a pan with a mixture of meat and vegetables.",64,1
9198b9a4-8d8f-4ba6-9924-4c86982d890a,What action was the cook performing?,Adding bread to the shawarma filling.,"The cook was preparing food, specifically rolling tortillas and chopping vegetables.",64,1
9198b9a4-8d8f-4ba6-9924-4c86982d890a,How is the cook interacting with the food?,By stirring and combining ingredients.,"The cook is actively engaged in the cooking process, using a spatula to handle the food and occasionally adjusting the position of the food on the cutting board.",64,1
9198b9a4-8d8f-4ba6-9924-4c86982d890a,Describe the cook's technique in the video clip.,Carefully scooping and spreading filling onto bread.,"The cook demonstrates a meticulous technique by carefully placing the tortilla strips into the pot, ensuring they are evenly distributed and properly aligned. The video also shows the preparation of the filling, including the addition of chopped tomatoes, onions, and other ingredients, which are then mixed into the pot.",64,1
9198b9a4-8d8f-4ba6-9924-4c86982d890a,Is there more than one dish being cooked simultaneously?,Yes.,"Yes, there are multiple dishes being cooked simultaneously, including a pot of chili and a pan of vegetables.",64,1
9198b9a4-8d8f-4ba6-9924-4c86982d890a,Is the cook wearing any protective gloves in the video?,No.,"Yes, the cook is wearing red nail polish in the video.",64,1
9198b9a4-8d8f-4ba6-9924-4c86982d890a,Does the video capture the addition of toppings to the shawarma?,No.,"Yes, the video captures the addition of toppings to the shawarma, with the person placing the toppings on the shawarma wrap.",64,1
9198b9a4-8d8f-4ba6-9924-4c86982d890a,Is the mobile phone operated before rolling sauce in flat breads?,No,Yes.,64,1
9198b9a4-8d8f-4ba6-9924-4c86982d890a,Do I cut the tomatoes before preparing the shawarma?,Yes,"Yes, the person in the video is seen cutting the tomatoes before preparing the shawarma.",64,1
9198b9a4-8d8f-4ba6-9924-4c86982d890a,Is the shawarma prepared before cutting tomatoes?,No,Yes.,64,1
9198b9a4-8d8f-4ba6-9924-4c86982d890a,Do I roll sauce in flat breads after cutting tomatoes?,Yes,"Yes, you roll sauce in flat breads after cutting tomatoes.",64,1
9198b9a4-8d8f-4ba6-9924-4c86982d890a,Is the mobile phone operated after preparing the shawarma?,Yes,Yes.,64,1
9198b9a4-8d8f-4ba6-9924-4c86982d890a,What action occurs just before I operated the mobile phone?,Rolling sauce in flat breads,"Just before I operated the mobile phone, the person is seen holding a red container, possibly a container of sauce or seasoning, and appears to be preparing to use it.",64,1
9198b9a4-8d8f-4ba6-9924-4c86982d890a,What do I do before cutting the tomatoes?,"Nothing, it is the first action.","Before cutting the tomatoes, you should first peel them off the vine and then slice them into thin pieces.",64,1
9198b9a4-8d8f-4ba6-9924-4c86982d890a,What occurs just before preparing the shawarma?,Operating the mobile phone,"Just before preparing the shawarma, the person is seen placing the rolled-up tortillas on the counter, preparing to cook them.",64,1
9198b9a4-8d8f-4ba6-9924-4c86982d890a,"In the video, did I open the kitchen drawers before cutting vegetables?",No,"Yes, you opened the kitchen drawers before cutting vegetables.",64,1
9198b9a4-8d8f-4ba6-9924-4c86982d890a,Does the cooking of shawarma happen before regulating the cooker's heat?,Yes,"Yes, the cooking of shawarma happens before regulating the cooker's heat.",64,1
9198b9a4-8d8f-4ba6-9924-4c86982d890a,"In the video, is the mobile phone operated after the sauce is rolled in flatbreads?",Yes,"Yes, the mobile phone is operated after the sauce is rolled in flatbreads.",64,1
9198b9a4-8d8f-4ba6-9924-4c86982d890a,Is heat regulation done before cutting tomatoes with a knife?,No,"Yes, the person is seen holding a knife and cutting tomatoes with a knife before placing them into a bowl.",64,1
9198b9a4-8d8f-4ba6-9924-4c86982d890a,"In the video sequence, what do I do before cooking shawarma?",Cut vegetables,"Before cooking shawarma, you first prepare the ingredients by chopping vegetables and preparing the ingredients on the counter.",64,1
9198b9a4-8d8f-4ba6-9924-4c86982d890a,Describe the setting shown in the video clip.,A kitchen where shawarma is being prepared.,"The video takes place in a kitchen with a wooden floor, a black countertop, and a stainless steel sink. The kitchen is well-equipped with various appliances and utensils, including a dishwasher, a refrigerator, and a microwave. The person is seen preparing food in the kitchen, including chopping vegetables, mixing ingredients, and handling kitchen items.",64,1
9198b9a4-8d8f-4ba6-9924-4c86982d890a,What is happening in these new frames?,Shawarma is being filled with ingredients.,"In these new frames, a person is seen opening a large metal bowl filled with a red liquid, possibly a sauce or soup, and pouring it into a stainless steel pot on the stove. The person is also holding a small bowl containing a green leafy vegetable, possibly cilantro, and appears to be preparing to add it to the pot.",64,1
9198b9a4-8d8f-4ba6-9924-4c86982d890a,Is the person in the video making a meal?,Yes.,Yes.,64,1
9198b9a4-8d8f-4ba6-9924-4c86982d890a,Is the kitchen the main location in these frames?,Yes.,"Yes, the kitchen is the main location in these frames, with various kitchen items and appliances visible throughout the video.",64,1
9198b9a4-8d8f-4ba6-9924-4c86982d890a,Does the video capture the moment of grilling meat for the shawarma?,No.,"Yes, the video captures the moment of grilling meat for the shawarma, as the person is seen holding a piece of meat and grilling it over the hot pan.",64,1
9198b9a4-8d8f-4ba6-9924-4c86982d890a,Are spices being added to the food in this clip?,No.,"Yes, spices are being added to the food in the pan on the stove.",64,1
9198b9a4-8d8f-4ba6-9924-4c86982d890a,"In the video, is the shawarma filling added to the bread before wrapping it?",Yes,Yes,64,1
9198b9a4-8d8f-4ba6-9924-4c86982d890a,Does the chopping of vegetables occur before heating the pan?,No,"Yes, the chopping of vegetables occurs before heating the pan.",64,1
9198b9a4-8d8f-4ba6-9924-4c86982d890a,Is the stove turned off before removing the pan from heat?,Yes,Yes.,64,1
9198b9a4-8d8f-4ba6-9924-4c86982d890a,"In the video, is the bread placed on the pan before adding fillings?",Yes,Yes,64,1
9198b9a4-8d8f-4ba6-9924-4c86982d890a,Is the shawarma served before adding sauce?,No,Yes.,64,1
9198b9a4-8d8f-4ba6-9924-4c86982d890a,What do I do before adding the shawarma filling to the bread?,Chop vegetables,"Before adding the shawarma filling to the bread, you should first prepare the filling by mixing the ingredients in a bowl.",64,1
9198b9a4-8d8f-4ba6-9924-4c86982d890a,What is done before turning off the stove?,Cook shawarma,"Before turning off the stove, the person places the bowl of chopped tomatoes on the counter, picks up a bowl of chopped green onions, and places the bowl of chopped green onions on the counter.",64,1
9198b9a4-8d8f-4ba6-9924-4c86982d890a,What is the immediate step before serving the shawarma?,Add sauce,The immediate step before serving the shawarma is placing the shawarma wraps on the stove.,64,1
9198b9a4-8d8f-4ba6-9924-4c86982d890a,"In the video, is the sauce added to the flat bread before cutting the tomatoes?",No,Yes,64,1
9198b9a4-8d8f-4ba6-9924-4c86982d890a,Does the person operate the mobile phone after rolling the sauce in the flat breads?,Yes,"Yes, the person operates the mobile phone after rolling the sauce in the flat breads.",64,1
9198b9a4-8d8f-4ba6-9924-4c86982d890a,Is the shawarma prepared before the tomatoes are cut with a knife?,Yes,Yes.,64,1
9198b9a4-8d8f-4ba6-9924-4c86982d890a,"In the video, does rolling the sauce happen before the shawarma preparation?",No,"No, the rolling the sauce happens after the shawarma preparation.",64,1
9198b9a4-8d8f-4ba6-9924-4c86982d890a,Is the flat bread used before operating the mobile phone?,Yes,Yes.,64,1
9198b9a4-8d8f-4ba6-9924-4c86982d890a,What setting is portrayed in the latest clip?,A kitchen setting.,"The latest clip portrays a kitchen setting with a person opening a cabinet, revealing various kitchen items, and a sink area with a faucet.",64,1
9198b9a4-8d8f-4ba6-9924-4c86982d890a,What activity is featured in the frame?,Preparing shawarma.,"The activity featured in the frame is cooking, specifically making a dish that appears to be a wrap or a similar type of flatbread.",64,1
9198b9a4-8d8f-4ba6-9924-4c86982d890a,Is the shawarma preparation process completed in the clip?,No.,Yes.,64,1
9198b9a4-8d8f-4ba6-9924-4c86982d890a,Is there more than one person visible in the kitchen?,No.,"Yes, there is another person visible in the kitchen, holding a smartphone and taking a photo of the kitchen.",64,1
9198b9a4-8d8f-4ba6-9924-4c86982d890a,Does the clip show any cooking appliances being used?,No.,"Yes, the clip shows a stove being used for cooking, with a pot of chili and a tray of tortillas being prepared.",64,1
9198b9a4-8d8f-4ba6-9924-4c86982d890a,Is there any sign of food already cooked in the scene?,No.,"Yes, there is a pot of chili with a red sauce on the stove, and a tray of tortillas with a filling on the counter.",64,1
9198b9a4-8d8f-4ba6-9924-4c86982d890a,Is the person in the frame wearing gloves?,No.,No.,64,1
9198b9a4-8d8f-4ba6-9924-4c86982d890a,"In the video, is the meat added to the shawarma wrap before chopping the herbs?",No,"No, the meat is added to the shawarma wrap after chopping the herbs.",64,1
9198b9a4-8d8f-4ba6-9924-4c86982d890a,"In the video, is the shawarma wrap prepared before the vegetables are chopped?",Yes,"Yes, the shawarma wrap is prepared before the vegetables are chopped.",64,1
9198b9a4-8d8f-4ba6-9924-4c86982d890a,Does chopping herbs happen after the vegetables are mixed in the bowl?,No,"No, the chopping herbs happens after the vegetables are mixed in the bowl.",64,1
9198b9a4-8d8f-4ba6-9924-4c86982d890a,Is the shawarma meat cooked before the vegetables are cut?,Yes,Yes.,64,1
9198b9a4-8d8f-4ba6-9924-4c86982d890a,What happens just before the shawarma meat is added to the wrap in the video?,The vegetables are mixed in a bowl,"Just before the shawarma meat is added to the wrap, the person places the shawarma meat on the counter and then picks up a spatula to spread the meat evenly.",64,1
9198b9a4-8d8f-4ba6-9924-4c86982d890a,What action takes place before the wrap is rolled up in the video?,The meat and vegetables are added to it,"Before the wrap is rolled up, the person places the tortilla on the counter and then picks up a tortilla to roll it up.",64,1
9198b9a4-8d8f-4ba6-9924-4c86982d890a,"In the video, is the meat placed on the bread before adding vegetables?",No,"No, the meat is not placed on the bread before adding vegetables.",64,1
9198b9a4-8d8f-4ba6-9924-4c86982d890a,Is the bread toasted before spreading the meat on it?,No,Yes.,64,1
9198b9a4-8d8f-4ba6-9924-4c86982d890a,"In the clip, is the chopping of vegetables shown before the frying of meat?",Yes,"Yes, the chopping of vegetables is shown before the frying of meat.",64,1
9198b9a4-8d8f-4ba6-9924-4c86982d890a,Does the video show adding condiments after the meat is placed on the bread?,Yes,"No, the video does not show adding condiments after the meat is placed on the bread.",64,1
9198b9a4-8d8f-4ba6-9924-4c86982d890a,What occurs just before the meat is added to the bread in the video?,Vegetables are chopped,"Just before the meat is added to the bread, the person places the tortillas on the stovetop and then starts to add the meat to the tortillas.",64,1
9198b9a4-8d8f-4ba6-9924-4c86982d890a,"In the video sequence, what do we see happening before the bread is picked up?",Vegetables being sautéed,"Before the bread is picked up, we see a person placing a bowl of chopped green herbs on the counter, followed by a person holding a bowl of red tomatoes.",64,1
9198b9a4-8d8f-4ba6-9924-4c86982d890a,"Before the chopping of vegetables, what event is shown in the clip?",Preparing other ingredients,The clip shows a person chopping vegetables on a wooden cutting board.,64,1
9198b9a4-8d8f-4ba6-9924-4c86982d890a,What does the cook do before adding condiments to the shawarma?,Place meat on the bread,The cook adds a red sauce to the shawarma before adding condiments to the shawarma.,64,1
9198b9a4-8d8f-4ba6-9924-4c86982d890a,What is the setting of this scene?,A kitchen.,"The setting of this scene is a kitchen with a black and white tiled backsplash, a wooden floor, and a kitchen counter with various items on it.",64,1
9198b9a4-8d8f-4ba6-9924-4c86982d890a,What culinary activity is taking place?,Preparing shawarma.,"The culinary activity taking place is the preparation of a dish that involves rolling tortillas filled with a mixture of vegetables and meat, and then baking them in an oven.",64,1
9198b9a4-8d8f-4ba6-9924-4c86982d890a,Which type of cuisine is being worked on?,"Middle Eastern, specifically shawarma.",The cuisine being worked on is Mexican.,64,1
9198b9a4-8d8f-4ba6-9924-4c86982d890a,Are any other tasks being carried out besides cooking?,"No, just cooking.","Yes, the person is also seen handling a tray of rolled-up tortillas, possibly preparing them for cooking or serving.",64,1
9198b9a4-8d8f-4ba6-9924-4c86982d890a,Is the kitchen residential or commercial?,It appears residential.,The kitchen is residential.,64,1
9198b9a4-8d8f-4ba6-9924-4c86982d890a,Is any equipment being used in the action?,"Yes, a knife for chopping.","Yes, a stove is being used to cook the wraps.",64,1
9198b9a4-8d8f-4ba6-9924-4c86982d890a,Is the person cooking alone or with others?,The clip only shows one person cooking.,"The person is cooking with others, as indicated by the presence of another person in the kitchen.",64,1
9198b9a4-8d8f-4ba6-9924-4c86982d890a,Is there more than one person in this scene?,No.,"Yes, there is more than one person in the scene.",64,1
9198b9a4-8d8f-4ba6-9924-4c86982d890a,Has the meal been completed in this frame?,No.,"Yes, the meal has been completed in this frame, with the food items on the counter and the stove area showing the completed dish.",64,1
9198b9a4-8d8f-4ba6-9924-4c86982d890a,Is the person in the video cleaning?,No.,Yes.,64,1
9198b9a4-8d8f-4ba6-9924-4c86982d890a,Does this clip show the finished shawarma dish?,No.,"Yes, the clip shows the finished shawarma dish, with the wrap being placed on a plate and the filling being added to the wrap.",64,1
9198b9a4-8d8f-4ba6-9924-4c86982d890a,Are there any children present in this video?,No.,"No, there are no children present in the video.",64,1
9198b9a4-8d8f-4ba6-9924-4c86982d890a,"In the video, is the shawarma prepared after I washed the vegetables?",No,"Yes, the shawarma is prepared after I washed the vegetables.",64,1
9198b9a4-8d8f-4ba6-9924-4c86982d890a,"In the video, do I chop the parsley before assembling the shawarma?",Yes,"Yes, you chop the parsley before assembling the shawarma.",64,1
9198b9a4-8d8f-4ba6-9924-4c86982d890a,Does cutting tomatoes occur before the marinating of meat?,Yes,"Yes, the person is seen cutting tomatoes before the marinating of meat.",64,1
9198b9a4-8d8f-4ba6-9924-4c86982d890a,"In the clip, is the garlic crushed before the tzatziki sauce is mixed?",Yes,Yes,64,1
9198b9a4-8d8f-4ba6-9924-4c86982d890a,Is the lettuce shredded after the hummus is spread on the bread?,Yes,"No, the lettuce is not shredded after the hummus is spread on the bread.",64,1
9198b9a4-8d8f-4ba6-9924-4c86982d890a,What happens before I season the shawarma meat?,Chopping onions,"Before seasoning the shawarma meat, the person places the shawarma wraps on the counter and then places the shawarma meat into a pot of chili.",64,1
9198b9a4-8d8f-4ba6-9924-4c86982d890a,What do I do just before wrapping the shawarma?,Adding sauces,"Before wrapping the shawarma, you should prepare the filling by adding the meat mixture to the tortillas and then roll them up.",64,1
9198b9a4-8d8f-4ba6-9924-4c86982d890a,What occurs before I put the shawarma on the grill?,Skewing meat,"Before placing the shawarma on the grill, the person is seen arranging the shawarma wraps on a cutting board, preparing the filling, and adding the filling to the shawarma wraps.",64,1
9198b9a4-8d8f-4ba6-9924-4c86982d890a,"In the video, what action precedes slicing the cooked shawarma?",Removing from heat,Slicing the cooked shawarma precedes the preparation of the filling.,64,1
9198b9a4-8d8f-4ba6-9924-4c86982d890a,What task is completed before garnishing the dish with parsley?,Placing the shawarma on the plate.,"Before garnishing the dish with parsley, the task completed is rolling tortillas.",64,1
9198b9a4-8d8f-4ba6-9924-4c86982d890a,"In the kitchen, is shawarma added to the pita before chopping the herbs?",No,Yes,64,1
9198b9a4-8d8f-4ba6-9924-4c86982d890a,Are the herbs chopped before the shawarma is cooked?,Yes,"Yes, the herbs are chopped before the shawarma is cooked.",64,1
9198b9a4-8d8f-4ba6-9924-4c86982d890a,Is the pita prepared before any cooking starts?,No,"Yes, the pita is prepared by being rolled and placed on a tray on the stove.",64,1
9198b9a4-8d8f-4ba6-9924-4c86982d890a,Is the pan on the stove before chopping the herbs?,Yes,"No, the pan is not on the stove before chopping the herbs.",64,1
9198b9a4-8d8f-4ba6-9924-4c86982d890a,What happens before the pita is filled with shawarma?,Shawarma is cooked.,"Before the pita is filled with shawarma, the person places the pita on the stove and starts cooking the shawarma.",64,1
9198b9a4-8d8f-4ba6-9924-4c86982d890a,What is the action performed after placing the pan on the stove?,Cooking shawarma.,"After placing the pan on the stove, the person starts to cook the filling in the pot, which contains a mixture of ground meat and vegetables.",64,1
9198b9a4-8d8f-4ba6-9924-4c86982d890a,What is the setting shown in the video clip?,A kitchen.,"The setting shown in the video clip is a kitchen with various appliances and utensils, including a sink, cabinets, and a countertop with a cutting board and some vegetables.",64,1
9198b9a4-8d8f-4ba6-9924-4c86982d890a,Which dish is being prepared in this video?,Shawarma.,The dish being prepared in this video is tortillas filled with a mixture of vegetables and possibly meat.,64,1
9198b9a4-8d8f-4ba6-9924-4c86982d890a,Are there any decorations visible in the video scene?,"Yes, a Christmas tree.","Yes, there are Christmas decorations visible in the background of the video scene.",64,1
9198b9a4-8d8f-4ba6-9924-4c86982d890a,What appliances are present in the video scene?,A stove and fridge are visible.,"The appliances present in the video scene include a stove, a sink, a dishwasher, and a refrigerator.",64,1
9198b9a4-8d8f-4ba6-9924-4c86982d890a,Is the kitchen depicted as clean or messy?,It appears clean.,"The kitchen is described as being messy, with various items scattered around, including a cluttered countertop, a sink, and a cluttered pantry.",64,1
9198b9a4-8d8f-4ba6-9924-4c86982d890a,Is any cooking appliance being used in the frames?,The stove is being used.,"Yes, a stove is being used in the frames.",64,1
9198b9a4-8d8f-4ba6-9924-4c86982d890a,Is there any evidence of recent cooking in the video?,"Yes, a pan is on the stovetop.","Yes, there are several cooking utensils and ingredients visible on the countertops, indicating recent cooking activity.",64,1
9198b9a4-8d8f-4ba6-9924-4c86982d890a,Is food being cooked or assembled?,"Assembled, as shawarma is being prepared.",Food is being cooked or assembled.,64,1
9198b9a4-8d8f-4ba6-9924-4c86982d890a,Does the clip show any ingredient being chopped or sliced?,"No, not depicted in the clip.","Yes, the clip shows the person chopping green herbs on a cutting board.",64,1
9198b9a4-8d8f-4ba6-9924-4c86982d890a,Is there a person visible in the video clip?,No.,Yes.,64,1
9198b9a4-8d8f-4ba6-9924-4c86982d890a,Does the clip include any festive decorations?,Yes.,"Yes, the clip includes a glimpse of a Christmas tree in the background, suggesting a festive atmosphere.",64,1
9198b9a4-8d8f-4ba6-9924-4c86982d890a,Can you see any finished dish in the clip?,No.,"Yes, the person is seen holding a bowl of finished food, which appears to be a type of wrap or sandwich.",64,1
9198b9a4-8d8f-4ba6-9924-4c86982d890a,Does the clip show someone doing the dishes?,No.,"Yes, the clip shows someone washing dishes in the kitchen.",64,1
9198b9a4-8d8f-4ba6-9924-4c86982d890a,Is there any visible flame or food being cooked directly?,No.,"No, there is no visible flame or food being cooked directly in the image.",64,1
9198b9a4-8d8f-4ba6-9924-4c86982d890a,What is the setting of the latest video clip?,The setting is a kitchen.,"The latest video clip is set in a kitchen with a modern, open-concept design, featuring a kitchen counter with various items, a sink, and a refrigerator.",64,1
9198b9a4-8d8f-4ba6-9924-4c86982d890a,Describe the activity being carried out.,Cooking or food preparation is being performed.,"The activity being carried out is the preparation of a meal, specifically making a dish that involves rolling dough into a tube shape, likely for a flatbread or similar food item. The kitchen is well-equipped with various utensils and ingredients, and the person is seen handling different items such as a spatula, a knife, and a bowl. The kitchen also features a sink, cabinets, and a refrigerator, indicating a well-organized and functional cooking space.",64,1
9198b9a4-8d8f-4ba6-9924-4c86982d890a,Does the person open the refrigerator in the video?,Yes.,Yes.,64,1
9198b9a4-8d8f-4ba6-9924-4c86982d890a,"In the video, is the refrigerator opened before the cheese is retrieved?",Yes,"Yes, the refrigerator is opened before the cheese is retrieved.",64,1
9198b9a4-8d8f-4ba6-9924-4c86982d890a,Is the kitchen light turned on after I enter the room?,No,Yes.,64,1
9198b9a4-8d8f-4ba6-9924-4c86982d890a,Do I start preparing shawarma before setting the ingredients on the counter?,No,"Yes, you start preparing shawarma before setting the ingredients on the counter.",64,1
9198b9a4-8d8f-4ba6-9924-4c86982d890a,"In the video, is the tree decorated before I begin cooking?",Yes,"Yes, the tree is decorated with colorful lights before the cooking begins.",64,1
9198b9a4-8d8f-4ba6-9924-4c86982d890a,What's the setting of the video clip?,In a kitchen.,"The setting of the video clip is a kitchen with a wooden floor, a stainless steel refrigerator, and a counter with various kitchen items.",64,1
9198b9a4-8d8f-4ba6-9924-4c86982d890a,What objects are present in this scene?,"Glass cup, glass bowls, steel bowls, whipping cream, flour, eggs, whisker.","The objects present in this scene include a kitchen counter with various items such as a cutting board, a knife, a cutting board with chopped vegetables, a bowl, a bottle, a container, a spoon, a cutting board with a knife, a bottle, a container, a cutting board with a knife, a bottle, a container, a cutting board with a knife, a bottle, a container, a cutting board with a knife, a bottle, a container, a cutting board with a knife, a bottle, a container, a cutting board with a knife, a bottle, a container, a cutting board with a knife, a bottle, a container, a cutting board with a knife, a bottle, a container, a cutting board with a knife, a bottle, a container, a cutting board with a knife, a bottle, a container, a cutting board with a knife, a bottle, a container, a cutting board with a knife, a bottle, a container, a cutting board with a knife, a bottle, a container, a cutting board with a knife, a bottle, a container, a cutting board with a knife, a bottle, a container, a cutting board with a knife, a bottle, a container, a cutting board with a knife,",64,1
9198b9a4-8d8f-4ba6-9924-4c86982d890a,What is the main activity taking place?,Baking preparation.,"The main activity is the preparation of a meal, specifically making wraps and a dish that appears to be a pasta dish.",64,1
9198b9a4-8d8f-4ba6-9924-4c86982d890a,Are there any kitchen appliances visible?,"Yes, a stove and a sink.","Yes, there are various kitchen appliances visible, including a refrigerator, a sink, and a stove.",64,1
9198b9a4-8d8f-4ba6-9924-4c86982d890a,Can you identify the ingredients used?,"Heavy whipping cream, flour, and eggs.","Yes, the ingredients used include a red bell pepper, a yellow bell pepper, a bottle of olive oil, a bottle of soy sauce, a bottle of vinegar, a bottle of honey, a bottle of tomato paste, a bottle of olive oil, a bottle of vinegar, a bottle of honey, a bottle of tomato paste, a bottle of olive oil, a bottle of vinegar, a bottle of honey, a bottle of tomato paste, a bottle of olive oil, a bottle of vinegar, a bottle of honey, a bottle of tomato paste, a bottle of olive oil, a bottle of vinegar, a bottle of honey, a bottle of tomato paste, a bottle of olive oil, a bottle of vinegar, a bottle of honey, a bottle of tomato paste, a bottle of olive oil, a bottle of vinegar, a bottle of honey, a bottle of tomato paste, a bottle of olive oil, a bottle of vinegar, a bottle of honey, a bottle of tomato paste, a bottle of olive oil, a bottle of vinegar, a bottle of honey, a bottle of tomato paste, a bottle of olive oil, a bottle of vinegar, a bottle of honey, a bottle of tomato paste, a bottle of olive oil, a bottle of vinegar, a bottle of",64,1
9198b9a4-8d8f-4ba6-9924-4c86982d890a,What is being prepared in the kitchen?,A baking recipe.,"The kitchen is preparing a meal that includes tortillas, a bowl of chopped vegetables, and a bowl of shredded cheese.",64,1
9198b9a4-8d8f-4ba6-9924-4c86982d890a,What action does the person perform with the eggs?,Cracking and whipping them.,The person places the eggs into a bowl and then into a bowl of salad.,64,1
9198b9a4-8d8f-4ba6-9924-4c86982d890a,What tool is used for whipping the eggs?,A whisker.,A whisk is used for whipping the eggs.,64,1
9198b9a4-8d8f-4ba6-9924-4c86982d890a,Where are the ingredients placed after being prepared?,In glass and steel bowls.,The ingredients are placed in the refrigerator after being prepared.,64,1
9198b9a4-8d8f-4ba6-9924-4c86982d890a,How are the ingredients combined?,Poured into bowls and whipped.,"The ingredients are combined by mixing the ingredients in a bowl, then transferring them to a large metal mixing bowl.",64,1
9198b9a4-8d8f-4ba6-9924-4c86982d890a,Is there an egg crate visible in the scene?,Yes.,Yes.,64,1
9198b9a4-8d8f-4ba6-9924-4c86982d890a,Did the person crack eggs from both a slab and the fridge?,Yes.,"Yes, the person cracked eggs from both a slab and the fridge.",64,1
9198b9a4-8d8f-4ba6-9924-4c86982d890a,Were the flour and whipping cream poured into separate containers?,Yes.,"Yes, the flour and whipping cream were poured into separate containers.",64,1
9198b9a4-8d8f-4ba6-9924-4c86982d890a,Is the heavy whipping cream poured before cracking the eggs?,Yes,Yes,64,1
9198b9a4-8d8f-4ba6-9924-4c86982d890a,Is the flour added to the bowl before the eggs are cracked?,Yes,"No, the flour is added to the bowl after the eggs are cracked.",64,1
9198b9a4-8d8f-4ba6-9924-4c86982d890a,What did I do just before whipping the eggs in the video?,Crack the eggs into steel bowls,You whipped the eggs in the kitchen.,64,1
9198b9a4-8d8f-4ba6-9924-4c86982d890a,What takes place just before flour is poured into a bowl?,Pouring cream into a glass cup,"Before flour is poured into a bowl, the person is seen holding a large metal bowl and a fork, preparing to add flour to the bowl.",64,1
9198b9a4-8d8f-4ba6-9924-4c86982d890a,What do we see happening before the egg crate is put in the fridge?,Cracking eggs on the slab,"Before the egg crate is put in the fridge, we see a person placing the egg crate on the kitchen counter, and then the person opens the refrigerator to retrieve the egg crate.",64,1
9198b9a4-8d8f-4ba6-9924-4c86982d890a,What occurs just before the shawarma preparation in the video?,Taking the egg crate out of the fridge,"Just before the shawarma preparation, the person is seen placing the shawarma wraps on a cutting board, preparing to wrap them.",64,1
9198b9a4-8d8f-4ba6-9924-4c86982d890a,"In the video, is the egg cracked into the bowl before the cream is poured?",No,"No, the egg is not cracked into the bowl before the cream is poured.",64,1
9198b9a4-8d8f-4ba6-9924-4c86982d890a,Does the egg crate go back into the fridge after the eggs are cracked?,Yes,"No, the egg crate is not returned to the fridge after the eggs are cracked.",64,1
9198b9a4-8d8f-4ba6-9924-4c86982d890a,"In the video, is the flour poured into the bowl after the egg is cracked?",Yes,"No, the flour is poured into the bowl after the egg is cracked.",64,1
9198b9a4-8d8f-4ba6-9924-4c86982d890a,Does the preparation of shawarma occur before the cream is poured into the cup?,Yes,"Yes, the preparation of shawarma occurs before the cream is poured into the cup.",64,1
9198b9a4-8d8f-4ba6-9924-4c86982d890a,What happens just before the egg crate is put back in the fridge?,The eggs are cracked.,"Just before the egg crate is put back in the fridge, the person places the egg crate back inside the refrigerator.",64,1
9198b9a4-8d8f-4ba6-9924-4c86982d890a,What occurs just before the whipping of the egg?,The egg is cracked into the bowl.,"Just before the whipping of the egg, the person places the egg into a bowl and then uses a spatula to scrape the egg white from the egg white into the bowl.",64,1
9198b9a4-8d8f-4ba6-9924-4c86982d890a,"In the video, what do we see happening before the flour is poured into the bowl?",The cream is poured into a cup.,"Before the flour is poured into the bowl, we see a person holding a large metal bowl, preparing to add flour to the flour container.",64,1
9198b9a4-8d8f-4ba6-9924-4c86982d890a,What happens just before the cream is poured into the cup?,Shawarma is prepared.,"Just before the cream is poured into the cup, the person places the tortilla wraps on the counter and picks up the tortilla wrap with the yellow filling.",64,1
9198b9a4-8d8f-4ba6-9924-4c86982d890a,What is the setting of the video clip?,In a kitchen.,"The setting of the video clip is a kitchen with a wooden floor, a stainless steel refrigerator, and a sink.",64,1
9198b9a4-8d8f-4ba6-9924-4c86982d890a,What ingredients are combined in the mixture?,"Egg, cheese, baking soda, cream, sugar, vegetables.","The mixture includes a red sauce, diced tomatoes, and shredded cheese.",64,1
9198b9a4-8d8f-4ba6-9924-4c86982d890a,What utensil is used to stir the mixture?,A spatula.,A spatula is used to stir the mixture.,64,1
9198b9a4-8d8f-4ba6-9924-4c86982d890a,Where is the dough placed after removal from the fridge?,On a board on a slab in the kitchen.,The dough is placed on a cutting board in the kitchen.,64,1
9198b9a4-8d8f-4ba6-9924-4c86982d890a,What does the person do with the dough and mixture?,Stir the mixture; place dough on board.,"The person mixes the dough and the mixture in a bowl, preparing them for the next step in the cooking process.",64,1
9198b9a4-8d8f-4ba6-9924-4c86982d890a,What preparation is shown in the video clip?,Making some food involving a mixed batter.,"The video clip shows the preparation of a dish that involves rolling dough into a ball, placing it into a bowl, and then rolling it again to form a dough ball.",64,1
9198b9a4-8d8f-4ba6-9924-4c86982d890a,What sequence of actions is depicted in the clip?,"Stirring mixture, retrieving, placing dough.","The sequence of actions depicted in the clip includes opening a refrigerator, retrieving a bowl of chopped vegetables, placing the bowl on the counter, opening the refrigerator, retrieving a container of sauce, and then retrieving a container of flour.",64,1
9198b9a4-8d8f-4ba6-9924-4c86982d890a,Does the person whip cream into the mixture?,Yes.,"Yes, the person whisks cream into the mixture.",64,1
9198b9a4-8d8f-4ba6-9924-4c86982d890a,Does the person transfer the mixture to another container?,No.,"Yes, the person transfers the mixture to a small bowl.",64,1
9198b9a4-8d8f-4ba6-9924-4c86982d890a,Is the dough placed in an oven?,No.,Yes.,64,1
9198b9a4-8d8f-4ba6-9924-4c86982d890a,Does the person knead the dough in the clip?,No.,"Yes, the person kneads the dough in the clip.",64,1
9198b9a4-8d8f-4ba6-9924-4c86982d890a,Is there a moment when sugar is added to the mixture?,No (sugar was already added before).,"Yes, there is a moment when sugar is added to the mixture, as the person adds it to the bowl of vegetables.",64,1
9198b9a4-8d8f-4ba6-9924-4c86982d890a,Was the cream poured into a cup before the eggs were cracked?,Yes,"Yes, the cream was poured into a cup before the eggs were cracked.",64,1
9198b9a4-8d8f-4ba6-9924-4c86982d890a,Was the mixture stirred before the dough was brought out?,Yes,"Yes, the mixture was stirred before the dough was brought out.",64,1
9198b9a4-8d8f-4ba6-9924-4c86982d890a,Did the whipping of eggs happen after the flour was poured?,Yes,"Yes, the person in the video is seen whipping the eggs in a bowl, indicating that the flour was poured after the eggs were added.",64,1
9198b9a4-8d8f-4ba6-9924-4c86982d890a,Is sugar added to the mixture after the egg is whipped?,Yes,"Yes, sugar is added to the mixture after the egg is whipped.",64,1
9198b9a4-8d8f-4ba6-9924-4c86982d890a,What happened before the dough was placed on the board?,Stirring the mixture,"Before the dough was placed on the board, it was rolled out and cut into strips.",64,1
9198b9a4-8d8f-4ba6-9924-4c86982d890a,What occurs just before the eggs are whipped?,Cracking eggs into bowls,"Just before the eggs are whipped, the person places the bowl of chopped green herbs on the counter and picks up a knife to cut the eggs.",64,1
9198b9a4-8d8f-4ba6-9924-4c86982d890a,What is done just before cracking eggs from the fridge?,Pouring cream into a cup,"Just before cracking eggs from the fridge, the person places the egg shells into a bowl and then picks up a bowl of chopped green herbs.",64,1
9198b9a4-8d8f-4ba6-9924-4c86982d890a,What is done right before adding grated cheese to the mixture?,Stirring the mixture,"Right before adding grated cheese to the mixture, the person uses a spatula to scrape out the remaining cheese from the bowl into a white bowl.",64,1
9198b9a4-8d8f-4ba6-9924-4c86982d890a,"In the video, does the cheese get grated before the eggs are cracked?",No,"Yes, the cheese is grated before the eggs are cracked.",64,1
9198b9a4-8d8f-4ba6-9924-4c86982d890a,Is the heavy whipping cream poured into a cup after the flour?,Yes,"No, the heavy whipping cream is poured into a bowl after the flour.",64,1
9198b9a4-8d8f-4ba6-9924-4c86982d890a,Does the dough come out of the fridge before the eggs are whipped?,No,"Yes, the dough comes out of the fridge before the eggs are whipped.",64,1
9198b9a4-8d8f-4ba6-9924-4c86982d890a,"In the video, is the sugar added to the mixture before the vegetables?",Yes,"No, the sugar is added to the mixture after the vegetables are added.",64,1
9198b9a4-8d8f-4ba6-9924-4c86982d890a,Does the mixture get stirred before the eggs are cracked?,No,"Yes, the mixture is stirred before the eggs are cracked.",64,1
9198b9a4-8d8f-4ba6-9924-4c86982d890a,What happens just before the dough is placed on the board?,The mixture is stirred,"Just before the dough is placed on the board, the person uses a spatula to scrape the remaining filling from the bowl into the plate.",64,1
9198b9a4-8d8f-4ba6-9924-4c86982d890a,"In the video sequence, what action is taken before pouring flour into a glass bowl?",Preparing shawarma,"Before pouring flour into a glass bowl, the person places a glass bowl on the kitchen counter.",64,1
9198b9a4-8d8f-4ba6-9924-4c86982d890a,What occurs just before grating the cheese?,Stirring the mixture,"Just before grating the cheese, the person picks up a bowl of shredded cheese and begins to grate it into a bowl.",64,1
9198b9a4-8d8f-4ba6-9924-4c86982d890a,"In the video, what happens right before whipping the egg?",Cracking the eggs,"Right before whipping the egg, the person places the egg into a bowl and then uses a spatula to mix the egg whites and yolks together.",64,1
9198b9a4-8d8f-4ba6-9924-4c86982d890a,What do we see happening before the heavy whipping cream is poured?,Preparing shawarma,"Before the heavy whipping cream is poured, we see a person holding a large metal bowl, preparing to pour it into a sink.",64,1
9198b9a4-8d8f-4ba6-9924-4c86982d890a,What is the setting of the video clip?,The setting is a kitchen.,"The setting of the video clip is a kitchen with a wooden floor, a stainless steel refrigerator, and a kitchen counter.",64,1
9198b9a4-8d8f-4ba6-9924-4c86982d890a,What ingredients are being used?,Dough and mixtures in bowls.,"The ingredients being used include a mixture of vegetables, a red sauce, and a yellow substance, possibly cheese or a similar ingredient.",64,1
9198b9a4-8d8f-4ba6-9924-4c86982d890a,What equipment is being utilized?,Rolling pin and spatulas.,"A refrigerator, a sink, and a stove are being utilized.",64,1
9198b9a4-8d8f-4ba6-9924-4c86982d890a,What is the main activity occurring?,Preparing dough and mixtures for baking.,"The main activity is the preparation of a meal, specifically making wraps and a salad.",64,1
9198b9a4-8d8f-4ba6-9924-4c86982d890a,What task is being performed with the dough?,Rolling the dough with a rolling pin.,"The task being performed with the dough is preparing it for cooking, specifically rolling it into a tortilla.",64,1
9198b9a4-8d8f-4ba6-9924-4c86982d890a,What is being done to the mixtures?,The mixtures are being stirred in steel bowls.,"The mixtures are being prepared for the tacos, with the person adding the tortilla wraps to the pot of chili and the person mixing the tortilla wraps with the salsa.",64,1
9198b9a4-8d8f-4ba6-9924-4c86982d890a,Is the dough being prepared for baking?,Yes.,Yes.,64,1
9198b9a4-8d8f-4ba6-9924-4c86982d890a,Is only one type of spatula being used?,"No, two different spatulas are being used.","No, multiple types of spatulas are being used.",64,1
9198b9a4-8d8f-4ba6-9924-4c86982d890a,Did the same person handle all tasks shown in the summary?,Yes.,"Yes, the same person was seen handling all tasks, including opening the refrigerator, opening the oven, and retrieving the bag of flour.",64,1
9198b9a4-8d8f-4ba6-9924-4c86982d890a,Is anything being cooked in the clip?,"No, only preparation steps are shown.","Yes, a dish containing a mixture of vegetables and meat is being cooked in the clip.",64,1
9198b9a4-8d8f-4ba6-9924-4c86982d890a,Is the dough placed on the board before the mixture is stirred?,No,Yes.,64,1
9198b9a4-8d8f-4ba6-9924-4c86982d890a,Is the doe taken out of the fridge before the rolling pin is used?,Yes,Yes.,64,1
9198b9a4-8d8f-4ba6-9924-4c86982d890a,What do we see happening before the spatula stirs the mixture in the steel bowls?,The rolling pin rolls on the dough,"Before the spatula stirs the mixture in the steel bowls, we see a person holding a large metal bowl filled with a mixture of vegetables, including tomatoes, onions, and bell peppers.",64,1
9198b9a4-8d8f-4ba6-9924-4c86982d890a,Did I pour heavy whipping cream before cracking eggs?,Yes,"Yes, you poured heavy whipping cream before cracking eggs.",64,1
9198b9a4-8d8f-4ba6-9924-4c86982d890a,Is the dough rolled before stirring mixtures in bowls?,Yes,Yes.,64,1
9198b9a4-8d8f-4ba6-9924-4c86982d890a,Do I place the dough on the board after pouring flour?,Yes,"No, you should place the dough on the board after pouring flour.",64,1
9198b9a4-8d8f-4ba6-9924-4c86982d890a,What happens just before I place the dough on the board?,I bring out the dough from the fridge.,"Just before placing the dough on the board, the person picks up a red container and a knife, and then places the knife into the dough.",64,1
9198b9a4-8d8f-4ba6-9924-4c86982d890a,What is the setting of the video clip?,A kitchen with a board and cooking items.,"The setting of the video clip is a kitchen with a wooden floor, a stainless steel refrigerator, and a kitchen counter.",64,1
9198b9a4-8d8f-4ba6-9924-4c86982d890a,What object is primarily shown in the scene?,A doe laid out on a mat on a kitchen board.,"The primary object shown in the scene is a kitchen counter with various items, including a cutting board, a knife, a cutting board with chopped vegetables, and a bowl of chopped green herbs.",64,1
9198b9a4-8d8f-4ba6-9924-4c86982d890a,Which item is used in the scene?,A knife to trim edges of the doe.,A red plastic container is used in the scene.,64,1
9198b9a4-8d8f-4ba6-9924-4c86982d890a,What stage of the process is shown?,Trimming and folding the prepared doe.,"The video shows the preparation of tortillas, with the person adding ingredients to the tortillas and the kitchen being prepared for cooking.",64,1
9198b9a4-8d8f-4ba6-9924-4c86982d890a,Can you describe the main task at hand?,Trimming rough edges of the doe.,"The main task at hand is preparing a meal, specifically making a dish that involves rolling out dough and then filling it with vegetables.",64,1
9198b9a4-8d8f-4ba6-9924-4c86982d890a,What preparation step is shown in the clip?,Folding the trimmed doe together.,The preparation step shown in the clip is making tortillas.,64,1
9198b9a4-8d8f-4ba6-9924-4c86982d890a,Did the person use a knife in the video?,Yes.,"Yes, the person used a knife to cut the vegetables and to scrape the contents of the blender.",64,1
9198b9a4-8d8f-4ba6-9924-4c86982d890a,Is there any folding action happening?,Yes.,Yes.,64,1
9198b9a4-8d8f-4ba6-9924-4c86982d890a,Did the person complete the trimming action?,Yes.,"Yes, the person completed the trimming action by removing the green leafy vegetable from the lettuce.",64,1
9198b9a4-8d8f-4ba6-9924-4c86982d890a,Is the dough folded before trimming the rough edges?,No,Yes.,64,1
9198b9a4-8d8f-4ba6-9924-4c86982d890a,Does stirring in the steel bowls happen after folding the dough?,No,"Yes, the person stirs the steel bowls with a spatula after folding the dough.",64,1
9198b9a4-8d8f-4ba6-9924-4c86982d890a,What occurs just before folding the dough?,Trimming the rough edges with a knife,"Just before folding the dough, the person places a tortilla on a cutting board and picks up a bowl of chopped vegetables.",64,1
9198b9a4-8d8f-4ba6-9924-4c86982d890a,What happens before stirring mixtures in steel bowls?,Rolling the pin on the dough,"Before stirring mixtures in steel bowls, the person places the tortillas on the counter and then adds the tortillas to the steel bowls.",64,1
9198b9a4-8d8f-4ba6-9924-4c86982d890a,Does rolling the dough with a rolling pin happen before trimming its edges?,Yes,"Yes, the rolling pin is used to trim the edges of the dough before it is rolled into a cylindrical shape.",64,1
9198b9a4-8d8f-4ba6-9924-4c86982d890a,Is the trimmed dough folded before stirring the mixture?,No,Yes.,64,1
9198b9a4-8d8f-4ba6-9924-4c86982d890a,Do I take out the dough from the fridge before preparing mixtures?,Yes,"Yes, you take out the dough from the fridge before preparing mixtures.",64,1
9198b9a4-8d8f-4ba6-9924-4c86982d890a,What occurs before folding the trimmed dough?,Trimming the rough edges with a knife,"Before folding the trimmed dough, the person places the rolled-up dough on a cutting board and then places the rolled-up dough on a plate.",64,1
9198b9a4-8d8f-4ba6-9924-4c86982d890a,What is the first thing I do with the dough after taking it out from the fridge?,Placing it on a board,"After taking the dough out from the fridge, you first place it on a cutting board.",64,1
0fa75cb3-c4a0-4232-bdc4-15116ed39d88,What is the setting of the video clip?,It is in an outdoor field.,"The setting of the video clip is an outdoor area with a large, empty space featuring a curved stone wall, a body of water, and a person standing near the water's edge.",64,1
0fa75cb3-c4a0-4232-bdc4-15116ed39d88,Is the scene occurring in an urban or rural environment?,Rural environment.,"The scene is occurring in a rural environment, as indicated by the presence of palm trees and a low-lying building in the background.",64,1
0fa75cb3-c4a0-4232-bdc4-15116ed39d88,What time of day does the scene appear to be set in?,It appears to be set in the evening.,"The scene appears to be set during sunset, as indicated by the low position of the sun near the horizon.",64,1
0fa75cb3-c4a0-4232-bdc4-15116ed39d88,How is the subject navigating the outdoor space?,The subject is walking on the field and then heads home.,"The subject is walking along the edge of the water, moving towards the right side of the frame.",64,1
0fa75cb3-c4a0-4232-bdc4-15116ed39d88,Can you provide an overview of the action in this clip?,"Subject walks outdoors, across a field, and returns home.","The clip begins with a view of an empty, arched doorway leading to a serene courtyard with a body of water and a distant shoreline. A person wearing a yellow shirt and dark pants walks towards the camera, and the person is later seen standing on the edge of the courtyard, looking out towards the water. The scene transitions to a person standing on the edge of the same courtyard, looking out towards the water. The person then walks towards the camera, and the video concludes with the person walking away from the camera towards the water.",64,1
0fa75cb3-c4a0-4232-bdc4-15116ed39d88,Does the video show the subject entering a building?,No.,"Yes, the video shows the subject entering a building, as indicated by the person entering the frame from the right side.",64,1
0fa75cb3-c4a0-4232-bdc4-15116ed39d88,Is the subject interacting with other people in the video?,No.,"No, the subject is not interacting with other people in the video.",64,1
0fa75cb3-c4a0-4232-bdc4-15116ed39d88,Does the video capture the subject engaging in a sport?,No.,"No, the video does not capture the subject engaging in a sport.",64,1
0fa75cb3-c4a0-4232-bdc4-15116ed39d88,Is the subject seen leaving the field in the video?,Yes.,Yes.,64,1
0fa75cb3-c4a0-4232-bdc4-15116ed39d88,Does the video show the subject at home?,"No, just heading home.",No.,64,1
0fa75cb3-c4a0-4232-bdc4-15116ed39d88,What is the location of the video clip?,The video clip is in a field with a walkway.,"The location of the video clip is a serene outdoor setting with a large body of water, a paved walkway, and a person standing near the water's edge.",64,1
0fa75cb3-c4a0-4232-bdc4-15116ed39d88,What activity is shown in the video?,Walking on a walkway and looking around.,"The video shows a person standing on the beach, looking out towards the sea, with a person in a yellow shirt walking along the beach.",64,1
0fa75cb3-c4a0-4232-bdc4-15116ed39d88,What time of day does the video depict?,The video depicts evening or dusk.,"The video depicts either sunrise or sunset, as indicated by the low position of the sun near the horizon.",64,1
0fa75cb3-c4a0-4232-bdc4-15116ed39d88,What natural features can be seen in the video?,There is a body of water visible.,"The video shows a large body of water, a sandy beach, a rocky shore, and a distant shoreline with palm trees.",64,1
0fa75cb3-c4a0-4232-bdc4-15116ed39d88,Does the person stop to observe a specific scene?,Yes.,"Yes, the person stops to look at a sign on the sidewalk, which indicates a speed limit of 60 km/h.",64,1
0fa75cb3-c4a0-4232-bdc4-15116ed39d88,"In the video, did I look at the scenes before walking on the field?",No,"Yes, you looked at the scenes before walking on the field.",64,1
0fa75cb3-c4a0-4232-bdc4-15116ed39d88,"In the video, was I indoors before going to the field?",No,"No, I was outdoors before going to the field.",64,1
0fa75cb3-c4a0-4232-bdc4-15116ed39d88,What happened before I walked on the walkway in the video?,I was in the field,"Before I walked on the walkway, I was seen standing near the water's edge, looking out at the sea, and later, a person wearing a yellow shirt and black pants was seen walking on the walkway.",64,1
0fa75cb3-c4a0-4232-bdc4-15116ed39d88,What is depicted in the current frame?,It shows a sidewalk lined with palm trees and buildings.,"The current frame shows a person standing on a stone pathway, looking out towards a body of water with a distant shoreline and a bridge in the background.",64,1
0fa75cb3-c4a0-4232-bdc4-15116ed39d88,What activity is taking place in these frames?,Walking along a residential sidewalk.,"A person is standing on the beach, looking out towards the sea, and a person is walking along the beach.",64,1
0fa75cb3-c4a0-4232-bdc4-15116ed39d88,Does this video show a busy city street?,No.,No.,64,1
0fa75cb3-c4a0-4232-bdc4-15116ed39d88,Does the clip capture any interaction with people?,No.,"Yes, the clip captures a person standing on the beach, looking out towards the sea, and a person walking on the beach.",64,1
0fa75cb3-c4a0-4232-bdc4-15116ed39d88,Is the person entering a building in this scene?,No.,Yes.,64,1
0fa75cb3-c4a0-4232-bdc4-15116ed39d88,Was I in the field after walking on the walkway?,No.,"Yes, you were in the field after walking on the walkway.",64,1
0fa75cb3-c4a0-4232-bdc4-15116ed39d88,Did I go home before looking at the scenes?,No.,"Yes, you went home before looking at the scenes.",64,1
0fa75cb3-c4a0-4232-bdc4-15116ed39d88,What occurs just before I look at the scenes?,I walk on the walkway.,"Just before I look at the scenes, a person wearing a yellow shirt and black pants walks along the edge of the beach, looking out towards the sea.",64,1
0fa75cb3-c4a0-4232-bdc4-15116ed39d88,What do I do before walking on the walkway?,I am in the field.,"Before walking on the walkway, you should look at the person in the yellow shirt and the person in the orange shirt.",64,1
0fa75cb3-c4a0-4232-bdc4-15116ed39d88,Did I walk on the field before looking at the scenes?,Yes,"Yes, you walked on the field before looking at the scenes.",64,1
0fa75cb3-c4a0-4232-bdc4-15116ed39d88,Is the walk on the walkway shown before going home in the video?,Yes,Yes.,64,1
0fa75cb3-c4a0-4232-bdc4-15116ed39d88,"In the video, do we see walking through the walkways before walking on the field?",No,"Yes, we see walking through the walkways before walking on the field.",64,1
0fa75cb3-c4a0-4232-bdc4-15116ed39d88,Do I walk along the water before walking under the trees as shown in the clip?,Yes,"Yes, you walk along the water before walking under the trees.",64,1
0fa75cb3-c4a0-4232-bdc4-15116ed39d88,"In the video sequence, what occurs before walking on the field?",Being outdoors,"Before walking on the field, a person wearing a yellow shirt and black pants walks towards the camera, then turns around and walks away from the camera.",64,1
0fa75cb3-c4a0-4232-bdc4-15116ed39d88,What event takes place before walking under the trees in the clip?,Walking along the water,"A person is seen walking under the trees, possibly enjoying the view or taking a break.",64,1
0fa75cb3-c4a0-4232-bdc4-15116ed39d88,What is the setting of the scenario seen in the video?,A residential area with palm trees and walkways.,"The setting of the scenario is a serene and empty courtyard with a large body of water, a paved pathway, and a person standing on the edge of the water.",64,1
0fa75cb3-c4a0-4232-bdc4-15116ed39d88,What can be seen in the background of the video frame?,"Houses, streetlights, and a clear sky.","In the background, there is a body of water, a bridge, and a row of buildings.",64,1
0fa75cb3-c4a0-4232-bdc4-15116ed39d88,What are the dominant features of the environment in this clip?,"Landscaped pathways, streetlamps, and tropical foliage.","The dominant features of the environment in this clip include a large, empty courtyard with a curved archway, a body of water, a paved pathway, a person standing near the water, and a person walking on the pathway.",64,1
0fa75cb3-c4a0-4232-bdc4-15116ed39d88,Can you characterize the location shown in the video?,A well-maintained suburban neighborhood.,"The location shown in the video is a serene and expansive outdoor area with a large body of water, a sandy beach, and a paved pathway leading to a distant cityscape.",64,1
0fa75cb3-c4a0-4232-bdc4-15116ed39d88,What action is being undertaken in the new frames?,Walking along a residential street.,"In the new frames, a person is seen walking along the edge of the beach, and a person is standing on the beach, possibly observing the view.",64,1
0fa75cb3-c4a0-4232-bdc4-15116ed39d88,Is there any sign of wildlife in the frames provided?,No.,"No, there are no signs of wildlife in the frames provided.",64,1
0fa75cb3-c4a0-4232-bdc4-15116ed39d88,Did the person in the video use any transportation other than walking?,No.,"No, the person in the video did not use any transportation other than walking.",64,1
0fa75cb3-c4a0-4232-bdc4-15116ed39d88,Does the footage include any sporting activities?,No.,"No, the footage does not include any sporting activities.",64,1
0fa75cb3-c4a0-4232-bdc4-15116ed39d88,"Is the person in the video engaging with the environment, like sitting or touching?",No.,The person in the video is not engaging with the environment; they are standing and looking at the camera.,64,1
0fa75cb3-c4a0-4232-bdc4-15116ed39d88,Did I tour the park before walking on the walkways?,Yes,"Yes, you can see a person walking on the walkways before you.",64,1
0fa75cb3-c4a0-4232-bdc4-15116ed39d88,What do I do before touring the park?,"Nothing, it is the first activity","Before touring the park, you should first walk along the pathway and observe the surroundings.",64,1
0fa75cb3-c4a0-4232-bdc4-15116ed39d88,Did I walk through the park before going home?,Yes,"Yes, you walked through the park before going home.",64,1
0fa75cb3-c4a0-4232-bdc4-15116ed39d88,What environment is depicted in this video clip?,"An outdoor, paved area with street lamps.","The video depicts a serene and tranquil environment with a well-maintained garden, a calm body of water, a person standing near the water, and a person walking near the water.",64,1
0fa75cb3-c4a0-4232-bdc4-15116ed39d88,What action am I performing in this clip?,Walking on a pavement outdoors.,"I am walking towards the camera and then standing on the sidewalk, looking at the person in the yellow shirt.",64,1
0fa75cb3-c4a0-4232-bdc4-15116ed39d88,Do I interact with anyone in this video clip?,No.,"Yes, in the video clip, a person wearing a yellow shirt and black pants is seen interacting with another person, possibly a child, who is wearing a yellow shirt with a floral pattern.",64,1
0fa75cb3-c4a0-4232-bdc4-15116ed39d88,What is the setting of this video clip?,The setting is an outdoor pavement in a residential area.,"The setting of the video clip is an outdoor area with a large, empty space featuring a pathway, a pathway leading to a building, and a person standing near the pathway.",64,1
0fa75cb3-c4a0-4232-bdc4-15116ed39d88,What time of day is depicted in this frame?,It appears to be twilight or early evening.,"The time of day depicted in this frame is either sunrise or sunset, as indicated by the low position of the sun near the horizon.",64,1
0fa75cb3-c4a0-4232-bdc4-15116ed39d88,What elements indicate that this is a residential area?,The presence of housing structures and lack of commercial signs.,"The presence of palm trees, a paved pathway, and a building with a dome-like structure in the background indicate a residential area.",64,1
0fa75cb3-c4a0-4232-bdc4-15116ed39d88,What type of path is the person on in the video?,The person is on a paved walkway.,The person is on a paved path that leads to a park or a similar outdoor area.,64,1
0fa75cb3-c4a0-4232-bdc4-15116ed39d88,Does the scene suggest a leisurely or rushed pace?,The scene suggests a leisurely pace.,"The scene suggests a leisurely pace, as the person is walking along the pathway, and the person in the yellow shirt is seen walking towards the camera, indicating a relaxed pace.",64,1
0fa75cb3-c4a0-4232-bdc4-15116ed39d88,Does the person interact with any objects in the scene?,No.,"Yes, the person interacts with the camera, the person in the yellow shirt, and the person in the orange shirt.",64,1
0fa75cb3-c4a0-4232-bdc4-15116ed39d88,Is the person traveling with someone else?,No.,Yes.,64,1
0fa75cb3-c4a0-4232-bdc4-15116ed39d88,Does the video capture any animals in the scene?,No.,"No, the video does not capture any animals.",64,1
0fa75cb3-c4a0-4232-bdc4-15116ed39d88,Does the individual seem to be lost or searching for directions?,No.,"Yes, the individual appears to be lost or searching for directions, as they are walking away from the camera towards the beach.",64,1
879dd163-7588-45d1-9466-a5deabc59167,What is depicted in the scene of the video clip?,A person relaxing on a couch holding an e-reader.,"The scene depicts a person lounging on a couch in a well-lit living room, holding a tablet with text on it, and a bicycle parked nearby.",64,1
879dd163-7588-45d1-9466-a5deabc59167,What location is shown in the video clip?,Inside a house.,"The video clip shows a living room with a sofa, a dining table, chairs, and a bicycle.",64,1
879dd163-7588-45d1-9466-a5deabc59167,Describe the setting where the action takes place.,A living room with a dining area in the background.,"The setting is a cozy living room with a beige sofa, a wooden shelf, and a round table with a blue and white patterned cushion. The room features a chandelier, a dining table with chairs, and a bicycle leaning against the wall. The walls are adorned with decorative elements, and the floor is tiled.",64,1
879dd163-7588-45d1-9466-a5deabc59167,How is the environment arranged in the video clip?,"A cozy arrangement with a couch, curtain, and dining set.","The environment is arranged with a cozy living room setting, featuring a beige sofa, a wooden shelf, a dining table with chairs, and a round table with a plant and a blue bag. The room is dimly lit, creating a calm and relaxed atmosphere.",64,1
879dd163-7588-45d1-9466-a5deabc59167,What is the subject doing in the video?,Resting and perhaps beginning to read an e-book.,"The subject is engrossed in reading a book or tablet, holding it in their hands while seated on a couch.",64,1
879dd163-7588-45d1-9466-a5deabc59167,Can you provide an overview of the action in this clip?,Leisurely activities involving electronic devices at home.,"The video begins with a person lying on a couch, holding a tablet with text on it, and then sits up, reading the tablet's content. The scene transitions to the person sitting on the couch, still holding the tablet, and then standing up, holding the tablet in their right hand. The video wraps up with the person standing up, holding the tablet in their right hand, and then walking towards the camera, with the couch and the room's background remaining visible.",64,1
879dd163-7588-45d1-9466-a5deabc59167,Does the video capture the person sitting on the couch?,Yes.,"Yes, the video captures the person sitting on the couch, holding a tablet and reading a book.",64,1
879dd163-7588-45d1-9466-a5deabc59167,Is the person in the video engaged in a strenuous activity?,No.,No.,64,1
879dd163-7588-45d1-9466-a5deabc59167,What is the setting of the scene in the clip?,The setting is inside a house.,"The setting of the scene is a cozy living room with a beige sofa, a wooden shelf, a dining table with chairs, and a chandelier hanging from the ceiling.",64,1
879dd163-7588-45d1-9466-a5deabc59167,Where was the reading activity taking place?,The reading took place on a couch.,The reading activity was taking place in a cozy living room.,64,1
879dd163-7588-45d1-9466-a5deabc59167,What object is prominently featured in the scene?,A tablet is prominently featured.,A white tablet is prominently featured in the scene.,64,1
879dd163-7588-45d1-9466-a5deabc59167,What is the room's appearance in the video clip?,The room appears to be a living area.,"The room has a modern design with a high ceiling, a chandelier, and a large window that allows natural light to enter. The walls are adorned with decorative elements, and the room is furnished with a dining table, chairs, and a potted plant.",64,1
879dd163-7588-45d1-9466-a5deabc59167,What activity is the subject engaged in?,The subject is engaged in reading a book.,The subject is engaged in reading a book.,64,1
879dd163-7588-45d1-9466-a5deabc59167,Describe the posture of the person in the action.,The person is sitting with legs up on the couch.,"The person is lying on their side on the couch, with their legs crossed and feet resting on the couch.",64,1
879dd163-7588-45d1-9466-a5deabc59167,Does the clip show a person reading a physical book?,No.,Yes.,64,1
879dd163-7588-45d1-9466-a5deabc59167,Is the subject standing while reading?,No.,"No, the subject is sitting on the couch while reading.",64,1
879dd163-7588-45d1-9466-a5deabc59167,Does the video capture multiple people in the room?,No.,"No, the video only captures one person in the room.",64,1
879dd163-7588-45d1-9466-a5deabc59167,Does the video show a daytime setting?,No.,No.,64,1
879dd163-7588-45d1-9466-a5deabc59167,What setting is shown in the video?,A house interior is shown in the video.,"The video shows a cozy living room setting with a beige sofa, a wooden shelf, a dining table with chairs, and a round table with a plant and a blue bag.",64,1
879dd163-7588-45d1-9466-a5deabc59167,Explain the immediate scene in the video?,The video captures a moment of domestic relaxation.,"The video begins with a person lying on a beige couch in a living room, holding a white tablet with blue text on it. The room features a wooden shelf, a table with a red and white patterned cushion, and a chair with a blue cushion. The person is dressed in blue jeans and white socks. The scene transitions to the person still lying on the couch, holding the tablet and looking at the screen. The room's background remains consistent, with the wooden shelf, table, and chair still in place. The video continues with the person still lying on the couch, holding the tablet and looking at the screen. The room's background remains unchanged, with the wooden shelf, table, and chair still in place. The video wraps up with the person still lying on the couch, holding the tablet and looking at the screen. The room's background remains consistent, with the wooden shelf, table, and chair still in place.",64,1
879dd163-7588-45d1-9466-a5deabc59167,Can you describe the motion occurring in the clip?,"There is minimal motion, mainly of holding a tablet.","The motion is consistent, with the person's legs moving slightly as they lean back and adjust their position on the couch.",64,1
879dd163-7588-45d1-9466-a5deabc59167,How would you caption the video's current activity?,Leisure time: Engrossed in digital reading.,"The caption could be 'A person lounges on a couch, engrossed in reading a book, with a white tablet in their hands.'",64,1
879dd163-7588-45d1-9466-a5deabc59167,Does the video show a person standing up?,No.,No.,64,1
879dd163-7588-45d1-9466-a5deabc59167,Is the video capturing outdoor activities?,No.,No.,64,1
879dd163-7588-45d1-9466-a5deabc59167,Does the video depict a social gathering?,No.,"No, the video does not depict a social gathering; it shows a person relaxing on a couch with a tablet displaying text.",64,1
879dd163-7588-45d1-9466-a5deabc59167,Is the individual in the video interacting with others?,No.,"No, the individual is not interacting with others in the video.",64,1
879dd163-7588-45d1-9466-a5deabc59167,Is the scene taking place in a work environment?,No.,No.,64,1
879dd163-7588-45d1-9466-a5deabc59167,What is the main activity depicted in this video scene?,Reading a book on a tablet.,"The main activity depicted in this video scene is a person relaxing on a couch, reading a book, and enjoying a quiet moment in a cozy living room.",64,1
879dd163-7588-45d1-9466-a5deabc59167,Where is this scene taking place?,Inside a house.,This scene is taking place in a cozy living room.,64,1
879dd163-7588-45d1-9466-a5deabc59167,How is the reader positioned in this scenario?,Relaxed on a couch with feet up.,"The reader is positioned on the couch with their legs crossed, holding the tablet with both hands, and appears to be deeply engrossed in reading.",64,1
879dd163-7588-45d1-9466-a5deabc59167,Can you describe the posture of the reader in this clip?,The reader is lying back with feet propped up.,The reader is lying on their side with their legs bent at the knees and feet resting on the couch cushions.,64,1
879dd163-7588-45d1-9466-a5deabc59167,What is the focal point of this particular frame?,The tablet displaying text.,"The focal point of this particular frame is the person's hands and the white tablet they are holding, which displays a page of text.",64,1
879dd163-7588-45d1-9466-a5deabc59167,What does the stillness of the frame indicate about the action?,It indicates a calm and stationary activity.,"The stillness of the frame indicates that the person is engaged in a quiet and relaxed activity, possibly reading or browsing the content on the tablet.",64,1
879dd163-7588-45d1-9466-a5deabc59167,Does the video show any social interaction?,No.,"No, the video does not show any social interaction, as the person is focused solely on the book and does not interact with others.",64,1
879dd163-7588-45d1-9466-a5deabc59167,Is the reader changing positions frequently in this clip?,No.,"Yes, the reader occasionally shifts their position slightly, indicating a relaxed and comfortable reading environment.",64,1
879dd163-7588-45d1-9466-a5deabc59167,Does the environment indicate a public or private space?,A private space.,"The environment indicates a private space, as there are no visible signs of public spaces like windows or doors.",64,1
879dd163-7588-45d1-9466-a5deabc59167,Does the reader make use of any physical book in the scene?,No.,"Yes, the reader occasionally glances at a physical book, suggesting they might be reading or referencing it.",64,1
879dd163-7588-45d1-9466-a5deabc59167,Is there any indication of the reader being disturbed or interrupted?,No.,"Yes, the reader occasionally looks up from the tablet, indicating they might be reading or interacting with something outside the frame.",64,1
879dd163-7588-45d1-9466-a5deabc59167,What does the video show in the indoor setting?,Someone sitting on a couch using a tablet.,"The video shows a person lying on a couch, holding a white tablet with text on it, and a person sitting on the couch, also holding a tablet with text on it. The indoor setting includes a dining table with chairs, a lamp, and a decorative wall hanging.",64,1
879dd163-7588-45d1-9466-a5deabc59167,Where is the person located in the video?,The person is on the couch inside a house.,The person is located in a living room.,64,1
879dd163-7588-45d1-9466-a5deabc59167,How is the person positioned in this section of the video?,They are sitting with legs on the couch.,"The person is lying on the couch with their legs crossed, holding the tablet with both hands.",64,1
879dd163-7588-45d1-9466-a5deabc59167,What is the person doing with their legs in the video?,They are moving their legs on the couch.,The person is lying on the couch with their legs crossed and one foot resting on the couch.,64,1
879dd163-7588-45d1-9466-a5deabc59167,How is the tablet being utilized in the video?,The tablet is being held and read from.,"The tablet is being used to read a book, as the person is holding it in their hands and flipping through the pages.",64,1
879dd163-7588-45d1-9466-a5deabc59167,Is the individual in the video eating?,No.,"No, the individual is not eating; they are focused on the book.",64,1
879dd163-7588-45d1-9466-a5deabc59167,Does the video show the person lying down on the couch?,No.,Yes.,64,1
879dd163-7588-45d1-9466-a5deabc59167,Is there a pet visible in the video clip?,No.,Yes.,64,1
879dd163-7588-45d1-9466-a5deabc59167,Does the video depict any outdoor scenes?,No.,"No, the video does not depict any outdoor scenes.",64,1
879dd163-7588-45d1-9466-a5deabc59167,Is the person in the video talking on the phone?,No.,No.,64,1
879dd163-7588-45d1-9466-a5deabc59167,Did I sit on the couch before reading the book on the tablet?,Yes,"Yes, you sat on the couch before reading the book on the tablet.",64,1
879dd163-7588-45d1-9466-a5deabc59167,Did I move my legs on the couch before using the tablet?,Yes,"Yes, you moved your legs on the couch before using the tablet.",64,1
879dd163-7588-45d1-9466-a5deabc59167,Was I in the house before I sat on the couch?,Yes,"Yes, you were in the house before you sat on the couch.",64,1
879dd163-7588-45d1-9466-a5deabc59167,Did I use the tablet before moving my legs on the couch?,No,"Yes, you used the tablet before moving your legs on the couch.",64,1
879dd163-7588-45d1-9466-a5deabc59167,Was the tablet in my hands before I sat on the couch?,No,"Yes, the tablet was in my hands before I sat on the couch.",64,1
879dd163-7588-45d1-9466-a5deabc59167,What happens just before I read the book on the tablet?,Sitting on the couch.,"Just before I read the book on the tablet, the person places the tablet on the couch and adjusts their position.",64,1
879dd163-7588-45d1-9466-a5deabc59167,What setting is depicted in the provided video clip?,A person sitting on a couch in a house.,"The setting depicted in the video clip is a cozy living room with a beige sofa, a wooden shelf, and a dining table with chairs.",64,1
879dd163-7588-45d1-9466-a5deabc59167,What furnishings are visible in the video?,"A couch, chair, and a dining area in the background.","The furnishings visible in the video include a beige sofa, a wooden shelf, a table with a green tablecloth, a chair with a patterned cushion, a dining table with a blue tablecloth, a chair with a white cushion, a table with a white tablecloth, a chair with a patterned cushion, a table with a green tablecloth, a chair with a white cushion, a table with a white tablecloth, a chair with a patterned cushion, a table with a green tablecloth, a chair with a white cushion, a table with a white tablecloth, a chair with a patterned cushion, a table with a green tablecloth, a chair with a white cushion, a table with a white tablecloth, a chair with a patterned cushion, a table with a green tablecloth, a chair with a white cushion, a table with a white tablecloth, a chair with a patterned cushion, a table with a green tablecloth, a chair with a white cushion, a table with a white tablecloth, a chair with a patterned cushion, a table with a green tablecloth, a chair with a white cushion, a table with a white tablecloth, a chair with a patterned cushion, a table with a green tablecloth",64,1
879dd163-7588-45d1-9466-a5deabc59167,Describe the atmosphere of the room shown in the video?,The room appears to be tidy and comfortably lit.,"The room has a cozy and inviting atmosphere, with a comfortable couch, a wooden shelf, and a table with a lamp and a plant. The walls are adorned with decorative items, and the overall ambiance is warm and inviting.",64,1
879dd163-7588-45d1-9466-a5deabc59167,Describe the posture of the individual in the video?,They are seated with their legs up on the couch.,The individual is lying on their side on the couch with their legs bent and feet resting on the armrest.,64,1
879dd163-7588-45d1-9466-a5deabc59167,Can you summarize the person's behavior in the video?,They are relaxing and using an electronic device.,"The person is lying on a couch, holding a white tablet with blue text, and appears to be reading or looking at the screen.",64,1
879dd163-7588-45d1-9466-a5deabc59167,Is there any noticeable movement or gesture in the video?,The person raised their hands at some point.,"Yes, there is a noticeable movement or gesture in the video, as the person's hand moves towards the camera, indicating they are interacting with the device.",64,1
879dd163-7588-45d1-9466-a5deabc59167,Did the person in the video adjust their position on the couch?,Not shown in the given frame.,"Yes, the person adjusted their position on the couch by shifting their legs and arms.",64,1
879dd163-7588-45d1-9466-a5deabc59167,Is the individual in the video communicating with someone else?,"No, not visibly.","Yes, the individual is seen holding a tablet with text on it, suggesting they might be communicating with someone else.",64,1
879dd163-7588-45d1-9466-a5deabc59167,Does the video indicate that the person is multitasking?,"No, they appear focused on the tablet.","Yes, the video shows the person interacting with the tablet, suggesting they are multitasking.",64,1
879dd163-7588-45d1-9466-a5deabc59167,Is the person standing up at any point in the video?,"No, they are seated throughout.",No.,64,1
879dd163-7588-45d1-9466-a5deabc59167,Did I move my legs on the couch before using the tablet?,Yes,"Yes, you moved your legs on the couch before using the tablet.",64,1
879dd163-7588-45d1-9466-a5deabc59167,Did I raise my hands before sitting on the couch?,No,"Yes, you raised your hands before sitting on the couch.",64,1
879dd163-7588-45d1-9466-a5deabc59167,Was I sitting on the couch before raising my hands?,Yes,"Yes, you were sitting on the couch before raising your hands.",64,1
879dd163-7588-45d1-9466-a5deabc59167,Did I use the tablet after sitting on the couch?,Yes,"Yes, the person used the tablet after sitting on the couch.",64,1
879dd163-7588-45d1-9466-a5deabc59167,What did I do just before using the tablet in the house?,Sat on the couch,You sat on the couch and read a book.,64,1
879dd163-7588-45d1-9466-a5deabc59167,What did I do just before raising my hands?,Used the tablet,You raised your hands to pick up the tablet.,64,1
879dd163-7588-45d1-9466-a5deabc59167,Is the tablet used after sitting on the couch as shown in the clip?,Yes,"Yes, the tablet is used after sitting on the couch, as the person is seen holding it up to their face, possibly reading or interacting with it.",64,1
879dd163-7588-45d1-9466-a5deabc59167,"In the video, is the tablet picked up before legs are placed on the couch?",Yes,Yes,64,1
879dd163-7588-45d1-9466-a5deabc59167,Does sitting on the couch happen after raising hands in the sequence?,No,"Yes, the person raises their hands to sit on the couch.",64,1
879dd163-7588-45d1-9466-a5deabc59167,What is the setting of the video clip?,The setting is inside a house.,"The setting of the video clip is a cozy living room with a beige sofa, a wooden shelf, and a dining table with chairs.",64,1
879dd163-7588-45d1-9466-a5deabc59167,Where is the person situated in this scene?,The person is sitting on the couch.,The person is situated on a beige couch in a living room.,64,1
879dd163-7588-45d1-9466-a5deabc59167,What object is the person interacting with?,The person is holding and using a tablet.,The person is interacting with a white tablet.,64,1
879dd163-7588-45d1-9466-a5deabc59167,Describe the person's posture in the video.,The person is reclined with feet up on the couch.,"The person is lying on their side on the couch, with their legs crossed and feet resting on the couch.",64,1
879dd163-7588-45d1-9466-a5deabc59167,Is the person reading a book on the tablet?,Yes.,Yes.,64,1
879dd163-7588-45d1-9466-a5deabc59167,Does the scene show an interaction with digital technology?,Yes.,"Yes, the scene shows an interaction with digital technology as the person is holding a tablet with text on it, suggesting they are reading or viewing something on the screen.",64,1
879dd163-7588-45d1-9466-a5deabc59167,Is the individual standing while using the tablet?,No.,No.,64,1
879dd163-7588-45d1-9466-a5deabc59167,Has the person positioned themselves comfortably for tablet use?,Yes.,"Yes, the person has their legs crossed and is comfortably positioned on the couch.",64,1
879dd163-7588-45d1-9466-a5deabc59167,Does the video show the person watching TV?,No.,No.,64,1
879dd163-7588-45d1-9466-a5deabc59167,"In the video, did I use the tablet before sitting on the couch?",No,"Yes, the person used the tablet before sitting on the couch.",64,1
879dd163-7588-45d1-9466-a5deabc59167,Did I raise my hands before holding the tablet?,No,"Yes, you raised your hands before holding the tablet.",64,1
879dd163-7588-45d1-9466-a5deabc59167,"In the video, was I already seated on the couch before using the tablet?",Yes,"Yes, I was already seated on the couch before using the tablet.",64,1
879dd163-7588-45d1-9466-a5deabc59167,Was the tablet in my hand before I used it?,Yes,"Yes, the tablet was in my hand before I used it.",64,1
879dd163-7588-45d1-9466-a5deabc59167,What occurs just before I hold the tablet in the video?,I sit on the couch,"Just before I hold the tablet, the person adjusts their position on the couch, places their feet up on the couch, and adjusts their position slightly.",64,1
879dd163-7588-45d1-9466-a5deabc59167,What action takes place before using the tablet?,I hold the tablet,"Before using the tablet, the person adjusts their position on the couch, places the tablet on their lap, and then reaches for the remote control.",64,1
879dd163-7588-45d1-9466-a5deabc59167,"In the video, did I move my legs on the couch before using the tablet?",Yes,"Yes, I moved my legs on the couch before using the tablet.",64,1
879dd163-7588-45d1-9466-a5deabc59167,"In the video, is the tablet held before raising hands?",Yes,Yes,64,1
879dd163-7588-45d1-9466-a5deabc59167,"In the video, does sitting on the couch happen before moving legs on the couch?",Yes,"Yes, sitting on the couch happens before moving legs on the couch.",64,1
879dd163-7588-45d1-9466-a5deabc59167,What happens before I use the tablet in the video?,I sit on the couch and move my legs,"Before using the tablet, the person sits cross-legged on the couch, holding the tablet with both hands, and appears to be reading or looking at the screen.",64,1
879dd163-7588-45d1-9466-a5deabc59167,What action is performed just before raising hands in the video?,Using the tablet,"Just before raising hands, the person is seen holding the tablet with both hands, indicating they are about to start reading or interacting with the content on the tablet.",64,1
879dd163-7588-45d1-9466-a5deabc59167,What do I do right before moving my legs on the couch?,I sit on the couch,You should place your feet on the blue pillow on the couch.,64,1
879dd163-7588-45d1-9466-a5deabc59167,"In the video, what takes place prior to holding the tablet?",I sit on the couch,"Prior to holding the tablet, the person is lying on the couch with their legs crossed, wearing blue jeans and white socks.",64,1
879dd163-7588-45d1-9466-a5deabc59167,What is the depicted scenario in this video frame?,A person sitting on a couch using a tablet.,"The video frame depicts a person lying on a couch, engrossed in reading a book.",64,1
879dd163-7588-45d1-9466-a5deabc59167,Can you summarize the environment in the video clip?,The environment is a cozy living room with a person on the couch.,"The video shows a cozy living room with a beige sofa, a wooden shelf, a dining table with chairs, and a chandelier hanging from the ceiling. The room is well-lit with natural light coming from a window, and there are decorative elements like a vase and a plant on the shelf.",64,1
879dd163-7588-45d1-9466-a5deabc59167,Offer a caption for the ongoing activity in the video?,Enjoying digital content from the comfort of the couch.,"'Exploring the comfort of a cozy living room, immersing oneself in the world of words through the gentle hum of the e-reader.'",64,1
879dd163-7588-45d1-9466-a5deabc59167,Is the person in the video standing up?,No.,No.,64,1
879dd163-7588-45d1-9466-a5deabc59167,Does the video capture the individual walking around?,No.,"No, the video does not capture the individual walking around; it focuses on the person sitting on the couch and reading the e-reader.",64,1
879dd163-7588-45d1-9466-a5deabc59167,Is there a group of people in the video clip?,No.,No.,64,1
879dd163-7588-45d1-9466-a5deabc59167,Does the frame show the person cooking in the kitchen?,No.,"No, the frame does not show the person cooking in the kitchen; it only shows the person sitting on the couch with a tablet.",64,1
879dd163-7588-45d1-9466-a5deabc59167,Is the person in the video engaging in a conversation?,No.,No.,64,1
879dd163-7588-45d1-9466-a5deabc59167,Did I sit on the couch before using the tablet?,Yes.,"Yes, the person was sitting on the couch before using the tablet.",64,1
879dd163-7588-45d1-9466-a5deabc59167,Did I hold the tablet before sitting on the couch?,No.,"Yes, the person was holding the tablet before sitting on the couch.",64,1
879dd163-7588-45d1-9466-a5deabc59167,Did I sit down after picking up the tablet?,Yes.,"Yes, the person picked up the tablet and sat up, indicating they were sitting down after picking it up.",64,1
879dd163-7588-45d1-9466-a5deabc59167,"In the video, what do I do just before sitting on the couch?",There is no information on actions prior.,I adjust the pillows on the couch.,64,1
879dd163-7588-45d1-9466-a5deabc59167,"In the sequence, what happens before I use the tablet?",I hold the tablet.,"Before using the tablet, the person sits cross-legged on the couch, holding the tablet with both hands, and appears to be reading or looking at the screen.",64,1
879dd163-7588-45d1-9466-a5deabc59167,Does the action of sitting on the couch happen before using the tablet?,Yes,"No, the action of sitting on the couch happens after using the tablet.",64,1
879dd163-7588-45d1-9466-a5deabc59167,Does raising hands occur before sitting on the couch?,No,"Yes, raising hands occur before sitting on the couch.",64,1
879dd163-7588-45d1-9466-a5deabc59167,Is using the tablet done after sitting on the couch?,Yes,Yes.,64,1
879dd163-7588-45d1-9466-a5deabc59167,What happens before using the tablet?,Sitting on the couch and holding the tablet,"Before using the tablet, the person sits up on the couch, adjusts their position, and then reaches for the blue pillow.",64,1
879dd163-7588-45d1-9466-a5deabc59167,What occurs just before raising hands?,Using the tablet,"Just before raising hands, the person adjusts their position on the couch, shifting their legs and the pillow.",64,1
cbfeb6c8-ec1f-4884-bcbf-14d7764c4a36,What environment surrounds the individual in the video?,An apartment setting.,"The individual is surrounded by a wooden desk and a wooden floor, creating a calm and focused study environment.",64,1
cbfeb6c8-ec1f-4884-bcbf-14d7764c4a36,What activity is taking place in this particular setting?,Writing in a book with a pen.,"The activity taking place is studying or working on a study material, as indicated by the open notebooks and the person's focused demeanor.",64,1
cbfeb6c8-ec1f-4884-bcbf-14d7764c4a36,Was the person depicted cooking in the kitchen?,No.,"No, the person was not cooking in the kitchen; they were simply writing in the notebook.",64,1
cbfeb6c8-ec1f-4884-bcbf-14d7764c4a36,Did any outdoor activity occur in this video?,No.,"No, there were no outdoor activities observed in this video.",64,1
cbfeb6c8-ec1f-4884-bcbf-14d7764c4a36,Was the individual standing while performing the task?,No.,"No, the individual was seated while performing the task.",64,1
cbfeb6c8-ec1f-4884-bcbf-14d7764c4a36,Is there any verbal communication happening in this scene?,No.,"No, there is no verbal communication happening in this scene.",64,1
cbfeb6c8-ec1f-4884-bcbf-14d7764c4a36,Does the video show someone reading a book?,No.,No.,64,1
cbfeb6c8-ec1f-4884-bcbf-14d7764c4a36,What location is shown in the video?,A room with a table.,"The video shows a wooden desk with a person sitting at it, working on a notebook and a book.",64,1
cbfeb6c8-ec1f-4884-bcbf-14d7764c4a36,What activity is being done in the clip?,Writing in a notebook.,The activity being done in the clip is studying or working on a notebook.,64,1
cbfeb6c8-ec1f-4884-bcbf-14d7764c4a36,What object is being used to write?,A pen.,A spiral notebook is being used to write.,64,1
cbfeb6c8-ec1f-4884-bcbf-14d7764c4a36,What item is on the table besides the notebook?,Opened books.,"Besides the notebook, there is a blue pen on the table.",64,1
cbfeb6c8-ec1f-4884-bcbf-14d7764c4a36,Is the notebook on a flat surface?,"Yes, on a table.",Yes.,64,1
cbfeb6c8-ec1f-4884-bcbf-14d7764c4a36,What color is the pen being used?,Blue.,The pen being used is blue.,64,1
cbfeb6c8-ec1f-4884-bcbf-14d7764c4a36,Is the person using both hands to write?,"Yes, one to hold and one to write.",Yes,64,1
cbfeb6c8-ec1f-4884-bcbf-14d7764c4a36,Has the pen made contact with the paper?,Yes.,"No, the pen has not made contact with the paper.",64,1
cbfeb6c8-ec1f-4884-bcbf-14d7764c4a36,Is there a book on the table?,Yes.,Yes.,64,1
cbfeb6c8-ec1f-4884-bcbf-14d7764c4a36,"In the video, do I flip the book page before writing on it?",No,"No, you do not flip the book page before writing on it.",64,1
cbfeb6c8-ec1f-4884-bcbf-14d7764c4a36,"In the video, do I write with a pen after sitting at the table?",Yes,"Yes, you write with a pen after sitting at the table.",64,1
cbfeb6c8-ec1f-4884-bcbf-14d7764c4a36,Does the writing occur before closing the notebook?,Yes,"No, the writing continues as the person continues to write in the notebook.",64,1
cbfeb6c8-ec1f-4884-bcbf-14d7764c4a36,Do I start writing before opening the book?,No,"Yes, you start writing before opening the book.",64,1
cbfeb6c8-ec1f-4884-bcbf-14d7764c4a36,"Before closing the notebook, what event occurs in the video?",Writing on it,"Before closing the notebook, the person writes something on the right page, possibly a note or a reminder.",64,1
cbfeb6c8-ec1f-4884-bcbf-14d7764c4a36,What is done prior to sitting at the table in the video?,Entering the room,"Prior to sitting at the table, the person is seen writing on a notebook, which is placed on the table.",64,1
cbfeb6c8-ec1f-4884-bcbf-14d7764c4a36,What is the setting of the scene in the video clip?,In an apartment.,"The setting of the scene is a wooden desk with a person sitting at it, working on a notebook and a book.",64,1
cbfeb6c8-ec1f-4884-bcbf-14d7764c4a36,Who is present in this clip?,A woman writing and another woman interacting with her.,A person wearing a green dress and a pink blouse is present in this clip.,64,1
cbfeb6c8-ec1f-4884-bcbf-14d7764c4a36,What objects are noticeable in the video?,A book and a pen.,"The objects noticeable in the video include a notebook, a pen, a blue pen, a blue pen, a blue pen, a blue pen, a blue pen, a blue pen, a blue pen, a blue pen, a blue pen, a blue pen, a blue pen, a blue pen, a blue pen, a blue pen, a blue pen, a blue pen, a blue pen, a blue pen, a blue pen, a blue pen, a blue pen, a blue pen, a blue pen, a blue pen, a blue pen, a blue pen, a blue pen, a blue pen, a blue pen, a blue pen, a blue pen, a blue pen, a blue pen, a blue pen, a blue pen, a blue pen, a blue pen, a blue pen, a blue pen, a blue pen, a blue pen, a blue pen, a blue pen, a blue pen, a blue pen, a blue pen, a blue pen, a blue pen, a blue pen, a blue pen, a blue pen, a blue pen, a blue pen, a blue pen, a blue pen, a blue pen, a blue pen, a blue pen, a blue pen, a blue pen, a blue pen",64,1
cbfeb6c8-ec1f-4884-bcbf-14d7764c4a36,What activities are being performed?,Writing in a book and interacting.,The person is writing in a spiral notebook and using a pen to write in a larger notebook.,64,1
cbfeb6c8-ec1f-4884-bcbf-14d7764c4a36,How can we describe the movement in the clip?,Gentle and focused on writing.,"The movement in the clip is a close-up shot of a person writing in a notebook, with the person's hands moving rhythmically across the pages.",64,1
cbfeb6c8-ec1f-4884-bcbf-14d7764c4a36,Does the individual write with her right hand?,Yes.,"Yes, the individual writes with her right hand.",64,1
cbfeb6c8-ec1f-4884-bcbf-14d7764c4a36,Is there another person besides the one writing?,Yes.,"Yes, another person is partially visible on the left side of the frame, sitting at the table and observing the person writing.",64,1
cbfeb6c8-ec1f-4884-bcbf-14d7764c4a36,Is the setting a public place?,No.,No.,64,1
cbfeb6c8-ec1f-4884-bcbf-14d7764c4a36,Do we see any electronic devices being used?,No.,"No, we do not see any electronic devices being used in the image.",64,1
cbfeb6c8-ec1f-4884-bcbf-14d7764c4a36,What happens before picking up the pen in the video?,Sitting at the table,"Before picking up the pen, the person is seen holding a pen in their right hand, which is resting on the notebook.",64,1
cbfeb6c8-ec1f-4884-bcbf-14d7764c4a36,"In the video, does the interaction with woman A happen before writing in the notebook?",No,"No, the interaction with woman A does not happen before writing in the notebook. The video shows the woman writing in the notebook while the woman A is not visible in the frame.",64,1
cbfeb6c8-ec1f-4884-bcbf-14d7764c4a36,Is the book opened before picking up the pen?,Yes,Yes.,64,1
cbfeb6c8-ec1f-4884-bcbf-14d7764c4a36,What is the main activity depicted in the video clip?,Writing in a book with a pen.,"The main activity depicted in the video clip is a person studying or working on a notebook, with their hands actively writing or marking the pages.",64,1
cbfeb6c8-ec1f-4884-bcbf-14d7764c4a36,Where is the individual situated in the video clip?,In a room.,The individual is seated at a wooden desk.,64,1
cbfeb6c8-ec1f-4884-bcbf-14d7764c4a36,What object is being utilized in the video clip?,A pen.,A spiral-bound notebook is being utilized in the video clip.,64,1
cbfeb6c8-ec1f-4884-bcbf-14d7764c4a36,Does the video show someone studying?,Yes.,Yes,64,1
cbfeb6c8-ec1f-4884-bcbf-14d7764c4a36,Is the person in the video writing with their left hand?,No.,Yes.,64,1
cbfeb6c8-ec1f-4884-bcbf-14d7764c4a36,Does the video show a person writing on multiple pages?,Yes.,"Yes, the video shows a person writing on multiple pages, as indicated by the presence of multiple pages of a notebook and a spiral notebook in the background.",64,1
cbfeb6c8-ec1f-4884-bcbf-14d7764c4a36,Is pen picked up before writing on the book as shown in the clip?,Yes,"Yes, the pen is picked up before writing on the book.",64,1
cbfeb6c8-ec1f-4884-bcbf-14d7764c4a36,Does writing in the book happen after entering the apartment?,Yes,"No, writing in the book happens before entering the apartment.",64,1
cbfeb6c8-ec1f-4884-bcbf-14d7764c4a36,Is the person at the table before writing in the notebook?,Yes,Yes.,64,1
cbfeb6c8-ec1f-4884-bcbf-14d7764c4a36,Does the person use a pen after sitting at the table?,Yes,"Yes, the person uses a pen after sitting at the table.",64,1
cbfeb6c8-ec1f-4884-bcbf-14d7764c4a36,Is the person in the apartment before using the pen?,Yes,No.,64,1
cbfeb6c8-ec1f-4884-bcbf-14d7764c4a36,What happens just before writing in the notebook in the video?,Sitting at the table,"Just before writing in the notebook, the person's hands are seen adjusting their position slightly, with one hand resting on the notebook and the other on the table.",64,1
cbfeb6c8-ec1f-4884-bcbf-14d7764c4a36,"In the video sequence, what do we see occurring before sitting at the table?",Being in a room,"Before sitting at the table, we see the person writing in a spiral notebook, with their hands moving across the pages, and the notebook's pages being filled with handwritten notes.",64,1
cbfeb6c8-ec1f-4884-bcbf-14d7764c4a36,What location is shown in the video clip?,An indoor location.,The location shown in the video clip is a wooden desk.,64,1
cbfeb6c8-ec1f-4884-bcbf-14d7764c4a36,What activity is depicted in this scene?,Writing in a book.,"The scene depicts a person studying or working on a notebook, with a book or document open in front of them.",64,1
cbfeb6c8-ec1f-4884-bcbf-14d7764c4a36,Can you caption the person's activity in this clip?,Writing diligently in a notebook.,'Catching up on notes and studying for an exam',64,1
cbfeb6c8-ec1f-4884-bcbf-14d7764c4a36,Is there a pen being used for writing in the video?,Yes.,Yes.,64,1
cbfeb6c8-ec1f-4884-bcbf-14d7764c4a36,Does the clip show a person wearing a watch?,Yes.,"Yes, the clip shows a person wearing a watch.",64,1
cbfeb6c8-ec1f-4884-bcbf-14d7764c4a36,Does the video include any dialogue or conversation?,"No, it only depicts writing activity.","No, the video does not include any dialogue or conversation.",64,1
cbfeb6c8-ec1f-4884-bcbf-14d7764c4a36,"In the video, does opening the book happen before writing with a pen?",Yes,"No, opening the book happens after writing with a pen.",64,1
cbfeb6c8-ec1f-4884-bcbf-14d7764c4a36,Is the pen picked up after turning the page as shown in the clip?,No,"Yes, the pen is picked up after turning the page.",64,1
cbfeb6c8-ec1f-4884-bcbf-14d7764c4a36,What occurs just before starting to write in the book?,Opening the book,"Just before starting to write in the book, the person's hands are seen adjusting their position, possibly to ensure a comfortable writing posture.",64,1
cbfeb6c8-ec1f-4884-bcbf-14d7764c4a36,Is the writing in the book shown after being indoor in the clip?,Yes,Yes.,64,1
cbfeb6c8-ec1f-4884-bcbf-14d7764c4a36,Which room is the person located in while writing?,The person is in a room.,The person is located in a room with a wooden floor and a bookshelf filled with various items.,64,1
cbfeb6c8-ec1f-4884-bcbf-14d7764c4a36,Is the person using any tools for writing?,"Yes, the person is using a pen.","Yes, the person is using a blue pen for writing.",64,1
cbfeb6c8-ec1f-4884-bcbf-14d7764c4a36,Can you describe the setting of the action in the clip?,The action occurs in a room at a desk.,"The setting appears to be a well-lit room with wooden furniture, possibly a study or study area.",64,1
cbfeb6c8-ec1f-4884-bcbf-14d7764c4a36,What is the writing tool visible in the frame?,A pen is visible in the frame.,The writing tool visible in the frame is a blue pen.,64,1
cbfeb6c8-ec1f-4884-bcbf-14d7764c4a36,Is the person sitting at a desk in the video?,Yes.,Yes.,64,1
cbfeb6c8-ec1f-4884-bcbf-14d7764c4a36,Does the person sit down after opening the book?,Yes,"Yes, the person sits down after opening the book.",64,1
cbfeb6c8-ec1f-4884-bcbf-14d7764c4a36,Is the book closed before the person starts writing?,No,Yes.,64,1
cbfeb6c8-ec1f-4884-bcbf-14d7764c4a36,What action is taken before the person caps the pen?,The person finishes writing.,"Before the person caps the pen, they place it on the notebook.",64,1
cbfeb6c8-ec1f-4884-bcbf-14d7764c4a36,Is the pen placed in the book before writing?,No,Yes.,64,1
cbfeb6c8-ec1f-4884-bcbf-14d7764c4a36,Does the book close before the pen is picked up?,No,"Yes, the book closes before the pen is picked up.",64,1
cbfeb6c8-ec1f-4884-bcbf-14d7764c4a36,Is the cap of the pen removed after starting to write?,No,"No, the cap of the pen is still on the person's head after starting to write.",64,1
cbfeb6c8-ec1f-4884-bcbf-14d7764c4a36,Does the hand turn the page before picking up the pen?,No,"Yes, the hand turns the page before picking up the pen.",64,1
cbfeb6c8-ec1f-4884-bcbf-14d7764c4a36,Is the pen visible in the scene before writing begins?,Yes,"Yes, the pen is visible in the scene before writing begins.",64,1
cbfeb6c8-ec1f-4884-bcbf-14d7764c4a36,What do we see happening before the hand appears in the frame?,The book is open,"Before the hand appears, we see a person sitting at a wooden desk, writing in a spiral notebook with a blue pen. The desk is cluttered with various items, including a book with a colorful cover and a notebook with a yellow cover.",64,1
cbfeb6c8-ec1f-4884-bcbf-14d7764c4a36,What happens just before the pen touches the paper?,The hand moves towards the paper,"Just before the pen touches the paper, the person's hand is seen adjusting the pen, possibly to ensure it is properly positioned.",64,1
cbfeb6c8-ec1f-4884-bcbf-14d7764c4a36,"In the video sequence, what action is performed before turning the page?",Writing on the current page,"Before turning the page, the person writes on the page with a blue pen.",64,1
cbfeb6c8-ec1f-4884-bcbf-14d7764c4a36,"In the video, what is done just before the hand finished writing?",Moving the pen across the paper,"Just before the hand finished writing, the person places the pen on the notebook and picks up the spiral notebook.",64,1
cbfeb6c8-ec1f-4884-bcbf-14d7764c4a36,What does the brief of the depicted scenario show?,The scenario shows a person writing in a book in an apartment.,"The brief of the depicted scenario shows a person sitting at a desk, writing in a notebook, with a book titled 'Boroscope' and a colorful spiral notebook with a picture of a bicycle on the cover.",64,1
cbfeb6c8-ec1f-4884-bcbf-14d7764c4a36,What is the setting of this video clip?,"The setting is indoors, in a well-lit apartment.","The setting of the video clip is a wooden desk with a wooden surface, and there are books and other items in the background.",64,1
cbfeb6c8-ec1f-4884-bcbf-14d7764c4a36,Does the video capture the person stopping their writing at any point?,No.,"Yes, the video captures the person stopping their writing at the bottom of the spiral notebook, where they are holding a blue pen.",64,1
cbfeb6c8-ec1f-4884-bcbf-14d7764c4a36,Is the individual in the video using their left hand to write?,"No, they are using their right hand.",Yes.,64,1
cbfeb6c8-ec1f-4884-bcbf-14d7764c4a36,Is there another person present in the scene assisting the writer?,"No, the person is writing alone.","Yes, another person is partially visible on the left side of the frame, suggesting that there might be another person present in the scene assisting the writer.",64,1
cbfeb6c8-ec1f-4884-bcbf-14d7764c4a36,"In the video, do I write in the book before holding the pen?",No,"Yes, you write in the book before holding the pen.",64,1
cbfeb6c8-ec1f-4884-bcbf-14d7764c4a36,Is the pen in my right hand before I start writing in the book?,Yes,"Yes, the pen is in my right hand before I start writing in the book.",64,1
cbfeb6c8-ec1f-4884-bcbf-14d7764c4a36,"In the sequence, do I open the book before writing on it?",Yes,"No, you open the book after writing on it.",64,1
cbfeb6c8-ec1f-4884-bcbf-14d7764c4a36,"In the clip, do I wear a green shirt before writing in the book?",Yes,"Yes, you wear a green shirt before writing in the book.",64,1
cbfeb6c8-ec1f-4884-bcbf-14d7764c4a36,What occurs just before holding the pen in my right hand?,I am wearing a green shirt,"Just before holding the pen in your right hand, the person's left hand is resting on the table, and they are adjusting their position slightly.",64,1
cbfeb6c8-ec1f-4884-bcbf-14d7764c4a36,Is the book opened before the pen is held in the right hand?,Yes,Yes.,64,1
cbfeb6c8-ec1f-4884-bcbf-14d7764c4a36,Is the hand placed on the book after the pen is picked up?,Yes,Yes.,64,1
cbfeb6c8-ec1f-4884-bcbf-14d7764c4a36,What happens just before the pen starts writing?,The pen is held in the right hand,"Just before the pen starts writing, the person's hands are in motion, possibly adjusting the notebook or the pen.",64,1
cbfeb6c8-ec1f-4884-bcbf-14d7764c4a36,What is visible before the wrist with a bracelet appears?,The hand holding the pen,A book titled 'BOARCOCK' with a colorful cover is visible before the wrist with a bracelet appears.,64,1
cbfeb6c8-ec1f-4884-bcbf-14d7764c4a36,What do we see happening before the hand touches the book?,The book and pen are visible,"Before the hand touches the book, we see a person sitting at a wooden desk, writing on a spiral notebook with a blue pen. The desk is cluttered with multiple open notebooks, some with handwritten notes and diagrams, and a book titled 'BROOKS & LAWRICKS' with a colorful cover.",64,1
cbfeb6c8-ec1f-4884-bcbf-14d7764c4a36,What takes place before the pen is seen in the video?,The apartment and the book are seen,"Before the pen is seen, the person is seen writing on a spiral notebook, which is placed on the wooden desk.",64,1
cbfeb6c8-ec1f-4884-bcbf-14d7764c4a36,What is the setting of the video?,In an apartment.,"The setting of the video is a wooden desk with a wooden surface, and there is a book titled 'Boroscope' with a colorful cover on the right side of the desk.",64,1
cbfeb6c8-ec1f-4884-bcbf-14d7764c4a36,What activity does the video show?,Writing in a book.,"The video shows a person studying or working on a notebook, with a focus on writing and organizing information.",64,1
cbfeb6c8-ec1f-4884-bcbf-14d7764c4a36,Which hand is used for writing in the video?,The right hand.,The right hand is used for writing in the video.,64,1
cbfeb6c8-ec1f-4884-bcbf-14d7764c4a36,What type of pen is being used?,A ballpoint pen.,A blue pen is being used.,64,1
cbfeb6c8-ec1f-4884-bcbf-14d7764c4a36,What object is being used in the action?,A pen.,A blue pen is being used in the action.,64,1
cbfeb6c8-ec1f-4884-bcbf-14d7764c4a36,Is the writing action fluent or hesitant?,Fluent.,The writing action is fluent.,64,1
cbfeb6c8-ec1f-4884-bcbf-14d7764c4a36,Which direction is the pen moving?,Left to right.,The pen is moving from the right side of the notebook to the left side.,64,1
cbfeb6c8-ec1f-4884-bcbf-14d7764c4a36,Is the person sitting on a cushion?,Yes.,No.,64,1
cbfeb6c8-ec1f-4884-bcbf-14d7764c4a36,Does the video show page-turning?,No.,"Yes, the video shows page-turning, as the person is seen turning pages in the notebook.",64,1
cbfeb6c8-ec1f-4884-bcbf-14d7764c4a36,Is the person wearing any wrist accessories?,Yes.,"Yes, the person is wearing a gold bracelet on their left wrist.",64,1
cbfeb6c8-ec1f-4884-bcbf-14d7764c4a36,Did the writing happen in a different location than the apartment?,No,"No, the writing happened in the same location as the apartment, as the person is seated at the same desk and the books and notebook are placed in the same area.",64,1
cbfeb6c8-ec1f-4884-bcbf-14d7764c4a36,Did the use of right hand occur before writing in the book?,No,"Yes, the use of right hand occurred before writing in the book.",64,1
cbfeb6c8-ec1f-4884-bcbf-14d7764c4a36,Was there a pen used after the book was opened?,Yes,"Yes, after the book was opened, a blue pen was used.",64,1
cbfeb6c8-ec1f-4884-bcbf-14d7764c4a36,Did any writing in the book occur without the use of a pen?,No,"Yes, the book's pages were filled with writing, including some text and drawings, but the pen was not used.",64,1
cbfeb6c8-ec1f-4884-bcbf-14d7764c4a36,Was the book closed before writing commenced?,Yes,"No, the book was opened before writing commenced.",64,1
cbfeb6c8-ec1f-4884-bcbf-14d7764c4a36,What happened before the writing started?,The book was opened,"Before the writing started, the person was seen writing on a notebook.",64,1
cbfeb6c8-ec1f-4884-bcbf-14d7764c4a36,Does the writing in the book occur before changing the page?,Yes,"Yes, the writing in the book occurs before changing the page.",64,1
cbfeb6c8-ec1f-4884-bcbf-14d7764c4a36,Does the page turn happen before writing with the pen?,No,"No, the page turns before writing with the pen.",64,1
cbfeb6c8-ec1f-4884-bcbf-14d7764c4a36,What occurs just before changing to a new page in the video?,I finish writing,"Just before changing to a new page, the person picks up a book with colorful illustrations and a blue pen, indicating they are preparing to write or draw on the new page.",64,1
cbfeb6c8-ec1f-4884-bcbf-14d7764c4a36,What do I do before sitting down to write in the video?,I enter the room,"Before sitting down to write, the person is seen holding a notebook and a pen, with their hands resting on the table.",64,1
cbfeb6c8-ec1f-4884-bcbf-14d7764c4a36,What is the setting of the scene in the video clip?,The setting is inside a room.,"The setting of the scene is a wooden desk with a wooden surface, and there is a book titled 'Boroscope' on the desk.",64,1
cbfeb6c8-ec1f-4884-bcbf-14d7764c4a36,What objects are present in the video clip?,A book and a pen are present.,"The objects present in the video clip are a notebook, a pen, a book, and a wooden desk.",64,1
cbfeb6c8-ec1f-4884-bcbf-14d7764c4a36,Can you describe the action the person is performing?,The person is flipping through pages and writing.,The person is writing in a notebook while holding a pen in their right hand.,64,1
cbfeb6c8-ec1f-4884-bcbf-14d7764c4a36,Does the video show the person closing the book?,No.,"Yes, the video shows the person closing the book, indicating that they have completed their study session.",64,1
cbfeb6c8-ec1f-4884-bcbf-14d7764c4a36,Is the person using a pencil to write?,No.,Yes.,64,1
cbfeb6c8-ec1f-4884-bcbf-14d7764c4a36,Does the video capture the person turning off the light?,No.,"Yes, the video captures the person turning off the light.",64,1
cbfeb6c8-ec1f-4884-bcbf-14d7764c4a36,Does the video show the person taking notes from another text?,No.,"Yes, the video shows the person taking notes from another text, as indicated by the open book with text on the right side of the frame.",64,1
cbfeb6c8-ec1f-4884-bcbf-14d7764c4a36,"In the video, is the book closed before writing begins?",Yes,"No, the book is open before writing begins.",64,1
cbfeb6c8-ec1f-4884-bcbf-14d7764c4a36,Does turning the page happen after writing with the pen?,Yes,"Yes, turning the page happens after writing with the pen.",64,1
cbfeb6c8-ec1f-4884-bcbf-14d7764c4a36,"In the video, is the pen picked up before the book is opened?",No,Yes,64,1
cbfeb6c8-ec1f-4884-bcbf-14d7764c4a36,Does the writing occur before sitting down in the chair?,No,"Yes, the writing occurs before sitting down in the chair.",64,1
cbfeb6c8-ec1f-4884-bcbf-14d7764c4a36,"In the video sequence, what occurs before the person starts writing?",The book is opened,"Before the person starts writing, they are seen holding a blue pen and writing on a notebook.",64,1
cbfeb6c8-ec1f-4884-bcbf-14d7764c4a36,What action takes place before the book is closed?,The person stops writing,"Before the book is closed, the person's hands are seen adjusting the pages, possibly to make sure they are properly aligned or to read the text.",64,1
cbfeb6c8-ec1f-4884-bcbf-14d7764c4a36,"In the video, is the book closed after the writing is done?",Yes,"Yes, the book is closed after the writing is done.",64,1
cbfeb6c8-ec1f-4884-bcbf-14d7764c4a36,"In the video, is there writing on the book's cover before the person writes inside?",Yes,"Yes, there is writing on the book's cover before the person writes inside.",64,1
cbfeb6c8-ec1f-4884-bcbf-14d7764c4a36,What is done before the pen cap is removed?,The person prepares to write,"Before the pen cap is removed, the person writes on the notebook, making notes and diagrams.",64,1
cbfeb6c8-ec1f-4884-bcbf-14d7764c4a36,What activity is displayed in the provided image?,Writing in a book.,"The image displays a person engaged in studying or working on a notebook, with a book or notebook open in front of them.",64,1
cbfeb6c8-ec1f-4884-bcbf-14d7764c4a36,Describe the setting where the depicted activity takes place.,In a room.,"The activity takes place in a well-lit room with wooden furniture, including a wooden desk and a chair. The person is seated at the desk, working on a notebook and a spiral-bound book. The background features a wooden cabinet with various items on top, and the floor appears to be made of wood.",64,1
cbfeb6c8-ec1f-4884-bcbf-14d7764c4a36,What object is being used in conjunction with the book?,A pen.,A blue pen is being used in conjunction with the book.,64,1
cbfeb6c8-ec1f-4884-bcbf-14d7764c4a36,How is the person holding the pen in the frame?,With their right hand.,"The person is holding the pen with both hands, one hand on the top of the notebook and the other on the bottom, and is writing in the notebook.",64,1
cbfeb6c8-ec1f-4884-bcbf-14d7764c4a36,What part of the room is visible in the clip?,"Only the table area, specifics of the room are not visible.",The room's wooden floor and a shelf with various items are visible in the clip.,64,1
cbfeb6c8-ec1f-4884-bcbf-14d7764c4a36,Is the person writing with their left hand?,No.,"Yes, the person is writing with their left hand.",64,1
cbfeb6c8-ec1f-4884-bcbf-14d7764c4a36,Is the person writing on the last page of the book?,"No, there are more pages visible.",Yes.,64,1
cbfeb6c8-ec1f-4884-bcbf-14d7764c4a36,Can we assume the writer is in a public space?,"No, it appears to be a private space.","No, the setting appears to be a private study or study area, as indicated by the wooden desk and the presence of other items like a book and a notebook.",64,1
cbfeb6c8-ec1f-4884-bcbf-14d7764c4a36,"In the video, does turning the page happen before writing begins?",No,"No, turning the page happens after writing begins.",64,1
cbfeb6c8-ec1f-4884-bcbf-14d7764c4a36,Is the book opened after the pen is held in the hand?,Yes,Yes.,64,1
cbfeb6c8-ec1f-4884-bcbf-14d7764c4a36,"In the video, does writing in the book happen before closing the book?",Yes,"Yes, writing in the book happens before closing the book.",64,1
cbfeb6c8-ec1f-4884-bcbf-14d7764c4a36,"In the video sequence, what do we see occurring just before turning the page?",Writing on the previous page,"Just before turning the page, we see the person's hands adjusting the pages, possibly to ensure they are properly aligned or to make sure the text is clear.",64,1
cbfeb6c8-ec1f-4884-bcbf-14d7764c4a36,What action takes place immediately before the pen touches the paper?,Holding the pen above the book,"The pen touches the paper, indicating the start of writing.",64,1
cbfeb6c8-ec1f-4884-bcbf-14d7764c4a36,"In the video, what happens right before the book is opened?",Sitting down,"Before the book is opened, the person is seen holding a blue pen and writing on the page of the open book.",64,1
cbfeb6c8-ec1f-4884-bcbf-14d7764c4a36,Did I write in the book before turning the page?,Yes,"Yes, you wrote in the book before turning the page.",64,1
cbfeb6c8-ec1f-4884-bcbf-14d7764c4a36,Is the book already opened before I start writing?,Yes,"Yes, the book is already opened before I start writing.",64,1
cbfeb6c8-ec1f-4884-bcbf-14d7764c4a36,Did I place my left hand on the page before writing with the pen?,Yes,"Yes, you placed your left hand on the page before writing with the pen.",64,1
cbfeb6c8-ec1f-4884-bcbf-14d7764c4a36,What happens before I use the pen to write?,Opening the book,"Before writing, the person places the pen on the notebook and adjusts their position slightly.",64,1
cbfeb6c8-ec1f-4884-bcbf-14d7764c4a36,"Before closing the book, what action is performed?",Turning the page,"Before closing the book, the person writes on the page with a blue pen.",64,1
cbfeb6c8-ec1f-4884-bcbf-14d7764c4a36,What is the setting of this video clip?,"The setting is indoors, at a desk.",The setting of the video clip is a wooden desk with a book titled 'BIOGRAPHY' and a spiral notebook.,64,1
cbfeb6c8-ec1f-4884-bcbf-14d7764c4a36,What objects are present in this scene?,"A book, a pen, and a desk.","The objects present in this scene include a wooden desk, a notebook, a spiral-bound notebook, a pen, a book titled 'Glow,' a book titled 'Glow,' a book titled 'Glow,' a book titled 'Glow,' a book titled 'Glow,' a book titled 'Glow,' a book titled 'Glow,' a book titled 'Glow,' a book titled 'Glow,' a book titled 'Glow,' a book titled 'Glow,' a book titled 'Glow,' a book titled 'Glow,' a book titled 'Glow,' a book titled 'Glow,' a book titled 'Glow,' a book titled 'Glow,' a book titled 'Glow,' a book titled 'Glow,' a book titled 'Glow,' a book titled 'Glow,' a book titled 'Glow,' a book titled 'Glow,' a book titled 'Glow,' a book titled 'Glow,' a book titled 'Glow,' a book titled 'Glow,' a book titled 'Glow,' a book titled 'Glow,' a book titled 'Glow,' a book titled 'Glow,' a book titled 'Glow,' a book titled 'Glow,' a book titled",64,1
cbfeb6c8-ec1f-4884-bcbf-14d7764c4a36,Is the person writing with their right hand?,Yes.,Yes.,64,1
cbfeb6c8-ec1f-4884-bcbf-14d7764c4a36,Is the notebook placed on the person's lap?,No.,"No, the notebook is placed on the desk in front of the person.",64,1
cbfeb6c8-ec1f-4884-bcbf-14d7764c4a36,Does this video show any electronic devices being used?,No.,"No, the video does not show any electronic devices being used.",64,1
cbfeb6c8-ec1f-4884-bcbf-14d7764c4a36,Is the person seated while writing in the book?,Yes.,Yes.,64,1
cbfeb6c8-ec1f-4884-bcbf-14d7764c4a36,Do I sit down before beginning to write?,Yes,"Yes, you should sit down before beginning to write.",64,1
cbfeb6c8-ec1f-4884-bcbf-14d7764c4a36,What happens before the book is opened?,I sit down at the desk.,"Before the book is opened, the person is seen holding a blue pen and writing on a spiral notebook.",64,1
cbfeb6c8-ec1f-4884-bcbf-14d7764c4a36,Did I close the book before starting to write?,No,"No, you closed the book before starting to write.",64,1
cbfeb6c8-ec1f-4884-bcbf-14d7764c4a36,Was I seated while writing in the book?,Yes,"Yes, you were seated while writing in the book.",64,1
cbfeb6c8-ec1f-4884-bcbf-14d7764c4a36,Did I turn the page after finishing writing?,No,"No, you didn't turn the page after finishing writing.",64,1
cbfeb6c8-ec1f-4884-bcbf-14d7764c4a36,Was the pen put down before closing the book?,No,"Yes, the pen was put down before closing the book.",64,1
cbfeb6c8-ec1f-4884-bcbf-14d7764c4a36,Did I write on the left page before the right one?,No,"Yes, you wrote on the left page before the right one.",64,1
cbfeb6c8-ec1f-4884-bcbf-14d7764c4a36,What is the setting of the scene in this video clip?,"The setting is indoors, with a person writing in a notebook.",The setting of the scene is a wooden desk with a bookshelf in the background.,64,1
cbfeb6c8-ec1f-4884-bcbf-14d7764c4a36,What activity is being performed in the scene?,Writing on a notebook with a pen.,"The activity being performed is studying or working on a notebook, as indicated by the open notebooks and the person's focused demeanor.",64,1
cbfeb6c8-ec1f-4884-bcbf-14d7764c4a36,What can we deduce about the person's task in the video?,The person is engaged in a writing activity.,"We can deduce that the person is engaged in a study or homework session, as indicated by the open notebooks filled with handwritten notes and the presence of a book with a yellow cover in the background.",64,1
cbfeb6c8-ec1f-4884-bcbf-14d7764c4a36,Describe the motion taking place in these frames?,The movement of the hand while writing.,"The motion in the frames is the person's hand moving from the notebook to the open book, indicating a transition from writing to reading.",64,1
cbfeb6c8-ec1f-4884-bcbf-14d7764c4a36,Does the person stop writing at any point in the video?,No.,"No, the person does not stop writing at any point in the video.",64,1
cbfeb6c8-ec1f-4884-bcbf-14d7764c4a36,Is there any use of electronic devices in these frames?,No.,"No, there are no electronic devices visible in these frames.",64,1
cbfeb6c8-ec1f-4884-bcbf-14d7764c4a36,"In the video sequence, what do we see happening before writing with the pen?",Sitting at the desk,"Before writing with the pen, the person is seen holding a notebook and a pen, with the notebook open and the pen resting on the page.",64,1
cbfeb6c8-ec1f-4884-bcbf-14d7764c4a36,What occurs just before opening the notebook in the video?,Sitting at the desk,"Just before opening the notebook, the person is seen holding a pen and writing on the page, indicating they are actively engaged in writing or studying.",64,1
cbfeb6c8-ec1f-4884-bcbf-14d7764c4a36,"In the video, does using the pen happen after sitting at the desk?",Yes,"Yes, the pen is used to write on the notebook after sitting at the desk.",64,1
cbfeb6c8-ec1f-4884-bcbf-14d7764c4a36,What action precedes putting down the pen on the desk?,Writing in the book,Putting down the pen on the desk precedes writing on the notebook.,64,1
cbfeb6c8-ec1f-4884-bcbf-14d7764c4a36,What is done just before the writing starts in the video?,Picking up the pen,"Just before the writing starts, the person is seen holding a blue pen and writing on a notebook.",64,1
cbfeb6c8-ec1f-4884-bcbf-14d7764c4a36,Which action is depicted in this frame?,Writing in a book with a pen.,The action depicted in this frame is the person writing on a spiral notebook.,64,1
cbfeb6c8-ec1f-4884-bcbf-14d7764c4a36,Describe the surroundings visible in this frame.,"Indoors, likely a desk or table.",The surroundings include a wooden desk with a book titled 'Glow' and a blue pen lying on it. There are also other books and a shelf with various items in the background.,64,1
cbfeb6c8-ec1f-4884-bcbf-14d7764c4a36,Can you specify the object being used by the person?,A pen.,The person is using a blue pen to write in a spiral notebook.,64,1
cbfeb6c8-ec1f-4884-bcbf-14d7764c4a36,Did the interaction occur in an outdoor location?,No.,"No, the interaction occurred indoors, as indicated by the wooden desk and the presence of books and other items on the desk.",64,1
cbfeb6c8-ec1f-4884-bcbf-14d7764c4a36,Is the person predominantly engaged in a physical activity?,No.,"No, the person is not predominantly engaged in a physical activity; they are focused on their study.",64,1
cbfeb6c8-ec1f-4884-bcbf-14d7764c4a36,"In the video, does writing in the notebook occur before conversing with a woman?",Yes.,"Yes, writing in the notebook occurs before conversing with a woman.",64,1
cbfeb6c8-ec1f-4884-bcbf-14d7764c4a36,"In the video, does the conversation with a woman happen before being in an apartment?",No.,"No, the conversation with a woman does not happen before being in an apartment; it happens after the person is seated at the desk.",64,1
cbfeb6c8-ec1f-4884-bcbf-14d7764c4a36,Is the pen used before entering the apartment as shown in the clip?,No.,"Yes, the pen is used before entering the apartment in the clip.",64,1
cbfeb6c8-ec1f-4884-bcbf-14d7764c4a36,"In the video sequence, what do we see happening before conversing with woman X?",Being in an apartment.,"Before conversing with woman X, we see a person sitting at a wooden desk, writing on a spiral-bound notebook with a blue pen, and a book titled 'Glimpses of the World' with a colorful cover. The desk also has a book titled 'Glimpses of the World' with a blue cover, and a book titled 'Glimpses of the World' with a yellow cover.",64,1
cbfeb6c8-ec1f-4884-bcbf-14d7764c4a36,What happens right before using a pen on the book?,Being indoors.,"Right before using a pen on the book, the person picks up the pen and starts writing in the notebook.",64,1
cbfeb6c8-ec1f-4884-bcbf-14d7764c4a36,"In the video, what occurs directly before the pen is picked up?",Being indoors.,The pen is picked up from the notebook.,64,1
cbfeb6c8-ec1f-4884-bcbf-14d7764c4a36,What happens before the conversation with woman X in the video?,Writing on a book,"Before the conversation with woman X, the person is deeply engaged in studying, with their hands actively writing in a notebook and holding a blue pen.",64,1
6baa36c1-e4d0-4dbd-97b2-dff48ecf796e,What environments surround the individual scrapping the wall?,An outdoor setting with a ladder near a wooden fence.,The individual is surrounded by a serene suburban environment with trees and houses in the background.,64,1
6baa36c1-e4d0-4dbd-97b2-dff48ecf796e,What tool is utilized for scrapping in the scene?,A scraper is used.,A metal scraper is utilized for scrapping in the scene.,64,1
6baa36c1-e4d0-4dbd-97b2-dff48ecf796e,Is the individual standing on the ground or elevated while scrapping?,The individual is elevated on a ladder.,The individual is standing on the ground while scrapping.,64,1
6baa36c1-e4d0-4dbd-97b2-dff48ecf796e,What is the purpose of using a ladder in this scenario?,To reach higher areas of the wall for scrapping.,"The ladder is used to reach higher areas of the wall, possibly to access damaged sections or to perform maintenance tasks.",64,1
6baa36c1-e4d0-4dbd-97b2-dff48ecf796e,How does the individual prepare to scrape the wall?,The individual prepares by stretching out a ladder.,The individual prepares to scrape the wall by holding the scraper and using their hand to scrape the wall.,64,1
6baa36c1-e4d0-4dbd-97b2-dff48ecf796e,Does the video show a person using a ladder?,Yes.,"No, the video does not show a person using a ladder.",64,1
6baa36c1-e4d0-4dbd-97b2-dff48ecf796e,Is the wall being scraped in the video?,Yes.,Yes.,64,1
6baa36c1-e4d0-4dbd-97b2-dff48ecf796e,Does the scene involve stretching a ladder before scrapping?,Yes.,"Yes, the scene involves stretching a ladder before scrapping.",64,1
6baa36c1-e4d0-4dbd-97b2-dff48ecf796e,Does the individual scrap the wall without any tools?,No.,"No, the individual scrapes the wall with a scraper.",64,1
6baa36c1-e4d0-4dbd-97b2-dff48ecf796e,What location is depicted in this video clip?,The video clip depicts an outdoor scene with a wall.,The location depicted in the video clip is a residential area with a house and trees visible in the background.,64,1
6baa36c1-e4d0-4dbd-97b2-dff48ecf796e,How does the environment appear in the video clip?,The environment appears to be a porch or exterior of a building.,The environment appears to be a residential area with trees and houses visible in the background.,64,1
6baa36c1-e4d0-4dbd-97b2-dff48ecf796e,What structure can be observed in this video clip?,A wall with white paint is observed in this video clip.,The video clip shows a garage with a white wall and a window.,64,1
6baa36c1-e4d0-4dbd-97b2-dff48ecf796e,How is the exterior space utilized in the video action?,The exterior space provides a background for removal of an object.,"The exterior space is utilized by the person using the ladder to reach the window, and by the person using the ladder to reach the roof.",64,1
6baa36c1-e4d0-4dbd-97b2-dff48ecf796e,Is the object completely removed from the wall in the video?,Yes,"No, the object is partially removed from the wall, with the person still holding it.",64,1
6baa36c1-e4d0-4dbd-97b2-dff48ecf796e,Does the video clip show a wall being painted?,No,Yes.,64,1
6baa36c1-e4d0-4dbd-97b2-dff48ecf796e,"In the video, is the wall outdoors?",Yes,No.,64,1
6baa36c1-e4d0-4dbd-97b2-dff48ecf796e,"In the video, is the ladder stretched before scraping the wall?",Yes,Yes,64,1
6baa36c1-e4d0-4dbd-97b2-dff48ecf796e,What happens just before the wall is scraped in the video?,The ladder is stretched,"Just before the wall is scraped, the person uses a tool to smooth out the paint, ensuring it is evenly distributed across the surface.",64,1
6baa36c1-e4d0-4dbd-97b2-dff48ecf796e,What exterior work is being performed?,Scraping a wall and smoothing a surface.,The exterior work being performed is a window repair or replacement.,64,1
6baa36c1-e4d0-4dbd-97b2-dff48ecf796e,Where is the activity taking place?,Outside a house.,The activity is taking place in a garage or workshop.,64,1
6baa36c1-e4d0-4dbd-97b2-dff48ecf796e,Which tools are being used for the exterior tasks?,A scraper and a planer.,A hammer and a screwdriver are being used for the exterior tasks.,64,1
6baa36c1-e4d0-4dbd-97b2-dff48ecf796e,Can you describe the sequence of work shown?,"Scraping first, then planing.","The sequence of work begins with the person applying a white substance to the window frame, followed by the application of a black substance, and continues with the person using a hammer to smooth out the white substance.",64,1
6baa36c1-e4d0-4dbd-97b2-dff48ecf796e,Does the video show painting work being done?,No.,Yes.,64,1
6baa36c1-e4d0-4dbd-97b2-dff48ecf796e,Is there any smoothing of surfaces portrayed?,Yes.,Yes.,64,1
6baa36c1-e4d0-4dbd-97b2-dff48ecf796e,Does the scene capture window installation?,No.,Yes,64,1
6baa36c1-e4d0-4dbd-97b2-dff48ecf796e,Does the clip depict interior renovation?,No.,Yes,64,1
6baa36c1-e4d0-4dbd-97b2-dff48ecf796e,Does smoothing the surface occur before scraping the wall?,No,"Yes, the person is seen smoothing the surface before scraping the wall.",64,1
6baa36c1-e4d0-4dbd-97b2-dff48ecf796e,Is the removal of plaster seen before the scraping action?,Yes,Yes.,64,1
6baa36c1-e4d0-4dbd-97b2-dff48ecf796e,Does the planer touch the surface after the wall is scrapped?,Yes,"Yes, the planer touches the surface after the wall is scrapped.",64,1
6baa36c1-e4d0-4dbd-97b2-dff48ecf796e,"In the video, is the ladder stretched before scraping the wall?",Yes,Yes,64,1
6baa36c1-e4d0-4dbd-97b2-dff48ecf796e,Does the smoothing of the surface occur after scraping the wall?,Yes,"Yes, the person continues to smooth the surface after scraping the wall.",64,1
6baa36c1-e4d0-4dbd-97b2-dff48ecf796e,Is something removed from the wall before stretching the ladder?,No,"Yes, a piece of wood is removed from the wall before stretching the ladder.",64,1
6baa36c1-e4d0-4dbd-97b2-dff48ecf796e,"In the clip, is the ladder stretched after smoothing the surface?",No,Yes,64,1
6baa36c1-e4d0-4dbd-97b2-dff48ecf796e,What can be seen happening before smoothing the surface?,Scraping the wall,"Before smoothing the surface, a person is seen holding a hammer and a small object, possibly a tool or a piece of debris, and appears to be inspecting or adjusting something on the window frame.",64,1
6baa36c1-e4d0-4dbd-97b2-dff48ecf796e,"In the video, what happens before stretching the ladder?","Nothing, it is the first action","Before stretching the ladder, the person uses a hammer to smooth out the ladder's surface.",64,1
6baa36c1-e4d0-4dbd-97b2-dff48ecf796e,What is the setting of the video clip?,Outside a house.,The setting of the video clip is a garage or workshop with a white wall and a window.,64,1
6baa36c1-e4d0-4dbd-97b2-dff48ecf796e,What task is being performed in the video clip?,Smoothing and scraping a surface.,The task being performed in the video clip is painting the white wall of a window.,64,1
6baa36c1-e4d0-4dbd-97b2-dff48ecf796e,What tools are being used in the video clip?,A planer and a scraper.,"A hammer and a small tool, possibly a screwdriver or a similar tool, are being used in the video clip.",64,1
6baa36c1-e4d0-4dbd-97b2-dff48ecf796e,What is the condition of the surface being worked on?,It is a rough surface.,"The surface being worked on is dirty and peeling, with visible patches of paint and wood.",64,1
6baa36c1-e4d0-4dbd-97b2-dff48ecf796e,What is the first action taken on the surface in the clip?,Smoothing it with a planer.,The first action taken on the surface is scraping the surface with a scraper.,64,1
6baa36c1-e4d0-4dbd-97b2-dff48ecf796e,What is the progression of work on the surface in the clip?,From smoothing to scraping.,"The progression of work starts with the person scraping off the paint, followed by the application of a new coat, and ends with the person holding a tool to smooth out the surface.",64,1
6baa36c1-e4d0-4dbd-97b2-dff48ecf796e,How is the condition of the surface changing in the clip?,Becoming smoother and cleaner.,"The surface is being scraped and sanded, with the person's hands moving in a repetitive motion to smooth out the surface.",64,1
6baa36c1-e4d0-4dbd-97b2-dff48ecf796e,Does the person use a planer on the surface?,Yes.,Yes.,64,1
6baa36c1-e4d0-4dbd-97b2-dff48ecf796e,Is there an action of scraping visible in the new frames?,Yes.,Yes.,64,1
6baa36c1-e4d0-4dbd-97b2-dff48ecf796e,Does the clip show the complete smoothing of the surface?,No.,"No, the clip shows the person smoothing the surface with a tool, but the entire process is not complete, as the person is still holding the tool and the surface is not yet smooth.",64,1
6baa36c1-e4d0-4dbd-97b2-dff48ecf796e,"In the video, is the surface scrapped before it is smoothened with a planer?",No,Yes,64,1
6baa36c1-e4d0-4dbd-97b2-dff48ecf796e,"In the sequence, is the planer used before the scraper?",Yes,"Yes, the planer is used before the scraper.",64,1
6baa36c1-e4d0-4dbd-97b2-dff48ecf796e,What occurs right before the planer is used on the surface?,"Nothing, it's the first action","A hand holding a black object, possibly a tool or a piece of equipment, appears and starts to manipulate the surface.",64,1
6baa36c1-e4d0-4dbd-97b2-dff48ecf796e,Did I remove something from the wall before scraping the wall?,Yes,"Yes, the person removed a piece of wood from the wall before scraping the wall.",64,1
6baa36c1-e4d0-4dbd-97b2-dff48ecf796e,Is the surface smoothened with a planer before scraping with a scraper?,Yes,Yes.,64,1
6baa36c1-e4d0-4dbd-97b2-dff48ecf796e,Do I smoothen the surface with a planer before removing something from the wall?,No,"Yes, you can use a planer to smooth out the surface before removing something from the wall.",64,1
6baa36c1-e4d0-4dbd-97b2-dff48ecf796e,Is the wall scraped with a scraper before using a planer in one sequence?,No,Yes.,64,1
6baa36c1-e4d0-4dbd-97b2-dff48ecf796e,What setting is shown in the video clip?,An outdoor scene with window frame paint removal.,The setting shown in the video clip is a garage or workshop.,64,1
6baa36c1-e4d0-4dbd-97b2-dff48ecf796e,Describe the environment shown in the clip.,"An outside area, likely a building's exterior.","The environment is a garage or workshop with a concrete floor, a window with a white frame, and a wooden structure in the background. The person is wearing a blue long-sleeve shirt and is engaged in a task involving a ladder and a tool.",64,1
6baa36c1-e4d0-4dbd-97b2-dff48ecf796e,What tool is being used in the current action?,A paint scraper is being used in the action.,A hammer is being used in the current action.,64,1
6baa36c1-e4d0-4dbd-97b2-dff48ecf796e,How is the paint being removed in this scene?,The paint is being manually scraped off.,"The paint is being removed by scraping it off with a tool, which is held in the person's hand.",64,1
6baa36c1-e4d0-4dbd-97b2-dff48ecf796e,Does the video show a paint removal process?,Yes.,Yes.,64,1
6baa36c1-e4d0-4dbd-97b2-dff48ecf796e,Is the person successfully removing paint from a window frame?,Yes.,Yes.,64,1
6baa36c1-e4d0-4dbd-97b2-dff48ecf796e,Does the scene take place indoors?,No.,No.,64,1
6baa36c1-e4d0-4dbd-97b2-dff48ecf796e,Is the surface smoothed with a planer before scraping with a scraper?,Yes,Yes.,64,1
6baa36c1-e4d0-4dbd-97b2-dff48ecf796e,Does the removal of paint on the window frame happen after smoothing a surface?,Yes,"Yes, the removal of paint on the window frame happens after smoothing a surface.",64,1
6baa36c1-e4d0-4dbd-97b2-dff48ecf796e,Is the paint scraper used before the planer on any surface?,No,"Yes, the paint scraper is used before the planer on the window frame.",64,1
6baa36c1-e4d0-4dbd-97b2-dff48ecf796e,Is the surface smoothed after removing paint from the window frame?,No,Yes.,64,1
6baa36c1-e4d0-4dbd-97b2-dff48ecf796e,What happens just before using the scraper on the surface?,Smoothing the surface with a planer,"Just before using the scraper, the person removes the tool from the handle and places it on the ground.",64,1
6baa36c1-e4d0-4dbd-97b2-dff48ecf796e,What is done just prior to smoothing a surface?,"Nothing, it's the first action.","Just prior to smoothing a surface, the person uses a hammer to smooth the surface of the window frame.",64,1
6baa36c1-e4d0-4dbd-97b2-dff48ecf796e,What action takes place before using the paint scraper?,Smoothing and scraping a surface,"Before using the paint scraper, the person first uses a hammer to scrape the paint off the window frame.",64,1
6baa36c1-e4d0-4dbd-97b2-dff48ecf796e,What is the first action performed outside the house?,Smoothing a surface with a planer,"The first action performed outside the house is the person holding a hammer and a screwdriver, which they use to adjust or fix something on the window frame.",64,1
6baa36c1-e4d0-4dbd-97b2-dff48ecf796e,Did I scrape the wall before smoothing the surface with a planer?,Yes.,"Yes, you scraped the wall before smoothing the surface with a planer.",64,1
6baa36c1-e4d0-4dbd-97b2-dff48ecf796e,Did I smooth the surface with a planer before removing paint from the window frame?,Yes.,"Yes, the person used a planer to smooth the surface with the paintbrush before removing paint from the window frame.",64,1
6baa36c1-e4d0-4dbd-97b2-dff48ecf796e,What do I do before removing paint from the window frame?,Scrape the wall and smooth a surface.,"Before removing paint from the window frame, you should first clean the window frame with a cloth or paper towel to remove any dirt or debris.",64,1
6baa36c1-e4d0-4dbd-97b2-dff48ecf796e,What is the setting of the video clip?,The setting is outside near a window.,The setting of the video clip is a garage or workshop with a window and a ladder.,64,1
6baa36c1-e4d0-4dbd-97b2-dff48ecf796e,What tool is being used on the window?,A scraper is being used.,A hammer is being used on the window.,64,1
6baa36c1-e4d0-4dbd-97b2-dff48ecf796e,Does the video show paint being scraped off?,Yes.,"Yes, the video shows paint being scraped off from the window frame.",64,1
6baa36c1-e4d0-4dbd-97b2-dff48ecf796e,Is the window frame being refinished?,Yes.,Yes.,64,1
6baa36c1-e4d0-4dbd-97b2-dff48ecf796e,Is a tool being used for paint removal?,Yes.,Yes.,64,1
6baa36c1-e4d0-4dbd-97b2-dff48ecf796e,Is the person working on interior maintenance?,No.,Yes.,64,1
6baa36c1-e4d0-4dbd-97b2-dff48ecf796e,Is the window frame being replaced?,No.,Yes.,64,1
6baa36c1-e4d0-4dbd-97b2-dff48ecf796e,Is the window opened before the paint is scraped?,Yes,Yes.,64,1
6baa36c1-e4d0-4dbd-97b2-dff48ecf796e,Does the hand touch the window frame before using the scraper?,Yes,"Yes, the hand touches the window frame before using the scraper.",64,1
6baa36c1-e4d0-4dbd-97b2-dff48ecf796e,Is the paint on the window frame removed before the hand is visible?,No,"No, the paint is still on the window frame after the hand is visible.",64,1
6baa36c1-e4d0-4dbd-97b2-dff48ecf796e,Does the window frame appear before the scraper is in motion?,Yes,"Yes, the window frame appears before the scraper is in motion.",64,1
6baa36c1-e4d0-4dbd-97b2-dff48ecf796e,Is the paint removed from the window frame before using the planer?,No,Yes.,64,1
6baa36c1-e4d0-4dbd-97b2-dff48ecf796e,Does the surface smoothing with a planer occur before the scraping?,Yes,"Yes, the surface smoothing with a planer occurs before the scraping.",64,1
6baa36c1-e4d0-4dbd-97b2-dff48ecf796e,Is the scraping of the surface completed before removing paint on the window frame?,No,"Yes, the person is seen scraping the surface of the window frame before removing paint.",64,1
6baa36c1-e4d0-4dbd-97b2-dff48ecf796e,What occurs just before scraping the surface?,Smoothening with a planer,"Just before scraping the surface, the person uses a hammer to smooth out the surface, ensuring it is clean and free of debris.",64,1
6baa36c1-e4d0-4dbd-97b2-dff48ecf796e,What is the main activity taking place outside the house?,Smoothing and scraping surfaces.,"The main activity is the person working on the window, using a hammer and a screwdriver to adjust or fix the window frame.",64,1
6baa36c1-e4d0-4dbd-97b2-dff48ecf796e,Where is the scene set?,Outside a house.,The scene is set in a garage or workshop.,64,1
6baa36c1-e4d0-4dbd-97b2-dff48ecf796e,What tools are being used in this scene?,A planer and a scraper.,A hammer and a screwdriver are being used in this scene.,64,1
6baa36c1-e4d0-4dbd-97b2-dff48ecf796e,How can you describe the area in which the activity occurs?,It's a woodworking area outside the house.,"The area is a cluttered outdoor space with a garage door, a window, and a ladder. The ground is covered with leaves and debris, and there are various tools and materials scattered around.",64,1
6baa36c1-e4d0-4dbd-97b2-dff48ecf796e,What actions are being performed in this video clip?,Smoothing with a planer and scraping with a scraper.,"The actions performed in this video clip include peeling off the paint from the window frame, applying a new coat of paint, and using a hammer to smooth out the paint.",64,1
6baa36c1-e4d0-4dbd-97b2-dff48ecf796e,What is the focus of the activity in these frames?,Wood surface maintenance.,The focus of the activity is on the person's hands and the tool being used to work on the window frame.,64,1
6baa36c1-e4d0-4dbd-97b2-dff48ecf796e,What is the sequence of actions performed outside?,"First smoothening, then scraping surfaces.","First, the person uses a hammer to adjust the window frame, then they use a screwdriver to tighten the screws, and finally, they inspect the window frame.",64,1
6baa36c1-e4d0-4dbd-97b2-dff48ecf796e,How does the person handle the tools in the video?,With precision and care for the task.,"The person handles the tools with precision and care, using them to smooth out the paint and ensure a clean finish.",64,1
6baa36c1-e4d0-4dbd-97b2-dff48ecf796e,What are the visible results of the actions in this clip?,Smooth surfaces and wood shavings scattered.,"The visible results include the window being repaired, with the person using a hammer to smooth out the paint and the window frame being repaired.",64,1
6baa36c1-e4d0-4dbd-97b2-dff48ecf796e,Does the video show the use of a woodworking planer?,Yes,Yes.,64,1
6baa36c1-e4d0-4dbd-97b2-dff48ecf796e,Is the person scraping a wooden surface?,Yes,Yes.,64,1
6baa36c1-e4d0-4dbd-97b2-dff48ecf796e,Are the actions performed indoor?,No,Yes.,64,1
6baa36c1-e4d0-4dbd-97b2-dff48ecf796e,Does the activity involve painting or staining?,No,"Yes, the activity involves painting or staining.",64,1
6baa36c1-e4d0-4dbd-97b2-dff48ecf796e,Is the person wearing any safety gear?,No,"Yes, the person is wearing a blue long-sleeve shirt and a wristwatch.",64,1
6baa36c1-e4d0-4dbd-97b2-dff48ecf796e,Was the window frame scraped before it was planed?,No,"Yes, the window frame was scraped before it was planed.",64,1
6baa36c1-e4d0-4dbd-97b2-dff48ecf796e,Did the scraping of a surface happen after smoothening it?,Yes,"Yes, the person continued to scrape the surface, indicating that the surface was still being smoothed out after the initial smoothening.",64,1
6baa36c1-e4d0-4dbd-97b2-dff48ecf796e,What happens just before the scraper is used on the window frame?,The surface is smoothened with a planer,"Just before the scraper is used on the window frame, the person removes the scraper from the handle and places it on the ground.",64,1
6baa36c1-e4d0-4dbd-97b2-dff48ecf796e,What is the action taken just prior to the planer being used in the video?,There is no action shown before the planer is used,"The action just prior to the planer being used is the person holding a hammer, preparing to use it.",64,1
6baa36c1-e4d0-4dbd-97b2-dff48ecf796e,Was the surface planed before the scraping of paint on the window frame?,Yes,"Yes, the surface planed was before the scraping of paint on the window frame.",64,1
6baa36c1-e4d0-4dbd-97b2-dff48ecf796e,Was the window frame scraped before planing the surface?,No,"Yes, the window frame was scraped before planing the surface.",64,1
6baa36c1-e4d0-4dbd-97b2-dff48ecf796e,Was the window frame scraped first before using any tools?,No,"Yes, the window frame was scraped first before using any tools.",64,1
6baa36c1-e4d0-4dbd-97b2-dff48ecf796e,What's the brief of the depicted scenario?,A person scrapes a surface outside a house.,"The brief of the depicted scenario is about a person working on a window, using a hammer and a tool to fix or adjust the window frame.",64,1
6baa36c1-e4d0-4dbd-97b2-dff48ecf796e,What can be inferred about the location in the video clip?,It's a residential outdoor area by a window.,"The location appears to be a residential area, as indicated by the presence of a car and a house in the background.",64,1
6baa36c1-e4d0-4dbd-97b2-dff48ecf796e,How would you describe the environment surrounding the action?,It appears to be tranquil and domestic.,"The environment is a cluttered garage or workshop with various tools and materials scattered around, and the ground is covered with leaves and debris.",64,1
6baa36c1-e4d0-4dbd-97b2-dff48ecf796e,Is the person in the video using a tool for scraping?,Yes.,Yes.,64,1
6baa36c1-e4d0-4dbd-97b2-dff48ecf796e,Is the scraping happening indoors?,No.,Yes.,64,1
6baa36c1-e4d0-4dbd-97b2-dff48ecf796e,Does the footage show the completion of the scraping task?,No.,"Yes, the video concludes with the person finishing the scraping task, indicating that the task is complete.",64,1
6baa36c1-e4d0-4dbd-97b2-dff48ecf796e,Is the person wearing gloves while scraping?,No.,No.,64,1
6baa36c1-e4d0-4dbd-97b2-dff48ecf796e,Did I smoothen the surface with a planer before scraping it with a scraper?,Yes,"Yes, you did.",64,1
6baa36c1-e4d0-4dbd-97b2-dff48ecf796e,What occurs just before I scrape the surface with the scraper?,Smoothening with a planer,"Just before scraping the surface with the scraper, the person is seen holding the scraper and looking at the surface, possibly assessing the damage or preparing to start the scraping process.",64,1
6baa36c1-e4d0-4dbd-97b2-dff48ecf796e,Is the scraping of the window frame after smoothing the surface?,Yes,Yes.,64,1
6baa36c1-e4d0-4dbd-97b2-dff48ecf796e,What happens just before the window frame is scraped?,The surface is smoothened with a planer,"Just before the window frame is scraped, the person uses a hammer to scrape the paint off the window frame.",64,1
6baa36c1-e4d0-4dbd-97b2-dff48ecf796e,What occurs right before the surface is smoothened?,The paint is removed with a scraper,"A person is seen holding a hammer, preparing to use it to smooth out the surface.",64,1
6baa36c1-e4d0-4dbd-97b2-dff48ecf796e,Can you describe the setting in the video?,The setting is outdoor by the side of a house.,"The setting is a garage or workshop with a concrete floor, a window with a white frame, and a ladder leaning against the wall. The area is cluttered with various tools and materials, including a ladder, a bucket, and a red toolbox.",64,1
6baa36c1-e4d0-4dbd-97b2-dff48ecf796e,Does the person succeed in scraping off the material?,Yes.,"Yes, the person successfully removes the material from the window frame, leaving a clean surface.",64,1
6baa36c1-e4d0-4dbd-97b2-dff48ecf796e,Is the scraping being done on an interior wall?,No.,Yes.,64,1
6baa36c1-e4d0-4dbd-97b2-dff48ecf796e,Is the person using any tool other than a scraper?,No.,"No, the person is using a scraper to scrape the paint off the window frame.",64,1
6baa36c1-e4d0-4dbd-97b2-dff48ecf796e,Does the scrapping of the surface start before walking outside the house?,No,"Yes, the scrapping of the surface starts before walking outside the house.",64,1
6baa36c1-e4d0-4dbd-97b2-dff48ecf796e,"In the video, is the scraper used on the lower part of the wall before the upper part?",No,"Yes, the scraper is used on the lower part of the wall before the upper part.",64,1
6baa36c1-e4d0-4dbd-97b2-dff48ecf796e,Is the paint removal near the window sill done after removing paint near the flower pot?,Yes,Yes.,64,1
6baa36c1-e4d0-4dbd-97b2-dff48ecf796e,What action occurs just before the paint near the flower pot is scraped off?,Scraping near the window sill,"A hand holding a paint roller is seen pointing towards the paint near the flower pot, indicating the action of scraping off the paint.",64,1
6baa36c1-e4d0-4dbd-97b2-dff48ecf796e,Is the planer used before the scraper?,Yes,Yes.,64,1
6baa36c1-e4d0-4dbd-97b2-dff48ecf796e,Is the scraping done before smoothing the surface?,No,Yes.,64,1
6baa36c1-e4d0-4dbd-97b2-dff48ecf796e,Does the planing occur after the scraping?,No,"No, the planing does not occur after the scraping. The planing is still ongoing, as indicated by the person continuing to work on the window frame.",64,1
6baa36c1-e4d0-4dbd-97b2-dff48ecf796e,What happens before the scraping begins?,Smoothing with a planer,"Before the scraping begins, the person is seen holding a tool, possibly a scraper or a similar device, and appears to be inspecting the area.",64,1
6baa36c1-e4d0-4dbd-97b2-dff48ecf796e,What task is being carried out outside the house?,Smoothening a surface with a planer and scraping.,The task being carried out outside the house is painting the window.,64,1
6baa36c1-e4d0-4dbd-97b2-dff48ecf796e,What tools are used in the latest frames for the outdoor task?,A planer and a scraper.,A hammer and a nail are used in the latest frames for the outdoor task.,64,1
6baa36c1-e4d0-4dbd-97b2-dff48ecf796e,Describe the surroundings where the task takes place.,"Outside a house, likely a work area with debris.","The task takes place in a garage or workshop with a concrete floor, a window with a white frame, and a ladder leaning against the wall. There are various tools and materials scattered around, including a red and black tool, a white bucket, and a black and silver tool.",64,1
6baa36c1-e4d0-4dbd-97b2-dff48ecf796e,What process is demonstrated in the recent video footage?,Woodworking involving smoothing and scraping actions.,"The video demonstrates the process of applying a new coat of paint to a wooden surface, specifically focusing on the window frame and the surrounding area.",64,1
6baa36c1-e4d0-4dbd-97b2-dff48ecf796e,What is the likely purpose of the actions shown in the clip?,"Preparing a wooden surface, possibly for painting or finishing.","The likely purpose of the actions shown in the clip is to repair or maintain the window frame, as indicated by the person's meticulous work and the presence of tools and materials around the window.",64,1
6baa36c1-e4d0-4dbd-97b2-dff48ecf796e,Describe the sequential actions taken by the individual.,"First, using a planer for smoothing, then a scraper.","The individual starts by applying a substance to the wooden surface, then uses a tool to smooth out the texture, and finally, they use a tool to remove the substance.",64,1
6baa36c1-e4d0-4dbd-97b2-dff48ecf796e,Has the person completed the smoothening task?,Yes.,"Yes, the person has finished the smoothening task, as indicated by the smooth surface of the wooden surface.",64,1
6baa36c1-e4d0-4dbd-97b2-dff48ecf796e,Does the individual use more than one tool?,Yes.,"Yes, the individual uses a hammer and a small tool to work on the window frame.",64,1
6baa36c1-e4d0-4dbd-97b2-dff48ecf796e,Is the work performed indoors in the latest frames?,"No, it's outside.",No.,64,1
6baa36c1-e4d0-4dbd-97b2-dff48ecf796e,Have any painting actions been depicted in the summary?,"No, only smoothening and scraping are shown.","Yes, the person has been seen applying a white substance to the window frame, which is a painting action depicted in the summary.",64,1
6baa36c1-e4d0-4dbd-97b2-dff48ecf796e,"In the video, is scraping done before smoothing with a planer?",No,"Yes, the person is seen scraping the surface of the window frame with a scraper before smoothing it with a planer.",64,1
6baa36c1-e4d0-4dbd-97b2-dff48ecf796e,Is the surface scraped after the house exterior is shown?,Yes,Yes.,64,1
6baa36c1-e4d0-4dbd-97b2-dff48ecf796e,What is seen happening before any tool is used on the surface?,Outside of the house shown,"Before any tool is used, the person is seen holding a tool, possibly a hammer, and is seen using it to smooth out the surface of the wooden surface.",64,1
6baa36c1-e4d0-4dbd-97b2-dff48ecf796e,"In the sequence, is the scraper used before the planer?",No,"Yes, the scraper is used before the planer.",64,1
6baa36c1-e4d0-4dbd-97b2-dff48ecf796e,Does the scraping happen outdoors?,Yes,Yes.,64,1
6baa36c1-e4d0-4dbd-97b2-dff48ecf796e,Is the surface scraped after it is smoothened?,Yes,Yes.,64,1
6baa36c1-e4d0-4dbd-97b2-dff48ecf796e,Is the scraping performed before standing up?,No,Yes.,64,1
6baa36c1-e4d0-4dbd-97b2-dff48ecf796e,What is done before using the scraper in the video?,Smoothening the surface with a planer,"Before using the scraper, the person is seen holding a scraper and inspecting the surface of the window.",64,1
6baa36c1-e4d0-4dbd-97b2-dff48ecf796e,What happens just before the second scraping action?,The first scraping action,"Just before the second scraping action, the person uses the tool to scrape off the remaining paint from the window frame.",64,1
6baa36c1-e4d0-4dbd-97b2-dff48ecf796e,What occurs just before the surface is smoothened?,Going outside the house,"A person wearing a blue long-sleeve shirt is seen holding a tool, possibly a hammer, and appears to be preparing to use it.",64,1
6baa36c1-e4d0-4dbd-97b2-dff48ecf796e,What is the setting of the video clip?,"The setting is outdoors, with a person removing unwanted cover.","The setting of the video clip is a garage or workshop with a window, a ladder, and a ladder on the left side.",64,1
6baa36c1-e4d0-4dbd-97b2-dff48ecf796e,What is the main focus of the video clip?,The main focus is on a person removing a cover from a surface.,"The main focus of the video clip is the meticulous process of painting a wooden surface, with a person using a paint roller to apply a white substance to a wooden panel.",64,1
6baa36c1-e4d0-4dbd-97b2-dff48ecf796e,What is the person doing with their hand?,They are rubbing waste off with their hand.,"The person is holding a red-handled tool, possibly a hammer, and using it to smooth out the paint on the window frame.",64,1
6baa36c1-e4d0-4dbd-97b2-dff48ecf796e,What action follows rubbing the waste?,The person climbs a ladder.,The action follows rubbing the waste with a red-handled tool.,64,1
6baa36c1-e4d0-4dbd-97b2-dff48ecf796e,What tool is the person using in the action?,The person is using a scraper or a similar tool.,The person is using a paint roller to apply paint to the wooden surface.,64,1
6baa36c1-e4d0-4dbd-97b2-dff48ecf796e,Did the person climb a ladder in the video?,Yes.,"No, the person did not climb a ladder in the video.",64,1
6baa36c1-e4d0-4dbd-97b2-dff48ecf796e,Does the video show the person successfully removing the cover?,Yes.,"Yes, the video shows the person successfully removing the cover, as indicated by the completed work on the wall.",64,1
6baa36c1-e4d0-4dbd-97b2-dff48ecf796e,Was the task performed indoors?,No.,Yes.,64,1
6baa36c1-e4d0-4dbd-97b2-dff48ecf796e,Did I smoothen the surface with a planer before scraping it with a scraper?,Yes.,"Yes, you did.",64,1
6baa36c1-e4d0-4dbd-97b2-dff48ecf796e,Did I climb the ladder before rubbing waste with my hand?,No.,"Yes, you climbed the ladder before rubbing waste with your hand.",64,1
6baa36c1-e4d0-4dbd-97b2-dff48ecf796e,Did the removal of unwanted cover happen before climbing the ladder?,No.,"Yes, the removal of unwanted cover happened before climbing the ladder.",64,1
6baa36c1-e4d0-4dbd-97b2-dff48ecf796e,Did I scrape the surface before smoothening it with a planer?,No.,"Yes, the person used a planer to smooth out the surface before scraping it.",64,1
6baa36c1-e4d0-4dbd-97b2-dff48ecf796e,Did the drawing a planer happen after climbing the ladder?,No.,"No, the drawing a planer happened before climbing the ladder.",64,1
6baa36c1-e4d0-4dbd-97b2-dff48ecf796e,What takes place immediately before drawing a planer across the surface?,Being outside the house.,"Before drawing a planer across the surface, the person uses a hammer to smooth out the paint and prepare it for the planer.",64,1
6baa36c1-e4d0-4dbd-97b2-dff48ecf796e,What do I do before rubbing waste with my hand?,Being outside.,"Before rubbing waste with your hand, you should first clean the area with a cloth or paper towel to remove any dirt or debris.",64,1
6baa36c1-e4d0-4dbd-97b2-dff48ecf796e,Did I scrape the surface before using a planer?,No,"Yes, the person used a planer to remove the old paint and prepare the surface for the next step in the process.",64,1
6baa36c1-e4d0-4dbd-97b2-dff48ecf796e,Did the planer use happen after the ladder climbing?,No,"No, the planer did not use the ladder after the planer climbed.",64,1
6baa36c1-e4d0-4dbd-97b2-dff48ecf796e,Was the surface scraped after using the planer?,Yes,"Yes, the surface was scraped after using the planer.",64,1
6baa36c1-e4d0-4dbd-97b2-dff48ecf796e,Was the waste rubbed off before I climbed the ladder?,Yes,"Yes, the waste was rubbed off before I climbed the ladder.",64,1
6baa36c1-e4d0-4dbd-97b2-dff48ecf796e,What happens just before I scrape the surface?,Smoothening with a planer,"Just before I scrape the surface, the person uses a red-handled tool to scrape the surface, which is now smoother and more even.",64,1
6baa36c1-e4d0-4dbd-97b2-dff48ecf796e,What event occurs before using the planer?,Climbing the ladder,"Before using the planer, the person inspects the area to ensure it is clean and free of debris.",64,1
6baa36c1-e4d0-4dbd-97b2-dff48ecf796e,What is the focus of the video's depicted scenario?,Removing unwanted cover from wood surface.,"The focus of the video's depicted scenario is the meticulous process of painting a wooden structure, highlighting the meticulous work involved in achieving a smooth finish.",64,1
6baa36c1-e4d0-4dbd-97b2-dff48ecf796e,Describe the setting shown in the video clip.,"Outside, near a window with a wood surface.","The video shows a person working on a wooden structure, likely a part of a building or a piece of furniture, with a garage door and a window in the background. The person is using a hammer and a piece of wood to smooth or adjust the surface of the wooden structure.",64,1
6baa36c1-e4d0-4dbd-97b2-dff48ecf796e,What can be observed about the environment in the clip?,"It's outdoors, possibly at a residential location.","The environment is a garage or workshop with a concrete floor, a ladder, and a car parked outside.",64,1
6baa36c1-e4d0-4dbd-97b2-dff48ecf796e,Narrate the activity captured in this clip.,"Holding a scraper, staring at, and scraping a wood surface.","The video begins with a person wearing a blue long-sleeve shirt and a wristwatch, standing in front of a garage door. They are holding a paint roller and a small tool, and are working on a wooden surface. The person carefully applies paint to the wooden surface, ensuring it is evenly distributed. The background shows a garage with a window, a ladder, and some tools. The person continues to work on the wooden surface, using the paint roller and the small tool to apply paint. The video develops as the person, still wearing the blue long-sleeve shirt and wristwatch, continues to work on the wooden surface. They are using the paint roller and the small tool to apply paint to the wooden surface. The background remains consistent with the garage, including the window, ladder, and some tools. The person is focused on their task, ensuring the paint is evenly distributed. The video wraps up with the person still working on the wooden surface, using the paint roller and the small tool to apply paint. The background remains the same, with the garage, window, ladder, and some tools visible.",64,1
6baa36c1-e4d0-4dbd-97b2-dff48ecf796e,Can you provide a caption for the action taking place?,Scraping Away: Unveiling the Wood Beneath.,"A person is meticulously working on a wooden structure, using a hammer and a paint roller to smooth and finish the surface.",64,1
6baa36c1-e4d0-4dbd-97b2-dff48ecf796e,Did the individual successfully remove some of the unwanted cover?,Yes.,"Yes, the individual successfully removed some of the unwanted cover, leaving the area cleaner and more polished.",64,1
6baa36c1-e4d0-4dbd-97b2-dff48ecf796e,Is the person using a tool to work on the surface?,Yes.,Yes.,64,1
6baa36c1-e4d0-4dbd-97b2-dff48ecf796e,Has the person been carefully examining the wood surface?,Yes.,"Yes, the person has been carefully examining the wood surface, indicating a meticulous approach to the task.",64,1
6baa36c1-e4d0-4dbd-97b2-dff48ecf796e,Is the work being performed close to a window?,Yes.,Yes.,64,1
6baa36c1-e4d0-4dbd-97b2-dff48ecf796e,Did I rub waste with my hand before climbing the ladder?,Yes.,"Yes, you rubbed waste with your hand before climbing the ladder.",64,1
6baa36c1-e4d0-4dbd-97b2-dff48ecf796e,Is the unwanted cover removed after I stare at the wood surface?,No.,Yes,64,1
6baa36c1-e4d0-4dbd-97b2-dff48ecf796e,Do I hold the scraper before removing the unwanted cover?,No.,"Yes, you hold the scraper before removing the unwanted cover.",64,1
6baa36c1-e4d0-4dbd-97b2-dff48ecf796e,Am I outside when I stare at the wood surface?,Yes.,"Yes, you are outside when you stare at the wood surface.",64,1
6baa36c1-e4d0-4dbd-97b2-dff48ecf796e,What happens just before I hold the scraper?,Staring at the wood surface.,"Just before I hold the scraper, the person is seen holding a red-handled tool, possibly a hammer or a similar tool, and appears to be inspecting or adjusting something on the wall.",64,1
6baa36c1-e4d0-4dbd-97b2-dff48ecf796e,Did I smooth the surface with a planer before scraping it with a scraper?,Yes,"Yes, the person used a planer to smooth the surface before scraping it with a scraper.",64,1
6baa36c1-e4d0-4dbd-97b2-dff48ecf796e,Did I rub waste with my hand before climbing the ladder?,Yes,"Yes, you rubbed waste with your hand before climbing the ladder.",64,1
6baa36c1-e4d0-4dbd-97b2-dff48ecf796e,Did I climb the ladder before removing the unwanted cover from the surface?,Yes,"No, the ladder was not used before removing the unwanted cover from the surface.",64,1
6baa36c1-e4d0-4dbd-97b2-dff48ecf796e,What is the setting depicted in the video clip?,It is an outdoor setting surrounding a window frame.,The setting depicted in the video clip is a garage or workshop with a window and a ladder.,64,1
6baa36c1-e4d0-4dbd-97b2-dff48ecf796e,What is the state of the window frame in the scene?,The window frame is in the process of being scraped.,"The window frame is in a state of disrepair, with peeling paint and exposed wood.",64,1
6baa36c1-e4d0-4dbd-97b2-dff48ecf796e,Describe the immediate environment around the window frame.,There's discarded material on the ground near the window frame.,"The immediate environment around the window frame includes a ladder leaning against the wall, a small pile of leaves and debris on the ground, and a few tools scattered around.",64,1
6baa36c1-e4d0-4dbd-97b2-dff48ecf796e,What can be inferred about the surface condition in the scene?,"The surface likely needed maintenance, as it's being scraped.","The surface appears to be weathered and worn, with peeling paint and visible cracks, indicating that it has been exposed to the elements for some time.",64,1
6baa36c1-e4d0-4dbd-97b2-dff48ecf796e,Are there any signs of ongoing construction or repair in the video?,"Yes, the scraping indicates repair or renovation work.","Yes, there are signs of ongoing construction or repair in the video, such as the presence of a ladder and a ladder set in the background.",64,1
6baa36c1-e4d0-4dbd-97b2-dff48ecf796e,What action is the person performing in the new frames?,The person is scraping the surface of a window frame.,The person is using a hammer to smooth out the paint on the window frame.,64,1
6baa36c1-e4d0-4dbd-97b2-dff48ecf796e,How is the person preparing the window frame?,By removing unwanted cover and rubbing the surface.,The person is using a hammer to smooth out the paint on the window frame.,64,1
6baa36c1-e4d0-4dbd-97b2-dff48ecf796e,What maintenance task can be seen happening around a window?,Scraping off old paint or material from the window frame.,"Around a window, a person is seen using a hammer to smooth out the paint, indicating a maintenance task related to the window's surface.",64,1
6baa36c1-e4d0-4dbd-97b2-dff48ecf796e,Has the protective cover been removed from the window surface?,Yes.,No.,64,1
6baa36c1-e4d0-4dbd-97b2-dff48ecf796e,Is there any sign of the person completing the scraping action?,"No, the person is still holding the scraper.","Yes, the person is seen holding the red-handled tool, indicating they are finishing the scraping action.",64,1
6baa36c1-e4d0-4dbd-97b2-dff48ecf796e,Does the footage show a fully renovated window frame?,"No, the window is still being worked on.","No, the footage shows a partially renovated window frame with peeling paint and a partially completed window frame.",64,1
6baa36c1-e4d0-4dbd-97b2-dff48ecf796e,Did the person in the video fully rub the surface?,"No, only part of the surface has been rubbed.","Yes, the person in the video fully rubbed the surface, as indicated by the person's repeated actions of applying and smoothing the paint.",64,1
6baa36c1-e4d0-4dbd-97b2-dff48ecf796e,Has all the discarded material been cleared from the ground?,"No, the material is still on the ground.","Yes, the discarded material has been cleared from the ground.",64,1
6baa36c1-e4d0-4dbd-97b2-dff48ecf796e,"In the video, does staring at the wood surface occur before removing the unwanted cover?",No,"Yes, staring at the wood surface occurs before removing the unwanted cover.",64,1
6baa36c1-e4d0-4dbd-97b2-dff48ecf796e,Is the wood surface rubbed after removing the unwanted cover?,Yes,Yes.,64,1
6baa36c1-e4d0-4dbd-97b2-dff48ecf796e,"In the video, does holding the scraper happen before rubbing the surface?",Yes,"Yes, the person first holds the scraper before rubbing the surface.",64,1
6baa36c1-e4d0-4dbd-97b2-dff48ecf796e,What happens just before rubbing the wood surface in the video?,Removing unwanted cover,"Just before rubbing the wood surface, the person uses a red-handled tool to smooth out the wood, ensuring it is evenly coated.",64,1
6baa36c1-e4d0-4dbd-97b2-dff48ecf796e,What happens just before removing the unwanted cover in the video?,Staring at the wood surface.,"Just before removing the unwanted cover, the person uses a red-handled tool to scrape off the remaining paint from the window frame.",64,1
6baa36c1-e4d0-4dbd-97b2-dff48ecf796e,Did rubbing the surface happen before staring at the wood surface?,No,"Yes, the person rubbed the surface before staring at the wood surface.",64,1
6baa36c1-e4d0-4dbd-97b2-dff48ecf796e,Was the ladder climbed before removing the unwanted cover?,Yes,"Yes, the ladder was climbed before removing the unwanted cover.",64,1
6baa36c1-e4d0-4dbd-97b2-dff48ecf796e,Was the unwanted cover removed after rubbing waste with hand?,Yes,"Yes, the unwanted cover was removed after rubbing waste with a red-handled tool.",64,1
6baa36c1-e4d0-4dbd-97b2-dff48ecf796e,Did staring at the wood surface happen before holding the scraper?,No,"Yes, the person was staring at the wood surface before holding the scraper.",64,1
6baa36c1-e4d0-4dbd-97b2-dff48ecf796e,What is done after staring at the wood surface?,Holding the scraper,The person uses a hammer to smooth out the wood surface.,64,1
6baa36c1-e4d0-4dbd-97b2-dff48ecf796e,What is the overall setting of the video clip?,"Outside, near a building with unwanted cover being removed.","The overall setting of the video clip is a garage or workshop where a person is working on a wooden structure, specifically a window frame, with a paint roller and a hammer.",64,1
6baa36c1-e4d0-4dbd-97b2-dff48ecf796e,What's the main focus of the scene?,A person cleaning an area by a building.,The main focus of the scene is the person's hands and the tool being used to apply paint to a wooden surface.,64,1
6baa36c1-e4d0-4dbd-97b2-dff48ecf796e,What kind of location is shown in the video?,An outdoor location by a building.,The video shows a residential area with a garage and a car parked outside.,64,1
6baa36c1-e4d0-4dbd-97b2-dff48ecf796e,What task is being performed in the frames?,Scraping off unwanted cover from a surface.,The task being performed is painting a wooden surface with a paint roller.,64,1
6baa36c1-e4d0-4dbd-97b2-dff48ecf796e,Can you detail the activity taking place?,A person removing a covering layer from a window.,"The activity involves a person using a hammer to smooth out the paint on a wooden surface, likely a window or door, with a focus on the area where the paint is peeling off. The person is wearing a blue long-sleeve shirt, a wristwatch, and a wrist strap, and is using a red-handled hammer to apply pressure and smooth the paint off the surface.",64,1
6baa36c1-e4d0-4dbd-97b2-dff48ecf796e,What is the immediate action captured?,A hand using a tool to clean a window.,The immediate action captured is the person using a hammer to smooth out the paint on the window frame.,64,1
6baa36c1-e4d0-4dbd-97b2-dff48ecf796e,What is the implication of the depicted movement?,Preparation or cleaning of a building's exterior.,"The implied movement is the person's continuous effort to maintain the integrity of the wall, ensuring that the paint is not peeling away.",64,1
6baa36c1-e4d0-4dbd-97b2-dff48ecf796e,Did the camera wearer completely remove the unwanted cover?,No.,"No, the camera wearer only partially removed the unwanted cover.",64,1
6baa36c1-e4d0-4dbd-97b2-dff48ecf796e,Did the video contain any interaction with another person?,"No, it only shows a person working alone.","Yes, the video contains an interaction with another person who is partially visible in the background.",64,1
6baa36c1-e4d0-4dbd-97b2-dff48ecf796e,Does the frame convey the completion of the task?,"No, the task appears to be in progress.","Yes, the frame shows the person's hands holding the tool, indicating that the task is complete.",64,1
6baa36c1-e4d0-4dbd-97b2-dff48ecf796e,Did the rubbing of the surface happen before walking outside?,No,"Yes, the person was seen rubbing the surface before walking outside.",64,1
6baa36c1-e4d0-4dbd-97b2-dff48ecf796e,Is the scraper held after removing unwanted cover from the surface?,Yes,Yes.,64,1
6baa36c1-e4d0-4dbd-97b2-dff48ecf796e,Does the unwanted cover get removed before the surface is rubbed?,Yes,"Yes, the unwanted cover is removed before the surface is rubbed.",64,1
6baa36c1-e4d0-4dbd-97b2-dff48ecf796e,Did walking outside occur before holding the scraper?,Yes,"Yes, walking outside occurred before holding the scraper.",64,1
6baa36c1-e4d0-4dbd-97b2-dff48ecf796e,What happens before the surface is rubbed?,Unwanted cover is removed.,"Before the surface is rubbed, the person uses a hammer to smooth out the paint.",64,1
6baa36c1-e4d0-4dbd-97b2-dff48ecf796e,What occurs just before the scraper is held?,The surface is rubbed.,A person wearing a blue long-sleeve shirt and a wristwatch is seen holding a red-handled scraper.,64,1
6baa36c1-e4d0-4dbd-97b2-dff48ecf796e,What takes place just before removing unwanted cover?,Being outside.,"Before removing unwanted cover, the person uses a red-handled tool to scrape off the remaining paint from the window frame.",64,1
6baa36c1-e4d0-4dbd-97b2-dff48ecf796e,What action occurs before the unwanted cover is removed a second time?,Holding the scraper.,"Before the unwanted cover is removed a second time, the person uses a hammer to scrape off the remaining paint from the wall.",64,1
6baa36c1-e4d0-4dbd-97b2-dff48ecf796e,Did I stare at the wood surface before removing the unwanted cover?,No,"Yes, you stared at the wood surface before removing the unwanted cover.",64,1
6baa36c1-e4d0-4dbd-97b2-dff48ecf796e,Did I rub the surface after removing the unwanted cover?,Yes,"Yes, the person removed the unwanted cover and then rubbed the surface to remove any remaining debris.",64,1
6baa36c1-e4d0-4dbd-97b2-dff48ecf796e,Did I remove the unwanted cover before walking outside?,Yes,"Yes, the person removed the unwanted cover before walking outside.",64,1
6baa36c1-e4d0-4dbd-97b2-dff48ecf796e,What happened before I held the scraper?,Removed unwanted cover and stared at the surface,"Before I held the scraper, I was holding a red-handled tool.",64,1
6baa36c1-e4d0-4dbd-97b2-dff48ecf796e,What occurred just before walking outside?,Removed the unwanted cover,"Just before walking outside, the person was seen holding a ladder, indicating they were preparing to climb.",64,1
6baa36c1-e4d0-4dbd-97b2-dff48ecf796e,What takes place right before removing the unwanted cover?,"Nothing, it's the initial action","A person wearing a blue long-sleeve shirt and a wristwatch is seen holding a red-handled tool, possibly a hammer or a similar tool, and is preparing to remove the unwanted cover.",64,1
6baa36c1-e4d0-4dbd-97b2-dff48ecf796e,What action occurred immediately before rubbing the surface?,Removed unwanted cover,The person began to rub the surface with the tool.,64,1
e58207f1-84ec-424b-a997-ff64a57eb13b,What is the setting of the video clip?,The setting is inside a house.,"The setting of the video clip is an office or workspace with a modern and minimalist design, featuring a large window, a white wall, and a black door.",64,1
e58207f1-84ec-424b-a997-ff64a57eb13b,What activity occurs in the scene?,Walking around and checking items.,"A person wearing a black jacket and sunglasses is seen walking through a hallway, passing by a person in a green shirt and white shorts, and interacting with a piece of paper.",64,1
e58207f1-84ec-424b-a997-ff64a57eb13b,Are there multiple people in the video?,"Yes, two people are present.","Yes, there are multiple people in the video, including a person in a black jacket and sunglasses, a person in a black shirt and sunglasses, and another person in a black jacket and sunglasses.",64,1
e58207f1-84ec-424b-a997-ff64a57eb13b,Did I exit the house during the video?,No.,"Yes, you exited the house during the video.",64,1
e58207f1-84ec-424b-a997-ff64a57eb13b,Did I ignore any rooms while checking?,No.,"No, you did not ignore any rooms while checking.",64,1
e58207f1-84ec-424b-a997-ff64a57eb13b,Did the interaction with the other person seem hostile?,No.,"No, the interaction with the other person seemed friendly and casual.",64,1
e58207f1-84ec-424b-a997-ff64a57eb13b,Did I find anything unusual in the items?,The video does not indicate that.,"Yes, there is a red object on the floor near the person.",64,1
e58207f1-84ec-424b-a997-ff64a57eb13b,What setting is introduced in this video clip?,An interior of a house.,"The video introduces a modern, well-lit interior space with a spacious room, a large window, and a hallway leading to another room.",64,1
e58207f1-84ec-424b-a997-ff64a57eb13b,What objects are central to the scene in this video?,A magazine and a woman.,"The central objects in the scene are a person wearing a black jacket, a person in a black shirt, a person in a black jacket and sunglasses, a person in a black shirt and sunglasses, a person in a black jacket and sunglasses, a person in a black shirt and sunglasses, a person in a black jacket and sunglasses, a person in a black shirt and sunglasses, a person in a black jacket and sunglasses, a person in a black shirt and sunglasses, a person in a black jacket and sunglasses, a person in a black shirt and sunglasses, a person in a black jacket and sunglasses, a person in a black shirt and sunglasses, a person in a black jacket and sunglasses, a person in a black shirt and sunglasses, a person in a black jacket and sunglasses, a person in a black shirt and sunglasses, a person in a black jacket and sunglasses, a person in a black shirt and sunglasses, a person in a black jacket and sunglasses, a person in a black shirt and sunglasses, a person in a black jacket and sunglasses, a person in a black shirt and sunglasses, a person in a black jacket and sunglasses, a person in a black shirt and sunglasses, a person in a black jacket and sunglasses, a person in a black shirt and sunglasses, a",64,1
e58207f1-84ec-424b-a997-ff64a57eb13b,Describe the layout of the room shown.,Room with large windows and modern lighting.,"The room is spacious with a high ceiling, featuring a large window that allows natural light to flood the space. The floor is polished, reflecting the light from the ceiling. The room is furnished with a gray sofa, a white armchair, a black side table, and a white coffee table. There is also a black and white patterned rug on the floor. A large window with a view of greenery is visible, and a black and white patterned rug is placed in the center of the room. A white door with a red circular design is located on the right side of the room. The walls are painted white, and there is a black and white patterned rug on the floor near the door. The ceiling has exposed pipes and ductwork, adding to the industrial aesthetic of the space.",64,1
e58207f1-84ec-424b-a997-ff64a57eb13b,What activity dominates this scene?,Reading and interacting with another person.,"The activity that dominates this scene is the person sitting on the couch, holding a magazine and reading it.",64,1
e58207f1-84ec-424b-a997-ff64a57eb13b,What is the relationship between the primary elements in this scene?,They involve engagement with reading material and human interaction.,"The relationship between the primary elements in this scene is that of a person in a modern, well-lit office space, interacting with objects and people around them.",64,1
e58207f1-84ec-424b-a997-ff64a57eb13b,What action am I performing in these frames?,Holding and looking at a magazine.,"In these frames, you are performing the action of holding a magazine and flipping through its pages.",64,1
e58207f1-84ec-424b-a997-ff64a57eb13b,What activity follows holding the magazine?,Looking at the magazine.,"Following holding the magazine, the person walks towards the camera, holding the magazine, and then turns to face the camera.",64,1
e58207f1-84ec-424b-a997-ff64a57eb13b,Did I hold the magazine before walking around the house?,No,"Yes, you held the magazine before walking around the house.",64,1
e58207f1-84ec-424b-a997-ff64a57eb13b,Did I look at the magazine before walking around with another person?,Yes,"Yes, you did.",64,1
e58207f1-84ec-424b-a997-ff64a57eb13b,Was the magazine held after checking on items in the house?,No,"Yes, the magazine was held after checking on items in the house.",64,1
e58207f1-84ec-424b-a997-ff64a57eb13b,What do I do just before interacting with the woman?,Holding the magazine,You should approach the woman and engage in a conversation.,64,1
e58207f1-84ec-424b-a997-ff64a57eb13b,What action is performed just before I check on items?,Walking around the house,"Just before I check on items, a person wearing a black jacket and sunglasses is seen holding a black object, possibly a phone or a remote control.",64,1
e58207f1-84ec-424b-a997-ff64a57eb13b,What happens right before I hold the magazine?,Walking with another person,"A person wearing a black hoodie and sunglasses walks into the room, holding a magazine.",64,1
e58207f1-84ec-424b-a997-ff64a57eb13b,What is done immediately before walking around the house?,Being inside the house,"Immediately before walking around the house, the person is seen holding a piece of paper and a remote control.",64,1
e58207f1-84ec-424b-a997-ff64a57eb13b,What does the environment indicate about the video's setting?,"The video is set in a modern, well-lit living space.","The environment indicates a modern, well-lit, and spacious office or living area with a focus on comfort and functionality.",64,1
e58207f1-84ec-424b-a997-ff64a57eb13b,What activity is being undertaken in the living area?,Reading and interacting with another person.,The activity being undertaken in the living area is reading a magazine.,64,1
e58207f1-84ec-424b-a997-ff64a57eb13b,Describe the indoor setting captured in the video.,"A living room with a TV unit, books, and seating areas.","The video captures a modern, well-lit interior space with a high ceiling, exposed ductwork, and a large window that allows natural light to flood the room. The room features a gray sofa, a white armchair, and a black chair, all arranged around a glass coffee table. A person wearing a black jacket and sunglasses is seen sitting on the gray sofa, holding a magazine. The person is later seen standing near the window, looking out. The room also includes a black floor lamp, a white lamp, and a red circular object on the floor. The ceiling has multiple light fixtures, and the walls are adorned with framed pictures and a large red circular object. The video concludes with the person standing near the window, looking out, and the room's interior still visible.",64,1
e58207f1-84ec-424b-a997-ff64a57eb13b,What items in the room indicate leisure activities?,A television and books suggest leisure or relaxation.,"The presence of a magazine on the coffee table, a potted plant, and a small table with a lamp indicate leisure activities.",64,1
e58207f1-84ec-424b-a997-ff64a57eb13b,What furnishings can be observed in the video scene?,"A TV stand, shelves, and magazines can be seen.","The furnishings include a gray sofa, a white armchair, a glass coffee table, a small side table with a lamp, a white ottoman, a black and white striped ottoman, a white rug, a small side table with a lamp, a white ottoman, a black and white striped ottoman, a white rug, a small side table with a lamp, a white ottoman, a black and white striped ottoman, a white rug, a small side table with a lamp, a white ottoman, a black and white striped ottoman, a white rug, a small side table with a lamp, a white ottoman, a black and white striped ottoman, a white rug, a small side table with a lamp, a white ottoman, a black and white striped ottoman, a white rug, a small side table with a lamp, a white ottoman, a black and white striped ottoman, a white rug, a small side table with a lamp, a white ottoman, a black and white striped ottoman, a white rug, a small side table with a lamp, a white ottoman, a black and white striped ottoman, a white rug, a small side table with a lamp, a white ottoman, a",64,1
e58207f1-84ec-424b-a997-ff64a57eb13b,What actions are performed by the individual regarding the books?,The individual is turning the pages and reading a book.,"The individual is seen holding a book and reading it, and later picks up a magazine from the floor.",64,1
e58207f1-84ec-424b-a997-ff64a57eb13b,How does the person engage with the media in the room?,The person seems to ignore the TV and focuses on the book.,The person engages with the media by holding a magazine with the cover 'Stand Up for Your Hair' and reading it.,64,1
e58207f1-84ec-424b-a997-ff64a57eb13b,Did the person read a book in the video?,Yes.,Yes.,64,1
e58207f1-84ec-424b-a997-ff64a57eb13b,Did the individual change the page of the book at least once?,Yes.,"Yes, the individual changed the page of the book by turning the page and looking at the new page.",64,1
e58207f1-84ec-424b-a997-ff64a57eb13b,Did the person have an interaction with someone in the room?,Yes.,"Yes, the person was seen holding a magazine and interacting with someone in the room.",64,1
e58207f1-84ec-424b-a997-ff64a57eb13b,"In the video, is the magazine held before turning book pages?",Yes.,Yes,64,1
e58207f1-84ec-424b-a997-ff64a57eb13b,Is the book read after interacting with a woman?,No.,Yes.,64,1
e58207f1-84ec-424b-a997-ff64a57eb13b,"In the video, does looking around occur before holding the magazine?",No.,"No, looking around does not occur before holding the magazine; it only happens after the person is shown reading the magazine.",64,1
e58207f1-84ec-424b-a997-ff64a57eb13b,What is done just before interacting with a woman?,Looking at the magazine.,"Just before interacting with a woman, the person is seen holding a magazine with the headline 'Get the best hair ever!'",64,1
e58207f1-84ec-424b-a997-ff64a57eb13b,What occurs just before turning book pages?,Looking around.,"A person holding a book with a yellow cover appears, holding it up to the camera.",64,1
e58207f1-84ec-424b-a997-ff64a57eb13b,What is performed just before reading a book?,Turning book pages.,"A person is seen holding a book, possibly reading or examining it.",64,1
e58207f1-84ec-424b-a997-ff64a57eb13b,"In the video sequence, what is done before interacting with a different woman?",Reading a book.,"Before interacting with a different woman, the person in the black hoodie and sunglasses is seen holding a magazine with the headline 'FUEGO' and the cover featuring a man and a woman.",64,1
e58207f1-84ec-424b-a997-ff64a57eb13b,Did I walk around the house before holding the magazine?,Yes.,"Yes, you walked around the house before holding the magazine.",64,1
e58207f1-84ec-424b-a997-ff64a57eb13b,Was the magazine held before reading a book?,Yes.,"Yes, the magazine was held before reading a book.",64,1
e58207f1-84ec-424b-a997-ff64a57eb13b,Did reading a book happen before walking around the house?,No.,"Yes, the person was seen holding a book before walking around the house.",64,1
e58207f1-84ec-424b-a997-ff64a57eb13b,What occurs just before reading a book?,Turn book pages.,"A person walks into the room, holding a magazine.",64,1
e58207f1-84ec-424b-a997-ff64a57eb13b,What action takes place before walking around the house?,No preceding action mentioned.,"Before walking around the house, the person is seen holding a book and a magazine, and then walks towards the camera.",64,1
e58207f1-84ec-424b-a997-ff64a57eb13b,What is the location setting in this video clip?,Inside a house.,"The location setting in this video clip is a modern office or workspace with a high ceiling, exposed ductwork, and large windows that allow natural light to flood the space.",64,1
e58207f1-84ec-424b-a997-ff64a57eb13b,Describe the atmosphere of the scene.,"A casual, indoor environment.","The atmosphere of the scene is calm and serene, with natural light streaming in through large windows, creating a bright and airy environment. The room is well-lit with a combination of natural and artificial light, and the presence of plants and decorative items adds a touch of warmth and homeliness.",64,1
e58207f1-84ec-424b-a997-ff64a57eb13b,What is the relationship between the participants in the video?,They appear to be acquaintances.,"The relationship between the participants in the video is not explicitly stated, but they appear to be engaged in a casual, relaxed activity in a modern, well-lit office or living space.",64,1
e58207f1-84ec-424b-a997-ff64a57eb13b,Did the characters engage in any recreational activity?,"Yes, they read magazines.","Yes, the characters engaged in a recreational activity by holding a magazine and reading it together.",64,1
e58207f1-84ec-424b-a997-ff64a57eb13b,Did the characters sit down for a formal meeting?,No.,"No, the characters did not sit down for a formal meeting; they were engaged in casual conversation.",64,1
e58207f1-84ec-424b-a997-ff64a57eb13b,Are the characters in the video clip outdoors?,No.,No.,64,1
e58207f1-84ec-424b-a997-ff64a57eb13b,Is there any sign of an argument happening in the video?,No.,"Yes, there is a hand holding a magazine with the text 'the high-low list' visible, suggesting a possible argument or discussion.",64,1
e58207f1-84ec-424b-a997-ff64a57eb13b,Did the characters watch television in the clip?,No.,"Yes, the characters watched television in the clip.",64,1
e58207f1-84ec-424b-a997-ff64a57eb13b,Is there any physical activity performed by the characters?,No.,"No, there is no physical activity performed by the characters.",64,1
e58207f1-84ec-424b-a997-ff64a57eb13b,Does reading a book happen before talking to the woman?,Yes.,"Yes, the book is opened and held in front of the woman before she starts talking.",64,1
e58207f1-84ec-424b-a997-ff64a57eb13b,Is looking around done before turning book pages?,Yes.,"Yes, looking around is done before turning book pages.",64,1
e58207f1-84ec-424b-a997-ff64a57eb13b,What occurs just before reading the magazines?,Talking to each other.,"A person walks into the room, holding a magazine, and starts flipping through its pages.",64,1
e58207f1-84ec-424b-a997-ff64a57eb13b,What takes place immediately before looking around?,Turning book pages.,"A person wearing a black jacket and sunglasses walks towards the camera, holding a magazine.",64,1
e58207f1-84ec-424b-a997-ff64a57eb13b,What action is performed just before talking to each other?,Looking around.,"Just before talking to each other, the person in the black hoodie is seen holding a magazine with the title 'The High-End List' and the cover featuring a woman's face.",64,1
e58207f1-84ec-424b-a997-ff64a57eb13b,Did I look around before holding the magazine?,No.,"Yes, you looked around before holding the magazine.",64,1
e58207f1-84ec-424b-a997-ff64a57eb13b,What activities were performed in the room?,Reading a magazine and making coffee.,"The activities performed in the room included a person sitting on a couch, a person sitting on a chair, a person standing and looking out the window, a person sitting on a couch, a person sitting on a chair, a person sitting on a couch, a person sitting on a chair, a person sitting on a chair, a person sitting on a chair, a person sitting on a chair, a person sitting on a chair, a person sitting on a chair, a person sitting on a chair, a person sitting on a chair, a person sitting on a chair, a person sitting on a chair, a person sitting on a chair, a person sitting on a chair, a person sitting on a chair, a person sitting on a chair, a person sitting on a chair, a person sitting on a chair, a person sitting on a chair, a person sitting on a chair, a person sitting on a chair, a person sitting on a chair, a person sitting on a chair, a person sitting on a chair, a person sitting on a chair, a person sitting on a chair, a person sitting on a chair, a person sitting on a chair, a person sitting on a chair, a person sitting on a chair, a person sitting on a chair, a person",64,1
e58207f1-84ec-424b-a997-ff64a57eb13b,Describe the environment where the actions occurred.,"A room with a seated person, magazine, and phone.","The environment is a modern, well-lit office or living area with a high ceiling, large windows, and a sleek, minimalist design. The room features a glass wall, a television on a stand, a sofa, a coffee table, and a potted plant. There is also a person standing near the glass wall, holding a book or magazine, and another person sitting on a chair near the window. The floor is reflective, and the ceiling has exposed ductwork and lighting fixtures.",64,1
e58207f1-84ec-424b-a997-ff64a57eb13b,What devices were used in the scenario?,A magazine and a phone.,"The scenario involved using a smartphone to take a photo of a person, a television, a laptop, a remote control, a lamp, a plant, a chair, a sofa, a television, a remote control, a lamp, a plant, a chair, a sofa, a television, a remote control, a lamp, a plant, a chair, a sofa, a television, a remote control, a lamp, a plant, a chair, a sofa, a television, a remote control, a lamp, a plant, a chair, a sofa, a television, a remote control, a lamp, a plant, a chair, a sofa, a television, a remote control, a lamp, a plant, a chair, a sofa, a television, a remote control, a lamp, a plant, a chair, a sofa, a television, a remote control, a lamp, a plant, a chair, a sofa, a television, a remote control, a lamp, a plant, a chair, a sofa, a television, a remote control, a lamp, a plant, a chair, a sofa, a television, a remote control, a lamp, a plant, a chair, a sofa, a television, a remote control, a lamp, a",64,1
e58207f1-84ec-424b-a997-ff64a57eb13b,What was the person doing with the magazine?,The person was reading the magazine.,"The person was flipping through the pages of the magazine, turning the pages to read the text.",64,1
e58207f1-84ec-424b-a997-ff64a57eb13b,What activity followed reading the magazine?,The person operated the phone.,"Following reading the magazine, the person turned to the right and walked towards the glass door, then turned back towards the magazine, picked it up, and began flipping through its pages.",64,1
e58207f1-84ec-424b-a997-ff64a57eb13b,Did the person remain seated throughout?,"No, they got up to make coffee.","Yes, the person remained seated throughout the video.",64,1
e58207f1-84ec-424b-a997-ff64a57eb13b,Did the person leave the room?,"No, the actions happened in the room.",Yes,64,1
e58207f1-84ec-424b-a997-ff64a57eb13b,Did the person use a laptop?,"No, the person used a phone.","No, the person did not use a laptop.",64,1
e58207f1-84ec-424b-a997-ff64a57eb13b,Did I talk to the woman before reading the magazine?,Yes,"Yes, the woman was seen walking towards the camera before reading the magazine.",64,1
e58207f1-84ec-424b-a997-ff64a57eb13b,Did I read the magazine before making coffee?,Yes,"Yes, you read the magazine before making coffee.",64,1
e58207f1-84ec-424b-a997-ff64a57eb13b,Did I operate the phone before talking to the woman?,No,"Yes, you operated the phone before talking to the woman.",64,1
e58207f1-84ec-424b-a997-ff64a57eb13b,Did I make coffee before sitting in the room?,No,"Yes, you made coffee before sitting in the room.",64,1
e58207f1-84ec-424b-a997-ff64a57eb13b,Did I make coffee before reading a magazine?,No,"Yes, you made coffee before reading a magazine.",64,1
e58207f1-84ec-424b-a997-ff64a57eb13b,Did I interact with the woman before reading the book?,Yes,"Yes, before reading the book, I interacted with the woman by holding the book and looking at the magazine.",64,1
e58207f1-84ec-424b-a997-ff64a57eb13b,Was the magazine read before interacting with the woman?,No,"Yes, the magazine was read before interacting with the woman.",64,1
e58207f1-84ec-424b-a997-ff64a57eb13b,Was the phone operated before making coffee?,Yes,"Yes, the phone was operated before making coffee.",64,1
e58207f1-84ec-424b-a997-ff64a57eb13b,What occurs just before I make coffee?,Operate the phone,"Just before I make coffee, a person walks into the room, holding a book titled 'THE HIGH-LOW LIST'.",64,1
e58207f1-84ec-424b-a997-ff64a57eb13b,What do I do before reading the magazine?,Talk to the woman,"Before reading the magazine, you should first open the magazine and look at the front cover.",64,1
e58207f1-84ec-424b-a997-ff64a57eb13b,What is done just before looking around?,Turn book pages,"Just before looking around, the person is seen holding a magazine with the title 'THE HIGH-LOW LIST' and other images on the cover.",64,1
e58207f1-84ec-424b-a997-ff64a57eb13b,What action takes place before reading the book?,Look around,"Before reading the book, the person picks up the magazine and starts flipping through its pages.",64,1
e58207f1-84ec-424b-a997-ff64a57eb13b,Describe the setting where the activity is taking place.,The activity is in an indoor room with modern furnishings.,"The activity is taking place in a modern, well-lit office or meeting room with a high ceiling, large windows, and a sleek, contemporary design. The room features a glass wall, a black door, and a white sofa with a gray cushion. There is a person in a black jacket and sunglasses sitting on the sofa, and another person in a green jacket and sunglasses standing near the window. The room also has a coffee table with a remote control and a plant, and a television mounted on the wall.",64,1
e58207f1-84ec-424b-a997-ff64a57eb13b,Identify the furniture used by the individuals in the clip.,Chairs are used for seating during the card game.,"The individuals are seated on a gray sofa, a white armchair, and a gray armchair.",64,1
e58207f1-84ec-424b-a997-ff64a57eb13b,Did the individual participate in a recreational game?,Yes.,"Yes, the individual participated in a recreational game, as they were seen holding a game board and interacting with it.",64,1
e58207f1-84ec-424b-a997-ff64a57eb13b,Was there any interaction with another person during the game?,Yes.,"Yes, another person, wearing a black jacket and sunglasses, was seen holding a card and interacting with the game, possibly discussing or playing with the cards.",64,1
e58207f1-84ec-424b-a997-ff64a57eb13b,Does the setting include contemporary room decor?,Yes.,Yes.,64,1
e58207f1-84ec-424b-a997-ff64a57eb13b,Name one activity that is clearly not happening in this scene.,Cooking food is clearly not happening in this scene.,"The activity that is clearly not happening in this scene is the person sitting on the couch, as they are not interacting with the person in the black jacket.",64,1
e58207f1-84ec-424b-a997-ff64a57eb13b,What parallel activity accompanies the main action in this clip?,A discussion with another person accompanies the main action.,The parallel activity is playing a board game.,64,1
e58207f1-84ec-424b-a997-ff64a57eb13b,Is there a creative or construction-related task shown?,"Yes, arranging wooden bricks can be considered a construction-related task.","Yes, there is a creative or construction-related task shown, as the person is seen holding a construction-related item.",64,1
e58207f1-84ec-424b-a997-ff64a57eb13b,Does the video show any form of artistic painting?,No.,"Yes, the video shows a large, colorful abstract painting on the wall.",64,1
e58207f1-84ec-424b-a997-ff64a57eb13b,Is there a solo performance happening in the video?,No.,Yes.,64,1
e58207f1-84ec-424b-a997-ff64a57eb13b,Did I interact with Lady A after I sat on the chair?,Yes.,"Yes, after sitting on the chair, Lady A picked up a blue cup and placed it on the coffee table.",64,1
e58207f1-84ec-424b-a997-ff64a57eb13b,What happens just before I sit on the chair?,Entering the room.,"Just before I sit on the chair, the person in the black hoodie is seen holding a black object, possibly a remote control or a phone, and appears to be interacting with it.",64,1
e58207f1-84ec-424b-a997-ff64a57eb13b,What did I engage in right before sitting in a room?,I did not engage in anything; I was already seated.,You engaged in a video call with a person.,64,1
e58207f1-84ec-424b-a997-ff64a57eb13b,Where is this scene set?,In a room with another person.,"This scene is set in a modern, well-lit office or corporate space.",64,1
e58207f1-84ec-424b-a997-ff64a57eb13b,What are the main elements present in this scenario?,A Jenga game and two individuals.,"The main elements present in this scenario include a modern office space with a high ceiling, a large window, a living area with a gray sofa, a coffee table, a television, a person in a black jacket, a person in a green jacket, a person in a black jacket, a person in a black jacket, a person in a black jacket, a person in a black jacket, a person in a black jacket, a person in a black jacket, a person in a black jacket, a person in a black jacket, a person in a black jacket, a person in a black jacket, a person in a black jacket, a person in a black jacket, a person in a black jacket, a person in a black jacket, a person in a black jacket, a person in a black jacket, a person in a black jacket, a person in a black jacket, a person in a black jacket, a person in a black jacket, a person in a black jacket, a person in a black jacket, a person in a black jacket, a person in a black jacket, a person in a black jacket, a person in a black jacket, a person in a black jacket, a person in a black jacket, a person in a black jacket, a person in",64,1
e58207f1-84ec-424b-a997-ff64a57eb13b,What can be observed on the table in the video?,A Jenga tower and blocks.,"The table is cluttered with various items, including a remote control, a book, and a small plant.",64,1
e58207f1-84ec-424b-a997-ff64a57eb13b,Who is actively participating in the game shown in the video?,The person in the frame and another woman.,A person wearing a black hoodie and sunglasses is actively participating in the game.,64,1
e58207f1-84ec-424b-a997-ff64a57eb13b,How is the game of Jenga progressing in the clip?,Blocks are being stacked atop the tower.,"The game of Jenga is progressing as the person is seen placing blocks on the Jenga board, which is placed on the coffee table.",64,1
e58207f1-84ec-424b-a997-ff64a57eb13b,What is the consequence of the actions performed with the Jenga blocks?,The Jenga tower is becoming taller.,"The consequence is that the person is unable to play Jenga, as indicated by the 'Sorry! Make another one!' text on the Jenga box.",64,1
e58207f1-84ec-424b-a997-ff64a57eb13b,What action precedes placing a block atop the Jenga tower?,Removing a block from the Jenga tower.,Placing a block atop the Jenga tower precedes placing a block atop the Jenga tower.,64,1
e58207f1-84ec-424b-a997-ff64a57eb13b,Does the video show a Jenga tower on a glass table?,Yes.,Yes.,64,1
e58207f1-84ec-424b-a997-ff64a57eb13b,Are the Jenga blocks being carefully handled?,Yes.,"Yes, the Jenga blocks are being carefully handled by the person.",64,1
e58207f1-84ec-424b-a997-ff64a57eb13b,Is the Jenga tower intact at this moment in the video?,Yes.,No.,64,1
e58207f1-84ec-424b-a997-ff64a57eb13b,What action occurred just before placing the blocks atop the Jenga tower?,Took Jenga blocks from the tower,"Just before placing the blocks atop the Jenga tower, the person placed a green bottle on the coffee table.",64,1
e58207f1-84ec-424b-a997-ff64a57eb13b,What happened just before taking Jenga blocks from the tower?,Played game of Jenga,"Just before taking Jenga blocks from the tower, the person placed the Jenga blocks on the glass table, which was previously empty.",64,1
e58207f1-84ec-424b-a997-ff64a57eb13b,Did I arrange wooden bricks before playing a card game?,No,"Yes, you arranged wooden bricks before playing a card game.",64,1
e58207f1-84ec-424b-a997-ff64a57eb13b,Did I sit on a chair before talking to a lady?,Yes,"Yes, you sat on a chair before talking to a lady.",64,1
e58207f1-84ec-424b-a997-ff64a57eb13b,What activities are occurring inside the house?,Two individuals are playing Jenga.,"Inside the house, activities include a person sitting on a couch, a person standing near a doorway, a person sitting on a chair, a person standing near a window, and a person sitting on a couch.",64,1
e58207f1-84ec-424b-a997-ff64a57eb13b,What is on the table between the participants?,A Jenga tower is on the table.,There is a glass coffee table between the participants.,64,1
e58207f1-84ec-424b-a997-ff64a57eb13b,How are the participants utilizing the wooden blocks?,They are carefully pulling blocks from the Jenga tower.,The participants are using the wooden blocks to play a game of Jenga.,64,1
e58207f1-84ec-424b-a997-ff64a57eb13b,Is the Jenga tower still standing?,Yes.,"No, the Jenga tower is knocked over.",64,1
e58207f1-84ec-424b-a997-ff64a57eb13b,Has a Jenga block just been successfully moved?,Yes.,Yes,64,1
e58207f1-84ec-424b-a997-ff64a57eb13b,Are the participants seated during the game?,Yes.,"Yes, the participants are seated during the game.",64,1
e58207f1-84ec-424b-a997-ff64a57eb13b,Is there a game being played on the floor?,No.,Yes.,64,1
e58207f1-84ec-424b-a997-ff64a57eb13b,Does the frame display a competitive match in progress?,Yes.,"No, the frame does not display a competitive match in progress.",64,1
e58207f1-84ec-424b-a997-ff64a57eb13b,Did I sit on the chairs before playing Jenga?,Yes.,"Yes, you sat on the chairs before playing Jenga.",64,1
e58207f1-84ec-424b-a997-ff64a57eb13b,Did I take Jenga blocks from the tower before adding to its top?,Yes.,"Yes, you took Jenga blocks from the tower before adding to its top.",64,1
e58207f1-84ec-424b-a997-ff64a57eb13b,Did the Jenga game happen before relaxing on the chairs?,No.,"Yes, the Jenga game happened before relaxing on the chairs.",64,1
e58207f1-84ec-424b-a997-ff64a57eb13b,Was placing blocks atop the Jenga tower before taking blocks from it?,No.,Yes,64,1
e58207f1-84ec-424b-a997-ff64a57eb13b,What occurs just before placing the blocks atop the Jenga tower?,Taking Jenga blocks from the tower.,"Just before placing the blocks atop the Jenga tower, the person removes the Jenga blocks from the box and places them on the coffee table.",64,1
e58207f1-84ec-424b-a997-ff64a57eb13b,What happens just before sitting on the chairs to play?,Entering the room.,"Just before sitting on the chairs, the person picks up a green cup and a small green object, possibly a toy or a piece of paper, and places them on the coffee table.",64,1
e58207f1-84ec-424b-a997-ff64a57eb13b,Did the game start before arranging wooden bricks on a block?,No,"Yes, the game started before arranging wooden bricks on a block.",64,1
e58207f1-84ec-424b-a997-ff64a57eb13b,What is the setting of the current video clip?,The setting is inside a house.,"The setting of the current video clip is a modern, well-lit interior space with a high ceiling, large windows, and a contemporary design.",64,1
e58207f1-84ec-424b-a997-ff64a57eb13b,Describe the occupants in the house in the video.,"There are multiple individuals, both men and women.","The house is furnished with a gray sofa, a white armchair, a glass coffee table, a lamp, a plant, and a television. There is also a person sitting on the sofa, wearing a black hoodie and sunglasses, and another person standing near the television.",64,1
e58207f1-84ec-424b-a997-ff64a57eb13b,What were the individuals doing with wood in the video?,They were arranging pieces of wood.,The individuals were playing with wooden blocks and a game of Jenga.,64,1
e58207f1-84ec-424b-a997-ff64a57eb13b,What type of interaction occurred among the individuals?,They interacted with each other.,"The individuals engaged in a casual and relaxed interaction, with one person sitting on the couch and the other standing, possibly conversing or observing.",64,1
e58207f1-84ec-424b-a997-ff64a57eb13b,Are the people stationary or moving about in the clip?,They are moving about the space.,The people are moving about in the clip.,64,1
e58207f1-84ec-424b-a997-ff64a57eb13b,Is the Jenga game played before arranging wood pieces?,Yes.,"Yes, the Jenga game is played before arranging wood pieces.",64,1
e58207f1-84ec-424b-a997-ff64a57eb13b,Does sitting on chairs happen before interacting with each other?,Yes.,"Yes, sitting on chairs happens before interacting with each other.",64,1
e58207f1-84ec-424b-a997-ff64a57eb13b,Is the wood arrangement completed before the Jenga tower is built?,No.,"No, the wooden pieces are not yet fully assembled before the Jenga tower is built.",64,1
e58207f1-84ec-424b-a997-ff64a57eb13b,What happens before arranging the wood pieces?,Playing Jenga.,"Before arranging the wood pieces, the person places the box of Jenga on the coffee table and picks up the Jenga pieces.",64,1
e58207f1-84ec-424b-a997-ff64a57eb13b,What takes place before the Jenga block is touched?,Sitting down.,"Before the Jenga block is touched, the person is seen holding a Jenga box, preparing to play.",64,1
e58207f1-84ec-424b-a997-ff64a57eb13b,Did the Jenga game occur before sitting on the chairs?,No.,"Yes, the Jenga game was played before sitting on the chairs.",64,1
e58207f1-84ec-424b-a997-ff64a57eb13b,Was taking Jenga blocks from the tower after sitting on the chairs?,Yes.,Yes,64,1
e58207f1-84ec-424b-a997-ff64a57eb13b,What happened just before placing blocks atop the Jenga tower?,Taking Jenga blocks from the tower.,"Just before placing blocks atop the Jenga tower, the person removed the Jenga box from the table and placed it on the coffee table.",64,1
e58207f1-84ec-424b-a997-ff64a57eb13b,What happens before arranging the pieces of wood?,Playing the Jenga wooden blocks game.,"Before arranging the pieces of wood, the person places the box of Jenga on the coffee table and picks up the Jenga pieces.",64,1
e58207f1-84ec-424b-a997-ff64a57eb13b,What is the setting of the video clip?,An office.,"The setting of the video clip is a modern, well-lit office or meeting room with a high ceiling, large windows, and a sleek, contemporary design.",64,1
e58207f1-84ec-424b-a997-ff64a57eb13b,What activities are taking place in the clip?,Talking to a person and using a phone.,"The activities include a person sitting on a couch, a person sweeping the floor, a person sweeping the floor near a doorway, a person sweeping the floor near a doorway, a person sweeping the floor near a doorway, a person sweeping the floor near a doorway, a person sweeping the floor near a doorway, a person sweeping the floor near a doorway, a person sweeping the floor near a doorway, a person sweeping the floor near a doorway, a person sweeping the floor near a doorway, a person sweeping the floor near a doorway, a person sweeping the floor near a doorway, a person sweeping the floor near a doorway, a person sweeping the floor near a doorway, a person sweeping the floor near a doorway, a person sweeping the floor near a doorway, a person sweeping the floor near a doorway, a person sweeping the floor near a doorway, a person sweeping the floor near a doorway, a person sweeping the floor near a doorway, a person sweeping the floor near a doorway, a person sweeping the floor near a doorway, a person sweeping the floor near a doorway, a person sweeping the floor near a doorway, a person sweeping the floor near a doorway, a person sweeping the floor near a doorway, a person sweeping the floor near a doorway, a person sweeping the floor near",64,1
e58207f1-84ec-424b-a997-ff64a57eb13b,What is the primary action in the recent frames?,Engaging in a discussion and using the phone.,The primary action in the recent frames is the person in the black hoodie and white sneakers holding a broom and sweeping the floor.,64,1
e58207f1-84ec-424b-a997-ff64a57eb13b,What technology is in use in the action?,A phone.,The technology used in the action is a smartwatch.,64,1
e58207f1-84ec-424b-a997-ff64a57eb13b,Is the person alone in the scene?,No.,Yes.,64,1
e58207f1-84ec-424b-a997-ff64a57eb13b,Did I interact with others after being at the office?,Yes,"Yes, after being at the office, you interacted with others through the video.",64,1
e58207f1-84ec-424b-a997-ff64a57eb13b,Did the office scene occur before the house activities?,Yes,"Yes, the office scene occurred before the house activities.",64,1
e58207f1-84ec-424b-a997-ff64a57eb13b,What happened right before I was at the office?,I was in the house,A person entered the office and walked towards the door.,64,1
e58207f1-84ec-424b-a997-ff64a57eb13b,Did I play Jenga before arranging pieces of wood?,Yes.,"Yes, you played Jenga before arranging pieces of wood.",64,1
e58207f1-84ec-424b-a997-ff64a57eb13b,Did I use the phone before playing Jenga?,No.,"Yes, you used the phone before playing Jenga.",64,1
e58207f1-84ec-424b-a997-ff64a57eb13b,Was I at the office before playing with the Jenga blocks?,Yes.,"Yes, you were at the office before playing with the Jenga blocks.",64,1
89a95cd8-ca13-4edf-807e-d62138fd30e0,Describe the environment displayed in the video clip.,The video depicts a kitchen scenario.,"The video shows a kitchen environment with a black countertop, various kitchen utensils and appliances, and a tiled wall. The countertop is cluttered with a large metal pot, a container with flour, a yellow container, and a blue cup. The kitchen is well-equipped with a microwave, a toaster, and a spice rack. The wall has a window with a black frame and a small window above it. The floor is tiled, and there is a yellow plastic cup on the countertop. The scene is slightly blurred, indicating movement or a slow shutter speed.",64,1
89a95cd8-ca13-4edf-807e-d62138fd30e0,Identify the items being interacted with in the video clip.,Flour and onions are being used with water and a knife.,"The items being interacted with include a blue cutting board, a yellow spatula, a red spatula, a white container with a yellow lid, a black pot, a black pot with a lid, a black pot with a lid, a black pot with a lid, a black pot with a lid, a black pot with a lid, a black pot with a lid, a black pot with a lid, a black pot with a lid, a black pot with a lid, a black pot with a lid, a black pot with a lid, a black pot with a lid, a black pot with a lid, a black pot with a lid, a black pot with a lid, a black pot with a lid, a black pot with a lid, a black pot with a lid, a black pot with a lid, a black pot with a lid, a black pot with a lid, a black pot with a lid, a black pot with a lid, a black pot with a lid, a black pot with a lid, a black pot with a lid, a black pot with a lid, a black pot with a lid, a black pot with a lid, a black pot with a lid, a black pot with a lid, a black pot with a",64,1
89a95cd8-ca13-4edf-807e-d62138fd30e0,What's the main activity in the scene?,"The main activity is preparing ingredients, mixing and chopping.","The main activity in the scene is the preparation of a meal, involving mixing ingredients in a bowl and placing them on a tray.",64,1
89a95cd8-ca13-4edf-807e-d62138fd30e0,What objects are present in the scene related to the activity?,"Container of flour, a knife, and mixed dough are noticeable.","The objects present in the scene include a pot, a container with a lid, a container with a yellow lid, a container with a blue lid, a container with a yellow lid, a container with a red lid, a container with a white lid, a container with a yellow lid, a container with a red lid, a container with a white lid, a container with a yellow lid, a container with a red lid, a container with a white lid, a container with a yellow lid, a container with a red lid, a container with a white lid, a container with a yellow lid, a container with a red lid, a container with a white lid, a container with a yellow lid, a container with a red lid, a container with a white lid, a container with a yellow lid, a container with a red lid, a container with a white lid, a container with a yellow lid, a container with a red lid, a container with a white lid, a container with a yellow lid, a container with a red lid, a container with a white lid, a container with a yellow lid, a container with a red lid, a container with a white lid, a container with a yellow lid, a container with a red lid, a container",64,1
89a95cd8-ca13-4edf-807e-d62138fd30e0,Did the person use a knife on the onions?,Yes.,"Yes, the person used a knife to cut the onions on the counter.",64,1
89a95cd8-ca13-4edf-807e-d62138fd30e0,Was water added to the flour in the video?,Yes.,"Yes, water was added to the flour in the video.",64,1
89a95cd8-ca13-4edf-807e-d62138fd30e0,Did the preparation seem to be for baking?,"No, more likely for cooking.","Yes, the preparation seems to be for baking, as indicated by the presence of a baking tray and the use of a mixer.",64,1
89a95cd8-ca13-4edf-807e-d62138fd30e0,Describe the environment where the cooking is taking place.,The cooking is taking place in a kitchen.,"The cooking is taking place in a small, cluttered kitchen with white tiled walls and a tiled floor. The kitchen is filled with various utensils, pots, and containers, and there is a window with a curtain on the right side. The floor is tiled, and there is a sink with a faucet on the left side.",64,1
89a95cd8-ca13-4edf-807e-d62138fd30e0,What step is being performed with the pan?,Oil is being poured into the pan.,"The person is pouring a liquid from a container into the pan, likely to cook or mix the contents.",64,1
89a95cd8-ca13-4edf-807e-d62138fd30e0,Are there any other objects visible associated with cooking?,"Yes, there are kitchen utensils and containers.","Yes, there are various cooking utensils and containers visible, including a blue container with a red lid, a yellow container with a pink lid, and a black pot with a black lid.",64,1
89a95cd8-ca13-4edf-807e-d62138fd30e0,Are there any ingredients ready to be cooked?,"Yes, there are chopped ingredients on the cutting board.","Yes, there are ingredients ready to be cooked on the stove, including a bowl of chickpeas and a bottle of water.",64,1
89a95cd8-ca13-4edf-807e-d62138fd30e0,What is implied by the action of pouring oil in the pan?,The person is preparing to cook or fry food.,"The action of pouring oil in the pan implies that the cooking process is about to begin, as oil is commonly used in cooking to prevent sticking and to add flavor to the food being prepared.",64,1
89a95cd8-ca13-4edf-807e-d62138fd30e0,What will likely happen next in the cooking process?,The food will be added to the heated oil for cooking.,"Next, the person will likely pour the contents of the plastic container into the pot on the stove, which will likely start cooking.",64,1
89a95cd8-ca13-4edf-807e-d62138fd30e0,Did the person start cooking as soon as the video began?,No.,"Yes, the person began cooking as soon as the video began.",64,1
89a95cd8-ca13-4edf-807e-d62138fd30e0,Has the person used any kitchen utensils yet?,Yes.,"Yes, the person has used a spatula to stir the contents of the pot.",64,1
89a95cd8-ca13-4edf-807e-d62138fd30e0,Is the person cooking unattended or seen in the frame?,"The person is unattended, not seen in the frame.","The person is seen in the frame, actively engaged in cooking.",64,1
89a95cd8-ca13-4edf-807e-d62138fd30e0,Has the heat been turned on under the pan yet?,No.,"Yes, the heat has been turned on under the pan.",64,1
89a95cd8-ca13-4edf-807e-d62138fd30e0,"In the video, does mixing flour with water happen before cutting onions?",Yes.,"Yes, the person mixes flour with water before cutting onions.",64,1
89a95cd8-ca13-4edf-807e-d62138fd30e0,Is cooking the food shown before opening the door in the video?,Yes.,Yes.,64,1
89a95cd8-ca13-4edf-807e-d62138fd30e0,"In the video, does pouring oil in the pan occur after cutting onions?",Yes.,"Yes, the video shows the person pouring oil into the pan after cutting onions.",64,1
89a95cd8-ca13-4edf-807e-d62138fd30e0,"In the video, is oil poured into the pan before cooking the food?",No.,Yes,64,1
89a95cd8-ca13-4edf-807e-d62138fd30e0,What is the setting of the video clip?,The setting is a kitchen.,"The setting of the video clip is a kitchen with a tiled wall, a sink, and various kitchen utensils and appliances.",64,1
89a95cd8-ca13-4edf-807e-d62138fd30e0,What tasks are being performed in the scene?,"Cooking food, cleaning the counter, rolling dough.","The tasks being performed in the scene include washing vegetables, pouring water, and preparing ingredients for cooking.",64,1
89a95cd8-ca13-4edf-807e-d62138fd30e0,Can you caption the cleaning action in the clip?,Tidying up the kitchen counter.,"Yes, the caption for the cleaning action in the clip would be: 'Cleaning the kitchen counter with a sponge and a cloth.'",64,1
89a95cd8-ca13-4edf-807e-d62138fd30e0,How is the dough being prepared?,The dough is being rolled.,The dough is being prepared by pouring it into a pot on the stove and then stirring it with a spatula.,64,1
89a95cd8-ca13-4edf-807e-d62138fd30e0,Does the video show someone cooking?,Yes.,"Yes, the video shows someone cooking, as indicated by the person pouring a liquid from a container into a pot and stirring the contents.",64,1
89a95cd8-ca13-4edf-807e-d62138fd30e0,Is the counter being cleaned in the video?,Yes.,Yes,64,1
89a95cd8-ca13-4edf-807e-d62138fd30e0,Is there a scene of rolling dough in the video?,Yes.,Yes.,64,1
89a95cd8-ca13-4edf-807e-d62138fd30e0,Does rolling the dough happen before cleaning the counter?,No,"Yes, the person rolls the dough before cleaning the counter.",64,1
89a95cd8-ca13-4edf-807e-d62138fd30e0,Is the food cooked after I clean the counter?,Yes,"Yes, the food is cooked after I clean the counter.",64,1
89a95cd8-ca13-4edf-807e-d62138fd30e0,"Before the food is cooked, what do I do?",In the kitchen.,"Before the food is cooked, you should pour the contents of the container into the pot and then add the chickpeas to the pot.",64,1
89a95cd8-ca13-4edf-807e-d62138fd30e0,What occurs just before I clean the counter?,Cook food.,"A hand holding a plastic container appears, and the counter is cleaned.",64,1
89a95cd8-ca13-4edf-807e-d62138fd30e0,"In the video, what takes place right before rolling the dough?",Clean the counter.,"Right before rolling the dough, the person pours water from a bottle into a bowl and then places the bowl on the counter.",64,1
89a95cd8-ca13-4edf-807e-d62138fd30e0,"In the video, does the mixing of flour with water happen before cutting the onions?",Yes,"Yes, the mixing of flour with water happens before cutting the onions.",64,1
89a95cd8-ca13-4edf-807e-d62138fd30e0,What is the setting of the video clip?,"Inside a house, in the kitchen.","The setting of the video clip is a kitchen with a tiled wall, a sink, and various kitchen utensils and appliances.",64,1
89a95cd8-ca13-4edf-807e-d62138fd30e0,What activity is depicted in the scene?,Making dough for cooking.,"The scene depicts a person preparing food in a kitchen, specifically mixing ingredients in a pot and pouring them into a container.",64,1
89a95cd8-ca13-4edf-807e-d62138fd30e0,What tools are being utilized in the scene?,"Hands, rolling pin, flour container.","A person is using a hand mixer to mix ingredients in a pot, and a hand is holding a container of chickpeas.",64,1
89a95cd8-ca13-4edf-807e-d62138fd30e0,Where specifically is the dough preparation taking place?,On a newspaper-covered surface.,"The dough preparation is taking place in a kitchen, specifically on a countertop.",64,1
89a95cd8-ca13-4edf-807e-d62138fd30e0,What is the immediate environment around the dough-making area?,Nearby kitchen appliances and utensils.,"The immediate environment around the dough-making area is a kitchen with various utensils and containers on the counter, a sink, and a window with a curtain.",64,1
89a95cd8-ca13-4edf-807e-d62138fd30e0,What is the main action taking place in these frames?,The dough is being rolled out.,"The main action taking place in these frames is the preparation of a dish, specifically mixing ingredients in a pot and then pouring the contents into a bowl.",64,1
89a95cd8-ca13-4edf-807e-d62138fd30e0,What action precedes the rolling of the dough?,Dipping the dough in flour.,The action that precedes the rolling of the dough is pouring oil into the pot.,64,1
89a95cd8-ca13-4edf-807e-d62138fd30e0,How is the dough initially shaped?,It is shaped by hand.,"The dough is initially shaped into small, round pieces.",64,1
89a95cd8-ca13-4edf-807e-d62138fd30e0,What is the purpose of the flour in the dough rolling process?,To prevent sticking to the rolling pin.,"The flour is used to add moisture and structure to the dough, making it more pliable and easier to roll out.",64,1
89a95cd8-ca13-4edf-807e-d62138fd30e0,What may likely be the next step after rolling the dough?,Cutting or shaping the dough for cooking.,"After rolling the dough, the next step might be to transfer it to a baking sheet or a pan for cooking.",64,1
89a95cd8-ca13-4edf-807e-d62138fd30e0,Did the person use a rolling pin in the video?,Yes.,"Yes, the person used a rolling pin to mix the ingredients in the pot.",64,1
89a95cd8-ca13-4edf-807e-d62138fd30e0,Did the dough-making happen on a bare countertop?,No.,"Yes, the dough-making happened on a bare countertop.",64,1
89a95cd8-ca13-4edf-807e-d62138fd30e0,Was an electrical appliance used to roll the dough?,No.,"Yes, an electrical appliance was used to roll the dough.",64,1
89a95cd8-ca13-4edf-807e-d62138fd30e0,Did the person complete the dough rolling in one try?,"Not specified, unclear.","Yes, the person completed the dough rolling in one try.",64,1
89a95cd8-ca13-4edf-807e-d62138fd30e0,Is the flour container closed in the scene?,Yes.,"Yes, the flour container is closed in the scene.",64,1
89a95cd8-ca13-4edf-807e-d62138fd30e0,"In the video, is the dough rolled with hands before it's dipped in flour?",Yes,"Yes, the dough is rolled with hands before it's dipped in flour.",64,1
89a95cd8-ca13-4edf-807e-d62138fd30e0,Is the food cooked before the counter is cleaned?,Yes,"Yes, the food is cooked before the counter is cleaned.",64,1
89a95cd8-ca13-4edf-807e-d62138fd30e0,Does the dough rolling with a rolling pin happen after hand rolling?,Yes,"Yes, after hand rolling, the dough is transferred to a metal bowl and then rolled again with a rolling pin.",64,1
89a95cd8-ca13-4edf-807e-d62138fd30e0,Is the counter cleaned before the dough is rolled with hands?,Yes,"Yes, the counter is cleaned before the dough is rolled with hands.",64,1
89a95cd8-ca13-4edf-807e-d62138fd30e0,"In the video, is the rolling pin used before the dough is dipped in flour?",Yes,"Yes, the rolling pin is used to roll out the dough before dipping it in flour.",64,1
89a95cd8-ca13-4edf-807e-d62138fd30e0,What is done just before the dough is dipped in flour?,Roll dough with hands,"Just before the dough is dipped in flour, the person pours the flour into the pot and then uses a ladle to scoop the flour from the pot.",64,1
89a95cd8-ca13-4edf-807e-d62138fd30e0,What action is performed before cleaning the counter?,Cook food,"Before cleaning the counter, a hand is seen pouring a liquid from a bottle into a container, likely to clean the surface.",64,1
89a95cd8-ca13-4edf-807e-d62138fd30e0,What activity happens before the dough is rolled with hands?,Nothing is specified before hand rolling,"Before the dough is rolled with hands, the person pours water from a bottle into a pot on the stove.",64,1
89a95cd8-ca13-4edf-807e-d62138fd30e0,Was the counter cleaned after cooking food?,Yes,"Yes, the counter was cleaned after cooking food.",64,1
89a95cd8-ca13-4edf-807e-d62138fd30e0,Did I roll the dough before dipping it in flour?,No,"Yes, you rolled the dough before dipping it in flour.",64,1
89a95cd8-ca13-4edf-807e-d62138fd30e0,Did I roll dough with hands before rolling it with a rolling pin?,Yes,"Yes, you rolled dough with your hands before rolling it with a rolling pin.",64,1
89a95cd8-ca13-4edf-807e-d62138fd30e0,What happens right before I dip the dough in flour?,Rolling the dough with hands,A hand holding a blue container with a yellow lid appears and dips the dough into the container.,64,1
89a95cd8-ca13-4edf-807e-d62138fd30e0,What action occurs just before I roll the dough with a rolling pin?,Dipping dough in flour,"A hand holding a blue rolling pin appears, and the person starts rolling the dough.",64,1
89a95cd8-ca13-4edf-807e-d62138fd30e0,What do I do just before pouring oil in the pan?,Open the door,You should place the lid on the pan and then pour the oil into it.,64,1
89a95cd8-ca13-4edf-807e-d62138fd30e0,What takes place immediately before I clean the counter?,Cook food,A hand holding a plastic container with a blue lid appears and starts to pour water from a faucet onto the counter.,64,1
89a95cd8-ca13-4edf-807e-d62138fd30e0,What location is shown in this video clip?,The kitchen.,The location shown in the video clip is a kitchen.,64,1
89a95cd8-ca13-4edf-807e-d62138fd30e0,What task is being performed in this scene?,Making dough.,"The task being performed in this scene is preparing food, specifically mixing ingredients in a bowl and then transferring them to a tray.",64,1
89a95cd8-ca13-4edf-807e-d62138fd30e0,What is the setting of this clip?,A kitchen counter.,The setting of this clip is a kitchen.,64,1
89a95cd8-ca13-4edf-807e-d62138fd30e0,What cooking action is taking place?,Rolling dough with a roller.,The cooking action taking place is making a dish by mixing ingredients in a pot.,64,1
89a95cd8-ca13-4edf-807e-d62138fd30e0,Does the frame capture using a rolling pin?,Yes.,"No, the frame captures a person using a rolling pin to scoop food from a bowl.",64,1
89a95cd8-ca13-4edf-807e-d62138fd30e0,Is dough being prepared in this scene?,Yes.,"Yes, dough is being prepared in this scene.",64,1
89a95cd8-ca13-4edf-807e-d62138fd30e0,Are there ingredients visible on the kitchen counter?,Yes.,"Yes, there are various ingredients visible on the kitchen counter, including a bowl of rice, a container of spices, and a plastic container with a yellow lid.",64,1
89a95cd8-ca13-4edf-807e-d62138fd30e0,"In the video, is the dough cut before it's rolled with hands?",No,"Yes, the dough is cut before it's rolled with hands.",64,1
89a95cd8-ca13-4edf-807e-d62138fd30e0,Does the dipping of dough in flour happen after using the rolling pin?,No,"Yes, after using the rolling pin, the person dips the dough into the flour container and then into the bowl of flour.",64,1
89a95cd8-ca13-4edf-807e-d62138fd30e0,Does rolling the dough with hands happen before cutting the dough?,Yes,"Yes, the person is seen rolling the dough with their hands before cutting it.",64,1
89a95cd8-ca13-4edf-807e-d62138fd30e0,Is the dough rolled with a roller after being dipped in flour?,Yes,"Yes, the dough is rolled with a roller after being dipped in flour.",64,1
89a95cd8-ca13-4edf-807e-d62138fd30e0,What occurs just before rolling dough with a roller in the video?,The dough is cut,"A person pours water into a pot on the stove, preparing to cook the dough.",64,1
89a95cd8-ca13-4edf-807e-d62138fd30e0,"In the video sequence, what happens before rolling dough with hands?","Nothing, it's the first action","Before rolling dough with hands, the person places a bowl of flour on the counter and pours water from a bottle into a pot.",64,1
89a95cd8-ca13-4edf-807e-d62138fd30e0,What is done just before cutting the dough?,The dough is rolled with hands,"Just before cutting the dough, the person pours the contents of the container into a bowl and then uses a spoon to scoop out the dough.",64,1
89a95cd8-ca13-4edf-807e-d62138fd30e0,Did I clean the counter before rolling the dough?,Yes,"Yes, you cleaned the counter before rolling the dough.",64,1
89a95cd8-ca13-4edf-807e-d62138fd30e0,Was the dough cut before being rolled?,Yes,"Yes, the dough was cut before being rolled.",64,1
89a95cd8-ca13-4edf-807e-d62138fd30e0,Did I dip the dough in flour before using the rolling pin?,Yes,"Yes, you dipped the dough in flour before using the rolling pin.",64,1
89a95cd8-ca13-4edf-807e-d62138fd30e0,Did I cook food after rolling the dough with my hands?,No,"Yes, you cooked food after rolling the dough with your hands.",64,1
89a95cd8-ca13-4edf-807e-d62138fd30e0,Was the counter cleaned after the dough was cut?,No,"Yes, the counter was cleaned after the dough was cut.",64,1
89a95cd8-ca13-4edf-807e-d62138fd30e0,What do I do before rolling the dough with a roller?,Cut the dough,"Before rolling the dough with a roller, you should ensure the dough is well-mixed and ready for the next step in the recipe.",64,1
89a95cd8-ca13-4edf-807e-d62138fd30e0,What occurs just before cutting the dough?,Rolling dough with hands,"Just before cutting the dough, the person places the dough into a bowl and then picks up a spoon to scoop out the dough.",64,1
89a95cd8-ca13-4edf-807e-d62138fd30e0,What do I do before cleaning the counter?,Cook food,"Before cleaning the counter, you should first wash the dishes and utensils, as indicated by the hand washing dishes and utensils in the video.",64,1
89a95cd8-ca13-4edf-807e-d62138fd30e0,Describe the main activity occurring in this section of video.,Food preparation for a meal.,"The main activity involves a person preparing food in a kitchen, specifically washing dishes and organizing items on the counter.",64,1
89a95cd8-ca13-4edf-807e-d62138fd30e0,What is the current culinary action captured here?,Ready to cook flatbread on the pan.,"The current culinary action captured here is the preparation of a dish, specifically making a lentil-based dish, as indicated by the presence of a pot on the stove and the person stirring the contents of the pot.",64,1
89a95cd8-ca13-4edf-807e-d62138fd30e0,Did the person successfully slice the cucumber?,Yes.,"Yes, the person successfully sliced the cucumber into thin pieces.",64,1
89a95cd8-ca13-4edf-807e-d62138fd30e0,Has the lemon been placed on the cucumber slices?,Yes.,Yes,64,1
89a95cd8-ca13-4edf-807e-d62138fd30e0,Describe the setting in this video clip.,A kitchen with a person cooking roti on a stove.,"The video begins with a view of a kitchen, showing a countertop with various items, including a pot, a sink, and a refrigerator. The scene transitions to a person pouring a liquid from a container into a pot on the stove, indicating the preparation of a meal. The kitchen is well-equipped with a sink, a refrigerator, and a countertop with various items, including a pot, a sink, and a refrigerator. The person pours the liquid into the pot, and the scene then shifts to a view of the kitchen sink area, showing a pot on the stove, a sink, and a countertop with various items, including a pot, a sink, and a refrigerator. The scene transitions to a view of the kitchen sink area, showing a pot on the stove, a sink, and a countertop with various items, including a pot, a sink, and a refrigerator. The scene transitions to a view of the kitchen sink area, showing a pot on the stove, a sink, and a countertop with various items, including a pot, a sink, and a refrigerator. The scene transitions to a view of the kitchen sink area, showing a pot on the stove, a sink, and a countertop with various items, including a pot, a sink",64,1
89a95cd8-ca13-4edf-807e-d62138fd30e0,What is the visual focal point of this scene?,The pan with the roti being roasted.,"The visual focal point of this scene is the kitchen counter, which is cluttered with various items such as a pot, a frying pan, a container, and a bowl.",64,1
89a95cd8-ca13-4edf-807e-d62138fd30e0,Where is the roti being placed after roasting?,In a pot next to the stove.,The roti is placed on a newspaper on the countertop.,64,1
89a95cd8-ca13-4edf-807e-d62138fd30e0,What kitchen equipment is being utilized in this action?,A frying pan and a stove.,"The kitchen equipment being utilized includes a gas stove, a sink, a countertop, a pot, a pot holder, a pot, a pot holder, a pot, a pot holder, a pot, a pot holder, a pot, a pot holder, a pot, a pot holder, a pot, a pot holder, a pot, a pot holder, a pot, a pot holder, a pot, a pot holder, a pot, a pot holder, a pot, a pot holder, a pot, a pot holder, a pot, a pot holder, a pot, a pot holder, a pot, a pot holder, a pot, a pot holder, a pot, a pot holder, a pot, a pot holder, a pot, a pot holder, a pot, a pot holder, a pot, a pot holder, a pot, a pot holder, a pot, a pot holder, a pot, a pot holder, a pot, a pot holder, a pot, a pot holder, a pot, a pot holder, a pot, a pot holder, a pot, a pot holder, a pot, a pot holder, a pot, a pot holder, a pot, a pot holder, a pot, a pot holder, a",64,1
89a95cd8-ca13-4edf-807e-d62138fd30e0,Does the clip show a person flipping the roti?,No.,"Yes, the clip shows a person flipping the roti.",64,1
89a95cd8-ca13-4edf-807e-d62138fd30e0,Is the roti being taken out of the pan in this frame?,Yes.,Yes.,64,1
89a95cd8-ca13-4edf-807e-d62138fd30e0,Does the clip involve any baking activity?,No.,"Yes, the clip shows a person preparing a dish by mixing ingredients in a bowl, which suggests baking activity.",64,1
89a95cd8-ca13-4edf-807e-d62138fd30e0,Is there another person assisting with the cooking?,No.,"Yes, there is another person assisting with the cooking by holding a spoon and stirring the contents of the pot.",64,1
89a95cd8-ca13-4edf-807e-d62138fd30e0,Was the flat bread prepared before the roti was roasted?,Yes,"Yes, the flat bread was prepared before the roti was roasted.",64,1
89a95cd8-ca13-4edf-807e-d62138fd30e0,Did I put the roasted roti in the pot before cutting the cucumber?,No,"Yes, you placed the roasted roti in the pot before cutting the cucumber.",64,1
89a95cd8-ca13-4edf-807e-d62138fd30e0,Did I roast the roti after preparing the flat bread?,Yes,"No, you did not roast the roti after preparing the flat bread.",64,1
89a95cd8-ca13-4edf-807e-d62138fd30e0,What cooking method is used for tortillas?,They are placed in a hot pot.,The tortillas are being cooked in a pressure cooker.,64,1
89a95cd8-ca13-4edf-807e-d62138fd30e0,Is the person wearing oven mitts?,No.,Yes,64,1
89a95cd8-ca13-4edf-807e-d62138fd30e0,"In the video, is the pot closed after the roti is put inside?",Yes,"Yes, the pot is closed after the roti is put inside.",64,1
89a95cd8-ca13-4edf-807e-d62138fd30e0,Did I use a spatula to roast the roti before placing it in the pot?,Yes,"Yes, you used a spatula to roast the roti before placing it in the pot.",64,1
89a95cd8-ca13-4edf-807e-d62138fd30e0,What activity is shown just before the roti comes in contact with the pan?,The roti is picked up,"Just before the roti comes in contact with the pan, a person is seen pouring a liquid from a bottle into the pan.",64,1
2bb31b69-fcda-4f54-8338-f590944df999,What activity is depicted in this snapshot?,A card game is being played.,The activity depicted in this snapshot is a card game or card game session.,64,1
2bb31b69-fcda-4f54-8338-f590944df999,Where is this scene likely taking place?,"The scene is indoors, possibly in a living room.",This scene is likely taking place in a living room.,64,1
2bb31b69-fcda-4f54-8338-f590944df999,What objects are present in this setting?,"Cards, a piece of paper, and a plant.","Objects present in the setting include a colorful patterned rug, a leopard print bag, a black remote control, a small black device, a clear plastic bag, a white piece of paper, and a small black object.",64,1
2bb31b69-fcda-4f54-8338-f590944df999,How is the room furnished?,"With a couch, a rug, and various personal items.","The room is furnished with a couch, a chair, a shelf, and a potted plant.",64,1
2bb31b69-fcda-4f54-8338-f590944df999,What is the approximate time of day in this scene?,It's not discernible from this image.,"The scene appears to be set in the evening or at night, as indicated by the artificial lighting and the darkness outside the window.",64,1
2bb31b69-fcda-4f54-8338-f590944df999,What action is being performed with the cards?,The cards are being reshuffled.,"The action being performed with the cards is the person in the striped sweater and blue jeans holding a card and examining it closely, while another person in a purple sweater and blue jeans is holding a card and also examining it.",64,1
2bb31b69-fcda-4f54-8338-f590944df999,What is the person across doing?,The person is holding and possibly organizing cards.,The person across is playing a card game.,64,1
2bb31b69-fcda-4f54-8338-f590944df999,What follow-up activity to shuffling is likely?,Dealing the cards to players.,"The follow-up activity to shuffling is likely to be the person in the pink and blue striped sweater holding a small object, possibly a card or a small item, and examining it closely.",64,1
2bb31b69-fcda-4f54-8338-f590944df999,Is there more than one participant in the card activity?,Yes.,"Yes, there is another person partially visible in the frame, holding a card and observing the activity.",64,1
2bb31b69-fcda-4f54-8338-f590944df999,Is any reading material involved in the activity?,"Yes, there's a piece of paper being held.","Yes, there are some cards and a small booklet involved in the activity.",64,1
2bb31b69-fcda-4f54-8338-f590944df999,Are any electronic devices being used in the game?,No visible electronic devices are used.,"No, no electronic devices are being used in the game.",64,1
2bb31b69-fcda-4f54-8338-f590944df999,Has any card been laid out on the floor?,"No, they're being held or shuffled.","Yes, a card has been laid out on the floor.",64,1
2bb31b69-fcda-4f54-8338-f590944df999,What activity is taking place in the room?,Playing poker.,A card game is taking place in the room.,64,1
2bb31b69-fcda-4f54-8338-f590944df999,What is the setting of this clip?,"Indoors, in a room.","The setting of this clip is a cozy living room with a patterned rug, a couch, a chair, and a potted plant.",64,1
2bb31b69-fcda-4f54-8338-f590944df999,What objects are visible in the scene?,"Cards, a carpet, and furniture.","A colorful patterned rug, a leopard print blanket, a blue chair, a potted plant, a stack of papers, and a small black object.",64,1
2bb31b69-fcda-4f54-8338-f590944df999,Describe the atmosphere of the room.,Casual and leisurely.,"The room has a cozy and lived-in atmosphere, with a patterned rug on the floor, a couch in the background, and various items scattered around, including a plant and a bookshelf.",64,1
2bb31b69-fcda-4f54-8338-f590944df999,What precedes the dealing of cards in poker?,Reshuffling the cards.,"The person in the pink and blue striped sweater is seen holding a deck of cards, preparing to deal them.",64,1
2bb31b69-fcda-4f54-8338-f590944df999,Did someone shuffle cards in this video?,Yes.,"Yes, someone in the video shuffles the cards.",64,1
2bb31b69-fcda-4f54-8338-f590944df999,Is the room set up for a large gathering?,No.,Yes.,64,1
2bb31b69-fcda-4f54-8338-f590944df999,Are the individuals standing in this video?,No.,"No, the individuals are sitting on the floor in the video.",64,1
2bb31b69-fcda-4f54-8338-f590944df999,Was the deck reshuffled before playing the cards?,Yes.,"Yes, the deck was reshuffled before playing the cards.",64,1
2bb31b69-fcda-4f54-8338-f590944df999,What occurs just before picking up the cards?,The cards are spread on floor.,"Just before picking up the cards, the person in the pink and blue striped sweater is seen holding a card and a small object, possibly a pen or a small tool, and appears to be examining it.",64,1
2bb31b69-fcda-4f54-8338-f590944df999,What action occurs before the deck is seen in a unified stack?,Separate the cards.,"Before the deck is seen in a unified stack, the person is seen holding a deck of cards and examining them.",64,1
2bb31b69-fcda-4f54-8338-f590944df999,What is visible before I separate cards?,Floor and unorganized cards.,"Before I separate cards, there are several cards scattered on the floor.",64,1
2bb31b69-fcda-4f54-8338-f590944df999,What is the setting of the current video clip?,A room with two people playing cards.,"The setting of the current video clip is a living room with a patterned rug, a couch, a chair, and a potted plant.",64,1
2bb31b69-fcda-4f54-8338-f590944df999,What objects are prominent in the video scene?,"Playing cards, a phone, and a paper.","Prominent objects in the video scene include a colorful patterned rug, a blue couch, a potted plant, a small table with a plant, a stack of papers, a small black object, a pair of brown shoes, and a small black object.",64,1
2bb31b69-fcda-4f54-8338-f590944df999,How would you characterize the atmosphere in the video?,Casual and leisurely.,"The atmosphere in the video is casual and relaxed, with the person in the colorful sweater and blue jeans engaging in a card game.",64,1
2bb31b69-fcda-4f54-8338-f590944df999,What actions are being performed in the video clip?,"Shuffling, picking, and playing cards.","The actions performed in the video clip include the person holding and examining a card, the person holding and examining a card, and the person holding and examining a card.",64,1
2bb31b69-fcda-4f54-8338-f590944df999,Did the individuals reshuffle the cards in the video?,Yes.,"Yes, the individuals reshuffled the cards in the video.",64,1
2bb31b69-fcda-4f54-8338-f590944df999,Was a phone used during the gameplay?,Yes.,"Yes, a phone was used during the gameplay.",64,1
2bb31b69-fcda-4f54-8338-f590944df999,Was a new game started in the video clip?,Yes.,"Yes, a new game was started in the video clip.",64,1
2bb31b69-fcda-4f54-8338-f590944df999,Did the scene capture any form of disagreement?,No.,"No, the scene does not capture any form of disagreement.",64,1
2bb31b69-fcda-4f54-8338-f590944df999,"In the video, is the poker game started before the cards are reshuffled?",No.,"Yes, the poker game is started before the cards are reshuffled.",64,1
2bb31b69-fcda-4f54-8338-f590944df999,Is the deck spread out on the floor after picking a card?,Yes.,Yes.,64,1
2bb31b69-fcda-4f54-8338-f590944df999,Does the card shuffling happen before sitting on the floor?,No.,"No, the card shuffling happens after sitting on the floor.",64,1
2bb31b69-fcda-4f54-8338-f590944df999,"In the video, is the card game initiated before sitting with the lady?",No.,"Yes, the card game is initiated before sitting with the lady.",64,1
2bb31b69-fcda-4f54-8338-f590944df999,What happens before the poker game is played in the video?,Cards are picked.,"Before the poker game is played, the person in the pink and blue striped sweater is seen holding a deck of cards, preparing to deal them.",64,1
2bb31b69-fcda-4f54-8338-f590944df999,What occurs right before reshuffling the cards?,I sit with the lady.,"A hand holding a black object appears, possibly a remote control or a similar device, and starts to shuffle the cards.",64,1
2bb31b69-fcda-4f54-8338-f590944df999,What is done just before spreading the cards on the floor?,Cards are picked.,"Just before spreading the cards on the floor, the person in the colorful sweater is seen holding a smartphone, possibly checking something on it.",64,1
2bb31b69-fcda-4f54-8338-f590944df999,"In the video, did I play cards before shuffling them?",No.,"Yes, you played cards before shuffling them.",64,1
2bb31b69-fcda-4f54-8338-f590944df999,"In the video, did I shuffle the cards before picking them?",Yes.,"Yes, you did.",64,1
2bb31b69-fcda-4f54-8338-f590944df999,What is the action before reshuffling the cards in the video?,Separating the cards.,"Before reshuffling the cards, the person is seen holding a card and a small object, possibly a pen or a small tool, and appears to be preparing to reshuffle the cards.",64,1
2bb31b69-fcda-4f54-8338-f590944df999,What is the setting of the video?,A room with two people playing poker.,"The setting of the video is a cozy living room with a patterned rug, a couch, a chair, and a potted plant.",64,1
2bb31b69-fcda-4f54-8338-f590944df999,What objects are present in the scene?,"Cards, a tablecloth, and personal items on the floor.","Objects present in the scene include a colorful patterned rug, a blue couch, a potted plant, a small table, a black remote control, a pair of brown shoes, a white cup, a small black device, a pair of brown boots, a small white object, a pair of blue socks, a small black object, a pair of brown shoes, a small black object, a pair of brown shoes, a small black object, a pair of brown shoes, a small black object, a pair of brown shoes, a small black object, a pair of brown shoes, a small black object, a pair of brown shoes, a small black object, a pair of brown shoes, a small black object, a pair of brown shoes, a small black object, a pair of brown shoes, a small black object, a pair of brown shoes, a small black object, a pair of brown shoes, a small black object, a pair of brown shoes, a small black object, a pair of brown shoes, a small black object, a pair of brown shoes, a small black object, a pair of brown shoes, a small black object, a pair of brown shoes, a small black object, a pair of brown shoes, a small black object, a pair",64,1
2bb31b69-fcda-4f54-8338-f590944df999,What is the main focus of the camera?,The poker game and the players' actions.,"The main focus of the camera is on the person sitting on the floor, who is playing a card game.",64,1
2bb31b69-fcda-4f54-8338-f590944df999,What stage of the game is shown?,"The preparation phase, shuffling and dealing cards.","The video shows the game in progress, with the person in the foreground holding a deck of cards and the person in the background holding a smartphone.",64,1
2bb31b69-fcda-4f54-8338-f590944df999,Capture the essence of the action in a short phrase.,An intense poker game in progress.,A person is playing cards while another person drinks from a cup.,64,1
2bb31b69-fcda-4f54-8338-f590944df999,Did the person shuffle the cards more than once?,Yes.,"Yes, the person shuffled the cards multiple times.",64,1
2bb31b69-fcda-4f54-8338-f590944df999,Is there another activity besides poker being portrayed?,No.,"Yes, there is another activity portrayed, where a person is seen holding a smartphone and interacting with it, possibly taking a photo or video of the ongoing game.",64,1
2bb31b69-fcda-4f54-8338-f590944df999,Are both players sitting on chairs?,"No, they are sitting on the floor.","No, only one player is sitting on the floor.",64,1
2bb31b69-fcda-4f54-8338-f590944df999,"In the video, is the card reshuffling performed before picking the cards?",No,"Yes, the card reshuffling is performed before picking the cards.",64,1
2bb31b69-fcda-4f54-8338-f590944df999,Is the lady X present in the room before I reshuffle the cards?,Yes,Yes.,64,1
2bb31b69-fcda-4f54-8338-f590944df999,Do I play the cards before lady X picks her phone?,No,"No, you play the cards before lady X picks her phone.",64,1
2bb31b69-fcda-4f54-8338-f590944df999,Are the cards picked before they are played?,Yes,"Yes, the cards are picked before they are played.",64,1
2bb31b69-fcda-4f54-8338-f590944df999,What happens just before the cards are played in the video?,The cards are reshuffled.,"Just before the cards are played, the person in the colorful sweater is seen holding a white cup, possibly to drink from it.",64,1
2bb31b69-fcda-4f54-8338-f590944df999,What do we see happening just before the cards are picked?,The cards are reshuffled.,"Just before the cards are picked, the person in the colorful sweater is seen holding a white cup, possibly containing a beverage, and appears to be drinking from it.",64,1
2bb31b69-fcda-4f54-8338-f590944df999,What action takes place before reshuffling the cards?,The cards are picked.,"Before reshuffling, the person in the colorful sweater is seen holding a card and a small object, possibly a pen or a small tool, and appears to be preparing to reshuffle the cards.",64,1
2bb31b69-fcda-4f54-8338-f590944df999,"Before the poker game begins, what is the last action performed?",The cards are reshuffled.,"Before the poker game begins, the last action performed is the person in the colorful sweater holding a glass of water, taking a sip, and then placing it back on the rug.",64,1
2bb31b69-fcda-4f54-8338-f590944df999,Did the card reshuffling happen before picking the cards?,No,"Yes, the card reshuffling happened before picking the cards.",64,1
2bb31b69-fcda-4f54-8338-f590944df999,Was playing cards done after picking the cards?,Yes,"Yes, after picking the cards, the person was seen holding the cards in their hands, indicating that the game was completed.",64,1
2bb31b69-fcda-4f54-8338-f590944df999,What happened just before playing poker cards?,Reshuffled the cards,"Just before playing poker cards, the person in the colorful sweater was seen holding a glass of water and a small white cup, possibly to drink.",64,1
2bb31b69-fcda-4f54-8338-f590944df999,What occurs right before reshuffling the cards?,Picked the cards,"A person in a purple and white striped shirt and blue jeans is seen holding a white cup, possibly containing a beverage, and appears to be preparing to shuffle the cards.",64,1
2bb31b69-fcda-4f54-8338-f590944df999,What action took place just before picking the cards?,Reshuffled the cards,"Just before picking the cards, the person in the colorful sweater was seen holding a glass of water and drinking from it.",64,1
2bb31b69-fcda-4f54-8338-f590944df999,What environment is presented in the video?,A casual indoor space with a card game being played.,"The video presents a cozy living room environment with a patterned rug, a couch, a chair, a potted plant, and a shelf with various items.",64,1
2bb31b69-fcda-4f54-8338-f590944df999,What sequence of actions is depicted here?,"Selecting, organizing, and using cards in a game is depicted.","First, the person is seen holding a smartphone and a piece of paper, then they are seen holding a smartphone and a card, and finally, they are seen holding a smartphone and a card while sitting on the floor.",64,1
2bb31b69-fcda-4f54-8338-f590944df999,How are the participants utilizing the items?,They are using cards for a recreational activity.,"The participants are using the items to play a card game, with one person holding a card and the other holding a drink.",64,1
2bb31b69-fcda-4f54-8338-f590944df999,Is there a competitive game being played in this scene?,Yes.,"No, there is no competitive game being played in this scene.",64,1
2bb31b69-fcda-4f54-8338-f590944df999,Has any card been placed face-up on the carpet?,Yes.,"Yes, a card has been placed face-up on the carpet.",64,1
2bb31b69-fcda-4f54-8338-f590944df999,Are there drinks present on the floor beside the players?,Yes.,Yes.,64,1
2bb31b69-fcda-4f54-8338-f590944df999,Is there a document visible on the floor?,Yes.,Yes.,64,1
2bb31b69-fcda-4f54-8338-f590944df999,Are both participants actively selecting cards?,Yes.,"Yes, both participants are actively selecting cards, with one player holding a card and the other holding a card with a drink in hand.",64,1
2bb31b69-fcda-4f54-8338-f590944df999,Is the poker game played before reshuffling the cards?,No,"Yes, the person holding the cards is seen holding the cards in their hands before reshuffling the cards.",64,1
2bb31b69-fcda-4f54-8338-f590944df999,What action is performed immediately before reshuffling?,Picking the cards,"Before reshuffling, the person holding the card is seen holding a glass of milk.",64,1
2bb31b69-fcda-4f54-8338-f590944df999,Was the poker card played after the cards were picked?,Yes.,"Yes, the person in the striped socks was seen holding a card after the cards were picked, indicating that the game was played after the cards were dealt.",64,1
2bb31b69-fcda-4f54-8338-f590944df999,What action occurs before playing the card game?,Separating cards.,"Before playing the card game, the person in the colorful sweater is seen holding a glass of milk and drinking from it.",64,1
2bb31b69-fcda-4f54-8338-f590944df999,What is done just before reshuffling the cards?,Picking the cards.,"Just before reshuffling the cards, the person in the colorful sweater is seen holding a glass of milk and drinking from it.",64,1
2bb31b69-fcda-4f54-8338-f590944df999,What is the main setting of this scene?,The setting is a room where a poker card game is being played.,The main setting of this scene is a living room.,64,1
2bb31b69-fcda-4f54-8338-f590944df999,How many participants are involved in the card game?,There are two participants in the card game.,Two participants are involved in the card game.,64,1
2bb31b69-fcda-4f54-8338-f590944df999,What objects are primarily visible on the table?,Visible objects include poker cards and scattered items.,"The table is primarily visible with a few scattered items, including a white cup, a small box, and some papers.",64,1
2bb31b69-fcda-4f54-8338-f590944df999,Describe the sequence of actions with the poker cards.,"The poker cards are picked up, shuffled, then played in turns.","The sequence of actions begins with the person holding a white cup and a card, then they take a card from the deck and place it on the table. The person continues to hold the card and the cup, and later, they take another card from the deck and place it on the table. The person then takes a card from the deck and places it on the table. The person continues to hold the card and the cup, and later, they take another card from the deck and places it on the table. The person then takes a card from the deck and places it on the table. The person continues to hold the card and the cup, and later, they take another card from the deck and places it on the table. The person then takes a card from the deck and places it on the table. The person continues to hold the card and the cup, and later, they take another card from the deck and places it on the table. The person then takes a card from the deck and places it on the table. The person continues to hold the card and the cup, and later, they take another card from the deck and places it on the table. The person then takes a card from the deck and places it on the table. The person continues to hold",64,1
2bb31b69-fcda-4f54-8338-f590944df999,Did I carry out a reshuffle of the poker cards?,Yes.,"Yes, you carried out a reshuffle of the poker cards.",64,1
2bb31b69-fcda-4f54-8338-f590944df999,Was a complete poker game played in this clip?,Yes.,"Yes, a complete poker game was played in this clip.",64,1
2bb31b69-fcda-4f54-8338-f590944df999,Did the game involve more than two players?,No.,"Yes, the game involved more than two players.",64,1
2bb31b69-fcda-4f54-8338-f590944df999,Did I participate in dealing the cards?,Yes.,"Yes, you participated in dealing the cards.",64,1
2bb31b69-fcda-4f54-8338-f590944df999,"In the video, did the card shuffling happen before playing the game?",Yes.,"Yes, the card shuffling happened before playing the game.",64,1
2bb31b69-fcda-4f54-8338-f590944df999,Did the playing of poker cards occur before reshuffling the cards?,No.,"Yes, the playing of poker cards occurred before reshuffling the cards.",64,1
2bb31b69-fcda-4f54-8338-f590944df999,Did picking the cards happen after playing the card game?,No.,"Yes, after playing the card game, the person picked up the cards and began to flip them over, possibly to reveal the face cards.",64,1
2bb31b69-fcda-4f54-8338-f590944df999,What happens just before playing the poker card game in the video?,Reshuffling the cards.,"Just before playing the poker card game, the person in the colorful sweater takes a sip from a white cup and then starts to shuffle the cards.",64,1
2bb31b69-fcda-4f54-8338-f590944df999,What occurs directly before playing the card game?,Separating the cards.,A person drinks from a white cup and then takes a sip from a glass.,64,1
2bb31b69-fcda-4f54-8338-f590944df999,"In the video, was the poker card played before they were reshuffled?",No,"Yes, the poker card was played before the cards were reshuffled.",64,1
2bb31b69-fcda-4f54-8338-f590944df999,"In the clip, was the poker card reshuffled after card separation?",Yes,"Yes, the poker card was reshuffled after card separation.",64,1
2bb31b69-fcda-4f54-8338-f590944df999,What occurs just before playing the poker card in the video?,Reshuffling the cards,"Just before playing the poker card, the person in the colorful sweater takes a sip from a white cup and then starts to shuffle the cards.",64,1
2bb31b69-fcda-4f54-8338-f590944df999,"In the video, what event precedes playing the card game?",Separating cards,The event that precedes playing the card game is the person drinking from a white cup.,64,1
2bb31b69-fcda-4f54-8338-f590944df999,What does this video clip depict in the room scene?,The video shows a card game session in a room.,"The video clip depicts a person sitting on the floor in a living room, playing a card game with a white card in their hand.",64,1
2bb31b69-fcda-4f54-8338-f590944df999,What can you infer about the location in the video?,"It is a casual, home-like space with a seated person.","The location appears to be a living room with a couch, a chair, and a potted plant in the background.",64,1
2bb31b69-fcda-4f54-8338-f590944df999,Do these frames show any specific action with the cards?,"Yes, the cards are being reshuffled by the person.","Yes, the frames show the cards being dealt and the cards being dealt back to the player.",64,1
2bb31b69-fcda-4f54-8338-f590944df999,Did the scene show a game in progress?,Yes.,"Yes, the scene showed a game in progress, as indicated by the cards being dealt and the person holding a card.",64,1
2bb31b69-fcda-4f54-8338-f590944df999,Was there a card shuffle taking place?,Yes.,"Yes, there was a card shuffle taking place, as indicated by the person holding a card and the other person holding a card shuffle.",64,1
2bb31b69-fcda-4f54-8338-f590944df999,Did they play the cards on a traditional table?,No.,"No, they played the cards on a colorful patterned rug.",64,1
2bb31b69-fcda-4f54-8338-f590944df999,Was the person alone in this activity?,No.,"Yes, the person was alone in this activity.",64,1
2bb31b69-fcda-4f54-8338-f590944df999,Did the video capture an outdoor event?,No.,No.,64,1
2bb31b69-fcda-4f54-8338-f590944df999,What action takes place immediately before the carpet is covered?,Sitting down.,"Before the carpet is covered, the person in the purple sweater is seen holding a white cup and drinking from it.",64,1
2bb31b69-fcda-4f54-8338-f590944df999,Is the card game played before reshuffling the cards?,No,"Yes, the card game is played before reshuffling the cards.",64,1
2bb31b69-fcda-4f54-8338-f590944df999,Is picking the cards shown before separating them?,Yes,"Yes, the person is seen picking up the cards and separating them, as indicated by the cards being held in their hands.",64,1
2bb31b69-fcda-4f54-8338-f590944df999,Does separating cards happen before reshuffling?,Yes,"Yes, before reshuffling, the cards are separated and placed on the table.",64,1
2bb31b69-fcda-4f54-8338-f590944df999,Is reshuffling the cards shown before playing poker?,Yes,"Yes, the person is seen holding a card and looking at it, suggesting they are about to reshuffle the cards.",64,1
2bb31b69-fcda-4f54-8338-f590944df999,Does picking cards occur before playing the card game?,Yes,"Yes, picking cards occurs before playing the card game.",64,1
2bb31b69-fcda-4f54-8338-f590944df999,What is the current setting in the video clip?,A room where a card game is being played.,"The current setting is a living room with a patterned rug, a couch, a chair, and a potted plant.",64,1
2bb31b69-fcda-4f54-8338-f590944df999,What objects are central to the scene in the video?,A deck of poker cards.,"The central objects in the scene are a colorful patterned rug, a glass of milk, and a white cup.",64,1
2bb31b69-fcda-4f54-8338-f590944df999,What is the main focus of the scene?,The act of playing a poker game.,"The main focus of the scene is a person playing a card game, with the person in the foreground holding a card and the person in the background holding a cup.",64,1
2bb31b69-fcda-4f54-8338-f590944df999,Detail the sequence of actions with the cards.,"Cards are being selected, shuffled, and dealt for poker.","The person in the colorful sweater and blue jeans is seen holding a white cup, taking a sip, and then holding a small object, possibly a phone or a remote control. They then place the object on the rug and pick up a card from the deck. The person continues to hold the card, examining it closely. The scene then transitions to the person in the colorful sweater and blue jeans holding a small object, possibly a phone or a remote control, and examining it closely. The person then places the object on the rug and picks up another card from the deck. The person continues to hold the card, examining it closely. The scene then transitions to the person in the colorful sweater and blue jeans holding a small object, possibly a phone or a remote control, and examining it closely. The person then places the object on the rug and picks up another card from the deck. The person continues to hold the card, examining it closely. The scene then transitions to the person in the colorful sweater and blue jeans holding a small object, possibly a phone or a remote control, and examining it closely. The person then places the object on the rug and picks up another card from the deck. The person continues to hold the card, examining it closely. The scene then transitions to the",64,1
2bb31b69-fcda-4f54-8338-f590944df999,Does the scene show a poker game in action?,Yes.,"No, the scene does not show a poker game in action; it is a casual indoor setting where the person is playing cards.",64,1
2bb31b69-fcda-4f54-8338-f590944df999,Does the video include a moment of card shuffling?,Yes.,"Yes, the video includes a moment of card shuffling, where the person is seen holding a card and preparing to shuffle it.",64,1
2bb31b69-fcda-4f54-8338-f590944df999,Is a card game being organized on a carpet?,Yes.,Yes.,64,1
2bb31b69-fcda-4f54-8338-f590944df999,Does the clip show someone dealing cards?,Yes.,Yes,64,1
2bb31b69-fcda-4f54-8338-f590944df999,Is the lady sitting on the floor while playing cards?,Yes.,Yes.,64,1
2bb31b69-fcda-4f54-8338-f590944df999,Did the card shuffling happen before playing cards?,Yes,"Yes, the card shuffling happened before playing cards.",64,1
2bb31b69-fcda-4f54-8338-f590944df999,Was the room entered before the cards were reshuffled?,Yes,"Yes, the room was entered before the cards were reshuffled.",64,1
2bb31b69-fcda-4f54-8338-f590944df999,Did card shuffling occur before the cards were picked?,No,"Yes, card shuffling occurred before the cards were picked.",64,1
2bb31b69-fcda-4f54-8338-f590944df999,What action is performed right before playing cards?,Reshuffling the cards,"A hand holding a white cup is seen holding a card, possibly preparing to shuffle or deal it.",64,1
2bb31b69-fcda-4f54-8338-f590944df999,What happens just before reshuffling the cards?,Picking up the cards,"Just before reshuffling, the person in the striped socks and blue sweater is seen holding a card, possibly preparing to shuffle the deck.",64,1
2bb31b69-fcda-4f54-8338-f590944df999,What is done immediately before picking up cards?,Entering the room,"Immediately before picking up cards, the person is seen holding a white cup and drinking from it.",64,1
2bb31b69-fcda-4f54-8338-f590944df999,What takes place immediately after reshuffling cards?,Playing cards,"After reshuffling cards, the person in the purple sweater takes a sip from a white cup and then places the cup on the floor.",64,1
2bb31b69-fcda-4f54-8338-f590944df999,"In the video, is the poker game started before reshuffling the cards?",No,"Yes, the poker game is started before reshuffling the cards.",64,1
2bb31b69-fcda-4f54-8338-f590944df999,"In the video, is the poker game initiated before the cards are spread out on the floor?",Yes,"Yes, the poker game is initiated before the cards are spread out on the floor.",64,1
2bb31b69-fcda-4f54-8338-f590944df999,What happens just before the cards are reshuffled in the video?,The cards are picked up,"Just before the cards are reshuffled, the person in the purple sweater takes a sip from a white cup and then starts to shuffle the cards.",64,1
2bb31b69-fcda-4f54-8338-f590944df999,What happens immediately before the cards are spread out on the floor?,Poker game is played,"A person holding a white cup appears, holding a card and a small object, possibly a pen or a small tool.",64,1
2bb31b69-fcda-4f54-8338-f590944df999,What activity is being depicted in this room?,A card game is being played in the room.,"The activity depicted in the room is a card game, specifically playing cards.",64,1
2bb31b69-fcda-4f54-8338-f590944df999,What can you deduce about the space shown?,"It's a lived-in room with a casual, cozy setting.","The space shown is a cozy living room with a patterned rug, a couch, a chair, and a potted plant. The room is cluttered with various items, including a cup, a book, and some papers.",64,1
2bb31b69-fcda-4f54-8338-f590944df999,Where are the players sitting in the scenario?,The players are seated on the floor.,The players are sitting on the floor in the living room.,64,1
2bb31b69-fcda-4f54-8338-f590944df999,What are the visible objects associated with the activity?,Playing cards and casual footwear are visible.,"The visible objects include playing cards, a glass of milk, a white cup, a pair of shoes, a pink bag, a plant, and a bookshelf.",64,1
2bb31b69-fcda-4f54-8338-f590944df999,Does playing poker occur after picking cards?,Yes,"Yes, after picking cards, the person picks up a card from the deck and starts to shuffle it.",64,1
2bb31b69-fcda-4f54-8338-f590944df999,Are cards picked before reshuffling?,Yes,"Yes, cards are picked before reshuffling.",64,1
2bb31b69-fcda-4f54-8338-f590944df999,Is the poker card played after reshuffling?,Yes,"Yes, the poker card is played after reshuffling.",64,1
2bb31b69-fcda-4f54-8338-f590944df999,What happens just before reshuffling the cards?,Picking the cards,"Just before reshuffling, the person in the purple sweater takes a sip from a white cup and then starts to shuffle the cards.",64,1
2bb31b69-fcda-4f54-8338-f590944df999,"In the video, is a card picked up before reshuffling the deck?",No,"Yes, a card is picked up before reshuffling the deck.",64,1
2bb31b69-fcda-4f54-8338-f590944df999,"In the video, does playing cards occur before picking any card from the deck?",No,"Yes, before picking any card from the deck, the person picks up a card from the deck and then places it back on the table.",64,1
2bb31b69-fcda-4f54-8338-f590944df999,"In the video, what happens before reshuffling the cards?",Picking up the cards,"Before reshuffling the cards, the person in the purple sweater is seen holding a white cup, possibly drinking from it, and then starts to shuffle the cards.",64,1
2bb31b69-fcda-4f54-8338-f590944df999,What takes place just after the cards are picked up?,Reshuffling the cards,"After the cards are picked up, the person in the purple sweater takes a sip from the white cup, and the person in the blue sweater reaches out to pick up the cards.",64,1
2bb31b69-fcda-4f54-8338-f590944df999,What is done right after reshuffling the deck?,Playing poker cards,"The person shakes the deck, revealing the cards, and then the other person shakes the deck, revealing the cards.",64,1
2bb31b69-fcda-4f54-8338-f590944df999,What is the setting of the scene depicted?,The setting is inside a room with two individuals playing poker.,"The setting of the scene is a living room with a patterned rug, a couch, a chair, a potted plant, and a shelf with various items.",64,1
2bb31b69-fcda-4f54-8338-f590944df999,What objects are prominent in this scene?,Poker cards and hands are prominent in the scene.,"A colorful patterned rug, a blue chair, a potted plant, a white cup, and a smartphone are prominent objects in this scene.",64,1
2bb31b69-fcda-4f54-8338-f590944df999,Is there a card game being played in this video?,Yes.,Yes.,64,1
2bb31b69-fcda-4f54-8338-f590944df999,Does this video show a person dealing cards?,Yes.,"Yes, the video shows a person dealing cards.",64,1
2bb31b69-fcda-4f54-8338-f590944df999,Are the poker cards being reshuffled in this scene?,Yes.,"Yes, the person in the pink and blue sweater is seen holding a card and looking at it, suggesting they are reshuffling the cards.",64,1
2bb31b69-fcda-4f54-8338-f590944df999,Did the card reshuffling occur before playing poker?,Yes.,"Yes, the card reshuffling occurred before playing poker.",64,1
2bb31b69-fcda-4f54-8338-f590944df999,Do I wear blue sleeves before the lady reads a card?,Yes.,"No, the lady is wearing a pink and blue striped sweater before she reads a card.",64,1
2bb31b69-fcda-4f54-8338-f590944df999,Are poker cards spread on the carpet before organizing them into rows?,Yes.,"Yes, poker cards are spread out on the carpet before organizing them into rows.",64,1
2bb31b69-fcda-4f54-8338-f590944df999,Is the picking of cards done before reshuffling?,No,"Yes, the picking of cards is done before reshuffling.",64,1
2bb31b69-fcda-4f54-8338-f590944df999,Is playing poker done after reshuffling cards?,Yes,"Yes, after reshuffling cards, the person holding the cards is seen holding up the cards, indicating that the game is done.",64,1
2bb31b69-fcda-4f54-8338-f590944df999,Does the reshuffling occur before arranging cards on the floor?,Yes,"Yes, the reshuffling occurs before arranging cards on the floor.",64,1
2bb31b69-fcda-4f54-8338-f590944df999,What takes place right before picking cards?,Sitting in the room,A person holding a cup of milk drinks before picking up a card.,64,1
2bb31b69-fcda-4f54-8338-f590944df999,What activity is taking place in this clip?,Playing cards with a woman.,"The activity taking place in this clip is a card game, specifically playing cards.",64,1
2bb31b69-fcda-4f54-8338-f590944df999,What is the setting of this scene?,Inside a house.,"The setting of this scene is a living room with a patterned rug, a couch, a chair, a potted plant, and a shelf with various items.",64,1
2bb31b69-fcda-4f54-8338-f590944df999,What objects are prominently featured in this clip?,Cards and a carpet.,"Prominently featured objects include a colorful patterned rug, a blue chair, a potted plant, a white cup, and a smartphone.",64,1
2bb31b69-fcda-4f54-8338-f590944df999,What is the atmosphere in this scene?,Casual indoor leisure.,"The atmosphere in this scene is casual and relaxed, with the person sitting on the floor surrounded by various items, including a cup and a book.",64,1
2bb31b69-fcda-4f54-8338-f590944df999,Is there any interaction between the players?,"Yes, they are playing a game together.","Yes, the players are seen holding cards and interacting with each other, with one player holding a cup and another holding a card, suggesting a casual and friendly atmosphere.",64,1
2bb31b69-fcda-4f54-8338-f590944df999,Can you describe the table setup for the game?,Cards are spread out haphazardly on the carpet.,"The table is adorned with a colorful patterned rug, a white cup, and a few scattered items, including a pair of shoes and a bottle.",64,1
2bb31b69-fcda-4f54-8338-f590944df999,How are the players seated during the game?,They are sitting cross-legged on the floor.,"The players are seated on the floor, with one player holding a cup and the other holding a card.",64,1
2bb31b69-fcda-4f54-8338-f590944df999,Did the game just start?,"No, it is in progress as cards are already spread out.","Yes, the game just started.",64,1
2bb31b69-fcda-4f54-8338-f590944df999,Did reshuffling the cards happen before playing the poker cards?,Yes.,"Yes, the cards were reshuffled before playing the poker cards.",64,1
2bb31b69-fcda-4f54-8338-f590944df999,Did laying out the cards on the floor occur after sitting down?,Yes.,"Yes, the cards were laid out on the floor after sitting down.",64,1
2bb31b69-fcda-4f54-8338-f590944df999,Did the game of cards start after the cards were laid out?,Yes.,"Yes, the game of cards started after the cards were laid out.",64,1
2bb31b69-fcda-4f54-8338-f590944df999,Did I play cards before reshuffling them?,No,"Yes, you played cards before reshuffling them.",64,1
2bb31b69-fcda-4f54-8338-f590944df999,Was the rug visible before I dealt the cards?,Yes,"Yes, the rug was visible before I dealt the cards.",64,1
2bb31b69-fcda-4f54-8338-f590944df999,Did I spread cards on the floor before sitting down?,Yes,"Yes, you spread cards on the floor before sitting down.",64,1
2bb31b69-fcda-4f54-8338-f590944df999,Were cards in my hand before reshuffling?,No,"No, cards were not in your hand before reshuffling.",64,1
2bb31b69-fcda-4f54-8338-f590944df999,Was I seated before the cards were displayed face-up?,Yes,"Yes, you were seated before the cards were displayed face-up.",64,1
2bb31b69-fcda-4f54-8338-f590944df999,What happened just before playing cards?,Reshuffled the cards,"Just before playing cards, the person in the striped socks was seen holding a card and gesturing with their hand, possibly explaining something or making a point.",64,1
2bb31b69-fcda-4f54-8338-f590944df999,What happened before reshuffling the cards?,Sat in the room,"Before reshuffling the cards, the person was seen holding a card and a drink, possibly preparing to shuffle the cards.",64,1
2bb31b69-fcda-4f54-8338-f590944df999,What did I do before spreading cards on the floor?,Reshuffled them,"Before spreading cards on the floor, you laid out the cards on the rug.",64,1
2bb31b69-fcda-4f54-8338-f590944df999,What action took place before sitting down?,Entered the room,"Before sitting down, the person was seen holding a cup and drinking from it.",64,1
2bb31b69-fcda-4f54-8338-f590944df999,What activity is being performed in the scene?,Playing cards is the activity.,The activity being performed in the scene is playing cards.,64,1
2bb31b69-fcda-4f54-8338-f590944df999,How many individuals are participating in the activity?,Two individuals are participating.,Two individuals are participating in the activity.,64,1
2bb31b69-fcda-4f54-8338-f590944df999,Can you describe the setting of the video clip?,"The setting is indoors, on the floor with a rug.","The video is set in a cozy living room with a patterned rug, a gray armchair, a bookshelf filled with books and various items, and a potted plant. The room is cluttered with various items, including a pink and white patterned blanket, a black bag, and a white cup.",64,1
2bb31b69-fcda-4f54-8338-f590944df999,What is the gender composition of the participants?,One male and one female are participating.,The gender composition of the participants is a woman and a man.,64,1
2bb31b69-fcda-4f54-8338-f590944df999,How are the participants positioned in the clip?,They are sitting on the floor.,"The participants are positioned on the floor, with one person sitting cross-legged and the other sitting cross-legged with their legs crossed.",64,1
2bb31b69-fcda-4f54-8338-f590944df999,Describe the interaction between the individuals.,They are engaged in a card game.,"The individuals are deeply engrossed in a card game, with one person holding a card and the other holding a cup, possibly containing a beverage. The person with the card is actively playing, while the other person is observing and possibly waiting for their turn. The room is filled with various items, including a potted plant, a chair, and a couch, creating a cozy and casual atmosphere.",64,1
2bb31b69-fcda-4f54-8338-f590944df999,Are there any other objects involved in the action?,"Yes, a deck of cards is involved.","Yes, there are other objects involved in the action, such as a white cup and a pair of shoes.",64,1
2bb31b69-fcda-4f54-8338-f590944df999,Is there a competitive activity occurring in the video?,Yes.,"No, there is no competitive activity occurring in the video. The person is simply playing cards.",64,1
2bb31b69-fcda-4f54-8338-f590944df999,Is there a visible winner in the card game?,No.,"Yes, the person in the purple sweater is seen holding up a card, indicating that they have won the game.",64,1
2bb31b69-fcda-4f54-8338-f590944df999,Did I pick up a card before shuffling the deck?,No,"Yes, you picked up a card before shuffling the deck.",64,1
2bb31b69-fcda-4f54-8338-f590944df999,Was the woman seen holding cards before I laid mine on the floor?,Yes,"Yes, the woman was seen holding cards before I laid mine on the floor.",64,1
2bb31b69-fcda-4f54-8338-f590944df999,Did I deal cards to the woman before sitting down?,No,"Yes, you dealt cards to the woman before sitting down.",64,1
2bb31b69-fcda-4f54-8338-f590944df999,Did the woman adjust her glasses before smiling at me?,Yes,"Yes, she adjusted her glasses before smiling at me.",64,1
2bb31b69-fcda-4f54-8338-f590944df999,Was the woman's sock visible before she crossed her legs?,Yes,"Yes, the woman's sock was visible before she crossed her legs.",64,1
2bb31b69-fcda-4f54-8338-f590944df999,What did the woman do before looking at her hand of cards?,She crossed her legs,She took a sip from a white cup.,64,1
2bb31b69-fcda-4f54-8338-f590944df999,What occurred before the woman adjusted her glasses?,She held her cards,"Before the woman adjusted her glasses, she was holding a smartphone and a card.",64,1
2bb31b69-fcda-4f54-8338-f590944df999,What action took place before I dealt the cards?,I picked up the deck,"Before dealing the cards, the person in the striped socks and blue sweater was seen holding a card and gesturing with their hands, possibly explaining something or making a point.",64,1
2bb31b69-fcda-4f54-8338-f590944df999,"In the video, is the poker game started before reshuffling the cards?",No,"Yes, the poker game is started before reshuffling the cards.",64,1
2bb31b69-fcda-4f54-8338-f590944df999,"In the sequence, does the lady pick up her cards before the cards are laid out on the floor?",Yes,"Yes, the lady picks up her cards before the cards are laid out on the floor.",64,1
2bb31b69-fcda-4f54-8338-f590944df999,"In the clip, do the cards get scattered on the table before being picked up?",Yes,"Yes, the cards get scattered on the table before being picked up.",64,1
2bb31b69-fcda-4f54-8338-f590944df999,Does the video show the lady with cards in hand before the cards are shuffled?,No,"Yes, the video shows the lady with cards in hand before the cards are shuffled.",64,1
2bb31b69-fcda-4f54-8338-f590944df999,What occurs just before the lady picks up her cards?,Cards are laid out on the floor,"Just before the lady picks up her cards, the scene transitions to a close-up of the playing cards on the rug, with the hands of the other person holding the cards.",64,1
2bb31b69-fcda-4f54-8338-f590944df999,"In the video, what happens before the cards are reshuffled?",A round of poker is played,"Before the cards are reshuffled, the person in the purple sweater is seen holding a cup, possibly drinking, and then starts to shuffle the cards.",64,1
2bb31b69-fcda-4f54-8338-f590944df999,What event happens before the cards get scattered on the table?,The lady picks up her cards,"Before the cards get scattered, the person in the purple sweater is seen holding a cup, possibly drinking, and then the cards are being dealt.",64,1
2bb31b69-fcda-4f54-8338-f590944df999,What do we see happening before the cards are laid out on the floor?,Reshuffling of cards,"Before the cards are laid out on the floor, we see a person holding a white cup, possibly containing a beverage, and another person holding a deck of cards.",64,1
2bb31b69-fcda-4f54-8338-f590944df999,What action takes place before the poker game starts?,Cards are reshuffled,"Before the poker game starts, the person in the striped socks is seen holding a card and preparing to deal it.",64,1
2bb31b69-fcda-4f54-8338-f590944df999,What is the setting of this video clip?,I played cards with a woman inside a house.,"The setting of the video clip is a cozy living room with a patterned rug, a couch, and a potted plant.",64,1
2bb31b69-fcda-4f54-8338-f590944df999,How many people are involved in the scene?,Two people are involved in the scene.,Two people are involved in the scene.,64,1
2bb31b69-fcda-4f54-8338-f590944df999,Is there a competitive element visible here?,"Yes, the card game implies a competitive interaction.","Yes, there is a competitive element visible as one of the players is seen making a move with the cards, indicating a game in progress.",64,1
2bb31b69-fcda-4f54-8338-f590944df999,Did the individuals rearrange the furniture for playing?,No.,"Yes, the individuals rearranged the furniture to create a more comfortable playing area.",64,1
2bb31b69-fcda-4f54-8338-f590944df999,Did someone draw a card in the clip?,Yes.,"Yes, someone drew a card from the deck of cards.",64,1
2bb31b69-fcda-4f54-8338-f590944df999,Did the scene involve any form of digital technology?,No.,"Yes, the scene involved a digital element, as the person was seen holding a smartphone.",64,1
2bb31b69-fcda-4f54-8338-f590944df999,Did the people appear to be outdoors?,No.,"No, the people were indoors.",64,1
2bb31b69-fcda-4f54-8338-f590944df999,"In the video, did the shoe appear before the card deck on the carpet?",Yes,"No, the shoe was not visible before the card deck on the carpet.",64,1
2bb31b69-fcda-4f54-8338-f590944df999,Was the hand holding cards before the bottle was seen?,Yes,"Yes, the hand holding cards was seen before the bottle was seen.",64,1
2bb31b69-fcda-4f54-8338-f590944df999,"In the clip, did the playing of cards happen before the plant was visible?",No,"Yes, the playing of cards happened before the plant was visible.",64,1
2bb31b69-fcda-4f54-8338-f590944df999,What is shown before the bottle on the left side of the frame?,Cards on the floor,"A person sitting on the floor, holding a smartphone, and interacting with a card game.",64,1
2bb31b69-fcda-4f54-8338-f590944df999,What do you see before the plant in the video's background?,A sofa,A doorway leading to another room.,64,1
2bb31b69-fcda-4f54-8338-f590944df999,Was the rug straightened before I sat down to play?,No.,"Yes, the rug was straightened before I sat down to play.",64,1
2bb31b69-fcda-4f54-8338-f590944df999,Did I touch my foot before picking more cards from the pile?,No.,"Yes, you touched your foot before picking more cards from the pile.",64,1
2bb31b69-fcda-4f54-8338-f590944df999,Were the cards spread out on the rug before the game started?,No.,"Yes, the cards were spread out on the rug before the game started.",64,1
2bb31b69-fcda-4f54-8338-f590944df999,Did I pick a card from my hand before the woman looked at hers?,Yes.,"Yes, you picked a card from your hand before the woman looked at hers.",64,1
2bb31b69-fcda-4f54-8338-f590944df999,What occurs just before I look at my cards?,I pick them up.,"Just before I look at my cards, the person in the pink and blue sweater is seen holding a card, possibly preparing to shuffle it.",64,1
2bb31b69-fcda-4f54-8338-f590944df999,What action takes place before the game begins?,Sitting down on the rug.,"Before the game begins, the person in the striped socks is seen holding a card and a pen, possibly preparing to make a move or to take notes.",64,1
2bb31b69-fcda-4f54-8338-f590944df999,What happens before more cards are picked from the pile?,Playing a round of cards.,"Before more cards are picked from the pile, the person in the purple sweater is seen holding a card and looking at it, possibly contemplating their next move.",64,1
2bb31b69-fcda-4f54-8338-f590944df999,What activity takes place in this scene?,Playing cards in the house.,"A card game is being played, with one person holding a card and another person holding a smartphone.",64,1
2bb31b69-fcda-4f54-8338-f590944df999,Where are the individuals in this scene?,Inside a house.,The individuals are sitting on a patterned rug in a living room.,64,1
2bb31b69-fcda-4f54-8338-f590944df999,What objects are central in this scenario?,Cards on the floor.,"The central objects in this scenario are a colorful patterned rug, a blue chair, a potted plant, and a small table with a white cup and a pink bag.",64,1
2bb31b69-fcda-4f54-8338-f590944df999,How is the room in the clip furnished?,There's a bookshelf and a couch.,"The room is furnished with a gray armchair, a bookshelf filled with books and various items, a potted plant, and a small table with a plant on it.",64,1
2bb31b69-fcda-4f54-8338-f590944df999,What action is the person opposite performing?,Holding and presumably playing cards.,The person opposite is holding a card and appears to be counting or organizing the cards.,64,1
2bb31b69-fcda-4f54-8338-f590944df999,What seems to be the immediate action captured in the frame?,Dealing or picking up cards.,"The immediate action captured in the frame is the person in the striped socks holding a card and examining it closely, while another person in a purple shirt and blue jeans is holding a card and gesturing with their hands.",64,1
2bb31b69-fcda-4f54-8338-f590944df999,What can be said about the card game's progression?,It looks mid-game with several cards played.,"The card game progresses from one player to the other, with the player in the foreground holding a card and the player in the background holding a card, indicating a progression from one player to the other.",64,1
2bb31b69-fcda-4f54-8338-f590944df999,Is there a card game occurring?,Yes.,Yes.,64,1
2bb31b69-fcda-4f54-8338-f590944df999,Is there more than one participant in the game?,Yes.,"Yes, there is another person partially visible on the right side of the frame, holding a card and appearing to be playing the game.",64,1
2bb31b69-fcda-4f54-8338-f590944df999,Have any cards been laid out on the floor?,Yes.,"Yes, several cards have been laid out on the floor.",64,1
2bb31b69-fcda-4f54-8338-f590944df999,Is the activity taking place indoors?,Yes.,Yes.,64,1
2bb31b69-fcda-4f54-8338-f590944df999,Does it appear to be a formal card-playing setting?,No.,"No, it does not appear to be a formal card-playing setting.",64,1
2bb31b69-fcda-4f54-8338-f590944df999,Was the rug visible before I started playing cards?,Yes.,"Yes, the rug was visible before I started playing cards.",64,1
2bb31b69-fcda-4f54-8338-f590944df999,Did the plant appear in the frame before the game began?,Yes.,"Yes, the plant appeared in the frame before the game began.",64,1
2bb31b69-fcda-4f54-8338-f590944df999,What happens before I sit on the floor?,The setting of the room is displayed.,"Before sitting on the floor, the person is seen holding a smartphone and a small object, possibly a remote control or a small device.",64,1
2bb31b69-fcda-4f54-8338-f590944df999,"In the video, does the arrangement of cards on the floor change before a new card is drawn?",No,"Yes, the arrangement of cards on the floor changes before a new card is drawn.",64,1
2bb31b69-fcda-4f54-8338-f590944df999,"In the video, is the heart card shown before a player picks more cards?",Yes,"Yes, the heart card is shown before a player picks more cards.",64,1
2bb31b69-fcda-4f54-8338-f590944df999,Does the woman put down a card before all cards are laid out?,Yes,"Yes, the woman puts down a card before all cards are laid out.",64,1
2bb31b69-fcda-4f54-8338-f590944df999,What occurs just before a new card is drawn from the deck?,Players examine their cards,"Just before a new card is drawn, the person in the purple sweater places the card back on the table and picks up the card from the deck.",64,1
2bb31b69-fcda-4f54-8338-f590944df999,"In the video sequence, what do we see happening before the cards are spread out?",A card is being placed down,"Before the cards are spread out, the person is holding a smartphone and a cup, and they are drinking from the cup.",64,1
2bb31b69-fcda-4f54-8338-f590944df999,What takes place right before more cards are picked from the deck?,The woman sorts her cards,"A hand holding a card with a red heart is shown, indicating the next card in the deck.",64,1
af400f98-3c57-46ad-acac-eaca6f940180,What location is shown in the video frame?,It shows a road.,"The location shown in the video frame is a dark, dimly lit area with a brick pathway.",64,1
af400f98-3c57-46ad-acac-eaca6f940180,Are there other people present in this scene?,"Yes, people are present.","Yes, there are other people present in the scene, including a person in a striped shirt and dark pants, and another person in a white shirt and dark pants.",64,1
af400f98-3c57-46ad-acac-eaca6f940180,Is the environment urban or rural?,The environment appears to be urban.,"The environment appears to be urban, as indicated by the presence of a vehicle and the paved surface.",64,1
af400f98-3c57-46ad-acac-eaca6f940180,Is the road busy or empty?,The road is busy with movement.,The road is empty.,64,1
af400f98-3c57-46ad-acac-eaca6f940180,What is the weather like in the scene?,The weather information is not provided.,"The sky is dark, suggesting it might be nighttime or the area is under cover.",64,1
af400f98-3c57-46ad-acac-eaca6f940180,Who is walking in this clip?,I am walking along the road.,A person wearing a striped shirt and dark pants is walking in this clip.,64,1
af400f98-3c57-46ad-acac-eaca6f940180,What is the camera angle capturing?,The camera angle captures from the walker's perspective.,"The camera angle is capturing the view from a low angle, looking up towards the person's legs and the ground.",64,1
af400f98-3c57-46ad-acac-eaca6f940180,Is there interaction with the passerby?,No interaction is mentioned or shown.,"Yes, there is interaction with the passerby, as the person in the striped shirt is seen holding the hand of the person in the striped shirt, suggesting a friendly or familiar interaction.",64,1
af400f98-3c57-46ad-acac-eaca6f940180,Do any vehicles pass by closely?,"The summary indicates vehicles move past, but closeness isn't specified.","Yes, a vehicle passes by closely in the distance.",64,1
af400f98-3c57-46ad-acac-eaca6f940180,Is there an accident occurring in the video?,"No, no accident is mentioned.",Yes.,64,1
af400f98-3c57-46ad-acac-eaca6f940180,Is there any construction work shown in the video?,"No, no construction is mentioned.","No, there is no construction work shown in the video.",64,1
af400f98-3c57-46ad-acac-eaca6f940180,Does the video frame show clear skies?,The video frame does not provide this information.,No.,64,1
af400f98-3c57-46ad-acac-eaca6f940180,What is the main event depicted in this video clip?,A walk on the road with a woman and interactions with passersby.,"The main event depicted in the video clip is a person walking down a dirt path, passing by a motorcycle parked on the side, and interacting with another person who is holding a banana.",64,1
af400f98-3c57-46ad-acac-eaca6f940180,Which location is primarily featured in this video clip?,The video clip features a road.,"The primary location featured in this video clip is a narrow, unpaved road or pathway.",64,1
af400f98-3c57-46ad-acac-eaca6f940180,How many main subjects are involved in this video scenario?,"Two main subjects, a man and a woman.","Three main subjects are involved: the person in the striped shirt, the person in the patterned pants, and the person in the striped shirt.",64,1
af400f98-3c57-46ad-acac-eaca6f940180,Are there other individuals present in this video scene besides the subjects?,"Yes, there are passersby present.","Yes, there are other individuals present in the video scene, including a person in a blue dress and a person in a striped shirt.",64,1
af400f98-3c57-46ad-acac-eaca6f940180,What actions are shown in these new frames?,A person is seen walking and reaching out to others.,"The new frames show the person in the striped shirt and blue jeans walking on the sidewalk, holding a small object in their hand, and then walking towards the camera.",64,1
af400f98-3c57-46ad-acac-eaca6f940180,Is there any communication depicted in the clip?,"Yes, there is interaction with passersby.","No, there is no communication depicted in the clip.",64,1
af400f98-3c57-46ad-acac-eaca6f940180,Can you describe the physical posture in this frame?,The person's arm is extended forward as if reaching out.,"The person is standing with their left hand on their hip and their right hand extended forward, holding a small object.",64,1
af400f98-3c57-46ad-acac-eaca6f940180,Are the movements in the video leisurely or hurried?,They appear leisurely.,The movements in the video are leisurely.,64,1
af400f98-3c57-46ad-acac-eaca6f940180,Does the person in the video come into physical contact with others?,It is implied but not visible.,"No, the person in the video does not come into physical contact with others.",64,1
af400f98-3c57-46ad-acac-eaca6f940180,Is the person in the video engaging in a conversation?,Yes.,Yes.,64,1
af400f98-3c57-46ad-acac-eaca6f940180,Does the person walk on a grassy path in the video?,No.,No.,64,1
af400f98-3c57-46ad-acac-eaca6f940180,Does the person in the video interact with more than one passerby?,Yes.,"Yes, the person in the video interacts with at least one passerby, as indicated by their hand gestures and the person's hand reaching out towards the camera.",64,1
af400f98-3c57-46ad-acac-eaca6f940180,What is the setting of this video clip?,It's on a road with a person walking and interacting with a woman.,"The setting of the video clip is a dimly lit outdoor area with a dirt path, a motorcycle, and a few people walking.",64,1
af400f98-3c57-46ad-acac-eaca6f940180,Is there any physical contact between the two individuals?,No.,"Yes, the person in the striped shirt is holding the other person's hand, suggesting a physical interaction.",64,1
af400f98-3c57-46ad-acac-eaca6f940180,Did the person in the video stop walking while interacting?,No.,"Yes, the person in the video stopped walking while interacting with the person in the blue dress.",64,1
af400f98-3c57-46ad-acac-eaca6f940180,Is the communication friendly and non-threatening?,Yes.,"Yes, the communication is friendly and non-threatening, as the person in the striped shirt is seen holding a small object and engaging in a friendly gesture with the person in the blue dress.",64,1
af400f98-3c57-46ad-acac-eaca6f940180,"In the video, do I interact with some passersby before walking with the woman on the road?",No,"Yes, you interact with some passersby before walking with the woman on the road.",64,1
af400f98-3c57-46ad-acac-eaca6f940180,"In the video, do I walk alone on the road before interacting with a woman?",Yes,"Yes, you walk alone on the road before interacting with a woman.",64,1
af400f98-3c57-46ad-acac-eaca6f940180,What do I do just before interacting with the woman on the road in the video?,Walk alone,"You should approach the woman on the road, possibly to say hello or make a gesture.",64,1
20bc995f-c3de-4789-bd7a-34cf1a313b0c,Who is involved in the scene?,A man and some girls.,"The scene involves a person wearing a blue and white striped shirt, a person in a pink shirt, and a person in a black shirt.",64,1
20bc995f-c3de-4789-bd7a-34cf1a313b0c,What activity is taking place?,Food preparation.,"The activity taking place is the preparation of food, specifically making a dish that involves pouring a liquid mixture into a bowl and then adding a topping.",64,1
20bc995f-c3de-4789-bd7a-34cf1a313b0c,What can be seen on the table in the scene?,Ingredients and cooking utensils.,"The table is cluttered with various items, including a large metal bowl filled with a dark liquid, a small bowl of white powder, and a container of orange-colored food.",64,1
20bc995f-c3de-4789-bd7a-34cf1a313b0c,What is the camera wearer doing with the spoon?,Cooking food.,The camera wearer is holding a spoon and appears to be stirring or mixing something in a bowl.,64,1
20bc995f-c3de-4789-bd7a-34cf1a313b0c,What can be assumed about the pace of the activity?,It is fast-paced.,"The activity appears to be fast-paced, as indicated by the close-up shots of the person's hands and the movement of the food being prepared.",64,1
20bc995f-c3de-4789-bd7a-34cf1a313b0c,Does the video show any monetary transaction?,No.,"Yes, the video shows a person holding a small container, possibly a cash register, and a person in a pink shirt holding a small container, possibly a receipt or a receipt stub, indicating a transaction.",64,1
20bc995f-c3de-4789-bd7a-34cf1a313b0c,Is the food prepared for a large group?,Yes.,Yes.,64,1
20bc995f-c3de-4789-bd7a-34cf1a313b0c,Does the camera wearer handle more than one dish?,Yes.,"Yes, the camera wearer is seen holding a small container and a spoon, indicating they are handling multiple dishes.",64,1
20bc995f-c3de-4789-bd7a-34cf1a313b0c,What is the setting in this video clip?,A food tent with servings of food.,"The setting is an outdoor food stall or kiosk, characterized by a cluttered and busy environment with various food items and utensils.",64,1
20bc995f-c3de-4789-bd7a-34cf1a313b0c,Is the person serving food to more than one person?,Yes.,"Yes, the person is seen serving food to more than one person, as indicated by the presence of two individuals in the background.",64,1
20bc995f-c3de-4789-bd7a-34cf1a313b0c,Is there a pot included in the food items being served?,Yes.,"Yes, there is a pot included in the food items being served.",64,1
20bc995f-c3de-4789-bd7a-34cf1a313b0c,Is the setting of this video during a nighttime event?,Yes.,Yes.,64,1
20bc995f-c3de-4789-bd7a-34cf1a313b0c,Is the food made for a man and some girls before serving food under the tent?,Yes,"Yes, the food is made for a man and some girls before serving food under the tent.",64,1
20bc995f-c3de-4789-bd7a-34cf1a313b0c,What is the setting of the video clip?,At a roadside food stall.,"The setting of the video clip is an outdoor food stall at night, with various food items and people gathered around.",64,1
20bc995f-c3de-4789-bd7a-34cf1a313b0c,Who is the main person interacting with others in the scene?,A food stall vendor.,The main person interacting with others is a person wearing a pink shirt and a yellow apron.,64,1
20bc995f-c3de-4789-bd7a-34cf1a313b0c,What type of interaction occurs between the vendor and customers?,Serving food and conversing.,"The vendor interacts with customers by serving food and providing information, while customers interact with the vendor by receiving food and interacting with the vendor.",64,1
20bc995f-c3de-4789-bd7a-34cf1a313b0c,How is the stall vendor engaging with the customers besides serving food?,Talking with them.,"The stall vendor is engaging with the customers by interacting with them through gestures and holding small containers, possibly containing snacks or condiments.",64,1
20bc995f-c3de-4789-bd7a-34cf1a313b0c,Is the vendor wearing gloves while handling food?,No.,Yes.,64,1
20bc995f-c3de-4789-bd7a-34cf1a313b0c,Does the video show a customer receiving change after payment?,No.,"Yes, the customer receiving change after payment is shown in the final part of the video.",64,1
20bc995f-c3de-4789-bd7a-34cf1a313b0c,Is there any interaction between the customers in the frame?,No.,"Yes, a customer is seen holding a small container, possibly a condiment or a snack, and interacting with the person behind the counter.",64,1
20bc995f-c3de-4789-bd7a-34cf1a313b0c,Does the stall have a digital payment option displayed?,Yes.,Yes.,64,1
20bc995f-c3de-4789-bd7a-34cf1a313b0c,Does the interaction with woman B happen before serving to woman C?,Yes,"Yes, the interaction with woman B happens before serving to woman C.",64,1
20bc995f-c3de-4789-bd7a-34cf1a313b0c,Do I serve food to a group of people before the roadside food stall scene?,No,"Yes, you serve food to a group of people before the roadside food stall scene.",64,1
20bc995f-c3de-4789-bd7a-34cf1a313b0c,"In the video, did I serve food under the tent before talking to man A at the stand?",No,"Yes, you served food under the tent before talking to man A at the stand.",64,1
20bc995f-c3de-4789-bd7a-34cf1a313b0c,"In the video, does serving pani puri occur before making food for the man and girls?",Yes,"Yes, the video shows the man and girls preparing food for the man before serving pani puri.",64,1
20bc995f-c3de-4789-bd7a-34cf1a313b0c,"What happens before interacting with woman A, B, and C at the roadside stall?",I serve food to a group of people.,"Before interacting with woman A, B, and C, the person in the blue and white striped shirt is seen holding a smartphone, possibly checking messages or browsing the internet.",64,1
20bc995f-c3de-4789-bd7a-34cf1a313b0c,Describe the setting of this video clip.,A roadside food stall at night.,"The video takes place in a dimly lit outdoor setting, likely a street or market area, with various people and objects in the background. The main focus is on a person wearing a blue and white striped shirt, standing next to a large metal container filled with a colorful mixture, possibly a food item. The person is holding a small container and appears to be interacting with it, possibly preparing or serving food. The background is busy with other people and objects, including a person in a blue shirt and a person in a black shirt, suggesting a lively and bustling environment. The lighting is low, with some artificial light sources visible, contributing to the overall ambiance of the scene.",64,1
20bc995f-c3de-4789-bd7a-34cf1a313b0c,Could you summarize the depicted scenario?,A person serving and conversing at a food stall.,"The image captures a lively street food scene at night. A person in a pink shirt is seen interacting with a vendor, holding a small container and a smartphone. The vendor, wearing a blue shirt, is preparing food on a table. The background is filled with various street food items, including a large pot of food and a bowl of vegetables. The scene is bustling with activity, with other people and vehicles visible in the background. The atmosphere is vibrant and dynamic, typical of a busy street food market.",64,1
20bc995f-c3de-4789-bd7a-34cf1a313b0c,Did the vendor converse with two individuals?,Yes.,"Yes, the vendor engaged in conversation with two individuals, one of whom was holding a small container.",64,1
20bc995f-c3de-4789-bd7a-34cf1a313b0c,"In the sequence, is food served at the roadside stall before the food tent?",No,"Yes, food is served at the roadside stall before the food tent.",64,1
20bc995f-c3de-4789-bd7a-34cf1a313b0c,What scene is captured in the video clip?,A food stand with cooking in progress.,"The video captures a person standing in a dimly lit outdoor area, surrounded by various objects and people. The person is wearing a blue and white striped shirt and is holding a smartphone. The background is filled with a variety of items, including a large metal pot, a bowl of food, and other miscellaneous objects. The person appears to be interacting with the items around them, possibly searching for something or examining them. The lighting is low, creating a somewhat chaotic atmosphere. The person is seen holding a small object, possibly a phone, and looking at it. The video then transitions to a close-up of the person's hands as they interact with the smartphone. The person is wearing a blue and white striped shirt and is holding the phone in their right hand. The background remains dimly lit, with various objects and people visible. The person is seen holding a small object, possibly a phone, and looking at it. The video then transitions to a close-up of the person's hands as they interact with the smartphone. The person is wearing a blue and white striped shirt and is holding the phone in their right hand. The background remains dimly lit, with various objects and people visible. The person is seen holding a small object, possibly a phone, and looking at it.",64,1
20bc995f-c3de-4789-bd7a-34cf1a313b0c,What's the brief of the depicted scenario?,Food preparation at a stand with a customer waiting.,"The brief of the depicted scenario shows a person standing in front of a food stall at night, interacting with a person who is holding a small container, possibly a drink or food item. The person in the foreground is holding a smartphone, possibly checking something on it. The background reveals a busy street with various people and vehicles, and the scene is illuminated by artificial lighting.",64,1
20bc995f-c3de-4789-bd7a-34cf1a313b0c,Does the scene capture a customer receiving their order?,No.,"Yes, the scene captures a customer receiving their order, as indicated by the person holding a small container and the person in the background holding a smartphone.",64,1
20bc995f-c3de-4789-bd7a-34cf1a313b0c,Is there any indication of a payment transaction in the video?,No.,"Yes, a person is seen holding a small object, possibly a wallet or a phone, and appears to be interacting with someone or something off-screen, suggesting a transaction or exchange.",64,1
20bc995f-c3de-4789-bd7a-34cf1a313b0c,Does the video show the cook finishing the dish?,No.,"Yes, the cook is seen holding a small container and placing it into the pot, indicating that the dish is being prepared.",64,1
20bc995f-c3de-4789-bd7a-34cf1a313b0c,Is the cook multitasking between cooking and another activity?,Yes.,"Yes, the cook is seen handling a small container and a spoon, indicating multitasking between cooking and another activity.",64,1
20bc995f-c3de-4789-bd7a-34cf1a313b0c,Does the cook appear to be preparing food for more than one person?,Yes.,"Yes, the cook appears to be preparing food for more than one person, as indicated by the presence of multiple plates and bowls filled with food.",64,1
20bc995f-c3de-4789-bd7a-34cf1a313b0c,Did the discussion with man X and man Y happen before serving woman Z?,No,"Yes, the discussion with man X and man Y happened before serving woman Z.",64,1
20bc995f-c3de-4789-bd7a-34cf1a313b0c,What event happened before the phone conversation?,Serving a different customer,"Before the phone conversation, a group of people gathered outside a food stall, possibly waiting for their orders or discussing the food.",64,1
20bc995f-c3de-4789-bd7a-34cf1a313b0c,Was food made for woman A after the interaction with woman B?,Yes,"Yes, food was made for woman A after the interaction with woman B.",64,1
20bc995f-c3de-4789-bd7a-34cf1a313b0c,Did the phone conversation occur before discussing with man Y?,Yes,"Yes, the phone conversation occurred before discussing with man Y.",64,1
20bc995f-c3de-4789-bd7a-34cf1a313b0c,What is seen happening before making food for man B?,Talked on the phone,"Before making food for man B, a person is seen holding a small container, possibly a container of sauce or condiment, and preparing to add it to the food on the table.",64,1
20bc995f-c3de-4789-bd7a-34cf1a313b0c,What took place just before making food for woman A?,Talked on the phone,"Just before making food for woman A, a person in a blue shirt and black pants was seen holding a small container, possibly a container of food or a drink, and was preparing to serve it to the woman.",64,1
20bc995f-c3de-4789-bd7a-34cf1a313b0c,What is the location of the scene in the video?,The location is at a food stand.,"The scene is set in a dimly lit outdoor area, possibly a street or alley, with a person standing near a food stall.",64,1
20bc995f-c3de-4789-bd7a-34cf1a313b0c,How many customers are being interacted with?,Three customers are being interacted with.,Two customers are being interacted with.,64,1
20bc995f-c3de-4789-bd7a-34cf1a313b0c,Does the frame show the server handing pani puris to a customer?,Yes.,"Yes, the server is seen handing pani puris to a customer.",64,1
20bc995f-c3de-4789-bd7a-34cf1a313b0c,Is the shown frame depicting an indoor activity?,No.,No.,64,1
20bc995f-c3de-4789-bd7a-34cf1a313b0c,Does the video involve interaction between the server and customers?,Yes.,"Yes, the video shows the server interacting with customers, including one customer holding a small container and another holding a phone, indicating a customer interaction.",64,1
20bc995f-c3de-4789-bd7a-34cf1a313b0c,Is the phone conversation happening before making food for woman A?,Yes,"Yes, the phone conversation is happening before making food for woman A.",64,1
20bc995f-c3de-4789-bd7a-34cf1a313b0c,Does man Z get served before the phone conversation starts?,No,"Yes, man Z receives a small bowl of food from the person in the red shirt before the phone conversation starts.",64,1
20bc995f-c3de-4789-bd7a-34cf1a313b0c,"In the video, is the interaction with man X and Y before the food preparation for woman A and man B?",No,"Yes, the interaction with man X and Y before the food preparation for woman A and man B is captured in the video.",64,1
20bc995f-c3de-4789-bd7a-34cf1a313b0c,Do I talk to man Z before making food for woman A and man B?,No.,"Yes, you are to talk to man Z before making food for woman A and man B.",64,1
20bc995f-c3de-4789-bd7a-34cf1a313b0c,Is the food prepared for woman Z before the interaction with man Z?,Yes.,"Yes, the food is prepared for woman Z before the interaction with man Z.",64,1
20bc995f-c3de-4789-bd7a-34cf1a313b0c,What do I do before making food for woman A and man B?,Talking on the phone.,"Before making food for woman A and man B, you should prepare the food on the table.",64,1
20bc995f-c3de-4789-bd7a-34cf1a313b0c,How many individuals does the camera wearer interact with?,Three individuals.,The camera wearer interacts with two individuals.,64,1
20bc995f-c3de-4789-bd7a-34cf1a313b0c,Are there any objects visible in the scene?,"Yes, food and serving utensils.","Yes, there are various objects visible, including a large pot, a bowl of food, a container of sauce, and a person holding a small container.",64,1
20bc995f-c3de-4789-bd7a-34cf1a313b0c,Is the environment depicted busy or calm?,"Busy, with serving and conversation happening.",The environment depicted is busy.,64,1
20bc995f-c3de-4789-bd7a-34cf1a313b0c,Did the camera wearer carry out more than one task?,"Yes, serving and conversing.","Yes, the camera wearer carried out multiple tasks, including interacting with a person and handling a mobile phone.",64,1
20bc995f-c3de-4789-bd7a-34cf1a313b0c,Did the serving of food appear organized or haphazard?,"Organized, with food laid out.","The serving of food appeared organized, with the food items neatly arranged on the table and the person handling the food carefully.",64,1
20bc995f-c3de-4789-bd7a-34cf1a313b0c,Are all men engaged in eating or just conversing?,"Only one is shown eating, others converse.","No, only one man is engaged in eating, while the other is conversing.",64,1
20bc995f-c3de-4789-bd7a-34cf1a313b0c,Was there verbal exchange under the tent?,Yes.,"Yes, there was verbal exchange under the tent, as seen in the video.",64,1
20bc995f-c3de-4789-bd7a-34cf1a313b0c,Is there visible evidence of food being consumed in the frame?,Yes.,"Yes, there is visible evidence of food being consumed in the frame, as evidenced by the person holding a small container and the person in the background eating.",64,1
20bc995f-c3de-4789-bd7a-34cf1a313b0c,Does the scene suggest any sign of a rush or urgency?,"No, it appears orderly.","Yes, the scene suggests a rush or urgency due to the blurred motion of the person in the foreground and the presence of other people in the background.",64,1
20bc995f-c3de-4789-bd7a-34cf1a313b0c,Is the preparation of pani puris shown before serving them to man X and Y?,Yes,"Yes, the preparation of pani puris is shown before serving them to man X and Y.",64,1
20bc995f-c3de-4789-bd7a-34cf1a313b0c,Do I talk on the phone prior to serving food under the food tent?,Yes,"Yes, you can talk on the phone before serving food under the food tent.",64,1
20bc995f-c3de-4789-bd7a-34cf1a313b0c,What occurs just before serving food to man A under the food tent?,Preparing food,"A person wearing a blue shirt and jeans enters the frame, holding a small container, possibly a container of sauce or condiment.",64,1
20bc995f-c3de-4789-bd7a-34cf1a313b0c,What activity is taking place at the stall?,A person is serving potato balls and gruel.,The activity taking place at the stall is the preparation and serving of food.,64,1
20bc995f-c3de-4789-bd7a-34cf1a313b0c,Who is interacting at the food stall?,"A server, a woman, and a girl.","A person wearing a blue shirt and jeans is interacting with the food stall, holding a small container and a smartphone.",64,1
20bc995f-c3de-4789-bd7a-34cf1a313b0c,What type of service is depicted at the stall?,Food service involving potato balls and gruel.,"The service depicted at the stall is food service, as indicated by the various dishes and utensils being prepared and served.",64,1
20bc995f-c3de-4789-bd7a-34cf1a313b0c,Who is preparing the food in the video clip?,The server at the stall.,A person wearing a blue shirt and a red apron is preparing the food.,64,1
20bc995f-c3de-4789-bd7a-34cf1a313b0c,What actions can be seen in the frame provided?,Preparing and serving food at the stall.,"The actions include a person standing near the food stall, a person holding a phone, a person walking by, a person standing near the fence, a person standing near the fence, a person standing near the fence, a person standing near the fence, a person standing near the fence, a person standing near the fence, a person standing near the fence, a person standing near the fence, a person standing near the fence, a person standing near the fence, a person standing near the fence, a person standing near the fence, a person standing near the fence, a person standing near the fence, a person standing near the fence, a person standing near the fence, a person standing near the fence, a person standing near the fence, a person standing near the fence, a person standing near the fence, a person standing near the fence, a person standing near the fence, a person standing near the fence, a person standing near the fence, a person standing near the fence, a person standing near the fence, a person standing near the fence, a person standing near the fence, a person standing near the fence, a person standing near the fence, a person standing near the fence, a person standing near the fence, a person standing near the fence, a person standing",64,1
20bc995f-c3de-4789-bd7a-34cf1a313b0c,Is the food being freshly prepared or pre-packaged?,"Freshly prepared, as seen in the video.",The food is being freshly prepared.,64,1
20bc995f-c3de-4789-bd7a-34cf1a313b0c,Does the server use any special tools for serving?,Not evident in the provided frame.,"Yes, the server uses a small spoon to scoop the food and a small container to hold the food.",64,1
20bc995f-c3de-4789-bd7a-34cf1a313b0c,Does the video show the server using a foam plate for serving?,Yes.,"Yes, the server is seen using a foam plate to serve the food.",64,1
20bc995f-c3de-4789-bd7a-34cf1a313b0c,Can we see any cooking equipment in the video?,"Yes, in the provided frame.","Yes, there is a large pot on the stove in the video.",64,1
20bc995f-c3de-4789-bd7a-34cf1a313b0c,Did the serving of potato balls occur before serving gruel?,Yes,"Yes, the serving of potato balls occurred before serving gruel.",64,1
20bc995f-c3de-4789-bd7a-34cf1a313b0c,Was the conversation with man E before serving food to the woman Z?,No,"Yes, the conversation with man E before serving food to the woman Z was about the food.",64,1
20bc995f-c3de-4789-bd7a-34cf1a313b0c,What event occurs just before serving food to man A?,Being under a food tent,"Just before serving food to man A, a group of people is seen standing outside the food stall, possibly waiting for their orders.",64,1
20bc995f-c3de-4789-bd7a-34cf1a313b0c,What happens right before serving potato balls?,Interacting with a group of people,"A person in a pink shirt is seen holding a small container, possibly a container of sauce or seasoning, and is about to serve the potato balls.",64,1
20bc995f-c3de-4789-bd7a-34cf1a313b0c,What event happens before interacting with a group of people?,Being at a stall,"Before interacting with a group of people, a person wearing a blue shirt and a black backpack enters the scene, holding a small container.",64,1
20bc995f-c3de-4789-bd7a-34cf1a313b0c,Did the serving of potato balls happen before the gruel in foam plates?,No,"Yes, the serving of potato balls happened before the gruel in foam plates.",64,1
20bc995f-c3de-4789-bd7a-34cf1a313b0c,"In the video, is the food tent scene before the interaction with the group of people?",No,"Yes, the food tent scene is before the interaction with the group of people.",64,1
20bc995f-c3de-4789-bd7a-34cf1a313b0c,What do we see happening just before the food stand scene?,Serving at a stall,"Just before the food stand scene, we see a person wearing a green shirt and blue jeans standing near the food stand, holding a small container.",64,1
20bc995f-c3de-4789-bd7a-34cf1a313b0c,What's the setting of the video clip?,Inside a food kiosk.,"The setting of the video clip is a dimly lit outdoor area at night, with a person standing near a food stall.",64,1
20bc995f-c3de-4789-bd7a-34cf1a313b0c,What is the primary activity occurring?,Food preparation and sales.,The primary activity is the preparation and serving of food at a street food stall.,64,1
20bc995f-c3de-4789-bd7a-34cf1a313b0c,Are there any customers present in the video?,"Yes, a group of people.","Yes, there are customers present in the video, including a person in a pink shirt and another in a blue shirt.",64,1
20bc995f-c3de-4789-bd7a-34cf1a313b0c,What can be seen in the kiosk besides the food?,Food ingredients and cooking utensils.,"Besides the food, the kiosk also has a large pot, a bowl of vegetables, and a few other items.",64,1
20bc995f-c3de-4789-bd7a-34cf1a313b0c,What type of food is being sold?,It is not specified.,"The food being sold is a variety of street food, including dosas, samosas, and other fried snacks.",64,1
20bc995f-c3de-4789-bd7a-34cf1a313b0c,Is the food seller working alone?,It's not clear from the clip.,"Yes, the food seller is working alone, as indicated by the person standing in the background and the focus on the food preparation area.",64,1
20bc995f-c3de-4789-bd7a-34cf1a313b0c,Does the video show the exchange of goods for payment?,It is not confirmed.,"Yes, the video shows the exchange of goods for payment, as the person in the red shirt is seen holding a small container and placing it into the pot, indicating the transfer of money.",64,1
20bc995f-c3de-4789-bd7a-34cf1a313b0c,Does the video show the food being cooked?,No.,"Yes, the video shows the food being cooked, with the person holding a spoon and stirring the contents of the pot.",64,1
20bc995f-c3de-4789-bd7a-34cf1a313b0c,Does the video show the food being packaged?,"No, it shows it being prepared.","Yes, the video shows the food being packaged, with the person holding a small container and placing it into a pot.",64,1
20bc995f-c3de-4789-bd7a-34cf1a313b0c,Is there any indication of the kiosk's location being outdoors?,No.,"Yes, there is a glimpse of a street with vehicles and people in the background, indicating that the kiosk is likely located outdoors.",64,1
20bc995f-c3de-4789-bd7a-34cf1a313b0c,"In the video, is the gruel served after the interaction with the group of people?",Yes,"Yes, the gruel is served after the interaction with the group of people.",64,1
20bc995f-c3de-4789-bd7a-34cf1a313b0c,Was I at the kiosk before serving potato balls and gruel?,No,"Yes, you were at the kiosk before serving potato balls and gruel.",64,1
20bc995f-c3de-4789-bd7a-34cf1a313b0c,Did I sell food before I prepared it in the kiosk?,No,"Yes, you sold food before you prepared it in the kiosk.",64,1
20bc995f-c3de-4789-bd7a-34cf1a313b0c,Is the food sold to the group of people after I prepared it?,Yes,"Yes, the food is sold to the group of people after I prepared it.",64,1
20bc995f-c3de-4789-bd7a-34cf1a313b0c,What event took place before serving food to a group of people?,Prepared food in the kiosk,"Before serving food to a group of people, a group of people gathered around a food stall, possibly waiting for their orders or discussing the food.",64,1
20bc995f-c3de-4789-bd7a-34cf1a313b0c,Did I serve gruel before serving potato balls?,No,"Yes, you served gruel before serving potato balls.",64,1
