video_id,question,answer,pred_answer,retrieved_blocks,retrieve_size,chunk_size
9198b9a4-8d8f-4ba6-9924-4c86982d890a,What task is being performed with vegetables?,Chopping vegetables.,The person is chopping vegetables on a wooden cutting board.,17;18;19;25;26;27;49;50;51;52;53;55;56;57;58;60;61;62;68;69;71;73;74;75;76;77;79;80;81;83;84;85;86;96;97;98;100;101;102;104;106;107;108;109;111;112;114;115;116;118;119;128;129;130;133;134;135;140;141;142;144;145;146,64,1
9198b9a4-8d8f-4ba6-9924-4c86982d890a,What step is being taken with flatbread?,Wrapping sauce in flatbread.,The flatbread is being prepared for cooking.,17;18;19;25;26;27;49;50;51;52;53;55;56;57;58;60;61;62;68;69;71;73;74;75;76;77;79;80;81;83;84;85;86;96;97;98;100;101;102;104;106;107;108;109;111;112;114;115;116;118;119;128;129;130;133;134;135;140;141;142;144;145;146,64,1
9198b9a4-8d8f-4ba6-9924-4c86982d890a,What kitchen fixture is being utilized?,Opening a cabinet.,stove,17;18;19;25;26;27;49;50;51;52;53;55;56;57;58;60;61;62;68;69;71;73;74;75;76;77;79;80;81;83;84;85;86;96;97;98;100;101;102;104;106;107;108;109;111;112;114;115;116;118;119;128;129;130;133;134;135;140;141;142;144;145;146,64,1
9198b9a4-8d8f-4ba6-9924-4c86982d890a,What's the overview of the action in the clip?,Preparing ingredients for a meal.,"The video begins with a person preparing food in a kitchen. They are seen chopping vegetables on a wooden cutting board, including tomatoes and onions, and placing them into a bowl. The kitchen is well-equipped with various utensils and ingredients, such as a bowl of chopped vegetables, a bottle of oil, and a container of eggs. The person then uses a large knife to slice a red bell pepper into thin strips, which are added to the bowl of vegetables. The scene transitions to the person handling tortillas, placing them on a baking tray, and then filling them with the vegetable mixture. The kitchen counter is cluttered with various ingredients and utensils, including a bowl of chopped vegetables, a bottle of oil, and a container of eggs. The person continues to fill the tortillas with the vegetable mixture, preparing them for cooking. The video then shows a close-up of the person's hands as they slice a red bell pepper into thin strips on a wooden cutting board. The kitchen counter is cluttered with various ingredients and utensils, including a bowl of chopped vegetables, a bottle of oil, and a container of eggs. The person continues to slice the bell pepper, adding the strips to the bowl of chopped vegetables. The scene transitions to the person handling tortillas, placing",17;18;19;25;26;27;49;50;51;52;53;55;56;57;58;60;61;62;68;69;71;73;74;75;76;77;79;80;81;83;84;85;86;96;97;98;100;101;102;104;106;107;108;109;111;112;114;115;116;118;119;128;129;130;133;134;135;140;141;142;144;145;146,64,1
9198b9a4-8d8f-4ba6-9924-4c86982d890a,Does the video show someone chopping vegetables?,Yes.,Yes.,17;18;19;25;26;27;49;50;51;52;53;55;56;57;58;60;61;62;68;69;71;73;74;75;76;77;79;80;81;83;84;85;86;96;97;98;100;101;102;104;106;107;108;109;111;112;114;115;116;118;119;128;129;130;133;134;135;140;141;142;144;145;146,64,1
9198b9a4-8d8f-4ba6-9924-4c86982d890a,Did the individual successfully open a kitchen cabinet?,Yes.,Yes.,17;18;19;25;26;27;49;50;51;52;53;55;56;57;58;60;61;62;68;69;71;73;74;75;76;77;79;80;81;83;84;85;86;96;97;98;100;101;102;104;106;107;108;109;111;112;114;115;116;118;119;128;129;130;133;134;135;140;141;142;144;145;146,64,1
9198b9a4-8d8f-4ba6-9924-4c86982d890a,Is the flatbread being seasoned with sauce?,Yes.,"No, the flatbread is not being seasoned with sauce. It is being filled with the cooked mixture.",17;18;19;25;26;27;49;50;51;52;53;55;56;57;58;60;61;62;68;69;71;73;74;75;76;77;79;80;81;83;84;85;86;96;97;98;100;101;102;104;106;107;108;109;111;112;114;115;116;118;119;128;129;130;133;134;135;140;141;142;144;145;146,64,1
9198b9a4-8d8f-4ba6-9924-4c86982d890a,Is there an occurrence of food being wrapped?,Yes.,"Yes, there is an occurrence of food being wrapped.",17;18;19;25;26;27;49;50;51;52;53;55;56;57;58;60;61;62;68;69;71;73;74;75;76;77;79;80;81;83;84;85;86;96;97;98;100;101;102;104;106;107;108;109;111;112;114;115;116;118;119;128;129;130;133;134;135;140;141;142;144;145;146,64,1
9198b9a4-8d8f-4ba6-9924-4c86982d890a,Is the person using a knife for cooking tasks?,Yes.,Yes.,17;18;19;25;26;27;49;50;51;52;53;55;56;57;58;60;61;62;68;69;71;73;74;75;76;77;79;80;81;83;84;85;86;96;97;98;100;101;102;104;106;107;108;109;111;112;114;115;116;118;119;128;129;130;133;134;135;140;141;142;144;145;146,64,1
9198b9a4-8d8f-4ba6-9924-4c86982d890a,What is the location in the video clip?,A kitchen.,The location in the video clip is a kitchen.,49;50;51;52;53;55;56;57;58;60;61;62;68;69;71;76;77;79;80;81;83;116;118;119;133;134;135;169;170;171;192;193;195;196;197;198;200;202;203;216;217;219;220;221;222;236;237;238;240;242;243;256;257;259;261;262;263;273;274;275;276;278;279,64,1
9198b9a4-8d8f-4ba6-9924-4c86982d890a,What kitchen activity is underway in the clip?,Cutting vegetables.,"The clip shows the preparation of tacos, including cooking the filling, assembling the tacos, and adding toppings.",49;50;51;52;53;55;56;57;58;60;61;62;68;69;71;76;77;79;80;81;83;116;118;119;133;134;135;169;170;171;192;193;195;196;197;198;200;202;203;216;217;219;220;221;222;236;237;238;240;242;243;256;257;259;261;262;263;273;274;275;276;278;279,64,1
9198b9a4-8d8f-4ba6-9924-4c86982d890a,What tool does the person in the video use?,Knives.,The person in the video uses a spatula to handle the food.,49;50;51;52;53;55;56;57;58;60;61;62;68;69;71;76;77;79;80;81;83;116;118;119;133;134;135;169;170;171;192;193;195;196;197;198;200;202;203;216;217;219;220;221;222;236;237;238;240;242;243;256;257;259;261;262;263;273;274;275;276;278;279,64,1
9198b9a4-8d8f-4ba6-9924-4c86982d890a,What appliance does the person in the video handle?,The heat regulator of the cooker.,The person in the video handles a black griddle.,49;50;51;52;53;55;56;57;58;60;61;62;68;69;71;76;77;79;80;81;83;116;118;119;133;134;135;169;170;171;192;193;195;196;197;198;200;202;203;216;217;219;220;221;222;236;237;238;240;242;243;256;257;259;261;262;263;273;274;275;276;278;279,64,1
9198b9a4-8d8f-4ba6-9924-4c86982d890a,What part of the kitchen furniture does the person interact with?,Drawers.,"The person interacts with the stove, cutting board, and countertop.",49;50;51;52;53;55;56;57;58;60;61;62;68;69;71;76;77;79;80;81;83;116;118;119;133;134;135;169;170;171;192;193;195;196;197;198;200;202;203;216;217;219;220;221;222;236;237;238;240;242;243;256;257;259;261;262;263;273;274;275;276;278;279,64,1
9198b9a4-8d8f-4ba6-9924-4c86982d890a,How is the person controlling the cooking temperature?,Operating the heat regulator.,The person is using a spatula to stir the contents of the pan and adjusting the stove's temperature.,49;50;51;52;53;55;56;57;58;60;61;62;68;69;71;76;77;79;80;81;83;116;118;119;133;134;135;169;170;171;192;193;195;196;197;198;200;202;203;216;217;219;220;221;222;236;237;238;240;242;243;256;257;259;261;262;263;273;274;275;276;278;279,64,1
9198b9a4-8d8f-4ba6-9924-4c86982d890a,What can be inferred from the person's actions with the drawers?,Searching or organizing.,"The person's actions with the drawers suggest they are organizing or retrieving items, possibly related to the cooking process.",49;50;51;52;53;55;56;57;58;60;61;62;68;69;71;76;77;79;80;81;83;116;118;119;133;134;135;169;170;171;192;193;195;196;197;198;200;202;203;216;217;219;220;221;222;236;237;238;240;242;243;256;257;259;261;262;263;273;274;275;276;278;279,64,1
9198b9a4-8d8f-4ba6-9924-4c86982d890a,Does the clip show any cooking taking place?,"No direct cooking, only preparation.","Yes, the clip shows the person cooking by filling tortillas with the meat mixture and placing them on a hot griddle to cook.",49;50;51;52;53;55;56;57;58;60;61;62;68;69;71;76;77;79;80;81;83;116;118;119;133;134;135;169;170;171;192;193;195;196;197;198;200;202;203;216;217;219;220;221;222;236;237;238;240;242;243;256;257;259;261;262;263;273;274;275;276;278;279,64,1
9198b9a4-8d8f-4ba6-9924-4c86982d890a,Did the person successfully cut the vegetables?,Yes.,"Yes, the person successfully cut the vegetables.",49;50;51;52;53;55;56;57;58;60;61;62;68;69;71;76;77;79;80;81;83;116;118;119;133;134;135;169;170;171;192;193;195;196;197;198;200;202;203;216;217;219;220;221;222;236;237;238;240;242;243;256;257;259;261;262;263;273;274;275;276;278;279,64,1
9198b9a4-8d8f-4ba6-9924-4c86982d890a,Was the heat regulator adjusted to a specific level?,"Yes, it was operated.","Yes, the heat regulator was adjusted to a specific level, as indicated by the digital display showing ""2:38"" and the temperature setting of ""300"".",49;50;51;52;53;55;60;61;62;68;69;71;76;77;79;80;81;83;116;118;119;133;134;135;169;170;171;192;193;195;196;197;198;200;202;203;216;217;219;220;221;222;236;237;238;240;242;243;252;253;255;256;257;259;261;262;263;273;274;275;276;278;279,64,1
9198b9a4-8d8f-4ba6-9924-4c86982d890a,Did the person use any other kitchen tools besides knives?,Heat regulator only mentioned.,"Yes, the person used a grater, a spatula, and a pair of tongs.",49;50;51;52;53;55;56;57;58;60;61;62;68;69;71;76;77;79;80;81;83;116;118;119;133;134;135;169;170;171;192;193;195;196;197;198;200;202;203;216;217;219;220;221;222;236;237;238;240;242;243;256;257;259;261;262;263;273;274;275;276;278;279,64,1
9198b9a4-8d8f-4ba6-9924-4c86982d890a,Is the cabinet opened before wrapping the sauce in flat bread?,No,"Yes, the cabinet is opened to reveal a stack of flat breads before wrapping the sauce in flat bread.",49;50;51;52;53;55;56;57;58;60;61;62;68;69;71;76;77;79;80;81;83;116;118;119;133;134;135;169;170;171;192;193;195;196;197;198;200;202;203;216;217;219;220;221;222;236;237;238;240;242;243;256;257;259;261;262;263;273;274;275;276;278;279,64,1
9198b9a4-8d8f-4ba6-9924-4c86982d890a,Do I cut vegetables before operating the heat regulator on the cooker?,Yes,"No, you should cut the vegetables before operating the heat regulator on the cooker.",49;50;51;52;53;55;56;57;58;60;61;62;68;69;71;76;77;79;80;81;83;116;118;119;133;134;135;169;170;171;192;193;195;196;197;198;200;202;203;216;217;219;220;221;222;236;237;238;240;242;243;256;257;259;261;262;263;273;274;275;276;278;279,64,1
9198b9a4-8d8f-4ba6-9924-4c86982d890a,Is the drawer opened before the vegetables are chopped?,No,Yes.,49;50;51;52;53;55;56;57;58;60;61;62;68;69;71;76;77;79;80;81;83;116;118;119;133;134;135;169;170;171;192;193;195;196;197;198;200;202;203;216;217;219;220;221;222;236;237;238;240;242;243;256;257;259;261;262;263;273;274;275;276;278;279,64,1
9198b9a4-8d8f-4ba6-9924-4c86982d890a,Does wrapping sauce in flat bread happen after cutting vegetables?,Yes,"No, wrapping sauce in flat bread happens after preparing the flat bread.",49;50;51;52;53;55;56;57;58;60;61;62;68;69;71;76;77;79;80;81;83;116;118;119;133;134;135;169;170;171;192;193;195;196;197;198;200;202;203;216;217;219;220;221;222;236;237;238;240;242;243;256;257;259;261;262;263;273;274;275;276;278;279,64,1
9198b9a4-8d8f-4ba6-9924-4c86982d890a,Do I open the cabinet before chopping the vegetables?,No,"No, you should open the cabinet after chopping the vegetables.",49;50;51;52;53;55;56;57;58;60;61;62;68;69;71;76;77;79;80;81;83;116;118;119;133;134;135;169;170;171;192;193;195;196;197;198;200;202;203;216;217;219;220;221;222;236;237;238;240;242;243;256;257;259;261;262;263;273;274;275;276;278;279,64,1
9198b9a4-8d8f-4ba6-9924-4c86982d890a,What occurs just before wrapping the sauce in flat bread?,Chopping vegetables,"Just before wrapping the sauce in flat bread, the person scoops the sauce with a spoon and places it onto the flat bread.",49;50;51;52;53;55;56;57;58;60;61;62;68;69;71;76;77;79;80;81;83;116;118;119;133;134;135;169;170;171;192;193;195;196;197;198;200;202;203;216;217;219;220;221;222;236;237;238;240;242;243;256;257;259;261;262;263;273;274;275;276;278;279,64,1
9198b9a4-8d8f-4ba6-9924-4c86982d890a,What takes place right before operating the heat regulator of the cooker?,Cutting vegetables with knives,"Right before operating the heat regulator of the cooker, the person is seen holding a spatula and a stack of tortillas, preparing to cook the tortillas.",49;50;51;52;53;55;60;61;62;68;69;71;76;77;79;80;81;83;116;118;119;133;134;135;169;170;171;192;193;195;196;197;198;200;202;203;216;217;219;220;221;222;236;237;238;240;242;243;252;253;255;256;257;259;261;262;263;273;274;275;276;278;279,64,1
9198b9a4-8d8f-4ba6-9924-4c86982d890a,What setting is shown in this video clip?,A kitchen.,The video clip shows a kitchen setting where a person is preparing food.,60;61;62;68;69;71;116;118;119;133;134;135;169;170;171;192;193;195;196;197;198;200;202;203;216;217;219;220;221;222;236;237;238;240;242;243;261;262;263;273;274;275;276;278;279;300;301;303;308;309;310;313;314;315;316;317;318;336;337;338;388;389;390,64,1
9198b9a4-8d8f-4ba6-9924-4c86982d890a,What task is being performed with tomatoes?,Cutting tomatoes.,The tomatoes are being chopped and added to the pan with the meat mixture.,60;61;62;68;69;71;116;118;119;133;134;135;169;170;171;192;193;195;196;197;198;200;202;203;216;217;219;220;221;222;236;237;238;240;242;243;261;262;263;273;274;275;276;278;279;300;301;303;308;309;310;313;314;315;316;317;318;336;337;338;388;389;390,64,1
9198b9a4-8d8f-4ba6-9924-4c86982d890a,Is there an electronic device being used in this scene?,"Yes, a mobile phone.",yes,60;61;62;68;69;71;116;118;119;133;134;135;169;170;171;192;193;195;196;197;198;200;202;203;216;217;219;220;221;222;236;237;238;240;242;243;261;262;263;273;274;275;276;278;279;300;301;303;308;309;310;313;314;315;316;317;318;336;337;338;388;389;390,64,1
9198b9a4-8d8f-4ba6-9924-4c86982d890a,How is the sauce being utilized in the cooking process?,By spreading it on flatbreads.,"The sauce is being used to fill the tortillas, which are then placed on a grill pan to be cooked.",60;61;62;68;69;71;116;118;119;133;134;135;169;170;171;192;193;195;196;197;198;200;202;203;216;217;219;220;221;222;236;237;238;240;242;243;261;262;263;273;274;275;276;278;279;300;301;303;308;309;310;313;314;315;316;317;318;336;337;338;388;389;390,64,1
9198b9a4-8d8f-4ba6-9924-4c86982d890a,What activity is occurring aside from food preparation?,Operating a mobile phone.,"Aside from food preparation, the activity occurring is the cooking of the tortillas on the stovetop.",60;61;62;68;69;71;116;118;119;133;134;135;169;170;171;192;193;195;196;197;198;200;202;203;216;217;219;220;221;222;236;237;238;240;242;243;261;262;263;273;274;275;276;278;279;300;301;303;308;309;310;313;314;315;316;317;318;336;337;338;388;389;390,64,1
9198b9a4-8d8f-4ba6-9924-4c86982d890a,What manual task is depicted involving food items?,"Cutting vegetables, specifically tomatoes.",The manual task depicted involves filling tortillas with a meat mixture and placing them on a grill pan to cook.,60;61;62;68;69;71;116;118;119;133;134;135;169;170;171;192;193;195;196;197;198;200;202;203;216;217;219;220;221;222;236;237;238;240;242;243;261;262;263;273;274;275;276;278;279;300;301;303;308;309;310;313;314;315;316;317;318;336;337;338;388;389;390,64,1
9198b9a4-8d8f-4ba6-9924-4c86982d890a,Is someone chopping vegetables in the video?,Yes.,"No, there is no chopping of vegetables shown in the video.",60;61;62;68;69;71;116;118;119;133;134;135;169;170;171;192;193;195;196;197;198;200;202;203;216;217;219;220;221;222;236;237;238;240;242;243;261;262;263;273;274;275;276;278;279;300;301;303;308;309;310;313;314;315;316;317;318;336;337;338;388;389;390,64,1
9198b9a4-8d8f-4ba6-9924-4c86982d890a,Is the sauce being poured into a bowl?,"No, it's being rolled in flatbreads.","No, the sauce is being poured into a pan.",60;61;62;68;69;71;116;118;119;133;134;135;169;170;171;192;193;195;196;197;198;200;202;203;216;217;219;220;221;222;236;237;238;240;242;243;261;262;263;273;274;275;276;278;279;300;301;303;308;309;310;313;314;315;316;317;318;336;337;338;388;389;390,64,1
9198b9a4-8d8f-4ba6-9924-4c86982d890a,Is a cooking activity happening in a bedroom?,"No, it's happening in a kitchen.",no,60;61;62;68;69;71;116;118;119;133;134;135;169;170;171;192;193;195;196;197;198;200;202;203;216;217;219;220;221;222;236;237;238;240;242;243;261;262;263;273;274;275;276;278;279;300;301;303;308;309;310;313;314;315;316;317;318;336;337;338;388;389;390,64,1
9198b9a4-8d8f-4ba6-9924-4c86982d890a,Does the frame capture the act of grilling or frying?,No.,"The frame captures the act of grilling or frying, as the tortillas are being placed on a grill pan and the mixture is being stirred in a pan on the stove.",60;61;62;68;69;71;116;118;119;133;134;135;169;170;171;192;193;195;196;197;198;200;202;203;216;217;219;220;221;222;236;237;238;240;242;243;261;262;263;273;274;275;276;278;279;300;301;303;308;309;310;313;314;315;316;317;318;336;337;338;388;389;390,64,1
9198b9a4-8d8f-4ba6-9924-4c86982d890a,"In the video, are vegetables cut before the heat regulator is operated?",Yes,"Yes, vegetables are cut before the heat regulator is operated.",60;61;62;68;69;71;116;118;119;133;134;135;169;170;171;192;193;195;196;197;198;200;202;203;216;217;219;220;221;222;236;237;238;240;242;243;261;262;263;273;274;275;276;278;279;300;301;303;308;309;310;313;314;315;316;317;318;336;337;338;388;389;390,64,1
9198b9a4-8d8f-4ba6-9924-4c86982d890a,Does rolling sauce in flatbreads occur after cutting tomatoes?,Yes,"No, rolling sauce in flatbreads occurs before cutting tomatoes.",60;61;62;68;69;71;116;118;119;133;134;135;169;170;171;192;193;195;196;197;198;200;202;203;216;217;219;220;221;222;236;237;238;240;242;243;261;262;263;273;274;275;276;278;279;300;301;303;308;309;310;313;314;315;316;317;318;336;337;338;388;389;390,64,1
9198b9a4-8d8f-4ba6-9924-4c86982d890a,Does the opening of the drawers happen before using the mobile phone?,No,"No, the opening of the drawers happens after using the mobile phone.",60;61;62;68;69;71;116;118;119;133;134;135;169;170;171;192;193;195;196;197;198;200;202;203;216;217;219;220;221;222;236;237;238;240;242;243;261;262;263;273;274;275;276;278;279;300;301;303;308;309;310;313;314;315;316;317;318;336;337;338;388;389;390,64,1
9198b9a4-8d8f-4ba6-9924-4c86982d890a,Is the heat regulator operated before rolling sauce in flatbreads?,No,"Yes, the heat regulator is operated before rolling sauce in flatbreads.",60;61;62;68;69;71;116;118;119;133;134;135;169;170;171;192;193;195;196;197;198;200;202;203;216;217;219;220;221;222;236;237;238;240;242;243;261;262;263;273;274;275;276;278;279;300;301;303;308;309;310;313;314;315;316;317;318;336;337;338;388;389;390,64,1
9198b9a4-8d8f-4ba6-9924-4c86982d890a,What occurs just before rolling sauce in flatbreads?,Cutting tomatoes with a knife.,The sauce is scooped and placed into the flatbreads.,60;61;62;68;69;71;116;118;119;133;134;135;169;170;171;192;193;195;196;197;198;200;202;203;216;217;219;220;221;222;236;237;238;240;242;243;261;262;263;273;274;275;276;278;279;300;301;303;308;309;310;313;314;315;316;317;318;336;337;338;388;389;390,64,1
9198b9a4-8d8f-4ba6-9924-4c86982d890a,What happens just before operating the heat regulator?,Cutting vegetables with knives.,"Just before operating the heat regulator, the person is seen holding a spatula and a piece of dough, preparing to place the dough on the griddle.",60;61;62;68;69;71;116;118;119;133;134;135;169;170;171;192;193;195;196;197;198;200;202;203;216;217;219;220;221;222;236;237;238;240;242;243;261;262;263;273;274;275;276;278;279;300;301;303;308;309;310;313;314;315;316;317;318;336;337;338;388;389;390,64,1
9198b9a4-8d8f-4ba6-9924-4c86982d890a,What is done just before opening drawers in the kitchen?,Operating the heat regulator of the cooker.,"Just before opening drawers in the kitchen, a person is seen holding a spatula and a bowl of chopped vegetables, preparing to add them to the pan.",60;61;62;68;69;71;116;118;119;133;134;135;169;170;171;192;193;195;196;197;198;200;202;203;216;217;219;220;221;222;236;237;238;240;242;243;261;262;263;273;274;275;276;278;279;300;301;303;308;309;310;313;314;315;316;317;318;336;337;338;388;389;390,64,1
9198b9a4-8d8f-4ba6-9924-4c86982d890a,What activity occurs just before operating a mobile phone?,Rolling sauce in flatbreads.,The activity that occurs just before operating a mobile phone is holding the phone.,60;61;62;68;69;71;116;118;119;133;134;135;169;170;171;192;193;195;196;197;198;200;202;203;216;217;219;220;221;222;236;237;238;240;242;243;261;262;263;273;274;275;276;278;279;300;301;303;308;309;310;313;314;315;316;317;318;336;337;338;388;389;390,64,1
9198b9a4-8d8f-4ba6-9924-4c86982d890a,Is the cabinet opened before the vegetables are chopped?,No,No.,60;61;62;68;69;71;116;118;119;133;134;135;169;170;171;192;193;195;196;197;198;200;202;203;216;217;219;220;221;222;236;237;238;240;242;243;261;262;263;273;274;275;276;278;279;300;301;303;308;309;310;313;314;315;316;317;318;336;337;338;388;389;390,64,1
9198b9a4-8d8f-4ba6-9924-4c86982d890a,Does operating the heat regulator happen after chopping vegetables?,Yes,"Yes, operating the heat regulator happens after chopping vegetables.",60;61;62;68;69;71;116;118;119;133;134;135;169;170;171;192;193;195;196;197;198;200;202;203;216;217;219;220;221;222;236;237;238;240;242;243;261;262;263;273;274;275;276;278;279;300;301;303;308;309;310;313;314;315;316;317;318;336;337;338;388;389;390,64,1
9198b9a4-8d8f-4ba6-9924-4c86982d890a,Is wrapping sauce in flat bread before cutting vegetables?,No,"No, the video shows the process of wrapping sauce in flat bread after cutting vegetables.",60;61;62;68;69;71;116;118;119;133;134;135;169;170;171;192;193;195;196;197;198;200;202;203;216;217;219;220;221;222;236;237;238;240;242;243;261;262;263;273;274;275;276;278;279;300;301;303;308;309;310;313;314;315;316;317;318;336;337;338;388;389;390,64,1
9198b9a4-8d8f-4ba6-9924-4c86982d890a,Do I use the mobile phone before opening drawers?,Yes,"No, you should not use the mobile phone before opening drawers.",60;61;62;68;69;71;116;118;119;133;134;135;169;170;171;192;193;195;196;197;198;200;202;203;216;217;219;220;221;222;236;237;238;240;242;243;261;262;263;273;274;275;276;278;279;300;301;303;308;309;310;313;314;315;316;317;318;336;337;338;388;389;390,64,1
9198b9a4-8d8f-4ba6-9924-4c86982d890a,What happens just before the cabinet is opened in the video?,Chopping vegetables,"A hand with red nail polish is seen holding a spatula, stirring the contents of a pan on the stove.",60;61;62;68;69;71;116;118;119;133;134;135;169;170;171;192;193;195;196;197;198;200;202;203;216;217;219;220;221;222;236;237;238;240;242;243;261;262;263;273;274;275;276;278;279;300;301;303;308;309;310;313;314;315;316;317;318;336;337;338;388;389;390,64,1
9198b9a4-8d8f-4ba6-9924-4c86982d890a,What occurs immediately before operating the heat regulator?,Cutting vegetables with knives,"Immediately before operating the heat regulator, the person is seen holding a spatula and a piece of dough, preparing to place the dough on the griddle.",60;61;62;68;69;71;116;118;119;133;134;135;169;170;171;192;193;195;196;197;198;200;202;203;216;217;219;220;221;222;236;237;238;240;242;243;261;262;263;273;274;275;276;278;279;300;301;303;308;309;310;313;314;315;316;317;318;336;337;338;388;389;390,64,1
9198b9a4-8d8f-4ba6-9924-4c86982d890a,What do I do right before rolling sauce in flat breads?,Cutting tomatoes,"In the video, the person is preparing to roll a sauce-like mixture in flat breads. Here are the steps they are following:1. They have a pan with a sauce-like mixture on the stove.2. They have a stack of flat breads nearby.3. They are using a spatula to scoop the sauce mixture.4. They are placing the sauce mixture onto the flat breads.5. They are rolling the flat breads around the sauce mixture to form a wrap or burrito.The person is right before rolling the sauce in the flat breads, which involves scooping the sauce mixture with a spatula and placing it onto the flat bread before rolling it up.",60;61;62;68;69;71;116;118;119;133;134;135;169;170;171;192;193;195;196;197;198;200;202;203;216;217;219;220;221;222;236;237;238;240;242;243;261;262;263;273;274;275;276;278;279;300;301;303;308;309;310;313;314;315;316;317;318;336;337;338;388;389;390,64,1
9198b9a4-8d8f-4ba6-9924-4c86982d890a,What action takes place just before using the mobile phone?,Rolling sauce in flat breads,The person is seen holding a bowl of chopped vegetables.,60;61;62;68;69;71;116;118;119;133;134;135;169;170;171;192;193;195;196;197;198;200;202;203;216;217;219;220;221;222;236;237;238;240;242;243;261;262;263;273;274;275;276;278;279;300;301;303;308;309;310;313;314;315;316;317;318;336;337;338;388;389;390,64,1
9198b9a4-8d8f-4ba6-9924-4c86982d890a,What is done directly before opening drawers in the kitchen?,Operating the heat regulator.,"Directly before opening drawers in the kitchen, the person is seen holding a spatula and a bowl of chopped vegetables, preparing to add them to the pan.",60;61;62;68;69;71;116;118;119;133;134;135;169;170;171;192;193;195;196;197;198;200;202;203;216;217;219;220;221;222;236;237;238;240;242;243;261;262;263;273;274;275;276;278;279;300;301;303;308;309;310;313;314;315;316;317;318;336;337;338;388;389;390,64,1
9198b9a4-8d8f-4ba6-9924-4c86982d890a,What is the setting of the latest video frame?,A kitchen.,"The setting of the latest video frame is a kitchen with a tiled backsplash, a countertop with various ingredients and utensils, and a stove with a pot of chili and a pan with tortillas.",60;61;62;68;69;71;133;134;135;169;170;171;192;193;195;196;197;198;200;202;203;216;217;219;220;221;222;236;237;238;240;242;243;261;262;263;273;274;275;276;278;279;300;301;303;308;309;310;316;317;318;336;337;338;388;389;390;429;430;431;480;481;482,64,1
9198b9a4-8d8f-4ba6-9924-4c86982d890a,What can be seen on the stove in the video clip?,A pan with shawarma filling and bread.,A pot of chili and a pan with a mixture of vegetables and cheese can be seen on the stove.,60;61;62;68;69;71;133;134;135;169;170;171;192;193;195;196;197;198;200;202;203;216;217;219;220;221;222;236;237;238;261;262;263;273;274;275;276;278;279;300;301;303;308;309;310;316;317;318;336;337;338;388;389;390;420;421;422;429;430;431;480;481;482,64,1
9198b9a4-8d8f-4ba6-9924-4c86982d890a,How many pans are on the stove in the video?,Two pans.,There are two pans on the stove in the video.,60;61;62;68;69;71;133;134;135;169;170;171;192;193;195;196;197;198;200;202;203;216;217;219;220;221;222;236;237;238;261;262;263;273;274;275;276;278;279;300;301;303;308;309;310;316;317;318;336;337;338;388;389;390;420;421;422;429;430;431;480;481;482,64,1
9198b9a4-8d8f-4ba6-9924-4c86982d890a,What objects are visible on the kitchen counter in the video?,Ingredients and utensils.,"A plastic container with tortillas, a bowl of chopped vegetables, a plate of sliced onions, and a container of spices are visible on the kitchen counter.",60;61;62;68;69;71;133;134;135;169;170;171;192;193;195;196;197;198;200;202;203;216;217;219;220;221;222;236;237;238;261;262;263;273;274;275;276;278;279;300;301;303;308;309;310;316;317;318;336;337;338;388;389;390;420;421;422;429;430;431;480;481;482,64,1
9198b9a4-8d8f-4ba6-9924-4c86982d890a,What cooking process is happening in the new frames?,Shawarma filling is being prepared.,"In the new frames, the person is preparing to cook the tortillas by filling them with the meat mixture and then placing them on a grill pan to cook.",60;61;62;68;69;71;133;134;135;169;170;171;192;193;195;196;197;198;200;202;203;216;217;219;220;221;222;236;237;238;261;262;263;273;274;275;276;278;279;300;301;303;308;309;310;316;317;318;336;337;338;388;389;390;420;421;422;429;430;431;480;481;482,64,1
9198b9a4-8d8f-4ba6-9924-4c86982d890a,What action was the cook performing?,Adding bread to the shawarma filling.,"The cook was preparing a dish by filling tortillas with a meat mixture, placing them on a grill pan, and then adding a colorful vegetable mixture on top.",60;61;62;68;69;71;133;134;135;169;170;171;192;193;195;196;197;198;200;202;203;216;217;219;220;221;222;236;237;238;261;262;263;273;274;275;276;278;279;300;301;303;308;309;310;316;317;318;336;337;338;388;389;390;420;421;422;429;430;431;480;481;482,64,1
9198b9a4-8d8f-4ba6-9924-4c86982d890a,How is the cook interacting with the food?,By stirring and combining ingredients.,"The cook is interacting with the food by using a spatula to stir the mixture in the pan, placing the mixture into the tortillas, and arranging the tortillas on the grill.",60;61;62;68;69;71;133;134;135;169;170;171;192;193;195;196;197;198;200;202;203;216;217;219;220;221;222;236;237;238;261;262;263;273;274;275;276;278;279;300;301;303;308;309;310;316;317;318;336;337;338;388;389;390;420;421;422;429;430;431;480;481;482,64,1
9198b9a4-8d8f-4ba6-9924-4c86982d890a,Describe the cook's technique in the video clip.,Carefully scooping and spreading filling onto bread.,"The cook in the video clip is seen preparing a dish that involves filling tortillas with a mixture of meat and vegetables. The process begins with the cook holding a tortilla in one hand and using a spatula to scoop a portion of the meat mixture from a pan with the other hand. The meat mixture appears to be a combination of ground meat and vegetables, possibly including onions and peppers, cooked in a sauce. The cook then places the meat mixture onto the tortilla and folds it over to form a burrito or taco. The tortillas are laid out on a black tray, and the cook repeats this process, filling multiple tortillas with the meat mixture. The video shows the cook's hands moving with precision and care, ensuring that each tortilla is properly filled and folded. The background includes a tiled backsplash and various kitchen items such as a container of tortillas, a bowl of chopped vegetables, and a bottle of oil. The cook's technique is methodical and focused on creating a consistent and delicious dish.",60;61;62;68;69;71;133;134;135;169;170;171;192;193;195;196;197;198;200;202;203;216;217;219;220;221;222;236;237;238;261;262;263;273;274;275;276;278;279;300;301;303;308;309;310;316;317;318;336;337;338;388;389;390;420;421;422;429;430;431;480;481;482,64,1
9198b9a4-8d8f-4ba6-9924-4c86982d890a,Is there more than one dish being cooked simultaneously?,Yes.,Yes.,60;61;62;68;69;71;133;134;135;169;170;171;192;193;195;196;197;198;200;202;203;216;217;219;220;221;222;236;237;238;261;262;263;273;274;275;276;278;279;300;301;303;308;309;310;316;317;318;336;337;338;388;389;390;420;421;422;429;430;431;480;481;482,64,1
9198b9a4-8d8f-4ba6-9924-4c86982d890a,Is the cook wearing any protective gloves in the video?,No.,"No, the cook is not wearing any protective gloves in the video.",60;61;62;68;69;71;133;134;135;169;170;171;192;193;195;196;197;198;200;202;203;216;217;219;220;221;222;236;237;238;261;262;263;273;274;275;276;278;279;300;301;303;308;309;310;316;317;318;336;337;338;388;389;390;420;421;422;429;430;431;480;481;482,64,1
9198b9a4-8d8f-4ba6-9924-4c86982d890a,Does the video capture the addition of toppings to the shawarma?,No.,"Yes, the video captures the addition of toppings to the shawarma, as the person is seen placing the meat-filled tortillas on a tray and adding toppings to them.",60;61;62;68;69;71;133;134;135;169;170;171;192;193;195;196;197;198;200;202;203;216;217;219;220;221;222;236;237;238;261;262;263;273;274;275;276;278;279;300;301;303;308;309;310;316;317;318;336;337;338;388;389;390;420;421;422;429;430;431;480;481;482,64,1
9198b9a4-8d8f-4ba6-9924-4c86982d890a,Is the mobile phone operated before rolling sauce in flat breads?,No,No.,60;61;62;68;69;71;133;134;135;169;170;171;192;193;195;196;197;198;200;202;203;216;217;219;220;221;222;236;237;238;261;262;263;273;274;275;276;278;279;300;301;303;308;309;310;316;317;318;336;337;338;388;389;390;420;421;422;429;430;431;480;481;482,64,1
9198b9a4-8d8f-4ba6-9924-4c86982d890a,Do I cut the tomatoes before preparing the shawarma?,Yes,"No, you do not cut the tomatoes before preparing the shawarma. The tomatoes are cut after the shawarma is prepared and served.",60;61;62;68;69;71;133;134;135;169;170;171;192;193;195;196;197;198;200;202;203;216;217;219;220;221;222;236;237;238;261;262;263;273;274;275;276;278;279;300;301;303;308;309;310;316;317;318;336;337;338;388;389;390;420;421;422;429;430;431;480;481;482,64,1
9198b9a4-8d8f-4ba6-9924-4c86982d890a,Is the shawarma prepared before cutting tomatoes?,No,"Yes, the shawarma is prepared before cutting tomatoes.",60;61;62;68;69;71;133;134;135;169;170;171;192;193;195;196;197;198;200;202;203;216;217;219;220;221;222;236;237;238;261;262;263;273;274;275;276;278;279;300;301;303;308;309;310;316;317;318;336;337;338;388;389;390;420;421;422;429;430;431;480;481;482,64,1
9198b9a4-8d8f-4ba6-9924-4c86982d890a,Do I roll sauce in flat breads after cutting tomatoes?,Yes,"No, you do not roll sauce in flat breads after cutting tomatoes. The video shows the preparation of a dish involving filling flat breads with a meat mixture and then cooking them. The process does not include rolling sauce in flat breads after cutting tomatoes.",60;61;62;68;69;71;133;134;135;169;170;171;192;193;195;196;197;198;200;202;203;216;217;219;220;221;222;236;237;238;261;262;263;273;274;275;276;278;279;300;301;303;308;309;310;316;317;318;336;337;338;388;389;390;420;421;422;429;430;431;480;481;482,64,1
9198b9a4-8d8f-4ba6-9924-4c86982d890a,Is the mobile phone operated after preparing the shawarma?,Yes,"No, the mobile phone is not operated after preparing the shawarma.",60;61;62;68;69;71;133;134;135;169;170;171;192;193;195;196;197;198;200;202;203;216;217;219;220;221;222;236;237;238;261;262;263;273;274;275;276;278;279;300;301;303;308;309;310;316;317;318;336;337;338;388;389;390;420;421;422;429;430;431;480;481;482,64,1
9198b9a4-8d8f-4ba6-9924-4c86982d890a,What action occurs just before I operated the mobile phone?,Rolling sauce in flat breads,"The person is seen holding a spatula and a bowl of chopped vegetables, preparing to add them to the pan.",60;61;62;68;69;71;133;134;135;169;170;171;192;193;195;196;197;198;200;202;203;216;217;219;220;221;222;236;237;238;261;262;263;273;274;275;276;278;279;300;301;303;308;309;310;316;317;318;336;337;338;388;389;390;420;421;422;429;430;431;480;481;482,64,1
9198b9a4-8d8f-4ba6-9924-4c86982d890a,What do I do before cutting the tomatoes?,"Nothing, it is the first action.","Before cutting the tomatoes, you should first wash them thoroughly under running water to remove any dirt or debris. Then, you can use a sharp knife to slice them. If you want to cut them into smaller pieces or wedges, you can do so by making vertical and horizontal cuts, creating smaller sections. If you prefer to dice the tomatoes, you can cut them into halves or quarters and then chop them into smaller cubes. Make sure to handle the knife carefully to avoid any accidents.",60;61;62;68;69;71;133;134;135;169;170;171;192;193;195;196;197;198;200;202;203;216;217;219;220;221;222;236;237;238;261;262;263;273;274;275;276;278;279;300;301;303;308;309;310;316;317;318;336;337;338;388;389;390;420;421;422;429;430;431;480;481;482,64,1
9198b9a4-8d8f-4ba6-9924-4c86982d890a,What occurs just before preparing the shawarma?,Operating the mobile phone,"The person is seen holding a tortilla and a spatula, ready to assemble the shawarma.",60;61;62;68;69;71;133;134;135;169;170;171;192;193;195;196;197;198;200;202;203;216;217;219;220;221;222;236;237;238;261;262;263;273;274;275;276;278;279;300;301;303;308;309;310;316;317;318;336;337;338;388;389;390;420;421;422;429;430;431;480;481;482,64,1
9198b9a4-8d8f-4ba6-9924-4c86982d890a,"In the video, did I open the kitchen drawers before cutting vegetables?",No,"No, you did not open the kitchen drawers before cutting vegetables.",60;61;62;68;69;71;133;134;135;169;170;171;192;193;195;196;197;198;200;202;203;216;217;219;220;221;222;236;237;238;261;262;263;273;274;275;276;278;279;300;301;303;308;309;310;316;317;318;336;337;338;388;389;390;420;421;422;429;430;431;480;481;482,64,1
9198b9a4-8d8f-4ba6-9924-4c86982d890a,Does the cooking of shawarma happen before regulating the cooker's heat?,Yes,"No, the cooking of shawarma happens after regulating the cooker's heat.",60;61;62;68;69;71;133;134;135;169;170;171;192;193;195;196;197;198;200;202;203;216;217;219;220;221;222;236;237;238;261;262;263;273;274;275;276;278;279;300;301;303;308;309;310;316;317;318;336;337;338;388;389;390;420;421;422;429;430;431;480;481;482,64,1
9198b9a4-8d8f-4ba6-9924-4c86982d890a,"In the video, is the mobile phone operated after the sauce is rolled in flatbreads?",Yes,"No, the video concludes with the person still in the process of rolling the sauce in flatbreads, with no mention of operating a mobile phone.",60;61;62;68;69;71;133;134;135;169;170;171;192;193;195;196;197;198;200;202;203;216;217;219;220;221;222;236;237;238;261;262;263;273;274;275;276;278;279;300;301;303;308;309;310;316;317;318;336;337;338;388;389;390;420;421;422;429;430;431;480;481;482,64,1
9198b9a4-8d8f-4ba6-9924-4c86982d890a,Is heat regulation done before cutting tomatoes with a knife?,No,"No, heat regulation is not mentioned before cutting tomatoes with a knife.",60;61;62;68;69;71;133;134;135;169;170;171;192;193;195;196;197;198;200;202;203;216;217;219;220;221;222;236;237;238;261;262;263;273;274;275;276;278;279;300;301;303;308;309;310;316;317;318;336;337;338;388;389;390;420;421;422;429;430;431;480;481;482,64,1
9198b9a4-8d8f-4ba6-9924-4c86982d890a,"In the video sequence, what do I do before cooking shawarma?",Cut vegetables,"Before cooking shawarma, the video shows the preparation of ingredients and the assembly of the wraps. Here's a step-by-step breakdown of the process:1. **Preparation of Ingredients**: The video starts with the preparation of ingredients, including chopping vegetables and cooking a meat mixture in a pan. The vegetables are sautéed in a pan with oil, and the meat mixture is cooked in another pan.2. **Assembly of Wraps**: Tortillas are laid out on a tray, and the cooked meat mixture is scooped onto the tortillas. The vegetables are also added to the wraps.3. **Cooking the Wraps**: The wraps are then cooked on a grill or a griddle until they are heated through and slightly toasted.4. **Final Touches**: The wraps are served, and the video concludes with the wraps being ready to be eaten.Throughout the video, the focus is on the careful preparation and assembly of the shawarma wraps, ensuring they are well-cooked and flavorful.",60;61;62;68;69;71;133;134;135;169;170;171;192;193;195;196;197;198;200;202;203;216;217;219;220;221;222;236;237;238;261;262;263;273;274;275;276;278;279;300;301;303;308;309;310;316;317;318;336;337;338;388;389;390;420;421;422;429;430;431;480;481;482,64,1
9198b9a4-8d8f-4ba6-9924-4c86982d890a,Describe the setting shown in the video clip.,A kitchen where shawarma is being prepared.,"The video takes place in a kitchen with a tiled backsplash and various cooking utensils and ingredients visible on the counter. The main focus is on the preparation of a dish involving rolled tortillas and a mixture of cooked vegetables and meat. The person in the video is seen handling the tortillas, filling them with the meat mixture, and placing them on a grill pan. The kitchen counter is cluttered with various items such as a container of tortillas, a bowl of chopped vegetables, and a blender. The stove has a pot of cooked meat and a pan with a mixture of vegetables and meat. The person is wearing a black shirt and has red nail polish.",68;69;71;133;134;135;169;170;171;192;193;195;196;197;198;200;202;203;216;217;219;220;221;222;236;237;238;261;262;263;273;274;275;276;278;279;300;301;303;308;309;310;316;317;318;336;337;338;388;389;390;429;430;431;480;481;482;609;610;611;624;625;626,64,1
9198b9a4-8d8f-4ba6-9924-4c86982d890a,What is happening in these new frames?,Shawarma is being filled with ingredients.,"In the new frames, we see a person in a kitchen preparing food. They are working with tortillas, which appear to be filled with a mixture of meat and possibly cheese. The person is using a spatula to place the filled tortillas onto a grill pan, which is on an electric stove. The kitchen counter is cluttered with various cooking ingredients and utensils, including a bowl of chopped vegetables, a container of tortillas, and several bottles that might contain spices or sauces. The person is wearing a black top and has red nail polish. The scene suggests that they are in the process of cooking a meal, possibly tacos or burritos, and are carefully arranging the filled tortillas on the grill pan to cook them evenly.",68;69;71;133;134;135;169;170;171;192;193;195;196;197;198;200;202;203;216;217;219;220;221;222;236;237;238;261;262;263;273;274;275;276;278;279;300;301;303;308;309;310;316;317;318;336;337;338;388;389;390;429;430;431;480;481;482;609;610;611;624;625;626,64,1
9198b9a4-8d8f-4ba6-9924-4c86982d890a,Is the person in the video making a meal?,Yes.,Yes.,68;69;71;133;134;135;169;170;171;192;193;195;196;197;198;200;202;203;216;217;219;220;221;222;236;237;238;261;262;263;273;274;275;276;278;279;300;301;303;308;309;310;316;317;318;336;337;338;388;389;390;429;430;431;480;481;482;609;610;611;624;625;626,64,1
9198b9a4-8d8f-4ba6-9924-4c86982d890a,Is the kitchen the main location in these frames?,Yes.,Yes.,68;69;71;133;134;135;169;170;171;192;193;195;196;197;198;200;202;203;216;217;219;220;221;222;236;237;238;261;262;263;273;274;275;276;278;279;300;301;303;308;309;310;316;317;318;336;337;338;388;389;390;429;430;431;480;481;482;609;610;611;624;625;626,64,1
9198b9a4-8d8f-4ba6-9924-4c86982d890a,Does the video capture the moment of grilling meat for the shawarma?,No.,"No, the video does not capture the moment of grilling meat for the shawarma. It focuses on the preparation and assembly of the shawarma.",68;69;71;133;134;135;169;170;171;192;193;195;196;197;198;200;202;203;216;217;219;220;221;222;236;237;238;261;262;263;273;274;275;276;278;279;300;301;303;308;309;310;316;317;318;336;337;338;388;389;390;429;430;431;480;481;482;609;610;611;624;625;626,64,1
9198b9a4-8d8f-4ba6-9924-4c86982d890a,Are spices being added to the food in this clip?,No.,"Yes, spices are being added to the food in this clip.",68;69;71;133;134;135;169;170;171;192;193;195;196;197;198;200;202;203;216;217;219;220;221;222;236;237;238;261;262;263;273;274;275;276;278;279;300;301;303;308;309;310;316;317;318;336;337;338;388;389;390;429;430;431;480;481;482;609;610;611;624;625;626,64,1
9198b9a4-8d8f-4ba6-9924-4c86982d890a,"In the video, is the shawarma filling added to the bread before wrapping it?",Yes,"Yes, the shawarma filling is added to the bread before wrapping it.",68;69;71;133;134;135;169;170;171;192;193;195;196;197;198;200;202;203;216;217;219;220;221;222;236;237;238;261;262;263;273;274;275;276;278;279;300;301;303;308;309;310;316;317;318;336;337;338;388;389;390;429;430;431;480;481;482;609;610;611;624;625;626,64,1
9198b9a4-8d8f-4ba6-9924-4c86982d890a,Does the chopping of vegetables occur before heating the pan?,No,"Yes, the chopping of vegetables occurs before heating the pan.",68;69;71;133;134;135;169;170;171;192;193;195;196;197;198;200;202;203;216;217;219;220;221;222;236;237;238;261;262;263;273;274;275;276;278;279;300;301;303;308;309;310;316;317;318;336;337;338;388;389;390;429;430;431;480;481;482;609;610;611;624;625;626,64,1
9198b9a4-8d8f-4ba6-9924-4c86982d890a,Is the stove turned off before removing the pan from heat?,Yes,No.,68;69;71;133;134;135;169;170;171;192;193;195;196;197;198;200;202;203;216;217;219;220;221;222;236;237;238;261;262;263;273;274;275;276;278;279;300;301;303;308;309;310;316;317;318;336;337;338;388;389;390;429;430;431;480;481;482;609;610;611;624;625;626,64,1
9198b9a4-8d8f-4ba6-9924-4c86982d890a,"In the video, is the bread placed on the pan before adding fillings?",Yes,"Yes, the bread is placed on the pan before adding fillings.",68;69;71;133;134;135;169;170;171;192;193;195;196;197;198;200;202;203;216;217;219;220;221;222;236;237;238;261;262;263;273;274;275;276;278;279;300;301;303;308;309;310;316;317;318;336;337;338;388;389;390;429;430;431;480;481;482;609;610;611;624;625;626,64,1
9198b9a4-8d8f-4ba6-9924-4c86982d890a,Is the shawarma served before adding sauce?,No,"No, the shawarma is not served before adding sauce.",68;69;71;133;134;135;169;170;171;192;193;195;196;197;198;200;202;203;216;217;219;220;221;222;236;237;238;261;262;263;273;274;275;276;278;279;300;301;303;308;309;310;316;317;318;336;337;338;388;389;390;429;430;431;480;481;482;609;610;611;624;625;626,64,1
9198b9a4-8d8f-4ba6-9924-4c86982d890a,What do I do before adding the shawarma filling to the bread?,Chop vegetables,"Before adding the shawarma filling to the bread, you should ensure that the bread is warm and ready to be filled. In the video, the bread is being heated on a grill pan. Once the bread is warm, you can proceed to fill it with the shawarma meat, which appears to be seasoned and cooked. The shawarma is scooped out from a pan using a spatula, and then placed onto the bread. After placing the shawarma, you can add any additional ingredients such as vegetables, sauces, or garnishes as desired. Finally, you can fold the bread over the filling to create a wrap or roll.",68;69;71;133;134;135;169;170;171;192;193;195;196;197;198;200;202;203;216;217;219;220;221;222;236;237;238;261;262;263;273;274;275;276;278;279;300;301;303;308;309;310;316;317;318;336;337;338;388;389;390;429;430;431;480;481;482;609;610;611;624;625;626,64,1
9198b9a4-8d8f-4ba6-9924-4c86982d890a,What is done before turning off the stove?,Cook shawarma,"Before turning off the stove, the person ensures that the tortillas are evenly cooked and the mixture is well-mixed.",68;69;71;133;134;135;169;170;171;192;193;195;196;197;198;200;202;203;216;217;219;220;221;222;236;237;238;261;262;263;273;274;275;276;278;279;300;301;303;308;309;310;316;317;318;336;337;338;388;389;390;429;430;431;480;481;482;609;610;611;624;625;626,64,1
9198b9a4-8d8f-4ba6-9924-4c86982d890a,What is the immediate step before serving the shawarma?,Add sauce,The immediate step before serving the shawarma is to place the cooked shawarma on a plate.,68;69;71;133;134;135;169;170;171;192;193;195;196;197;198;200;202;203;216;217;219;220;221;222;236;237;238;261;262;263;273;274;275;276;278;279;300;301;303;308;309;310;316;317;318;336;337;338;388;389;390;429;430;431;480;481;482;609;610;611;624;625;626,64,1
9198b9a4-8d8f-4ba6-9924-4c86982d890a,"In the video, is the sauce added to the flat bread before cutting the tomatoes?",No,"No, the sauce is added to the flat bread after cutting the tomatoes.",68;69;71;133;134;135;169;170;171;192;193;195;196;197;198;200;202;203;216;217;219;220;221;222;236;237;238;261;262;263;273;274;275;276;278;279;300;301;303;308;309;310;316;317;318;336;337;338;388;389;390;429;430;431;480;481;482;609;610;611;624;625;626,64,1
9198b9a4-8d8f-4ba6-9924-4c86982d890a,Does the person operate the mobile phone after rolling the sauce in the flat breads?,Yes,"No, the person does not operate the mobile phone after rolling the sauce in the flat breads.",68;69;71;133;134;135;169;170;171;192;193;195;196;197;198;200;202;203;216;217;219;220;221;222;236;237;238;261;262;263;273;274;275;276;278;279;300;301;303;308;309;310;316;317;318;336;337;338;388;389;390;429;430;431;480;481;482;609;610;611;624;625;626,64,1
9198b9a4-8d8f-4ba6-9924-4c86982d890a,Is the shawarma prepared before the tomatoes are cut with a knife?,Yes,"Yes, the shawarma is prepared before the tomatoes are cut with a knife.",68;69;71;133;134;135;169;170;171;192;193;195;196;197;198;200;202;203;216;217;219;220;221;222;236;237;238;261;262;263;273;274;275;276;278;279;300;301;303;308;309;310;316;317;318;336;337;338;388;389;390;429;430;431;480;481;482;609;610;611;624;625;626,64,1
9198b9a4-8d8f-4ba6-9924-4c86982d890a,"In the video, does rolling the sauce happen before the shawarma preparation?",No,"No, rolling the sauce happens after the shawarma preparation.",68;69;71;133;134;135;169;170;171;192;193;195;196;197;198;200;202;203;216;217;219;220;221;222;236;237;238;261;262;263;273;274;275;276;278;279;300;301;303;308;309;310;316;317;318;336;337;338;388;389;390;429;430;431;480;481;482;609;610;611;624;625;626,64,1
9198b9a4-8d8f-4ba6-9924-4c86982d890a,Is the flat bread used before operating the mobile phone?,Yes,No.,68;69;71;133;134;135;169;170;171;192;193;195;196;197;198;200;202;203;216;217;219;220;221;222;236;237;238;261;262;263;273;274;275;276;278;279;300;301;303;308;309;310;316;317;318;336;337;338;388;389;390;429;430;431;480;481;482;609;610;611;624;625;626,64,1
9198b9a4-8d8f-4ba6-9924-4c86982d890a,What setting is portrayed in the latest clip?,A kitchen setting.,"The latest clip portrays a kitchen setting with a tiled backsplash, various cooking utensils, and ingredients on the counter.",68;69;71;133;134;135;169;170;171;192;193;195;196;197;198;200;202;203;216;217;219;220;221;222;236;237;238;261;262;263;273;274;275;276;278;279;300;301;303;308;309;310;316;317;318;336;337;338;388;389;390;429;430;431;480;481;482;609;610;611;624;625;626,64,1
9198b9a4-8d8f-4ba6-9924-4c86982d890a,What activity is featured in the frame?,Preparing shawarma.,"The activity featured in the frame is the preparation of food, specifically filling and cooking tortillas.",68;69;71;133;134;135;169;170;171;192;193;195;196;197;198;200;202;203;216;217;219;220;221;222;236;237;238;261;262;263;273;274;275;276;278;279;300;301;303;308;309;310;316;317;318;336;337;338;388;389;390;429;430;431;480;481;482;609;610;611;624;625;626,64,1
9198b9a4-8d8f-4ba6-9924-4c86982d890a,Is the shawarma preparation process completed in the clip?,No.,"No, the clip ends with the shawarma being prepared, but the video does not show the final steps of cooking or serving the shawarma.",68;69;71;133;134;135;169;170;171;192;193;195;196;197;198;200;202;203;216;217;219;220;221;222;236;237;238;261;262;263;273;274;275;276;278;279;300;301;303;308;309;310;316;317;318;336;337;338;388;389;390;429;430;431;480;481;482;609;610;611;624;625;626,64,1
9198b9a4-8d8f-4ba6-9924-4c86982d890a,Is there more than one person visible in the kitchen?,No.,"Yes, there is another person visible in the kitchen, who is holding a plate of tortillas and a bowl of chopped vegetables.",68;69;71;133;134;135;169;170;171;192;193;195;196;197;198;200;202;203;216;217;219;220;221;222;236;237;238;261;262;263;273;274;275;276;278;279;300;301;303;308;309;310;316;317;318;336;337;338;388;389;390;429;430;431;480;481;482;609;610;611;624;625;626,64,1
9198b9a4-8d8f-4ba6-9924-4c86982d890a,Does the clip show any cooking appliances being used?,No.,"Yes, the clip shows the use of a stove and a pan for cooking.",68;69;71;133;134;135;169;170;171;192;193;195;196;197;198;200;202;203;216;217;219;220;221;222;236;237;238;261;262;263;273;274;275;276;278;279;300;301;303;308;309;310;316;317;318;336;337;338;388;389;390;429;430;431;480;481;482;609;610;611;624;625;626,64,1
9198b9a4-8d8f-4ba6-9924-4c86982d890a,Is there any sign of food already cooked in the scene?,No.,"Yes, there is a pot of chili on the stove and a plate of cooked food on the counter.",68;69;71;133;134;135;169;170;171;192;193;195;196;197;198;200;202;203;216;217;219;220;221;222;236;237;238;261;262;263;273;274;275;276;278;279;300;301;303;308;309;310;316;317;318;336;337;338;388;389;390;429;430;431;480;481;482;609;610;611;624;625;626,64,1
9198b9a4-8d8f-4ba6-9924-4c86982d890a,Is the person in the frame wearing gloves?,No.,"No, the person is not wearing gloves.",68;69;71;133;134;135;169;170;171;192;193;195;196;197;198;200;202;203;216;217;219;220;221;222;236;237;238;261;262;263;273;274;275;276;278;279;300;301;303;308;309;310;316;317;318;336;337;338;388;389;390;429;430;431;480;481;482;609;610;611;624;625;626,64,1
9198b9a4-8d8f-4ba6-9924-4c86982d890a,"In the video, is the meat added to the shawarma wrap before chopping the herbs?",No,"No, the meat is added to the shawarma wrap after chopping the herbs.",68;69;71;133;134;135;169;170;171;192;193;195;196;197;198;200;202;203;216;217;219;220;221;222;236;237;238;261;262;263;273;274;275;276;278;279;300;301;303;308;309;310;316;317;318;336;337;338;388;389;390;429;430;431;480;481;482;609;610;611;624;625;626,64,1
9198b9a4-8d8f-4ba6-9924-4c86982d890a,"In the video, is the shawarma wrap prepared before the vegetables are chopped?",Yes,"No, the shawarma wrap is not prepared before the vegetables are chopped. The video shows the preparation of the shawarma wrap after the vegetables are chopped.",68;69;71;133;134;135;169;170;171;192;193;195;196;197;198;200;202;203;216;217;219;220;221;222;236;237;238;261;262;263;273;274;275;276;278;279;300;301;303;308;309;310;316;317;318;336;337;338;388;389;390;429;430;431;480;481;482;609;610;611;624;625;626,64,1
9198b9a4-8d8f-4ba6-9924-4c86982d890a,Does chopping herbs happen after the vegetables are mixed in the bowl?,No,"No, chopping herbs happens before the vegetables are mixed in the bowl.",68;69;71;133;134;135;169;170;171;192;193;195;196;197;198;200;202;203;216;217;219;220;221;222;236;237;238;261;262;263;273;274;275;276;278;279;300;301;303;308;309;310;316;317;318;336;337;338;388;389;390;429;430;431;480;481;482;609;610;611;624;625;626,64,1
9198b9a4-8d8f-4ba6-9924-4c86982d890a,Is the shawarma meat cooked before the vegetables are cut?,Yes,"Yes, the shawarma meat is cooked before the vegetables are cut.",68;69;71;133;134;135;169;170;171;192;193;195;196;197;198;200;202;203;216;217;219;220;221;222;236;237;238;261;262;263;273;274;275;276;278;279;300;301;303;308;309;310;316;317;318;336;337;338;388;389;390;429;430;431;480;481;482;609;610;611;624;625;626,64,1
9198b9a4-8d8f-4ba6-9924-4c86982d890a,What happens just before the shawarma meat is added to the wrap in the video?,The vegetables are mixed in a bowl,The shawarma meat is scooped from a pan and placed into a wrap.,68;69;71;133;134;135;169;170;171;192;193;195;196;197;198;200;202;203;216;217;219;220;221;222;236;237;238;261;262;263;273;274;275;276;278;279;300;301;303;308;309;310;316;317;318;336;337;338;388;389;390;429;430;431;480;481;482;609;610;611;624;625;626,64,1
9198b9a4-8d8f-4ba6-9924-4c86982d890a,What action takes place before the wrap is rolled up in the video?,The meat and vegetables are added to it,"Before the wrap is rolled up, the person uses a spatula to scoop the meat mixture from the pan and place it into the tortilla.",68;69;71;133;134;135;169;170;171;192;193;195;196;197;198;200;202;203;216;217;219;220;221;222;236;237;238;261;262;263;273;274;275;276;278;279;300;301;303;308;309;310;316;317;318;336;337;338;388;389;390;429;430;431;480;481;482;609;610;611;624;625;626,64,1
9198b9a4-8d8f-4ba6-9924-4c86982d890a,"In the video, is the meat placed on the bread before adding vegetables?",No,"No, the meat is placed on the bread after adding vegetables.",68;69;71;133;134;135;169;170;171;192;193;195;196;197;198;200;202;203;216;217;219;220;221;222;236;237;238;261;262;263;273;274;275;276;278;279;300;301;303;308;309;310;316;317;318;336;337;338;388;389;390;429;430;431;480;481;482;609;610;611;624;625;626,64,1
9198b9a4-8d8f-4ba6-9924-4c86982d890a,Is the bread toasted before spreading the meat on it?,No,"No, the bread is not toasted before spreading the meat on it.",68;69;71;133;134;135;169;170;171;192;193;195;196;197;198;200;202;203;216;217;219;220;221;222;236;237;238;261;262;263;273;274;275;276;278;279;300;301;303;308;309;310;316;317;318;336;337;338;388;389;390;429;430;431;480;481;482;609;610;611;624;625;626,64,1
9198b9a4-8d8f-4ba6-9924-4c86982d890a,"In the clip, is the chopping of vegetables shown before the frying of meat?",Yes,"No, the chopping of vegetables is shown after the frying of meat.",68;69;71;133;134;135;169;170;171;192;193;195;196;197;198;200;202;203;216;217;219;220;221;222;236;237;238;261;262;263;273;274;275;276;278;279;300;301;303;308;309;310;316;317;318;336;337;338;388;389;390;429;430;431;480;481;482;609;610;611;624;625;626,64,1
9198b9a4-8d8f-4ba6-9924-4c86982d890a,Does the video show adding condiments after the meat is placed on the bread?,Yes,"Yes, the video shows the person adding condiments to the meat before placing it on the bread.",68;69;71;133;134;135;169;170;171;192;193;195;196;197;198;200;202;203;216;217;219;220;221;222;236;237;238;261;262;263;273;274;275;276;278;279;300;301;303;308;309;310;316;317;318;336;337;338;388;389;390;429;430;431;480;481;482;609;610;611;624;625;626,64,1
9198b9a4-8d8f-4ba6-9924-4c86982d890a,What occurs just before the meat is added to the bread in the video?,Vegetables are chopped,The meat is scooped from a pan and placed into a tortilla.,68;69;71;133;134;135;169;170;171;192;193;195;196;197;198;200;202;203;216;217;219;220;221;222;236;237;238;261;262;263;273;274;275;276;278;279;300;301;303;308;309;310;316;317;318;336;337;338;388;389;390;429;430;431;480;481;482;609;610;611;624;625;626,64,1
9198b9a4-8d8f-4ba6-9924-4c86982d890a,"In the video sequence, what do we see happening before the bread is picked up?",Vegetables being sautéed,"Before the bread is picked up, we see a hand holding a piece of bread over a bowl of chopped vegetables.",68;69;71;133;134;135;169;170;171;192;193;195;196;197;198;200;202;203;216;217;219;220;221;222;236;237;238;261;262;263;273;274;275;276;278;279;300;301;303;308;309;310;316;317;318;336;337;338;388;389;390;429;430;431;480;481;482;609;610;611;624;625;626,64,1
9198b9a4-8d8f-4ba6-9924-4c86982d890a,"Before the chopping of vegetables, what event is shown in the clip?",Preparing other ingredients,"Before the chopping of vegetables, the clip shows a person holding a white bowl filled with chopped vegetables, likely preparing to add them to the pan.",68;69;71;133;134;135;169;170;171;192;193;195;196;197;198;200;202;203;216;217;219;220;221;222;236;237;238;261;262;263;273;274;275;276;278;279;300;301;303;308;309;310;316;317;318;336;337;338;388;389;390;429;430;431;480;481;482;609;610;611;624;625;626,64,1
9198b9a4-8d8f-4ba6-9924-4c86982d890a,What does the cook do before adding condiments to the shawarma?,Place meat on the bread,The cook places the shawarma on a plate and adds condiments.,68;69;71;133;134;135;169;170;171;192;193;195;196;197;198;200;202;203;216;217;219;220;221;222;236;237;238;261;262;263;273;274;275;276;278;279;300;301;303;308;309;310;316;317;318;336;337;338;388;389;390;429;430;431;480;481;482;609;610;611;624;625;626,64,1
9198b9a4-8d8f-4ba6-9924-4c86982d890a,What is the setting of this scene?,A kitchen.,The setting of this scene is a kitchen where a person is preparing food.,68;69;71;133;134;135;169;170;171;192;193;195;196;197;198;200;202;203;216;217;219;220;221;222;236;237;238;261;262;263;273;274;275;276;278;279;300;301;303;308;309;310;316;317;318;336;337;338;388;389;390;429;430;431;480;481;482;609;610;611;624;625;626,64,1
9198b9a4-8d8f-4ba6-9924-4c86982d890a,What culinary activity is taking place?,Preparing shawarma.,The video shows the preparation of a meal involving filling tortillas with a meat mixture and cooking them on a stovetop.,68;69;71;133;134;135;169;170;171;192;193;195;196;197;198;200;202;203;216;217;219;220;221;222;236;237;238;261;262;263;273;274;275;276;278;279;300;301;303;308;309;310;316;317;318;336;337;338;388;389;390;429;430;431;480;481;482;609;610;611;624;625;626,64,1
9198b9a4-8d8f-4ba6-9924-4c86982d890a,Which type of cuisine is being worked on?,"Middle Eastern, specifically shawarma.",Mexican cuisine,68;69;71;133;134;135;169;170;171;192;193;195;196;197;198;200;202;203;216;217;219;220;221;222;236;237;238;261;262;263;273;274;275;276;278;279;300;301;303;308;309;310;316;317;318;336;337;338;388;389;390;429;430;431;480;481;482;609;610;611;624;625;626,64,1
9198b9a4-8d8f-4ba6-9924-4c86982d890a,Are any other tasks being carried out besides cooking?,"No, just cooking.","Yes, besides cooking, the person is also preparing the tortillas and adding ingredients to the pan.",68;69;71;133;134;135;169;170;171;192;193;195;196;197;198;200;202;203;216;217;219;220;221;222;236;237;238;261;262;263;273;274;275;276;278;279;300;301;303;308;309;310;316;317;318;336;337;338;388;389;390;429;430;431;480;481;482;609;610;611;624;625;626,64,1
9198b9a4-8d8f-4ba6-9924-4c86982d890a,Is the kitchen residential or commercial?,It appears residential.,Residential,68;69;71;133;134;135;169;170;171;192;193;195;196;197;198;200;202;203;216;217;219;220;221;222;236;237;238;261;262;263;273;274;275;276;278;279;300;301;303;308;309;310;316;317;318;336;337;338;388;389;390;429;430;431;480;481;482;609;610;611;624;625;626,64,1
9198b9a4-8d8f-4ba6-9924-4c86982d890a,Is any equipment being used in the action?,"Yes, a knife for chopping.","Yes, a spatula is being used to stir the mixture in the pan.",68;69;71;133;134;135;169;170;171;192;193;195;196;197;198;200;202;203;216;217;219;220;221;222;236;237;238;261;262;263;273;274;275;276;278;279;300;301;303;308;309;310;316;317;318;336;337;338;388;389;390;429;430;431;480;481;482;609;610;611;624;625;626,64,1
9198b9a4-8d8f-4ba6-9924-4c86982d890a,Is the person cooking alone or with others?,The clip only shows one person cooking.,The video does not provide information about whether the person is cooking alone or with others.,68;69;71;133;134;135;169;170;171;192;193;195;196;197;198;200;202;203;216;217;219;220;221;222;236;237;238;261;262;263;273;274;275;276;278;279;300;301;303;308;309;310;316;317;318;336;337;338;388;389;390;429;430;431;480;481;482;609;610;611;624;625;626,64,1
9198b9a4-8d8f-4ba6-9924-4c86982d890a,Is there more than one person in this scene?,No.,"Yes, there is at least one other person in the scene who is preparing the food.",68;69;71;133;134;135;169;170;171;192;193;195;196;197;198;200;202;203;216;217;219;220;221;222;236;237;238;261;262;263;273;274;275;276;278;279;300;301;303;308;309;310;316;317;318;336;337;338;388;389;390;429;430;431;480;481;482;609;610;611;624;625;626,64,1
9198b9a4-8d8f-4ba6-9924-4c86982d890a,Has the meal been completed in this frame?,No.,"No, the meal has not been completed in this frame. The video shows the preparation of a meal, including filling tortillas with a meat mixture and cooking them on a griddle. The process is ongoing, as indicated by the presence of the uncooked tortillas and the partially filled ones on the griddle.",68;69;71;133;134;135;169;170;171;192;193;195;196;197;198;200;202;203;216;217;219;220;221;222;236;237;238;261;262;263;273;274;275;276;278;279;300;301;303;308;309;310;316;317;318;336;337;338;388;389;390;429;430;431;480;481;482;609;610;611;624;625;626,64,1
9198b9a4-8d8f-4ba6-9924-4c86982d890a,Is the person in the video cleaning?,No.,"No, the person in the video is cooking.",68;69;71;133;134;135;169;170;171;192;193;195;196;197;198;200;202;203;216;217;219;220;221;222;236;237;238;261;262;263;273;274;275;276;278;279;300;301;303;308;309;310;316;317;318;336;337;338;388;389;390;429;430;431;480;481;482;609;610;611;624;625;626,64,1
9198b9a4-8d8f-4ba6-9924-4c86982d890a,Does this clip show the finished shawarma dish?,No.,"No, the clip does not show the finished shawarma dish. It shows the preparation process, including the filling of the wraps and the cooking of the meat mixture.",68;69;71;133;134;135;169;170;171;192;193;195;196;197;198;200;202;203;216;217;219;220;221;222;236;237;238;261;262;263;273;274;275;276;278;279;300;301;303;308;309;310;316;317;318;336;337;338;388;389;390;429;430;431;480;481;482;609;610;611;624;625;626,64,1
9198b9a4-8d8f-4ba6-9924-4c86982d890a,Are there any children present in this video?,No.,"No, there are no children present in this video.",68;69;71;133;134;135;169;170;171;192;193;195;196;197;198;200;202;203;216;217;219;220;221;222;236;237;238;261;262;263;273;274;275;276;278;279;300;301;303;308;309;310;316;317;318;336;337;338;388;389;390;429;430;431;480;481;482;609;610;611;624;625;626,64,1
9198b9a4-8d8f-4ba6-9924-4c86982d890a,"In the video, is the shawarma prepared after I washed the vegetables?",No,"No, the shawarma is not prepared after washing the vegetables. The video shows the preparation of shawarma, including filling the wraps with the meat mixture, but it does not show the washing of vegetables.",68;69;71;133;134;135;169;170;171;192;193;195;196;197;198;200;202;203;216;217;219;220;221;222;236;237;238;261;262;263;273;274;275;276;278;279;300;301;303;308;309;310;316;317;318;336;337;338;388;389;390;429;430;431;480;481;482;609;610;611;624;625;626,64,1
9198b9a4-8d8f-4ba6-9924-4c86982d890a,"In the video, do I chop the parsley before assembling the shawarma?",Yes,"Yes, in the video, the parsley is chopped before assembling the shawarma.",68;69;71;133;134;135;169;170;171;192;193;195;196;197;198;200;202;203;216;217;219;220;221;222;236;237;238;261;262;263;273;274;275;276;278;279;300;301;303;308;309;310;316;317;318;336;337;338;388;389;390;429;430;431;480;481;482;609;610;611;624;625;626,64,1
9198b9a4-8d8f-4ba6-9924-4c86982d890a,Does cutting tomatoes occur before the marinating of meat?,Yes,"No, cutting tomatoes occurs after the marinating of meat.",68;69;71;133;134;135;169;170;171;192;193;195;196;197;198;200;202;203;216;217;219;220;221;222;236;237;238;261;262;263;273;274;275;276;278;279;300;301;303;308;309;310;316;317;318;336;337;338;388;389;390;429;430;431;480;481;482;609;610;611;624;625;626,64,1
9198b9a4-8d8f-4ba6-9924-4c86982d890a,"In the clip, is the garlic crushed before the tzatziki sauce is mixed?",Yes,"Yes, the garlic is crushed before the tzatziki sauce is mixed.",68;69;71;133;134;135;169;170;171;192;193;195;196;197;198;200;202;203;216;217;219;220;221;222;236;237;238;261;262;263;273;274;275;276;278;279;300;301;303;308;309;310;316;317;318;336;337;338;388;389;390;429;430;431;480;481;482;609;610;611;624;625;626,64,1
9198b9a4-8d8f-4ba6-9924-4c86982d890a,Is the lettuce shredded after the hummus is spread on the bread?,Yes,"No, the lettuce is not shredded after the hummus is spread on the bread.",68;69;71;133;134;135;169;170;171;192;193;195;196;197;198;200;202;203;216;217;219;220;221;222;236;237;238;261;262;263;273;274;275;276;278;279;300;301;303;308;309;310;316;317;318;336;337;338;388;389;390;429;430;431;480;481;482;609;610;611;624;625;626,64,1
9198b9a4-8d8f-4ba6-9924-4c86982d890a,What happens before I season the shawarma meat?,Chopping onions,"Before seasoning the shawarma meat, the person is seen preparing the ingredients on the kitchen counter. They have a bowl of chopped vegetables, a plate of sliced tomatoes, and a container of spices. The person is also holding a piece of shawarma meat, which they will season.",68;69;71;133;134;135;169;170;171;192;193;195;196;197;198;200;202;203;216;217;219;220;221;222;236;237;238;261;262;263;273;274;275;276;278;279;300;301;303;308;309;310;316;317;318;336;337;338;388;389;390;429;430;431;480;481;482;609;610;611;624;625;626,64,1
9198b9a4-8d8f-4ba6-9924-4c86982d890a,What do I do just before wrapping the shawarma?,Adding sauces,"Just before wrapping the shawarma, you typically assemble the ingredients inside the pita bread. This usually includes a layer of the seasoned meat, followed by any additional fillings such as vegetables, sauces, or cheese. Once the desired fillings are added, you would fold the pita bread over the ingredients, tucking in the sides and rolling it tightly to form a wrap. The video shows the person assembling the shawarma with the meat and other ingredients, preparing to wrap it.",68;69;71;133;134;135;169;170;171;192;193;195;196;197;198;200;202;203;216;217;219;220;221;222;236;237;238;261;262;263;273;274;275;276;278;279;300;301;303;308;309;310;316;317;318;336;337;338;388;389;390;429;430;431;480;481;482;609;610;611;624;625;626,64,1
9198b9a4-8d8f-4ba6-9924-4c86982d890a,What occurs before I put the shawarma on the grill?,Skewing meat,"Before putting the shawarma on the grill, the person is seen preparing the shawarma by placing it on a piece of flatbread. They are also seen spreading a mixture of vegetables and possibly meat on the flatbread. The person is using a spatula to spread the mixture evenly and then folding the flatbread over the shawarma to form a wrap. The preparation involves ensuring the shawarma is well-coated with the mixture and properly wrapped for grilling.",68;69;71;133;134;135;169;170;171;192;193;195;196;197;198;200;202;203;216;217;219;220;221;222;236;237;238;261;262;263;273;274;275;276;278;279;300;301;303;308;309;310;316;317;318;336;337;338;388;389;390;429;430;431;480;481;482;609;610;611;624;625;626,64,1
9198b9a4-8d8f-4ba6-9924-4c86982d890a,"In the video, what action precedes slicing the cooked shawarma?",Removing from heat,The action that precedes slicing the cooked shawarma is placing it on a plate.,68;69;71;133;134;135;169;170;171;192;193;195;196;197;198;200;202;203;216;217;219;220;221;222;236;237;238;261;262;263;273;274;275;276;278;279;300;301;303;308;309;310;316;317;318;336;337;338;388;389;390;429;430;431;480;481;482;609;610;611;624;625;626,64,1
9198b9a4-8d8f-4ba6-9924-4c86982d890a,What task is completed before garnishing the dish with parsley?,Placing the shawarma on the plate.,"Before garnishing the dish with parsley, the person completes the task of placing the cooked rolls on a plate.",68;69;71;133;134;135;169;170;171;192;193;195;196;197;198;200;202;203;216;217;219;220;221;222;236;237;238;261;262;263;273;274;275;276;278;279;300;301;303;308;309;310;316;317;318;336;337;338;388;389;390;429;430;431;480;481;482;609;610;611;624;625;626,64,1
9198b9a4-8d8f-4ba6-9924-4c86982d890a,"In the kitchen, is shawarma added to the pita before chopping the herbs?",No,"No, shawarma is not added to the pita before chopping the herbs. The video shows the shawarma being added to the pita after the herbs are chopped.",68;69;71;133;134;135;169;170;171;192;193;195;196;197;198;200;202;203;216;217;219;220;221;222;236;237;238;261;262;263;273;274;275;276;278;279;300;301;303;308;309;310;316;317;318;336;337;338;388;389;390;429;430;431;480;481;482;609;610;611;624;625;626,64,1
9198b9a4-8d8f-4ba6-9924-4c86982d890a,Are the herbs chopped before the shawarma is cooked?,Yes,"Yes, the herbs are chopped before the shawarma is cooked.",68;69;71;133;134;135;169;170;171;192;193;195;196;197;198;200;202;203;216;217;219;220;221;222;236;237;238;261;262;263;273;274;275;276;278;279;300;301;303;308;309;310;316;317;318;336;337;338;388;389;390;429;430;431;480;481;482;609;610;611;624;625;626,64,1
9198b9a4-8d8f-4ba6-9924-4c86982d890a,Is the pita prepared before any cooking starts?,No,"Yes, the pita is prepared before any cooking starts.",68;69;71;133;134;135;169;170;171;192;193;195;196;197;198;200;202;203;216;217;219;220;221;222;236;237;238;261;262;263;273;274;275;276;278;279;300;301;303;308;309;310;316;317;318;336;337;338;388;389;390;429;430;431;480;481;482;609;610;611;624;625;626,64,1
9198b9a4-8d8f-4ba6-9924-4c86982d890a,Is the pan on the stove before chopping the herbs?,Yes,No.,68;69;71;133;134;135;169;170;171;192;193;195;196;197;198;200;202;203;216;217;219;220;221;222;236;237;238;261;262;263;273;274;275;276;278;279;300;301;303;308;309;310;316;317;318;336;337;338;388;389;390;429;430;431;480;481;482;609;610;611;624;625;626,64,1
9198b9a4-8d8f-4ba6-9924-4c86982d890a,What happens before the pita is filled with shawarma?,Shawarma is cooked.,"Before the pita is filled with shawarma, it is placed on a grill pan to toast.",68;69;71;133;134;135;169;170;171;192;193;195;196;197;198;200;202;203;216;217;219;220;221;222;236;237;238;261;262;263;273;274;275;276;278;279;300;301;303;308;309;310;316;317;318;336;337;338;388;389;390;429;430;431;480;481;482;609;610;611;624;625;626,64,1
9198b9a4-8d8f-4ba6-9924-4c86982d890a,What is the action performed after placing the pan on the stove?,Cooking shawarma.,"After placing the pan on the stove, the person stirs the contents of the pan with a spatula.",68;69;71;133;134;135;169;170;171;192;193;195;196;197;198;200;202;203;216;217;219;220;221;222;236;237;238;261;262;263;273;274;275;276;278;279;300;301;303;308;309;310;316;317;318;336;337;338;388;389;390;429;430;431;480;481;482;609;610;611;624;625;626,64,1
9198b9a4-8d8f-4ba6-9924-4c86982d890a,What is the setting shown in the video clip?,A kitchen.,The setting shown in the video clip is a kitchen.,68;69;71;133;134;135;169;170;171;192;193;195;196;197;198;200;202;203;216;217;219;220;221;222;236;237;238;261;262;263;273;274;275;276;278;279;300;301;303;308;309;310;316;317;318;336;337;338;388;389;390;429;430;431;480;481;482;609;610;611;624;625;626,64,1
9198b9a4-8d8f-4ba6-9924-4c86982d890a,Which dish is being prepared in this video?,Shawarma.,The video shows the preparation of tacos.,68;69;71;133;134;135;169;170;171;192;193;195;196;197;198;200;202;203;216;217;219;220;221;222;236;237;238;261;262;263;273;274;275;276;278;279;300;301;303;308;309;310;316;317;318;336;337;338;388;389;390;429;430;431;480;481;482;609;610;611;624;625;626,64,1
9198b9a4-8d8f-4ba6-9924-4c86982d890a,Are there any decorations visible in the video scene?,"Yes, a Christmas tree.","No, there are no decorations visible in the video scene.",68;69;71;133;134;135;169;170;171;192;193;195;196;197;198;200;202;203;216;217;219;220;221;222;236;237;238;261;262;263;273;274;275;276;278;279;300;301;303;308;309;310;316;317;318;336;337;338;388;389;390;429;430;431;480;481;482;609;610;611;624;625;626,64,1
9198b9a4-8d8f-4ba6-9924-4c86982d890a,What appliances are present in the video scene?,A stove and fridge are visible.,"The video scene includes a stove, a pan, a pot, a griddle, and a blender.",68;69;71;133;134;135;169;170;171;192;193;195;196;197;198;200;202;203;216;217;219;220;221;222;236;237;238;261;262;263;273;274;275;276;278;279;300;301;303;308;309;310;316;317;318;336;337;338;388;389;390;429;430;431;480;481;482;609;610;611;624;625;626,64,1
9198b9a4-8d8f-4ba6-9924-4c86982d890a,Is the kitchen depicted as clean or messy?,It appears clean.,The kitchen is depicted as clean and organized.,68;69;71;133;134;135;169;170;171;192;193;195;196;197;198;200;202;203;216;217;219;220;221;222;236;237;238;261;262;263;273;274;275;276;278;279;300;301;303;308;309;310;316;317;318;336;337;338;388;389;390;429;430;431;480;481;482;609;610;611;624;625;626,64,1
9198b9a4-8d8f-4ba6-9924-4c86982d890a,Is any cooking appliance being used in the frames?,The stove is being used.,"Yes, a stove is being used in the frames.",68;69;71;133;134;135;169;170;171;192;193;195;196;197;198;200;202;203;216;217;219;220;221;222;236;237;238;261;262;263;273;274;275;276;278;279;300;301;303;308;309;310;316;317;318;336;337;338;388;389;390;429;430;431;480;481;482;609;610;611;624;625;626,64,1
9198b9a4-8d8f-4ba6-9924-4c86982d890a,Is there any evidence of recent cooking in the video?,"Yes, a pan is on the stovetop.","Yes, there is evidence of recent cooking in the video. The stove has a pot of chili and a pan with a mixture of vegetables and cheese, and there are several uncooked tortillas on a tray.",68;69;71;133;134;135;169;170;171;192;193;195;196;197;198;200;202;203;216;217;219;220;221;222;236;237;238;261;262;263;273;274;275;276;278;279;300;301;303;308;309;310;316;317;318;336;337;338;388;389;390;429;430;431;480;481;482;609;610;611;624;625;626,64,1
9198b9a4-8d8f-4ba6-9924-4c86982d890a,Is food being cooked or assembled?,"Assembled, as shawarma is being prepared.","Yes, food is being cooked and assembled.",68;69;71;133;134;135;169;170;171;192;193;195;196;197;198;200;202;203;216;217;219;220;221;222;236;237;238;261;262;263;273;274;275;276;278;279;300;301;303;308;309;310;316;317;318;336;337;338;388;389;390;429;430;431;480;481;482;609;610;611;624;625;626,64,1
9198b9a4-8d8f-4ba6-9924-4c86982d890a,Does the clip show any ingredient being chopped or sliced?,"No, not depicted in the clip.","No, the clip does not show any ingredient being chopped or sliced.",68;69;71;133;134;135;169;170;171;192;193;195;196;197;198;200;202;203;216;217;219;220;221;222;236;237;238;261;262;263;273;274;275;276;278;279;300;301;303;308;309;310;316;317;318;336;337;338;388;389;390;429;430;431;480;481;482;609;610;611;624;625;626,64,1
9198b9a4-8d8f-4ba6-9924-4c86982d890a,Is there a person visible in the video clip?,No.,"Yes, there is a person visible in the video clip.",68;69;71;133;134;135;169;170;171;192;193;195;196;197;198;200;202;203;216;217;219;220;221;222;236;237;238;261;262;263;273;274;275;276;278;279;300;301;303;308;309;310;316;317;318;336;337;338;388;389;390;429;430;431;480;481;482;609;610;611;624;625;626,64,1
9198b9a4-8d8f-4ba6-9924-4c86982d890a,Does the clip include any festive decorations?,Yes.,"No, the clip does not include any festive decorations.",68;69;71;133;134;135;169;170;171;192;193;195;196;197;198;200;202;203;216;217;219;220;221;222;236;237;238;261;262;263;273;274;275;276;278;279;300;301;303;308;309;310;316;317;318;336;337;338;388;389;390;429;430;431;480;481;482;609;610;611;624;625;626,64,1
9198b9a4-8d8f-4ba6-9924-4c86982d890a,Can you see any finished dish in the clip?,No.,"Yes, there is a finished dish of tacos with a filling of meat and vegetables.",68;69;71;133;134;135;169;170;171;192;193;195;196;197;198;200;202;203;216;217;219;220;221;222;236;237;238;261;262;263;273;274;275;276;278;279;300;301;303;308;309;310;316;317;318;336;337;338;388;389;390;429;430;431;480;481;482;609;610;611;624;625;626,64,1
9198b9a4-8d8f-4ba6-9924-4c86982d890a,Does the clip show someone doing the dishes?,No.,"No, the clip does not show someone doing the dishes. It focuses on the cooking process.",68;69;71;133;134;135;169;170;171;192;193;195;196;197;198;200;202;203;216;217;219;220;221;222;236;237;238;261;262;263;273;274;275;276;278;279;300;301;303;308;309;310;316;317;318;336;337;338;388;389;390;429;430;431;480;481;482;609;610;611;624;625;626,64,1
9198b9a4-8d8f-4ba6-9924-4c86982d890a,Is there any visible flame or food being cooked directly?,No.,"No, there is no visible flame or food being cooked directly.",68;69;71;133;134;135;169;170;171;192;193;195;196;197;198;200;202;203;216;217;219;220;221;222;236;237;238;261;262;263;273;274;275;276;278;279;300;301;303;308;309;310;316;317;318;336;337;338;388;389;390;429;430;431;480;481;482;609;610;611;624;625;626,64,1
9198b9a4-8d8f-4ba6-9924-4c86982d890a,What is the setting of the latest video clip?,The setting is a kitchen.,The setting of the latest video clip is a kitchen with a tiled backsplash and various cooking utensils and ingredients on the counter.,68;69;71;133;134;135;169;170;171;192;193;195;196;197;198;200;202;203;216;217;219;220;221;222;236;237;238;261;262;263;273;274;275;276;278;279;300;301;303;308;309;310;316;317;318;336;337;338;388;389;390;429;430;431;480;481;482;609;610;611;624;625;626,64,1
9198b9a4-8d8f-4ba6-9924-4c86982d890a,Describe the activity being carried out.,Cooking or food preparation is being performed.,"The video begins with a person preparing a meal in a kitchen. The scene shows a countertop with various ingredients and utensils, including a bowl of chopped vegetables, a container of tortillas, and a pot of cooked meat. The person is seen handling tortillas, placing them on a grill pan, and filling them with the cooked meat. The kitchen counter is cluttered with various items such as jars of spices, a blender, and a bowl of chopped vegetables. The person is wearing a dark-colored shirt and has red-painted nails.The video develops through the person continuing to fill the tortillas with the cooked meat and placing them on the grill pan. The kitchen counter remains cluttered with the same items, and the person is seen using a spatula to handle the tortillas. The person then adds the chopped vegetables to the pot of cooked meat on the stove, stirring them with a spatula. The person is seen wearing a dark-colored shirt and has red-painted nails.The video wraps up with the person continuing to fill the tortillas with the cooked meat and placing them on the grill pan. The kitchen counter remains cluttered with the same items, and the person is seen using a spatula to handle the tortillas. The person then adds the chopped",68;69;71;133;134;135;169;170;171;192;193;195;196;197;198;200;202;203;216;217;219;220;221;222;236;237;238;261;262;263;273;274;275;276;278;279;300;301;303;308;309;310;316;317;318;336;337;338;388;389;390;429;430;431;480;481;482;609;610;611;624;625;626,64,1
9198b9a4-8d8f-4ba6-9924-4c86982d890a,Does the person open the refrigerator in the video?,Yes.,"No, the person does not open the refrigerator in the video.",68;69;71;133;134;135;169;170;171;192;193;195;196;197;198;200;202;203;216;217;219;220;221;222;236;237;238;261;262;263;273;274;275;276;278;279;300;301;303;308;309;310;316;317;318;336;337;338;388;389;390;429;430;431;480;481;482;609;610;611;624;625;626,64,1
9198b9a4-8d8f-4ba6-9924-4c86982d890a,"In the video, is the refrigerator opened before the cheese is retrieved?",Yes,"No, the refrigerator is not opened before the cheese is retrieved.",68;69;71;133;134;135;169;170;171;192;193;195;196;197;198;200;202;203;216;217;219;220;221;222;236;237;238;261;262;263;273;274;275;276;278;279;300;301;303;308;309;310;316;317;318;336;337;338;388;389;390;429;430;431;480;481;482;609;610;611;624;625;626,64,1
9198b9a4-8d8f-4ba6-9924-4c86982d890a,Is the kitchen light turned on after I enter the room?,No,"Yes, the kitchen light is turned on after you enter the room.",68;69;71;133;134;135;169;170;171;192;193;195;196;197;198;200;202;203;216;217;219;220;221;222;236;237;238;261;262;263;273;274;275;276;278;279;300;301;303;308;309;310;316;317;318;336;337;338;388;389;390;429;430;431;480;481;482;609;610;611;624;625;626,64,1
9198b9a4-8d8f-4ba6-9924-4c86982d890a,Do I start preparing shawarma before setting the ingredients on the counter?,No,"No, you should set the ingredients on the counter before starting to prepare shawarma.",68;69;71;133;134;135;169;170;171;192;193;195;196;197;198;200;202;203;216;217;219;220;221;222;236;237;238;261;262;263;273;274;275;276;278;279;300;301;303;308;309;310;316;317;318;336;337;338;388;389;390;429;430;431;480;481;482;609;610;611;624;625;626,64,1
9198b9a4-8d8f-4ba6-9924-4c86982d890a,"In the video, is the tree decorated before I begin cooking?",Yes,"No, the tree is not decorated before I begin cooking.",68;69;71;133;134;135;169;170;171;192;193;195;196;197;198;200;202;203;216;217;219;220;221;222;236;237;238;261;262;263;273;274;275;276;278;279;300;301;303;308;309;310;316;317;318;336;337;338;388;389;390;429;430;431;480;481;482;609;610;611;624;625;626,64,1
9198b9a4-8d8f-4ba6-9924-4c86982d890a,What's the setting of the video clip?,In a kitchen.,The setting of the video clip is a kitchen where a person is preparing food.,68;69;71;133;134;135;169;170;171;192;193;195;196;197;198;200;202;203;216;217;219;220;221;222;236;237;238;261;262;263;273;274;275;276;278;279;300;301;303;308;309;310;316;317;318;336;337;338;388;389;390;429;430;431;480;481;482;609;610;611;624;625;626,64,1
9198b9a4-8d8f-4ba6-9924-4c86982d890a,What objects are present in this scene?,"Glass cup, glass bowls, steel bowls, whipping cream, flour, eggs, whisker.","In the scene, there are several objects present:1. A stove with a pot of chili and a pan with a mixture of vegetables.2. A cutting board with a bowl of chopped vegetables.3. A container with tortillas.4. A plate with rolled tortillas.5. A spatula.6. A spoon.7. A container with a red lid.8. A container with a blue lid.9. A container with a yellow lid.10. A container with a white lid.11. A container with a green lid.12. A container with a purple lid.13. A container with a red lid.14. A container with a yellow lid.15. A container with a blue lid.16. A container with a white lid.17. A container with a green lid.18. A container with a purple lid.19. A container with a red lid.20. A container with a yellow lid.21. A container with a blue lid.22. A container with a white lid.23. A container with a green lid.24. A container with a purple lid.25. A container with a red lid.2",68;69;71;133;134;135;169;170;171;192;193;195;196;197;198;200;202;203;216;217;219;220;221;222;236;237;238;261;262;263;273;274;275;276;278;279;300;301;303;308;309;310;316;317;318;336;337;338;388;389;390;429;430;431;480;481;482;609;610;611;624;625;626,64,1
9198b9a4-8d8f-4ba6-9924-4c86982d890a,What is the main activity taking place?,Baking preparation.,"The main activity is the preparation and cooking of a meal, specifically filling and cooking tortillas with a meat mixture and vegetables.",68;69;71;133;134;135;169;170;171;192;193;195;196;197;198;200;202;203;216;217;219;220;221;222;236;237;238;261;262;263;273;274;275;276;278;279;300;301;303;308;309;310;316;317;318;336;337;338;388;389;390;429;430;431;480;481;482;609;610;611;624;625;626,64,1
9198b9a4-8d8f-4ba6-9924-4c86982d890a,Are there any kitchen appliances visible?,"Yes, a stove and a sink.","Yes, there are kitchen appliances visible, including a stove, a pot, and a pan.",68;69;71;133;134;135;169;170;171;192;193;195;196;197;198;200;202;203;216;217;219;220;221;222;236;237;238;261;262;263;273;274;275;276;278;279;300;301;303;308;309;310;316;317;318;336;337;338;388;389;390;429;430;431;480;481;482;609;610;611;624;625;626,64,1
9198b9a4-8d8f-4ba6-9924-4c86982d890a,Can you identify the ingredients used?,"Heavy whipping cream, flour, and eggs.","The video shows a cooking process involving several ingredients, which are not explicitly named but can be inferred from the context. Here are some of the ingredients and items visible in the video:1. Tortillas: There are several tortillas laid out on a tray, which are likely to be used for making tacos or burritos.2. Ground meat: A pan on the stove contains what appears to be cooked ground meat, which is a common filling for tacos or burritos.3. Vegetables: There are chopped vegetables, including what looks like diced tomatoes and possibly onions or bell peppers, being sautéed in a pan.4. Cheese: A block of cheese is visible, which might be used to fill the tortillas or to add to the dish for melting.5. Spices and seasonings: Various spices and seasonings are present, including a container of what could be chili powder or cumin, and other seasonings in jars.6. Tortilla chips: A container of tortilla chips is visible, which might be used as a side dish or for dipping.7. Spices and seasonings: There are several bottles and containers of spices and seasonings, including what appears to be a bottle of hot sauce.The video shows the preparation of",68;69;71;133;134;135;169;170;171;192;193;195;196;197;198;200;202;203;216;217;219;220;221;222;236;237;238;261;262;263;273;274;275;276;278;279;300;301;303;308;309;310;316;317;318;336;337;338;388;389;390;429;430;431;480;481;482;609;610;611;624;625;626,64,1
9198b9a4-8d8f-4ba6-9924-4c86982d890a,What is being prepared in the kitchen?,A baking recipe.,"Mexican food, specifically tacos, is being prepared in the kitchen.",68;69;71;133;134;135;169;170;171;192;193;195;196;197;198;200;202;203;216;217;219;220;221;222;236;237;238;261;262;263;273;274;275;276;278;279;300;301;303;308;309;310;316;317;318;336;337;338;388;389;390;429;430;431;480;481;482;609;610;611;624;625;626,64,1
9198b9a4-8d8f-4ba6-9924-4c86982d890a,What action does the person perform with the eggs?,Cracking and whipping them.,The person cracks eggs into a bowl and then pours them into a pan.,68;69;71;133;134;135;169;170;171;192;193;195;196;197;198;200;202;203;216;217;219;220;221;222;236;237;238;261;262;263;273;274;275;276;278;279;300;301;303;308;309;310;316;317;318;336;337;338;388;389;390;429;430;431;480;481;482;609;610;611;624;625;626,64,1
9198b9a4-8d8f-4ba6-9924-4c86982d890a,What tool is used for whipping the eggs?,A whisker.,A whisk is used for whipping the eggs.,68;69;71;133;134;135;169;170;171;192;193;195;196;197;198;200;202;203;216;217;219;220;221;222;236;237;238;261;262;263;273;274;275;276;278;279;300;301;303;308;309;310;316;317;318;336;337;338;388;389;390;429;430;431;480;481;482;609;610;611;624;625;626,64,1
9198b9a4-8d8f-4ba6-9924-4c86982d890a,Where are the ingredients placed after being prepared?,In glass and steel bowls.,The ingredients are placed on a black grill pan on the stovetop.,68;69;71;133;134;135;169;170;171;192;193;195;196;197;198;200;202;203;216;217;219;220;221;222;236;237;238;261;262;263;273;274;275;276;278;279;300;301;303;308;309;310;316;317;318;336;337;338;388;389;390;429;430;431;480;481;482;609;610;611;624;625;626,64,1
9198b9a4-8d8f-4ba6-9924-4c86982d890a,How are the ingredients combined?,Poured into bowls and whipped.,The ingredients are combined by scooping the meat mixture onto the tortillas and then folding them.,68;69;71;133;134;135;169;170;171;192;193;195;196;197;198;200;202;203;216;217;219;220;221;222;236;237;238;261;262;263;273;274;275;276;278;279;300;301;303;308;309;310;316;317;318;336;337;338;388;389;390;429;430;431;480;481;482;609;610;611;624;625;626,64,1
9198b9a4-8d8f-4ba6-9924-4c86982d890a,Is there an egg crate visible in the scene?,Yes.,"Yes, there is an egg crate visible in the scene.",68;69;71;133;134;135;169;170;171;192;193;195;196;197;198;200;202;203;216;217;219;220;221;222;236;237;238;261;262;263;273;274;275;276;278;279;300;301;303;308;309;310;316;317;318;336;337;338;388;389;390;429;430;431;480;481;482;609;610;611;624;625;626,64,1
9198b9a4-8d8f-4ba6-9924-4c86982d890a,Did the person crack eggs from both a slab and the fridge?,Yes.,"No, the person cracked eggs from a slab and a bowl, not from the fridge.",68;69;71;133;134;135;169;170;171;192;193;195;196;197;198;200;202;203;216;217;219;220;221;222;236;237;238;261;262;263;273;274;275;276;278;279;300;301;303;308;309;310;316;317;318;336;337;338;388;389;390;429;430;431;480;481;482;609;610;611;624;625;626,64,1
9198b9a4-8d8f-4ba6-9924-4c86982d890a,Were the flour and whipping cream poured into separate containers?,Yes.,"No, the flour and whipping cream were not poured into separate containers. The flour was poured into a container, and the whipping cream was poured into a separate container.",68;69;71;133;134;135;169;170;171;192;193;195;196;197;198;200;202;203;216;217;219;220;221;222;236;237;238;261;262;263;273;274;275;276;278;279;300;301;303;308;309;310;316;317;318;336;337;338;388;389;390;429;430;431;480;481;482;609;610;611;624;625;626,64,1
9198b9a4-8d8f-4ba6-9924-4c86982d890a,Is the heavy whipping cream poured before cracking the eggs?,Yes,"No, the heavy whipping cream is not poured before cracking the eggs.",68;69;71;133;134;135;169;170;171;192;193;195;196;197;198;200;202;203;216;217;219;220;221;222;236;237;238;261;262;263;273;274;275;276;278;279;300;301;303;308;309;310;316;317;318;336;337;338;388;389;390;429;430;431;480;481;482;609;610;611;624;625;626,64,1
9198b9a4-8d8f-4ba6-9924-4c86982d890a,Is the flour added to the bowl before the eggs are cracked?,Yes,"No, the flour is added to the bowl after the eggs are cracked.",68;69;71;133;134;135;169;170;171;192;193;195;196;197;198;200;202;203;216;217;219;220;221;222;236;237;238;261;262;263;273;274;275;276;278;279;300;301;303;308;309;310;316;317;318;336;337;338;388;389;390;429;430;431;480;481;482;609;610;611;624;625;626,64,1
9198b9a4-8d8f-4ba6-9924-4c86982d890a,What did I do just before whipping the eggs in the video?,Crack the eggs into steel bowls,"Just before whipping the eggs in the video, you were seen preparing a dish by adding ingredients to a pan on the stove. The scene showed a kitchen setting with various cooking utensils and ingredients around. You were likely in the process of cooking or preparing a meal, and the next step would involve whisking the eggs as part of the recipe.",68;69;71;133;134;135;169;170;171;192;193;195;196;197;198;200;202;203;216;217;219;220;221;222;236;237;238;261;262;263;273;274;275;276;278;279;300;301;303;308;309;310;316;317;318;336;337;338;388;389;390;429;430;431;480;481;482;609;610;611;624;625;626,64,1
9198b9a4-8d8f-4ba6-9924-4c86982d890a,What takes place just before flour is poured into a bowl?,Pouring cream into a glass cup,A hand is seen holding a bowl of chopped vegetables.,68;69;71;133;134;135;169;170;171;192;193;195;196;197;198;200;202;203;216;217;219;220;221;222;236;237;238;261;262;263;273;274;275;276;278;279;300;301;303;308;309;310;316;317;318;336;337;338;388;389;390;429;430;431;480;481;482;609;610;611;624;625;626,64,1
9198b9a4-8d8f-4ba6-9924-4c86982d890a,What do we see happening before the egg crate is put in the fridge?,Cracking eggs on the slab,"Before the egg crate is put in the fridge, we see a person holding a carton of eggs and placing it into the fridge.",68;69;71;133;134;135;169;170;171;192;193;195;196;197;198;200;202;203;216;217;219;220;221;222;236;237;238;261;262;263;273;274;275;276;278;279;300;301;303;308;309;310;316;317;318;336;337;338;388;389;390;429;430;431;480;481;482;609;610;611;624;625;626,64,1
9198b9a4-8d8f-4ba6-9924-4c86982d890a,What occurs just before the shawarma preparation in the video?,Taking the egg crate out of the fridge,"The shawarma preparation occurs after the person is seen holding a plate of cooked shawarma, indicating that the shawarma has been prepared and is ready to be served.",68;69;71;133;134;135;169;170;171;192;193;195;196;197;198;200;202;203;216;217;219;220;221;222;236;237;238;261;262;263;273;274;275;276;278;279;300;301;303;308;309;310;316;317;318;336;337;338;388;389;390;429;430;431;480;481;482;609;610;611;624;625;626,64,1
9198b9a4-8d8f-4ba6-9924-4c86982d890a,"In the video, is the egg cracked into the bowl before the cream is poured?",No,"No, the egg is cracked into the bowl after the cream is poured.",68;69;71;133;134;135;169;170;171;192;193;195;196;197;198;200;202;203;216;217;219;220;221;222;236;237;238;261;262;263;273;274;275;276;278;279;300;301;303;308;309;310;316;317;318;336;337;338;388;389;390;429;430;431;480;481;482;609;610;611;624;625;626,64,1
9198b9a4-8d8f-4ba6-9924-4c86982d890a,Does the egg crate go back into the fridge after the eggs are cracked?,Yes,"Yes, the egg crate is placed back into the fridge after the eggs are cracked.",68;69;71;133;134;135;169;170;171;192;193;195;196;197;198;200;202;203;216;217;219;220;221;222;236;237;238;261;262;263;273;274;275;276;278;279;300;301;303;308;309;310;316;317;318;336;337;338;388;389;390;429;430;431;480;481;482;609;610;611;624;625;626,64,1
9198b9a4-8d8f-4ba6-9924-4c86982d890a,"In the video, is the flour poured into the bowl after the egg is cracked?",Yes,"No, the flour is poured into the bowl before the egg is cracked.",68;69;71;133;134;135;169;170;171;192;193;195;196;197;198;200;202;203;216;217;219;220;221;222;236;237;238;261;262;263;273;274;275;276;278;279;300;301;303;308;309;310;316;317;318;336;337;338;388;389;390;429;430;431;480;481;482;609;610;611;624;625;626,64,1
9198b9a4-8d8f-4ba6-9924-4c86982d890a,Does the preparation of shawarma occur before the cream is poured into the cup?,Yes,"No, the preparation of shawarma does not occur before the cream is poured into the cup. The video shows the preparation of shawarma after the cream is poured into the cup.",68;69;71;133;134;135;169;170;171;192;193;195;196;197;198;200;202;203;216;217;219;220;221;222;236;237;238;261;262;263;273;274;275;276;278;279;300;301;303;308;309;310;316;317;318;336;337;338;388;389;390;429;430;431;480;481;482;609;610;611;624;625;626,64,1
9198b9a4-8d8f-4ba6-9924-4c86982d890a,What happens just before the egg crate is put back in the fridge?,The eggs are cracked.,The person is seen placing the egg crate back into the fridge.,68;69;71;133;134;135;169;170;171;192;193;195;196;197;198;200;202;203;216;217;219;220;221;222;236;237;238;261;262;263;273;274;275;276;278;279;300;301;303;308;309;310;316;317;318;336;337;338;388;389;390;429;430;431;480;481;482;609;610;611;624;625;626,64,1
9198b9a4-8d8f-4ba6-9924-4c86982d890a,What occurs just before the whipping of the egg?,The egg is cracked into the bowl.,"The person is seen holding a bowl of chopped vegetables, likely preparing to add them to the pan.",68;69;71;133;134;135;169;170;171;192;193;195;196;197;198;200;202;203;216;217;219;220;221;222;236;237;238;261;262;263;273;274;275;276;278;279;300;301;303;308;309;310;316;317;318;336;337;338;388;389;390;429;430;431;480;481;482;609;610;611;624;625;626,64,1
9198b9a4-8d8f-4ba6-9924-4c86982d890a,"In the video, what do we see happening before the flour is poured into the bowl?",The cream is poured into a cup.,"Before the flour is poured into the bowl, we see a hand holding a bowl of flour over a stove.",68;69;71;133;134;135;169;170;171;192;193;195;196;197;198;200;202;203;216;217;219;220;221;222;236;237;238;261;262;263;273;274;275;276;278;279;300;301;303;308;309;310;316;317;318;336;337;338;388;389;390;429;430;431;480;481;482;609;610;611;624;625;626,64,1
9198b9a4-8d8f-4ba6-9924-4c86982d890a,What happens just before the cream is poured into the cup?,Shawarma is prepared.,The person stirs the mixture in the cup.,68;69;71;133;134;135;169;170;171;192;193;195;196;197;198;200;202;203;216;217;219;220;221;222;236;237;238;261;262;263;273;274;275;276;278;279;300;301;303;308;309;310;316;317;318;336;337;338;388;389;390;429;430;431;480;481;482;609;610;611;624;625;626,64,1
9198b9a4-8d8f-4ba6-9924-4c86982d890a,What is the setting of the video clip?,In a kitchen.,The setting of the video clip is a kitchen.,68;69;71;133;134;135;169;170;171;192;193;195;196;197;198;200;202;203;216;217;219;220;221;222;236;237;238;261;262;263;273;274;275;276;278;279;300;301;303;308;309;310;316;317;318;336;337;338;388;389;390;429;430;431;480;481;482;609;610;611;624;625;626,64,1
9198b9a4-8d8f-4ba6-9924-4c86982d890a,What ingredients are combined in the mixture?,"Egg, cheese, baking soda, cream, sugar, vegetables.",The mixture contains diced vegetables and meat.,68;69;71;133;134;135;169;170;171;192;193;195;196;197;198;200;202;203;216;217;219;220;221;222;236;237;238;261;262;263;273;274;275;276;278;279;300;301;303;308;309;310;316;317;318;336;337;338;388;389;390;429;430;431;480;481;482;609;610;611;624;625;626,64,1
9198b9a4-8d8f-4ba6-9924-4c86982d890a,What utensil is used to stir the mixture?,A spatula.,A spatula is used to stir the mixture.,68;69;71;133;134;135;169;170;171;192;193;195;196;197;198;200;202;203;216;217;219;220;221;222;236;237;238;261;262;263;273;274;275;276;278;279;300;301;303;308;309;310;316;317;318;336;337;338;388;389;390;429;430;431;480;481;482;609;610;611;624;625;626,64,1
9198b9a4-8d8f-4ba6-9924-4c86982d890a,Where is the dough placed after removal from the fridge?,On a board on a slab in the kitchen.,The dough is placed on a tray.,68;69;71;133;134;135;169;170;171;192;193;195;196;197;198;200;202;203;216;217;219;220;221;222;236;237;238;261;262;263;273;274;275;276;278;279;300;301;303;308;309;310;316;317;318;336;337;338;388;389;390;429;430;431;480;481;482;609;610;611;624;625;626,64,1
9198b9a4-8d8f-4ba6-9924-4c86982d890a,What does the person do with the dough and mixture?,Stir the mixture; place dough on board.,"The person places the dough on a flat surface, spreads the mixture inside, and then folds the dough over the mixture to form a wrap.",68;69;71;133;134;135;169;170;171;192;193;195;196;197;198;200;202;203;216;217;219;220;221;222;236;237;238;261;262;263;273;274;275;276;278;279;300;301;303;308;309;310;316;317;318;336;337;338;388;389;390;429;430;431;480;481;482;609;610;611;624;625;626,64,1
9198b9a4-8d8f-4ba6-9924-4c86982d890a,What preparation is shown in the video clip?,Making some food involving a mixed batter.,"The video clip shows the preparation of a dish involving rolled tortillas, a mixture of meat and vegetables, and a colorful vegetable mixture.",68;69;71;133;134;135;169;170;171;192;193;195;196;197;198;200;202;203;216;217;219;220;221;222;236;237;238;261;262;263;273;274;275;276;278;279;300;301;303;308;309;310;316;317;318;336;337;338;388;389;390;429;430;431;480;481;482;609;610;611;624;625;626,64,1
9198b9a4-8d8f-4ba6-9924-4c86982d890a,What sequence of actions is depicted in the clip?,"Stirring mixture, retrieving, placing dough.","The clip depicts the preparation and cooking of a meal, starting with the person handling tortillas, scooping and filling them with a meat mixture, and then cooking them on a griddle. The scene transitions to the person adding a vegetable mixture to the pan, stirring it, and then placing the filled tortillas on the griddle to cook. The video concludes with the person continuing to cook the tortillas and stirring the vegetable mixture, with various kitchen items and ingredients visible on the counter.",68;69;71;133;134;135;169;170;171;192;193;195;196;197;198;200;202;203;216;217;219;220;221;222;236;237;238;261;262;263;273;274;275;276;278;279;300;301;303;308;309;310;316;317;318;336;337;338;388;389;390;429;430;431;480;481;482;609;610;611;624;625;626,64,1
9198b9a4-8d8f-4ba6-9924-4c86982d890a,Does the person whip cream into the mixture?,Yes.,"No, the person does not whip cream into the mixture.",68;69;71;133;134;135;169;170;171;192;193;195;196;197;198;200;202;203;216;217;219;220;221;222;236;237;238;261;262;263;273;274;275;276;278;279;300;301;303;308;309;310;316;317;318;336;337;338;388;389;390;429;430;431;480;481;482;609;610;611;624;625;626,64,1
9198b9a4-8d8f-4ba6-9924-4c86982d890a,Does the person transfer the mixture to another container?,No.,"Yes, the person transfers the mixture to a blender.",68;69;71;133;134;135;169;170;171;192;193;195;196;197;198;200;202;203;216;217;219;220;221;222;236;237;238;261;262;263;273;274;275;276;278;279;300;301;303;308;309;310;316;317;318;336;337;338;388;389;390;429;430;431;480;481;482;609;610;611;624;625;626,64,1
9198b9a4-8d8f-4ba6-9924-4c86982d890a,Is the dough placed in an oven?,No.,no,68;69;71;133;134;135;169;170;171;192;193;195;196;197;198;200;202;203;216;217;219;220;221;222;236;237;238;261;262;263;273;274;275;276;278;279;300;301;303;308;309;310;316;317;318;336;337;338;388;389;390;429;430;431;480;481;482;609;610;611;624;625;626,64,1
9198b9a4-8d8f-4ba6-9924-4c86982d890a,Does the person knead the dough in the clip?,No.,"No, the person does not knead the dough in the clip.",68;69;71;133;134;135;169;170;171;192;193;195;196;197;198;200;202;203;216;217;219;220;221;222;236;237;238;261;262;263;273;274;275;276;278;279;300;301;303;308;309;310;316;317;318;336;337;338;388;389;390;429;430;431;480;481;482;609;610;611;624;625;626,64,1
9198b9a4-8d8f-4ba6-9924-4c86982d890a,Is there a moment when sugar is added to the mixture?,No (sugar was already added before).,"Yes, there is a moment when sugar is added to the mixture.",68;69;71;133;134;135;169;170;171;192;193;195;196;197;198;200;202;203;216;217;219;220;221;222;236;237;238;261;262;263;273;274;275;276;278;279;300;301;303;308;309;310;316;317;318;336;337;338;388;389;390;429;430;431;480;481;482;609;610;611;624;625;626,64,1
9198b9a4-8d8f-4ba6-9924-4c86982d890a,Was the cream poured into a cup before the eggs were cracked?,Yes,"No, the cream was poured into a cup after the eggs were cracked.",68;69;71;133;134;135;169;170;171;192;193;195;196;197;198;200;202;203;216;217;219;220;221;222;236;237;238;261;262;263;273;274;275;276;278;279;300;301;303;308;309;310;316;317;318;336;337;338;388;389;390;429;430;431;480;481;482;609;610;611;624;625;626,64,1
9198b9a4-8d8f-4ba6-9924-4c86982d890a,Was the mixture stirred before the dough was brought out?,Yes,"Yes, the mixture was stirred before the dough was brought out.",68;69;71;133;134;135;169;170;171;192;193;195;196;197;198;200;202;203;216;217;219;220;221;222;236;237;238;261;262;263;273;274;275;276;278;279;300;301;303;308;309;310;316;317;318;336;337;338;388;389;390;429;430;431;480;481;482;609;610;611;624;625;626,64,1
9198b9a4-8d8f-4ba6-9924-4c86982d890a,Did the whipping of eggs happen after the flour was poured?,Yes,"No, the whipping of eggs happened before the flour was poured.",68;69;71;133;134;135;169;170;171;192;193;195;196;197;198;200;202;203;216;217;219;220;221;222;236;237;238;261;262;263;273;274;275;276;278;279;300;301;303;308;309;310;316;317;318;336;337;338;388;389;390;429;430;431;480;481;482;609;610;611;624;625;626,64,1
9198b9a4-8d8f-4ba6-9924-4c86982d890a,Is sugar added to the mixture after the egg is whipped?,Yes,"No, sugar is not added to the mixture after the egg is whipped.",68;69;71;133;134;135;169;170;171;192;193;195;196;197;198;200;202;203;216;217;219;220;221;222;236;237;238;261;262;263;273;274;275;276;278;279;300;301;303;308;309;310;316;317;318;336;337;338;388;389;390;429;430;431;480;481;482;609;610;611;624;625;626,64,1
9198b9a4-8d8f-4ba6-9924-4c86982d890a,What happened before the dough was placed on the board?,Stirring the mixture,"Before the dough was placed on the board, it was rolled out on a surface.",68;69;71;133;134;135;169;170;171;192;193;195;196;197;198;200;202;203;216;217;219;220;221;222;236;237;238;261;262;263;273;274;275;276;278;279;300;301;303;308;309;310;316;317;318;336;337;338;388;389;390;429;430;431;480;481;482;609;610;611;624;625;626,64,1
9198b9a4-8d8f-4ba6-9924-4c86982d890a,What occurs just before the eggs are whipped?,Cracking eggs into bowls,A bowl of chopped vegetables is prepared.,68;69;71;133;134;135;169;170;171;192;193;195;196;197;198;200;202;203;216;217;219;220;221;222;236;237;238;261;262;263;273;274;275;276;278;279;300;301;303;308;309;310;316;317;318;336;337;338;388;389;390;429;430;431;480;481;482;609;610;611;624;625;626,64,1
9198b9a4-8d8f-4ba6-9924-4c86982d890a,What is done just before cracking eggs from the fridge?,Pouring cream into a cup,"Just before cracking eggs from the fridge, the person is seen holding a carton of eggs and standing near the stove.",68;69;71;133;134;135;169;170;171;192;193;195;196;197;198;200;202;203;216;217;219;220;221;222;236;237;238;261;262;263;273;274;275;276;278;279;300;301;303;308;309;310;316;317;318;336;337;338;388;389;390;429;430;431;480;481;482;609;610;611;624;625;626,64,1
9198b9a4-8d8f-4ba6-9924-4c86982d890a,What is done right before adding grated cheese to the mixture?,Stirring the mixture,"Right before adding grated cheese to the mixture, the person is seen holding a white bowl filled with chopped vegetables and is about to add them to the pan.",68;69;71;133;134;135;169;170;171;192;193;195;196;197;198;200;202;203;216;217;219;220;221;222;236;237;238;261;262;263;273;274;275;276;278;279;300;301;303;308;309;310;316;317;318;336;337;338;388;389;390;429;430;431;480;481;482;609;610;611;624;625;626,64,1
9198b9a4-8d8f-4ba6-9924-4c86982d890a,"In the video, does the cheese get grated before the eggs are cracked?",No,"No, the cheese is grated after the eggs are cracked.",68;69;71;133;134;135;169;170;171;192;193;195;196;197;198;200;202;203;216;217;219;220;221;222;236;237;238;261;262;263;273;274;275;276;278;279;300;301;303;308;309;310;316;317;318;336;337;338;388;389;390;429;430;431;480;481;482;609;610;611;624;625;626,64,1
9198b9a4-8d8f-4ba6-9924-4c86982d890a,Is the heavy whipping cream poured into a cup after the flour?,Yes,"Yes, the heavy whipping cream is poured into a cup after the flour.",68;69;71;133;134;135;169;170;171;192;193;195;196;197;198;200;202;203;216;217;219;220;221;222;236;237;238;261;262;263;273;274;275;276;278;279;300;301;303;308;309;310;316;317;318;336;337;338;388;389;390;429;430;431;480;481;482;609;610;611;624;625;626,64,1
9198b9a4-8d8f-4ba6-9924-4c86982d890a,Does the dough come out of the fridge before the eggs are whipped?,No,"No, the dough comes out of the fridge after the eggs are whisked.",68;69;71;133;134;135;169;170;171;192;193;195;196;197;198;200;202;203;216;217;219;220;221;222;236;237;238;261;262;263;273;274;275;276;278;279;300;301;303;308;309;310;316;317;318;336;337;338;388;389;390;429;430;431;480;481;482;609;610;611;624;625;626,64,1
9198b9a4-8d8f-4ba6-9924-4c86982d890a,"In the video, is the sugar added to the mixture before the vegetables?",Yes,"No, the sugar is added to the mixture after the vegetables.",68;69;71;133;134;135;169;170;171;192;193;195;196;197;198;200;202;203;216;217;219;220;221;222;236;237;238;261;262;263;273;274;275;276;278;279;300;301;303;308;309;310;316;317;318;336;337;338;388;389;390;429;430;431;480;481;482;609;610;611;624;625;626,64,1
9198b9a4-8d8f-4ba6-9924-4c86982d890a,Does the mixture get stirred before the eggs are cracked?,No,"Yes, the mixture is stirred before the eggs are cracked.",68;69;71;133;134;135;169;170;171;192;193;195;196;197;198;200;202;203;216;217;219;220;221;222;236;237;238;261;262;263;273;274;275;276;278;279;300;301;303;308;309;310;316;317;318;336;337;338;388;389;390;429;430;431;480;481;482;609;610;611;624;625;626,64,1
9198b9a4-8d8f-4ba6-9924-4c86982d890a,What happens just before the dough is placed on the board?,The mixture is stirred,The dough is rolled out on a surface.,68;69;71;133;134;135;169;170;171;192;193;195;196;197;198;200;202;203;216;217;219;220;221;222;236;237;238;261;262;263;273;274;275;276;278;279;300;301;303;308;309;310;316;317;318;336;337;338;388;389;390;429;430;431;480;481;482;609;610;611;624;625;626,64,1
9198b9a4-8d8f-4ba6-9924-4c86982d890a,"In the video sequence, what action is taken before pouring flour into a glass bowl?",Preparing shawarma,"Before pouring flour into a glass bowl, the person is seen holding a glass bowl and a spoon, likely preparing to mix ingredients.",68;69;71;133;134;135;169;170;171;192;193;195;196;197;198;200;202;203;216;217;219;220;221;222;236;237;238;261;262;263;273;274;275;276;278;279;300;301;303;308;309;310;316;317;318;336;337;338;388;389;390;429;430;431;480;481;482;609;610;611;624;625;626,64,1
9198b9a4-8d8f-4ba6-9924-4c86982d890a,What occurs just before grating the cheese?,Stirring the mixture,"Just before grating the cheese, the person is seen holding a white bowl filled with a colorful mixture of diced vegetables.",68;69;71;133;134;135;169;170;171;192;193;195;196;197;198;200;202;203;216;217;219;220;221;222;236;237;238;261;262;263;273;274;275;276;278;279;300;301;303;308;309;310;316;317;318;336;337;338;388;389;390;429;430;431;480;481;482;609;610;611;624;625;626,64,1
9198b9a4-8d8f-4ba6-9924-4c86982d890a,"In the video, what happens right before whipping the egg?",Cracking the eggs,"Right before whipping the egg, the person is seen cracking an egg into a bowl.",68;69;71;133;134;135;169;170;171;192;193;195;196;197;198;200;202;203;216;217;219;220;221;222;236;237;238;261;262;263;273;274;275;276;278;279;300;301;303;308;309;310;316;317;318;336;337;338;388;389;390;429;430;431;480;481;482;609;610;611;624;625;626,64,1
9198b9a4-8d8f-4ba6-9924-4c86982d890a,What do we see happening before the heavy whipping cream is poured?,Preparing shawarma,"Before the heavy whipping cream is poured, we see a person holding a container of heavy whipping cream, preparing to add it to the pan with the meat mixture.",68;69;71;133;134;135;169;170;171;192;193;195;196;197;198;200;202;203;216;217;219;220;221;222;236;237;238;261;262;263;273;274;275;276;278;279;300;301;303;308;309;310;316;317;318;336;337;338;388;389;390;429;430;431;480;481;482;609;610;611;624;625;626,64,1
9198b9a4-8d8f-4ba6-9924-4c86982d890a,What is the setting of the video clip?,The setting is a kitchen.,The setting of the video clip is a kitchen.,68;69;71;133;134;135;169;170;171;192;193;195;196;197;198;200;202;203;216;217;219;220;221;222;236;237;238;261;262;263;273;274;275;276;278;279;300;301;303;308;309;310;316;317;318;336;337;338;388;389;390;429;430;431;480;481;482;609;610;611;624;625;626,64,1
9198b9a4-8d8f-4ba6-9924-4c86982d890a,What ingredients are being used?,Dough and mixtures in bowls.,"The video shows the preparation of a dish that includes the following ingredients:1. Tortillas: Rolled and ready to be filled.2. Ground meat: Likely beef or pork, used for filling the tortillas.3. Cheese: Shredded, used for filling the tortillas.4. Vegetables: Diced vegetables, possibly including onions, bell peppers, and tomatoes, used for filling the tortillas.5. Spices and seasonings: Various spices and seasonings are used to flavor the meat and vegetables.6. Rice: Cooked rice is present, possibly as a side dish or as part of the filling.7. Beans: Beans are also present, likely as part of the filling.8. Broth or sauce: A sauce or broth is being prepared in a pan, which may be used to cook the meat or as a topping for the dish.The video also shows the use of a blender, which might be used to blend some of the ingredients for a sauce or to make a smooth filling.",68;69;71;133;134;135;169;170;171;192;193;195;196;197;198;200;202;203;216;217;219;220;221;222;236;237;238;261;262;263;273;274;275;276;278;279;300;301;303;308;309;310;316;317;318;336;337;338;388;389;390;429;430;431;480;481;482;609;610;611;624;625;626,64,1
9198b9a4-8d8f-4ba6-9924-4c86982d890a,What equipment is being utilized?,Rolling pin and spatulas.,stove,68;69;71;133;134;135;169;170;171;192;193;195;196;197;198;200;202;203;216;217;219;220;221;222;236;237;238;261;262;263;273;274;275;276;278;279;300;301;303;308;309;310;316;317;318;336;337;338;388;389;390;429;430;431;480;481;482;609;610;611;624;625;626,64,1
9198b9a4-8d8f-4ba6-9924-4c86982d890a,What is the main activity occurring?,Preparing dough and mixtures for baking.,"The main activity is the preparation and cooking of a meal, specifically filling and cooking tortillas with a meat mixture and preparing a vegetable mixture for cooking.",68;69;71;133;134;135;169;170;171;192;193;195;196;197;198;200;202;203;216;217;219;220;221;222;236;237;238;261;262;263;273;274;275;276;278;279;300;301;303;308;309;310;316;317;318;336;337;338;388;389;390;429;430;431;480;481;482;609;610;611;624;625;626,64,1
9198b9a4-8d8f-4ba6-9924-4c86982d890a,What task is being performed with the dough?,Rolling the dough with a rolling pin.,The dough is being rolled out and prepared for further cooking.,68;69;71;133;134;135;169;170;171;192;193;195;196;197;198;200;202;203;216;217;219;220;221;222;236;237;238;261;262;263;273;274;275;276;278;279;300;301;303;308;309;310;316;317;318;336;337;338;388;389;390;429;430;431;480;481;482;609;610;611;624;625;626,64,1
9198b9a4-8d8f-4ba6-9924-4c86982d890a,What is being done to the mixtures?,The mixtures are being stirred in steel bowls.,The mixtures are being cooked and prepared for serving.,68;69;71;133;134;135;169;170;171;192;193;195;196;197;198;200;202;203;216;217;219;220;221;222;236;237;238;261;262;263;273;274;275;276;278;279;300;301;303;308;309;310;316;317;318;336;337;338;388;389;390;429;430;431;480;481;482;609;610;611;624;625;626,64,1
9198b9a4-8d8f-4ba6-9924-4c86982d890a,Is the dough being prepared for baking?,Yes.,"No, the dough is being prepared for cooking, as it is being filled with a meat mixture.",68;69;71;133;134;135;169;170;171;192;193;195;196;197;198;200;202;203;216;217;219;220;221;222;236;237;238;261;262;263;273;274;275;276;278;279;300;301;303;308;309;310;316;317;318;336;337;338;388;389;390;429;430;431;480;481;482;609;610;611;624;625;626,64,1
9198b9a4-8d8f-4ba6-9924-4c86982d890a,Is only one type of spatula being used?,"No, two different spatulas are being used.","No, there are multiple spatulas being used.",68;69;71;133;134;135;169;170;171;192;193;195;196;197;198;200;202;203;216;217;219;220;221;222;236;237;238;261;262;263;273;274;275;276;278;279;300;301;303;308;309;310;316;317;318;336;337;338;388;389;390;429;430;431;480;481;482;609;610;611;624;625;626,64,1
9198b9a4-8d8f-4ba6-9924-4c86982d890a,Did the same person handle all tasks shown in the summary?,Yes.,"Yes, the same person is shown handling all the tasks in the video summary, from preparing the ingredients to cooking the food.",68;69;71;133;134;135;169;170;171;192;193;195;196;197;198;200;202;203;216;217;219;220;221;222;236;237;238;261;262;263;273;274;275;276;278;279;300;301;303;308;309;310;316;317;318;336;337;338;388;389;390;429;430;431;480;481;482;609;610;611;624;625;626,64,1
9198b9a4-8d8f-4ba6-9924-4c86982d890a,Is anything being cooked in the clip?,"No, only preparation steps are shown.","Yes, the clip shows a person cooking food on a stovetop.",68;69;71;133;134;135;169;170;171;192;193;195;196;197;198;200;202;203;216;217;219;220;221;222;236;237;238;261;262;263;273;274;275;276;278;279;300;301;303;308;309;310;316;317;318;336;337;338;388;389;390;429;430;431;480;481;482;609;610;611;624;625;626,64,1
9198b9a4-8d8f-4ba6-9924-4c86982d890a,Is the dough placed on the board before the mixture is stirred?,No,"No, the dough is placed on the board after the mixture is stirred.",68;69;71;133;134;135;169;170;171;192;193;195;196;197;198;200;202;203;216;217;219;220;221;222;236;237;238;261;262;263;273;274;275;276;278;279;300;301;303;308;309;310;316;317;318;336;337;338;388;389;390;429;430;431;480;481;482;609;610;611;624;625;626,64,1
9198b9a4-8d8f-4ba6-9924-4c86982d890a,Is the doe taken out of the fridge before the rolling pin is used?,Yes,"No, the dough is taken out of the fridge after the rolling pin is used.",68;69;71;133;134;135;169;170;171;192;193;195;196;197;198;200;202;203;216;217;219;220;221;222;236;237;238;261;262;263;273;274;275;276;278;279;300;301;303;308;309;310;316;317;318;336;337;338;388;389;390;429;430;431;480;481;482;609;610;611;624;625;626,64,1
9198b9a4-8d8f-4ba6-9924-4c86982d890a,What do we see happening before the spatula stirs the mixture in the steel bowls?,The rolling pin rolls on the dough,"Before the spatula stirs the mixture, we see a close-up of the person's hands holding a white bowl filled with a colorful mixture of diced vegetables and meat, and the person is about to add it to the steel bowls.",68;69;71;133;134;135;169;170;171;192;193;195;196;197;198;200;202;203;216;217;219;220;221;222;236;237;238;261;262;263;273;274;275;276;278;279;300;301;303;308;309;310;316;317;318;336;337;338;388;389;390;429;430;431;480;481;482;609;610;611;624;625;626,64,1
9198b9a4-8d8f-4ba6-9924-4c86982d890a,Did I pour heavy whipping cream before cracking eggs?,Yes,"No, you did not pour heavy whipping cream before cracking eggs.",68;69;71;133;134;135;169;170;171;192;193;195;196;197;198;200;202;203;216;217;219;220;221;222;236;237;238;261;262;263;273;274;275;276;278;279;300;301;303;308;309;310;316;317;318;336;337;338;388;389;390;429;430;431;480;481;482;609;610;611;624;625;626,64,1
9198b9a4-8d8f-4ba6-9924-4c86982d890a,Is the dough rolled before stirring mixtures in bowls?,Yes,"No, the dough is not rolled before stirring mixtures in bowls.",68;69;71;133;134;135;169;170;171;192;193;195;196;197;198;200;202;203;216;217;219;220;221;222;236;237;238;261;262;263;273;274;275;276;278;279;300;301;303;308;309;310;316;317;318;336;337;338;388;389;390;429;430;431;480;481;482;609;610;611;624;625;626,64,1
9198b9a4-8d8f-4ba6-9924-4c86982d890a,Do I place the dough on the board after pouring flour?,Yes,"Yes, after pouring flour, you should place the dough on the board.",68;69;71;133;134;135;169;170;171;192;193;195;196;197;198;200;202;203;216;217;219;220;221;222;236;237;238;261;262;263;273;274;275;276;278;279;300;301;303;308;309;310;316;317;318;336;337;338;388;389;390;429;430;431;480;481;482;609;610;611;624;625;626,64,1
9198b9a4-8d8f-4ba6-9924-4c86982d890a,What happens just before I place the dough on the board?,I bring out the dough from the fridge.,"Just before placing the dough on the board, the person is seen kneading the dough on a floured surface.",68;69;71;133;134;135;169;170;171;192;193;195;196;197;198;200;202;203;216;217;219;220;221;222;236;237;238;261;262;263;273;274;275;276;278;279;300;301;303;308;309;310;316;317;318;336;337;338;388;389;390;429;430;431;480;481;482;609;610;611;624;625;626,64,1
9198b9a4-8d8f-4ba6-9924-4c86982d890a,What is the setting of the video clip?,A kitchen with a board and cooking items.,The setting of the video clip is a kitchen.,68;69;71;133;134;135;169;170;171;192;193;195;196;197;198;200;202;203;216;217;219;220;221;222;236;237;238;261;262;263;273;274;275;276;278;279;300;301;303;308;309;310;316;317;318;336;337;338;388;389;390;429;430;431;480;481;482;609;610;611;624;625;626,64,1
9198b9a4-8d8f-4ba6-9924-4c86982d890a,What object is primarily shown in the scene?,A doe laid out on a mat on a kitchen board.,The scene primarily shows a kitchen stove with a pot of chili and a pan of vegetables.,68;69;71;133;134;135;169;170;171;192;193;195;196;197;198;200;202;203;216;217;219;220;221;222;236;237;238;261;262;263;273;274;275;276;278;279;300;301;303;308;309;310;316;317;318;336;337;338;388;389;390;429;430;431;480;481;482;609;610;611;624;625;626,64,1
9198b9a4-8d8f-4ba6-9924-4c86982d890a,Which item is used in the scene?,A knife to trim edges of the doe.,spoon,68;69;71;133;134;135;169;170;171;192;193;195;196;197;198;200;202;203;216;217;219;220;221;222;236;237;238;261;262;263;273;274;275;276;278;279;300;301;303;308;309;310;316;317;318;336;337;338;388;389;390;429;430;431;480;481;482;609;610;611;624;625;626,64,1
9198b9a4-8d8f-4ba6-9924-4c86982d890a,What stage of the process is shown?,Trimming and folding the prepared doe.,The video shows the preparation and cooking stages of making tacos.,68;69;71;133;134;135;169;170;171;192;193;195;196;197;198;200;202;203;216;217;219;220;221;222;236;237;238;261;262;263;273;274;275;276;278;279;300;301;303;308;309;310;316;317;318;336;337;338;388;389;390;429;430;431;480;481;482;609;610;611;624;625;626,64,1
9198b9a4-8d8f-4ba6-9924-4c86982d890a,Can you describe the main task at hand?,Trimming rough edges of the doe.,"The video showcases a detailed cooking process, focusing on the preparation and cooking of a dish that includes rolled tortillas and a mixture of vegetables and meat. The scene is set in a kitchen with a tiled backsplash and various cooking utensils and ingredients visible on the counter. The main task involves cooking the rolled tortillas, which are filled with a mixture of meat and vegetables, and stirring a pan of mixed vegetables and meat on the stove. The video highlights the meticulous steps involved in preparing the dish, from filling the tortillas to cooking them on a griddle and stirring the pan of vegetables and meat. The person cooking is seen using a spatula to handle the tortillas and a spoon to stir the pan, ensuring the ingredients are well-mixed and cooked evenly. The video provides a comprehensive view of the cooking process, emphasizing the care and attention given to each step to achieve a delicious and well-prepared dish.",68;69;71;133;134;135;169;170;171;192;193;195;196;197;198;200;202;203;216;217;219;220;221;222;236;237;238;261;262;263;273;274;275;276;278;279;300;301;303;308;309;310;316;317;318;336;337;338;388;389;390;429;430;431;480;481;482;609;610;611;624;625;626,64,1
9198b9a4-8d8f-4ba6-9924-4c86982d890a,What preparation step is shown in the clip?,Folding the trimmed doe together.,The clip shows the preparation of a dish involving filling tortillas with a meat mixture and cooking them on a griddle.,68;69;71;133;134;135;169;170;171;192;193;195;196;197;198;200;202;203;216;217;219;220;221;222;236;237;238;261;262;263;273;274;275;276;278;279;300;301;303;308;309;310;316;317;318;336;337;338;388;389;390;429;430;431;480;481;482;609;610;611;624;625;626,64,1
9198b9a4-8d8f-4ba6-9924-4c86982d890a,Did the person use a knife in the video?,Yes.,"No, the person did not use a knife in the video.",68;69;71;133;134;135;169;170;171;192;193;195;196;197;198;200;202;203;216;217;219;220;221;222;236;237;238;261;262;263;273;274;275;276;278;279;300;301;303;308;309;310;316;317;318;336;337;338;388;389;390;429;430;431;480;481;482;609;610;611;624;625;626,64,1
9198b9a4-8d8f-4ba6-9924-4c86982d890a,Is there any folding action happening?,Yes.,"Yes, there is a folding action happening. The person is folding tortillas around the filling.",68;69;71;133;134;135;169;170;171;192;193;195;196;197;198;200;202;203;216;217;219;220;221;222;236;237;238;261;262;263;273;274;275;276;278;279;300;301;303;308;309;310;316;317;318;336;337;338;388;389;390;429;430;431;480;481;482;609;610;611;624;625;626,64,1
9198b9a4-8d8f-4ba6-9924-4c86982d890a,Did the person complete the trimming action?,Yes.,"Yes, the person completed the trimming action.",68;69;71;133;134;135;169;170;171;192;193;195;196;197;198;200;202;203;216;217;219;220;221;222;236;237;238;261;262;263;273;274;275;276;278;279;300;301;303;308;309;310;316;317;318;336;337;338;388;389;390;429;430;431;480;481;482;609;610;611;624;625;626,64,1
9198b9a4-8d8f-4ba6-9924-4c86982d890a,Is the dough folded before trimming the rough edges?,No,"Yes, the dough is folded before trimming the rough edges.",68;69;71;133;134;135;169;170;171;192;193;195;196;197;198;200;202;203;216;217;219;220;221;222;236;237;238;261;262;263;273;274;275;276;278;279;300;301;303;308;309;310;316;317;318;336;337;338;388;389;390;429;430;431;480;481;482;609;610;611;624;625;626,64,1
9198b9a4-8d8f-4ba6-9924-4c86982d890a,Does stirring in the steel bowls happen after folding the dough?,No,"No, stirring in the steel bowls happens before folding the dough.",68;69;71;133;134;135;169;170;171;192;193;195;196;197;198;200;202;203;216;217;219;220;221;222;236;237;238;261;262;263;273;274;275;276;278;279;300;301;303;308;309;310;316;317;318;336;337;338;388;389;390;429;430;431;480;481;482;609;610;611;624;625;626,64,1
9198b9a4-8d8f-4ba6-9924-4c86982d890a,What occurs just before folding the dough?,Trimming the rough edges with a knife,"Just before folding the dough, the person scoops the meat mixture with a spatula and places it onto the dough.",68;69;71;133;134;135;169;170;171;192;193;195;196;197;198;200;202;203;216;217;219;220;221;222;236;237;238;261;262;263;273;274;275;276;278;279;300;301;303;308;309;310;316;317;318;336;337;338;388;389;390;429;430;431;480;481;482;609;610;611;624;625;626,64,1
9198b9a4-8d8f-4ba6-9924-4c86982d890a,What happens before stirring mixtures in steel bowls?,Rolling the pin on the dough,"Before stirring mixtures in steel bowls, the person uses a spatula to scoop the contents of the bowls.",68;69;71;133;134;135;169;170;171;192;193;195;196;197;198;200;202;203;216;217;219;220;221;222;236;237;238;261;262;263;273;274;275;276;278;279;300;301;303;308;309;310;316;317;318;336;337;338;388;389;390;429;430;431;480;481;482;609;610;611;624;625;626,64,1
9198b9a4-8d8f-4ba6-9924-4c86982d890a,Does rolling the dough with a rolling pin happen before trimming its edges?,Yes,"Yes, rolling the dough with a rolling pin happens before trimming its edges.",68;69;71;133;134;135;169;170;171;192;193;195;196;197;198;200;202;203;216;217;219;220;221;222;236;237;238;261;262;263;273;274;275;276;278;279;300;301;303;308;309;310;316;317;318;336;337;338;388;389;390;429;430;431;480;481;482;609;610;611;624;625;626,64,1
9198b9a4-8d8f-4ba6-9924-4c86982d890a,Is the trimmed dough folded before stirring the mixture?,No,"Yes, the trimmed dough is folded before stirring the mixture.",68;69;71;133;134;135;169;170;171;192;193;195;196;197;198;200;202;203;216;217;219;220;221;222;236;237;238;261;262;263;273;274;275;276;278;279;300;301;303;308;309;310;316;317;318;336;337;338;388;389;390;429;430;431;480;481;482;609;610;611;624;625;626,64,1
9198b9a4-8d8f-4ba6-9924-4c86982d890a,Do I take out the dough from the fridge before preparing mixtures?,Yes,"Yes, you should take out the dough from the fridge before preparing the mixtures.",68;69;71;133;134;135;169;170;171;192;193;195;196;197;198;200;202;203;216;217;219;220;221;222;236;237;238;261;262;263;273;274;275;276;278;279;300;301;303;308;309;310;316;317;318;336;337;338;388;389;390;429;430;431;480;481;482;609;610;611;624;625;626,64,1
9198b9a4-8d8f-4ba6-9924-4c86982d890a,What occurs before folding the trimmed dough?,Trimming the rough edges with a knife,"Before folding the trimmed dough, the person scoops the meat mixture with a spatula and places it onto the dough.",68;69;71;133;134;135;169;170;171;192;193;195;196;197;198;200;202;203;216;217;219;220;221;222;236;237;238;261;262;263;273;274;275;276;278;279;300;301;303;308;309;310;316;317;318;336;337;338;388;389;390;429;430;431;480;481;482;609;610;611;624;625;626,64,1
9198b9a4-8d8f-4ba6-9924-4c86982d890a,What is the first thing I do with the dough after taking it out from the fridge?,Placing it on a board,"The first thing you do with the dough after taking it out from the fridge is to let it come to room temperature. This allows the dough to become more pliable and easier to work with. Once the dough has reached room temperature, you can proceed with shaping it into the desired form, such as a circle or rectangle, depending on the recipe you are following.",68;69;71;133;134;135;169;170;171;192;193;195;196;197;198;200;202;203;216;217;219;220;221;222;236;237;238;261;262;263;273;274;275;276;278;279;300;301;303;308;309;310;316;317;318;336;337;338;388;389;390;429;430;431;480;481;482;609;610;611;624;625;626,64,1
0fa75cb3-c4a0-4232-bdc4-15116ed39d88,What is the setting of the video clip?,It is in an outdoor field.,"The setting of the video clip is a coastal area with palm trees, a sidewalk, and a road.",41;42;43;44;45;47;68;69;71;89;90;91;92;93;94;224;225;226;228;229;230;232;233;235;236;237;238;244;245;247;272;273;275;276;277;279;284;285;286;288;289;290;320;322;323;328;329;330;340;341;342;360;361;363;369;370;371;385;386;387;392;393;394,64,1
0fa75cb3-c4a0-4232-bdc4-15116ed39d88,Is the scene occurring in an urban or rural environment?,Rural environment.,"The scene is occurring in an urban environment, as indicated by the presence of street signs, well-maintained sidewalks, and the overall organization of the area.",41;42;43;44;45;47;68;69;71;89;90;91;92;93;94;224;225;226;228;229;230;232;233;235;236;237;238;244;245;247;272;273;275;276;277;279;284;285;286;288;289;290;320;322;323;328;329;330;340;341;342;360;361;363;369;370;371;385;386;387;392;393;394,64,1
0fa75cb3-c4a0-4232-bdc4-15116ed39d88,What time of day does the scene appear to be set in?,It appears to be set in the evening.,"The scene appears to be set in the evening, as indicated by the soft, warm light and the long shadows cast by the palm trees and street lamps.",41;42;43;44;45;47;68;69;71;89;90;91;92;93;94;224;225;226;228;229;230;232;233;235;236;237;238;244;245;247;272;273;275;276;277;279;284;285;286;288;289;290;320;322;323;328;329;330;340;341;342;360;361;363;369;370;371;385;386;387;392;393;394,64,1
0fa75cb3-c4a0-4232-bdc4-15116ed39d88,How is the subject navigating the outdoor space?,The subject is walking on the field and then heads home.,"The subject is navigating the outdoor space by walking along a sidewalk, passing by palm trees, and moving through a series of streets and pathways.",41;42;43;44;45;47;68;69;71;89;90;91;92;93;94;224;225;226;228;229;230;232;233;235;236;237;238;244;245;247;272;273;275;276;277;279;284;285;286;288;289;290;320;322;323;328;329;330;340;341;342;360;361;363;369;370;371;385;386;387;392;393;394,64,1
0fa75cb3-c4a0-4232-bdc4-15116ed39d88,Can you provide an overview of the action in this clip?,"Subject walks outdoors, across a field, and returns home.","The video begins with a view of a street lined with palm trees and modern buildings. The sky is clear, and the sun is low on the horizon, indicating either early morning or late evening. The street is relatively empty, with a few parked cars visible. The camera moves along the sidewalk, showing a well-maintained pathway with street lamps and a few pedestrians in the distance. The architecture of the buildings is contemporary, with clean lines and large windows. The palm trees are tall and healthy, providing a tropical ambiance to the setting.As the video progresses, the camera continues along the sidewalk, passing by more modern buildings with similar architectural features. The street lamps are evenly spaced, and the pathway remains well-maintained. The sky remains clear, and the sun continues to be low on the horizon. The video captures the peaceful atmosphere of the area, with minimal traffic and a few pedestrians visible.The video then transitions to a view of a road with a clear sky and a few palm trees lining the sides. The road is relatively empty, with a few parked cars visible. The camera moves along the road, passing by more modern buildings with clean lines and large windows. The palm trees are tall and healthy, providing a tropical ambiance to the setting. The street lamps are",41;42;43;44;45;47;68;69;71;89;90;91;92;93;94;224;225;226;228;229;230;232;233;235;236;237;238;244;245;247;272;273;275;276;277;279;284;285;286;288;289;290;320;322;323;328;329;330;340;341;342;360;361;363;369;370;371;385;386;387;392;393;394,64,1
0fa75cb3-c4a0-4232-bdc4-15116ed39d88,Does the video show the subject entering a building?,No.,"No, the video does not show the subject entering a building.",41;42;43;44;45;47;68;69;71;89;90;91;92;93;94;224;225;226;228;229;230;232;233;235;236;237;238;244;245;247;272;273;275;276;277;279;284;285;286;288;289;290;320;322;323;328;329;330;340;341;342;360;361;363;369;370;371;385;386;387;392;393;394,64,1
0fa75cb3-c4a0-4232-bdc4-15116ed39d88,Is the subject interacting with other people in the video?,No.,"No, the subject is not interacting with other people in the video.",41;42;43;44;45;47;68;69;71;89;90;91;92;93;94;224;225;226;228;229;230;232;233;235;236;237;238;244;245;247;272;273;275;276;277;279;284;285;286;288;289;290;320;322;323;328;329;330;340;341;342;360;361;363;369;370;371;385;386;387;392;393;394,64,1
0fa75cb3-c4a0-4232-bdc4-15116ed39d88,Does the video capture the subject engaging in a sport?,No.,"No, the video does not capture the subject engaging in a sport.",41;42;43;44;45;47;68;69;71;89;90;91;92;93;94;224;225;226;228;229;230;232;233;235;236;237;238;244;245;247;272;273;275;276;277;279;284;285;286;288;289;290;320;322;323;328;329;330;340;341;342;360;361;363;369;370;371;385;386;387;392;393;394,64,1
0fa75cb3-c4a0-4232-bdc4-15116ed39d88,Is the subject seen leaving the field in the video?,Yes.,"No, the subject is not seen leaving the field in the video.",41;42;43;44;45;47;68;69;71;89;90;91;92;93;94;224;225;226;228;229;230;232;233;235;236;237;238;244;245;247;272;273;275;276;277;279;284;285;286;288;289;290;320;322;323;328;329;330;340;341;342;360;361;363;369;370;371;385;386;387;392;393;394,64,1
0fa75cb3-c4a0-4232-bdc4-15116ed39d88,Does the video show the subject at home?,"No, just heading home.","Yes, the video shows the subject at home.",41;42;43;44;45;47;68;69;71;89;90;91;92;93;94;224;225;226;228;229;230;232;233;235;236;237;238;244;245;247;272;273;275;276;277;279;284;285;286;288;289;290;320;322;323;328;329;330;340;341;342;360;361;363;369;370;371;385;386;387;392;393;394,64,1
0fa75cb3-c4a0-4232-bdc4-15116ed39d88,What is the location of the video clip?,The video clip is in a field with a walkway.,"The video clip is set in a coastal area with palm trees, a sidewalk, and a road.",41;42;43;44;45;47;68;69;71;89;90;91;92;93;94;224;225;226;228;229;230;232;233;235;236;237;238;244;245;247;272;273;275;276;277;279;284;285;286;288;289;290;320;322;323;328;329;330;340;341;342;360;361;363;369;370;371;385;386;387;392;393;394,64,1
0fa75cb3-c4a0-4232-bdc4-15116ed39d88,What activity is shown in the video?,Walking on a walkway and looking around.,The video shows a person walking on a sidewalk next to a road.,41;42;43;44;45;47;68;69;71;89;90;91;92;93;94;224;225;226;228;229;230;232;233;235;236;237;238;244;245;247;272;273;275;276;277;279;284;285;286;288;289;290;320;322;323;328;329;330;340;341;342;360;361;363;369;370;371;385;386;387;392;393;394,64,1
0fa75cb3-c4a0-4232-bdc4-15116ed39d88,What time of day does the video depict?,The video depicts evening or dusk.,"The video depicts either dawn or dusk, as indicated by the soft, warm light and the long shadows cast by the palm trees and street lamps.",41;42;43;44;45;47;68;69;71;89;90;91;92;93;94;224;225;226;228;229;230;232;233;235;236;237;238;244;245;247;272;273;275;276;277;279;284;285;286;288;289;290;320;322;323;328;329;330;340;341;342;360;361;363;369;370;371;385;386;387;392;393;394,64,1
0fa75cb3-c4a0-4232-bdc4-15116ed39d88,What natural features can be seen in the video?,There is a body of water visible.,"Palm trees, a sandy beach, and a clear sky can be seen in the video.",41;42;43;44;45;47;68;69;71;89;90;91;92;93;94;224;225;226;228;229;230;232;233;235;236;237;238;244;245;247;272;273;275;276;277;279;284;285;286;288;289;290;320;322;323;328;329;330;340;341;342;360;361;363;369;370;371;385;386;387;392;393;394,64,1
0fa75cb3-c4a0-4232-bdc4-15116ed39d88,Does the person stop to observe a specific scene?,Yes.,"Yes, the person stops to observe a specific scene.",41;42;43;44;45;47;68;69;71;89;90;91;92;93;94;224;225;226;228;229;230;232;233;235;236;237;238;244;245;247;272;273;275;276;277;279;284;285;286;288;289;290;320;322;323;328;329;330;340;341;342;360;361;363;369;370;371;385;386;387;392;393;394,64,1
0fa75cb3-c4a0-4232-bdc4-15116ed39d88,"In the video, did I look at the scenes before walking on the field?",No,"Yes, you looked at the scenes before walking on the field.",41;42;43;44;45;47;68;69;71;89;90;91;92;93;94;224;225;226;228;229;230;232;233;235;236;237;238;244;245;247;272;273;275;276;277;279;284;285;286;288;289;290;320;322;323;328;329;330;340;341;342;360;361;363;369;370;371;385;386;387;392;393;394,64,1
0fa75cb3-c4a0-4232-bdc4-15116ed39d88,"In the video, was I indoors before going to the field?",No,"No, you were not indoors before going to the field. The video shows you walking outdoors, passing by a street with palm trees and a sidewalk, and eventually reaching a field.",41;42;43;44;45;47;68;69;71;89;90;91;92;93;94;224;225;226;228;229;230;232;233;235;236;237;238;244;245;247;272;273;275;276;277;279;284;285;286;288;289;290;320;322;323;328;329;330;340;341;342;360;361;363;369;370;371;385;386;387;392;393;394,64,1
0fa75cb3-c4a0-4232-bdc4-15116ed39d88,What happened before I walked on the walkway in the video?,I was in the field,"Before you walked on the walkway in the video, you were likely standing on the sidewalk near the street, observing the surroundings. The area appears to be a well-maintained urban environment with palm trees, street lamps, and a clear sky. There are no visible people or moving vehicles in the immediate vicinity, suggesting a quiet moment in the city. The walkway leads towards a building with a white facade, which could be a residential or commercial structure. The overall atmosphere is calm and serene, with the sun casting a warm glow on the scene.",41;42;43;44;45;47;68;69;71;89;90;91;92;93;94;224;225;226;228;229;230;232;233;235;236;237;238;244;245;247;272;273;275;276;277;279;284;285;286;288;289;290;320;322;323;328;329;330;340;341;342;360;361;363;369;370;371;385;386;387;392;393;394,64,1
0fa75cb3-c4a0-4232-bdc4-15116ed39d88,What is depicted in the current frame?,It shows a sidewalk lined with palm trees and buildings.,"The current frame shows a street scene with a clear view of the road, sidewalks, and a few palm trees. The sky is overcast, suggesting it might be early morning or late afternoon. There are street lamps along the sidewalk, and the road appears to be relatively empty with no visible traffic. The architecture of the buildings in the background suggests a residential or possibly a resort area. The overall atmosphere is calm and quiet.",41;42;43;44;45;47;68;69;71;89;90;91;92;93;94;224;225;226;228;229;230;232;233;235;236;237;238;244;245;247;272;273;275;276;277;279;288;289;290;320;322;323;328;329;330;340;341;342;360;361;363;369;370;371;385;386;387;672;673;675;676;677;679,64,1
0fa75cb3-c4a0-4232-bdc4-15116ed39d88,What activity is taking place in these frames?,Walking along a residential sidewalk.,"The frames depict a street scene with a focus on a sidewalk lined with palm trees and street lamps. The sky is overcast, suggesting it might be early morning or late afternoon. There are no people visible in the frames, and the street appears to be quiet with no visible traffic. The architecture and vegetation suggest a location in a region with a warm climate, possibly in the Middle East or a similar area. The frames show a sense of calm and stillness, with no significant activity taking place.",41;42;43;44;45;47;68;69;71;89;90;91;92;93;94;224;225;226;228;229;230;232;233;235;236;237;238;244;245;247;272;273;275;276;277;279;284;285;286;288;289;290;320;322;323;328;329;330;340;341;342;360;361;363;369;370;371;385;386;387;672;673;675,64,1
0fa75cb3-c4a0-4232-bdc4-15116ed39d88,Does this video show a busy city street?,No.,"No, the video does not show a busy city street. It shows a quiet street with minimal traffic and a calm atmosphere.",41;42;43;44;45;47;68;69;71;89;90;91;92;93;94;224;225;226;228;229;230;232;233;235;236;237;238;244;245;247;272;273;275;276;277;279;284;285;286;288;289;290;320;322;323;328;329;330;340;341;342;360;361;363;369;370;371;672;673;675;676;677;679,64,1
0fa75cb3-c4a0-4232-bdc4-15116ed39d88,Does the clip capture any interaction with people?,No.,"No, the clip does not capture any interaction with people.",41;42;43;44;45;47;68;69;71;89;90;91;92;93;94;224;225;226;228;229;230;232;233;235;236;237;238;244;245;247;272;273;275;276;277;279;284;285;286;288;289;290;320;322;323;328;329;330;340;341;342;360;361;363;369;370;371;392;393;394;672;673;675,64,1
0fa75cb3-c4a0-4232-bdc4-15116ed39d88,Is the person entering a building in this scene?,No.,no,41;42;43;44;45;47;68;69;71;89;90;91;92;93;94;224;225;226;228;229;230;232;233;235;236;237;238;244;245;247;272;273;275;276;277;279;284;285;286;288;289;290;320;322;323;328;329;330;340;341;342;360;361;363;369;370;371;385;386;387;672;673;675,64,1
0fa75cb3-c4a0-4232-bdc4-15116ed39d88,Was I in the field after walking on the walkway?,No.,"Yes, after walking on the walkway, you entered the field.",41;42;43;44;45;47;68;69;71;89;90;91;92;93;94;224;225;226;228;229;230;232;233;235;236;237;238;244;245;247;272;273;275;276;277;279;284;285;286;288;289;290;320;322;323;328;329;330;340;341;342;360;361;363;369;370;371;672;673;675;676;677;679,64,1
0fa75cb3-c4a0-4232-bdc4-15116ed39d88,Did I go home before looking at the scenes?,No.,"It seems like you've been on a journey, possibly exploring different areas or taking a walk. However, I don't have any information about whether you went home before looking at the scenes or not. If you're referring to a specific context or a series of events, please provide more details so I can better understand your question.",41;42;43;44;45;47;68;69;71;89;90;91;92;93;94;224;225;226;228;229;230;232;233;235;236;237;238;244;245;247;272;273;275;276;277;279;284;285;286;288;289;290;320;322;323;328;329;330;340;341;342;360;361;363;369;370;371;672;673;675;676;677;679,64,1
0fa75cb3-c4a0-4232-bdc4-15116ed39d88,What occurs just before I look at the scenes?,I walk on the walkway.,"The video begins with a view of a street lined with palm trees and modern buildings. The sky is clear, suggesting it might be early morning or late afternoon. The street is relatively empty, with a few parked cars and a bus in the distance. The architecture of the buildings is contemporary, with clean lines and a neutral color palette. The palm trees are tall and well-maintained, providing a tropical ambiance to the urban setting. The street is well-lit, indicating the presence of streetlights, and there are sidewalks on both sides of the road. The overall atmosphere is calm and orderly.",41;42;43;44;45;47;68;69;71;89;90;91;92;93;94;224;225;226;228;229;230;232;233;235;236;237;238;244;245;247;272;273;275;276;277;279;284;285;286;288;289;290;320;322;323;328;329;330;340;341;342;360;361;363;369;370;371;672;673;675;676;677;679,64,1
0fa75cb3-c4a0-4232-bdc4-15116ed39d88,What do I do before walking on the walkway?,I am in the field.,"Before walking on the walkway, you should ensure that the area is clear of any obstacles or hazards. It's also a good idea to be aware of your surroundings, including any traffic or other pedestrians, and to follow any posted signs or rules for the area. Additionally, if the walkway is near a beach or water, you might want to check the weather conditions and tide times to ensure a safe and enjoyable experience.",41;42;43;44;45;47;68;69;71;89;90;91;92;93;94;224;225;226;228;229;230;232;233;235;236;237;238;244;245;247;272;273;275;276;277;279;284;285;286;288;289;290;320;322;323;328;329;330;340;341;342;360;361;363;369;370;371;672;673;675;676;677;679,64,1
0fa75cb3-c4a0-4232-bdc4-15116ed39d88,Did I walk on the field before looking at the scenes?,Yes,"No, you did not walk on the field before looking at the scenes. The scenes you described are part of a video walkthrough, and the actions you mentioned are part of the video content, not something you did in real life.",41;42;43;44;45;47;68;69;71;89;90;91;92;93;94;224;225;226;228;229;230;232;233;235;236;237;238;244;245;247;272;273;275;276;277;279;284;285;286;288;289;290;320;322;323;328;329;330;340;341;342;360;361;363;369;370;371;672;673;675;676;677;679,64,1
0fa75cb3-c4a0-4232-bdc4-15116ed39d88,Is the walk on the walkway shown before going home in the video?,Yes,"Yes, the walk on the walkway shown before going home in the video is a part of the journey.",41;42;43;44;45;47;68;69;71;89;90;91;92;93;94;224;225;226;228;229;230;232;233;235;236;237;238;244;245;247;272;273;275;276;277;279;284;285;286;288;289;290;320;322;323;328;329;330;340;341;342;360;361;363;369;370;371;672;673;675;676;677;679,64,1
0fa75cb3-c4a0-4232-bdc4-15116ed39d88,"In the video, do we see walking through the walkways before walking on the field?",No,"Yes, the video shows walking through the walkways before walking on the field.",41;42;43;44;45;47;68;69;71;89;90;91;92;93;94;224;225;226;228;229;230;232;233;235;236;237;238;244;245;247;272;273;275;276;277;279;284;285;286;288;289;290;320;322;323;328;329;330;340;341;342;360;361;363;369;370;371;672;673;675;676;677;679,64,1
0fa75cb3-c4a0-4232-bdc4-15116ed39d88,Do I walk along the water before walking under the trees as shown in the clip?,Yes,"Yes, the clip shows you walking along the water's edge before walking under the trees.",41;42;43;44;45;47;68;69;71;89;90;91;92;93;94;224;225;226;228;229;230;232;233;235;236;237;238;244;245;247;272;273;275;276;277;279;284;285;286;288;289;290;320;322;323;328;329;330;340;341;342;360;361;363;369;370;371;385;386;387;672;673;675,64,1
0fa75cb3-c4a0-4232-bdc4-15116ed39d88,"In the video sequence, what occurs before walking on the field?",Being outdoors,"Before walking on the field, the video shows a view of a road with palm trees, a sidewalk, and a street lamp.",41;42;43;44;45;47;68;69;71;89;90;91;92;93;94;224;225;226;228;229;230;232;233;235;236;237;238;244;245;247;272;273;275;276;277;279;284;285;286;288;289;290;320;322;323;328;329;330;340;341;342;360;361;363;369;370;371;672;673;675;676;677;679,64,1
0fa75cb3-c4a0-4232-bdc4-15116ed39d88,What event takes place before walking under the trees in the clip?,Walking along the water,"Before walking under the trees in the clip, the event that takes place is walking along a sidewalk next to a road with street lamps and palm trees.",41;42;43;44;45;47;68;69;71;89;90;91;92;93;94;224;225;226;228;229;230;232;233;235;236;237;238;244;245;247;272;273;275;276;277;279;288;289;290;320;322;323;328;329;330;340;341;342;360;361;363;369;370;371;385;386;387;392;393;394;672;673;675,64,1
0fa75cb3-c4a0-4232-bdc4-15116ed39d88,What is the setting of the scenario seen in the video?,A residential area with palm trees and walkways.,"The setting of the scenario seen in the video is a well-maintained urban area with modern infrastructure, including a road, sidewalks, streetlights, and buildings.",41;42;43;68;69;71;89;90;91;92;93;94;228;229;230;232;233;235;236;237;238;244;245;247;276;277;279;288;289;290;320;322;323;328;329;330;340;341;342;360;361;363;369;370;371;672;673;675;728;729;731;741;742;743;744;745;746;748;749;751;800;801;802,64,1
0fa75cb3-c4a0-4232-bdc4-15116ed39d88,What can be seen in the background of the video frame?,"Houses, streetlights, and a clear sky.","In the background of the video frame, there is a clear sky with a gradient from light to darker blue, indicating either early morning or late evening.",41;42;43;68;69;71;89;90;91;92;93;94;228;229;230;232;233;235;236;237;238;244;245;247;288;289;290;320;322;323;328;329;330;340;341;342;360;361;363;369;370;371;672;673;675;717;718;719;728;729;731;741;742;743;744;745;746;748;749;751;800;801;802,64,1
0fa75cb3-c4a0-4232-bdc4-15116ed39d88,What are the dominant features of the environment in this clip?,"Landscaped pathways, streetlamps, and tropical foliage.","The dominant features of the environment in this clip are palm trees, street lamps, and a clear sky.",41;42;43;68;69;71;89;90;91;92;93;94;228;229;230;232;233;235;236;237;238;244;245;247;276;277;279;288;289;290;320;322;323;328;329;330;340;341;342;360;361;363;369;370;371;672;673;675;728;729;731;741;742;743;744;745;746;748;749;751;800;801;802,64,1
0fa75cb3-c4a0-4232-bdc4-15116ed39d88,Can you characterize the location shown in the video?,A well-maintained suburban neighborhood.,"The video shows a well-maintained urban area with a focus on a street lined with palm trees and modern buildings. The architecture suggests a contemporary design, possibly in a region with a warm climate given the presence of palm trees. The street is clean and appears to be in a residential or possibly a mixed-use area, as there are no visible commercial signs or billboards. The lighting fixtures are modern, and the sidewalks are wide and well-paved, indicating a well-developed infrastructure. The sky is overcast, suggesting it might be early morning or late afternoon. There are no people visible in the video, which gives the area a calm and serene atmosphere. The overall impression is of a peaceful, organized, and possibly affluent neighborhood.",41;42;43;68;69;71;89;90;91;92;93;94;228;229;230;232;233;235;236;237;238;244;245;247;276;277;279;288;289;290;320;322;323;328;329;330;340;341;342;360;361;363;369;370;371;672;673;675;728;729;731;741;742;743;744;745;746;748;749;751;800;801;802,64,1
0fa75cb3-c4a0-4232-bdc4-15116ed39d88,What action is being undertaken in the new frames?,Walking along a residential street.,"In the new frames, a person is seen walking on the sidewalk, and a child is riding a tricycle. The person appears to be guiding or watching over the child. The environment is a well-maintained area with palm trees, street lamps, and a clear sky. The road is empty, and the overall atmosphere is calm and serene.",41;42;43;68;69;71;89;90;91;92;93;94;224;225;226;228;229;230;232;233;235;236;237;238;244;245;247;288;289;290;320;322;323;328;329;330;340;341;342;360;361;363;369;370;371;672;673;675;728;729;731;741;742;743;744;745;746;748;749;751;800;801;802,64,1
0fa75cb3-c4a0-4232-bdc4-15116ed39d88,Is there any sign of wildlife in the frames provided?,No.,"No, there is no sign of wildlife in the frames provided.",41;42;43;68;69;71;89;90;91;92;93;94;224;225;226;228;229;230;232;233;235;236;237;238;244;245;247;288;289;290;320;322;323;328;329;330;340;341;342;360;361;363;369;370;371;672;673;675;728;729;731;741;742;743;744;745;746;748;749;751;800;801;802,64,1
0fa75cb3-c4a0-4232-bdc4-15116ed39d88,Did the person in the video use any transportation other than walking?,No.,"Yes, the person in the video used a bicycle for transportation.",41;42;43;68;69;71;89;90;91;92;93;94;224;225;226;228;229;230;232;233;235;236;237;238;244;245;247;288;289;290;320;322;323;328;329;330;340;341;342;360;361;363;369;370;371;672;673;675;717;718;719;741;742;743;744;745;746;748;749;751;800;801;802,64,1
0fa75cb3-c4a0-4232-bdc4-15116ed39d88,Does the footage include any sporting activities?,No.,"No, the footage does not include any sporting activities.",41;42;43;68;69;71;89;90;91;92;93;94;228;229;230;232;233;235;236;237;238;244;245;247;276;277;279;288;289;290;320;322;323;328;329;330;340;341;342;360;361;363;369;370;371;672;673;675;728;729;731;741;742;743;744;745;746;748;749;751;800;801;802,64,1
0fa75cb3-c4a0-4232-bdc4-15116ed39d88,"Is the person in the video engaging with the environment, like sitting or touching?",No.,"No, the person in the video is not engaging with the environment in a way that suggests sitting or touching.",41;42;43;68;69;71;89;90;91;92;93;94;224;225;226;228;229;230;232;233;235;236;237;238;244;245;247;288;289;290;320;322;323;328;329;330;340;341;342;360;361;363;369;370;371;672;673;675;728;729;731;741;742;743;744;745;746;748;749;751;800;801;802,64,1
0fa75cb3-c4a0-4232-bdc4-15116ed39d88,Did I tour the park before walking on the walkways?,Yes,"It seems like you've been describing a tour of a park or a similar outdoor area, but you haven't explicitly stated whether you walked on the walkways before or after the tour. Based on your description, it appears that you might have walked on the walkways during the tour, as you mentioned walking along the paths and observing the surroundings. However, without a clear sequence of events, it's not possible to definitively say whether you walked on the walkways before or after the tour.",41;42;43;68;69;71;89;90;91;92;93;94;228;229;230;232;233;235;236;237;238;244;245;247;276;277;279;288;289;290;320;322;323;328;329;330;340;341;342;360;361;363;369;370;371;672;673;675;728;729;731;741;742;743;744;745;746;748;749;751;800;801;802,64,1
0fa75cb3-c4a0-4232-bdc4-15116ed39d88,What do I do before touring the park?,"Nothing, it is the first activity","Before touring the park, you should first ensure that you have a clear understanding of the park's layout and the attractions you want to visit. Here are some steps you can take:1. **Plan Your Route**: Decide on the order in which you want to visit the attractions. This will help you make the most of your time and ensure you don't miss any key points of interest.2. **Check the Park Hours**: Make sure you know the opening and closing times of the park so you can plan your day accordingly.3. **Review the Map**: Familiarize yourself with the park map to understand the location of different attractions, restrooms, food stands, and any other facilities.4. **Prepare Your Gear**: Bring any necessary items such as sunscreen, a hat, sunglasses, comfortable shoes, and a water bottle to stay hydrated.5. **Charge Your Devices**: If you plan to use your phone for navigation or to take photos, make sure your devices are charged.6. **Plan for Snacks and Meals**: Check if there are any dining options within the park and plan for snacks or meals if needed.7. **Check for Special Events**: Sometimes parks host special events or have restricted areas. Check if there are any events happening during your visit",41;42;43;68;69;71;89;90;91;92;93;94;224;225;226;228;229;230;232;233;235;236;237;238;244;245;247;288;289;290;320;322;323;328;329;330;340;341;342;360;361;363;369;370;371;672;673;675;717;718;719;741;742;743;744;745;746;748;749;751;800;801;802,64,1
0fa75cb3-c4a0-4232-bdc4-15116ed39d88,Did I walk through the park before going home?,Yes,"It seems like you've been describing a journey through various locations, including a park. However, you haven't explicitly mentioned walking through a park before going home. If you did walk through a park, it would typically be a part of your route or a destination you visited during your walk. If you'd like to know if you walked through a park, you might want to check your route or any notes you took during your walk.",41;42;43;68;69;71;89;90;91;92;93;94;228;229;230;232;233;235;236;237;238;244;245;247;288;289;290;320;322;323;328;329;330;340;341;342;360;361;363;369;370;371;672;673;675;717;718;719;728;729;731;741;742;743;744;745;746;748;749;751;800;801;802,64,1
0fa75cb3-c4a0-4232-bdc4-15116ed39d88,What environment is depicted in this video clip?,"An outdoor, paved area with street lamps.","The video clip depicts a coastal urban environment during what appears to be either dawn or dusk, given the soft lighting and long shadows. The setting includes a wide, paved road with street lamps and a pedestrian sidewalk. Palm trees line the sidewalk, suggesting a warm climate. There are buildings with a modern architectural style, and the road is bordered by a landscaped area with grass and additional palm trees. The sky is overcast, and the overall atmosphere is calm and serene.",41;42;43;68;69;71;89;90;91;92;93;94;228;229;230;232;233;235;236;237;238;244;245;247;288;289;290;328;329;330;340;341;342;360;361;363;369;370;371;672;673;675;741;742;743;744;745;746;748;749;751;800;801;802;829;830;831;832;834;835;836;837;839,64,1
0fa75cb3-c4a0-4232-bdc4-15116ed39d88,What action am I performing in this clip?,Walking on a pavement outdoors.,"In the clip, you are not performing any specific action; you are riding a bicycle. The video shows a first-person perspective of a bicycle ride, with the rider moving along a road lined with palm trees and street lamps. The environment suggests a calm, possibly early morning or late afternoon setting, with the sky showing a gradient of colors that could indicate either dawn or dusk. The rider passes by various urban features such as buildings, street signs, and a pedestrian walkway.",41;42;43;68;69;71;89;90;91;92;93;94;228;229;230;232;233;235;236;237;238;244;245;247;288;289;290;328;329;330;340;341;342;360;361;363;369;370;371;672;673;675;741;742;743;744;745;746;748;749;751;800;801;802;829;830;831;832;834;835;836;837;839,64,1
0fa75cb3-c4a0-4232-bdc4-15116ed39d88,Do I interact with anyone in this video clip?,No.,"No, there is no interaction with anyone in this video clip. The video shows a street view with palm trees, street lamps, and a few buildings, but there are no people visible in the scenes provided.",41;42;43;68;69;71;89;90;91;92;93;94;228;229;230;232;233;235;236;237;238;244;245;247;288;289;290;328;329;330;340;341;342;360;361;363;369;370;371;672;673;675;741;742;743;744;745;746;748;749;751;800;801;802;829;830;831;832;834;835;836;837;839,64,1
0fa75cb3-c4a0-4232-bdc4-15116ed39d88,What is the setting of this video clip?,The setting is an outdoor pavement in a residential area.,"The setting of the video clip is a coastal area with a wide, paved road running parallel to a sandy beach. The road is lined with palm trees and street lamps, and there are buildings with traditional architecture in the background. The sky is overcast, and the lighting suggests it could be either early morning or late afternoon.",41;42;43;68;69;71;89;90;91;92;93;94;228;229;230;232;233;235;236;237;238;244;245;247;288;289;290;328;329;330;340;341;342;360;361;363;369;370;371;672;673;675;728;729;731;741;742;743;744;745;746;748;749;751;800;801;802;829;830;831;836;837;839,64,1
0fa75cb3-c4a0-4232-bdc4-15116ed39d88,What time of day is depicted in this frame?,It appears to be twilight or early evening.,"The time of day depicted in this frame is either dawn or dusk, as indicated by the soft, diffused light and the long shadows cast by the palm trees.",41;42;43;68;69;71;89;90;91;92;93;94;228;229;230;232;233;235;236;237;238;244;245;247;288;289;290;320;322;323;328;329;330;340;341;342;360;361;363;369;370;371;672;673;675;741;742;743;744;745;746;748;749;751;800;801;802;829;830;831;836;837;839,64,1
0fa75cb3-c4a0-4232-bdc4-15116ed39d88,What elements indicate that this is a residential area?,The presence of housing structures and lack of commercial signs.,"The presence of well-maintained sidewalks, streetlights, and the absence of commercial signage or heavy traffic suggest a residential area.",41;42;43;68;69;71;89;90;91;92;93;94;228;229;230;232;233;235;236;237;238;244;245;247;288;289;290;328;329;330;340;341;342;360;361;363;369;370;371;672;673;675;728;729;731;741;742;743;744;745;746;748;749;751;800;801;802;829;830;831;836;837;839,64,1
0fa75cb3-c4a0-4232-bdc4-15116ed39d88,What type of path is the person on in the video?,The person is on a paved walkway.,The person is on a paved path.,41;42;43;68;69;71;89;90;91;92;93;94;228;229;230;232;233;235;236;237;238;244;245;247;288;289;290;320;322;323;328;329;330;340;341;342;360;361;363;369;370;371;672;673;675;741;742;743;744;745;746;748;749;751;800;801;802;829;830;831;836;837;839,64,1
0fa75cb3-c4a0-4232-bdc4-15116ed39d88,Does the scene suggest a leisurely or rushed pace?,The scene suggests a leisurely pace.,The scene suggests a leisurely pace.,41;42;43;68;69;71;89;90;91;92;93;94;228;229;230;232;233;235;236;237;238;244;245;247;288;289;290;328;329;330;340;341;342;360;361;363;369;370;371;672;673;675;728;729;731;741;742;743;744;745;746;748;749;751;800;801;802;829;830;831;836;837;839,64,1
0fa75cb3-c4a0-4232-bdc4-15116ed39d88,Does the person interact with any objects in the scene?,No.,"No, the person does not interact with any objects in the scene.",41;42;43;68;69;71;89;90;91;92;93;94;228;229;230;232;233;235;236;237;238;244;245;247;288;289;290;320;322;323;328;329;330;340;341;342;360;361;363;369;370;371;672;673;675;741;742;743;744;745;746;748;749;751;800;801;802;829;830;831;836;837;839,64,1
0fa75cb3-c4a0-4232-bdc4-15116ed39d88,Is the person traveling with someone else?,No.,"No, the person is traveling alone.",41;42;43;68;69;71;89;90;91;92;93;94;228;229;230;232;233;235;236;237;238;244;245;247;288;289;290;328;329;330;340;341;342;360;361;363;369;370;371;672;673;675;741;742;743;744;745;746;748;749;751;800;801;802;829;830;831;832;834;835;836;837;839,64,1
0fa75cb3-c4a0-4232-bdc4-15116ed39d88,Does the video capture any animals in the scene?,No.,"No, the video does not capture any animals in the scene.",41;42;43;68;69;71;89;90;91;92;93;94;228;229;230;232;233;235;236;237;238;244;245;247;276;277;279;288;289;290;328;329;330;340;341;342;360;361;363;369;370;371;672;673;675;741;742;743;744;745;746;748;749;751;800;801;802;829;830;831;836;837;839,64,1
0fa75cb3-c4a0-4232-bdc4-15116ed39d88,Does the individual seem to be lost or searching for directions?,No.,"No, the individual does not seem to be lost or searching for directions.",41;42;43;68;69;71;89;90;91;92;93;94;228;229;230;232;233;235;236;237;238;244;245;247;288;289;290;320;322;323;328;329;330;340;341;342;360;361;363;369;370;371;672;673;675;741;742;743;744;745;746;748;749;751;829;830;831;832;834;835;836;837;839,64,1
879dd163-7588-45d1-9466-a5deabc59167,What is depicted in the scene of the video clip?,A person relaxing on a couch holding an e-reader.,"The scene in the video clip depicts a person sitting on a beige couch in a well-lit living room. The individual is wearing blue jeans and white socks, and is holding a white e-reader with a blue screen displaying text. The room has a modern design with a neutral color palette, featuring a dining table with chairs in the background, a kitchen area to the left, and a decorative wall with a branch-like design. The lighting is soft and ambient, suggesting an indoor setting during the evening or night. The person appears to be engaged in reading the e-reader, with their legs crossed and the device held in their lap.",28;30;31;32;33;34;57;58;59;65;66;67;68;69;70;73;74;75;76;78;79;84;85;86;92;93;94;96;97;99;100;101;103;108;109;111;112;113;114;116;118;119;120;121;122;124;125;126;128;129;131;132;133;134;136;137;138;140;141;143;144;145;146,64,1
879dd163-7588-45d1-9466-a5deabc59167,What location is shown in the video clip?,Inside a house.,"The video clip shows a living room with a beige sofa, a wooden coffee table, and a dining area with a table and chairs.",28;30;31;32;33;34;57;58;59;65;66;67;68;69;70;73;74;75;76;78;79;84;85;86;92;93;94;96;97;99;100;101;103;108;109;111;112;113;114;116;118;119;120;121;122;124;125;126;128;129;131;132;133;134;136;137;138;140;141;143;144;145;146,64,1
879dd163-7588-45d1-9466-a5deabc59167,Describe the setting where the action takes place.,A living room with a dining area in the background.,"The setting is a cozy living room with a beige couch, a wooden coffee table, and a dining table with chairs. The room has a modern design with a chandelier hanging from the ceiling and a large window with curtains. The person is sitting on the couch, holding a tablet, and reading a book. The room is well-lit with natural light coming in from the window.",28;30;31;32;33;34;57;58;59;65;66;67;68;69;70;73;74;75;76;78;79;84;85;86;92;93;94;96;97;99;100;101;103;108;109;111;112;113;114;116;118;119;120;121;122;124;125;126;128;129;131;132;133;134;136;137;138;140;141;143;144;145;146,64,1
879dd163-7588-45d1-9466-a5deabc59167,How is the environment arranged in the video clip?,"A cozy arrangement with a couch, curtain, and dining set.","The environment is well-lit with a neutral color palette, and the person is seated on a beige couch with a striped pillow and a blue blanket.",28;30;31;32;33;34;57;58;59;65;66;67;68;69;70;73;74;75;76;78;79;84;85;86;92;93;94;96;97;99;100;101;103;108;109;111;112;113;114;116;118;119;120;121;122;124;125;126;128;129;131;132;133;134;136;137;138;140;141;143;144;145;146,64,1
879dd163-7588-45d1-9466-a5deabc59167,What is the subject doing in the video?,Resting and perhaps beginning to read an e-book.,The subject is reading a book on an e-reader.,28;30;31;32;33;34;57;58;59;65;66;67;68;69;70;73;74;75;76;78;79;84;85;86;92;93;94;96;97;99;100;101;103;108;109;111;112;113;114;116;118;119;120;121;122;124;125;126;128;129;131;132;133;134;136;137;138;140;141;143;144;145;146,64,1
879dd163-7588-45d1-9466-a5deabc59167,Can you provide an overview of the action in this clip?,Leisurely activities involving electronic devices at home.,"The video begins with a person sitting on a beige couch in a well-lit living room. The individual is wearing blue jeans and white socks, and they are holding a white tablet displaying a text document. The living room features a dining table with chairs, a kitchen counter with stools, and a decorative wall with a plant. The person appears to be reading or reviewing the text on the tablet.The scene develops as the person remains seated on the couch, still holding the tablet. The living room setting remains consistent, with the dining table, chairs, kitchen counter, and decorative wall with a plant still visible. The person continues to focus on the text document on the tablet.The video wraps up with the person still seated on the beige couch, holding the white tablet with the text document. The living room setting remains unchanged, with the dining table, chairs, kitchen counter, and decorative wall with a plant still present. The person continues to concentrate on the text document on the tablet, maintaining a consistent posture and focus throughout the video.",28;30;31;32;33;34;57;58;59;65;66;67;68;69;70;73;74;75;76;78;79;84;85;86;92;93;94;96;97;99;100;101;103;108;109;111;112;113;114;116;118;119;120;121;122;124;125;126;128;129;131;132;133;134;136;137;138;140;141;143;144;145;146,64,1
879dd163-7588-45d1-9466-a5deabc59167,Does the video capture the person sitting on the couch?,Yes.,"Yes, the video captures the person sitting on the couch.",28;30;31;32;33;34;57;58;59;65;66;67;68;69;70;73;74;75;76;78;79;84;85;86;92;93;94;96;97;99;100;101;103;108;109;111;112;113;114;116;118;119;120;121;122;124;125;126;128;129;131;132;133;134;136;137;138;140;141;143;144;145;146,64,1
879dd163-7588-45d1-9466-a5deabc59167,Is the person in the video engaged in a strenuous activity?,No.,"No, the person in the video is not engaged in a strenuous activity. They are comfortably seated on a couch, holding a tablet, and reading a book.",28;30;31;32;33;34;57;58;59;65;66;67;68;69;70;73;74;75;76;78;79;84;85;86;92;93;94;96;97;99;100;101;103;108;109;111;112;113;114;116;118;119;120;121;122;124;125;126;128;129;131;132;133;134;136;137;138;140;141;143;144;145;146,64,1
879dd163-7588-45d1-9466-a5deabc59167,What is the setting of the scene in the clip?,The setting is inside a house.,"The setting of the scene in the clip is a cozy living room with a beige couch, a wooden coffee table, and a dining area with a table and chairs.",28;30;31;32;33;34;65;66;67;68;69;70;73;74;75;96;97;99;100;101;103;116;118;119;144;145;146;160;161;162;252;253;254;328;329;330;332;333;334;336;338;339;376;377;379;388;389;390;396;397;399;404;406;407;408;409;410;412;413;414;416;417;418,64,1
879dd163-7588-45d1-9466-a5deabc59167,Where was the reading activity taking place?,The reading took place on a couch.,The reading activity was taking place in a living room.,28;30;31;32;33;34;65;66;67;68;69;70;73;74;75;92;93;94;96;97;99;100;101;103;116;118;119;144;145;146;160;161;162;252;253;254;328;329;330;332;333;334;336;338;339;376;377;379;388;389;390;404;406;407;408;409;410;412;413;414;416;417;418,64,1
879dd163-7588-45d1-9466-a5deabc59167,What object is prominently featured in the scene?,A tablet is prominently featured.,A white tablet with a blue screen displaying text is prominently featured in the scene.,28;30;31;32;33;34;65;66;67;68;69;70;73;74;75;92;93;94;96;97;99;100;101;103;116;118;119;124;125;126;160;161;162;252;253;254;328;329;330;332;333;334;336;338;339;376;377;379;388;389;390;404;406;407;408;409;410;412;413;414;416;417;418,64,1
879dd163-7588-45d1-9466-a5deabc59167,What is the room's appearance in the video clip?,The room appears to be a living area.,"The room has a modern design with a neutral color palette, featuring a dining table with chairs, a kitchen counter, and a decorative wall with a plant.",28;30;31;32;33;34;65;66;67;68;69;70;73;74;75;92;93;94;96;97;99;100;101;103;116;118;119;160;161;162;252;253;254;328;329;330;332;333;334;336;338;339;376;377;379;388;389;390;396;397;399;404;406;407;408;409;410;412;413;414;416;417;418,64,1
879dd163-7588-45d1-9466-a5deabc59167,What activity is the subject engaged in?,The subject is engaged in reading a book.,The subject is engaged in reading a book on an e-reader.,28;30;31;32;33;34;65;66;67;68;69;70;73;74;75;92;93;94;96;97;99;100;101;103;116;118;119;144;145;146;160;161;162;252;253;254;328;329;330;332;333;334;336;338;339;376;377;379;388;389;390;404;406;407;408;409;410;412;413;414;416;417;418,64,1
879dd163-7588-45d1-9466-a5deabc59167,Describe the posture of the person in the action.,The person is sitting with legs up on the couch.,The person is lying on their back on a beige couch with their legs crossed and feet resting on the couch. They are wearing blue jeans and white socks.,28;30;31;32;33;34;65;66;67;68;69;70;73;74;75;96;97;99;100;101;103;116;118;119;144;145;146;160;161;162;252;253;254;328;329;330;332;333;334;336;338;339;376;377;379;388;389;390;396;397;399;404;406;407;408;409;410;412;413;414;416;417;418,64,1
879dd163-7588-45d1-9466-a5deabc59167,Does the clip show a person reading a physical book?,No.,"No, the clip shows a person reading an e-book on an e-reader.",28;30;31;32;33;34;65;66;67;68;69;70;73;74;75;96;97;99;100;101;103;116;118;119;124;125;126;144;145;146;160;161;162;252;253;254;328;329;330;332;333;334;336;338;339;376;377;379;388;389;390;404;406;407;408;409;410;412;413;414;416;417;418,64,1
879dd163-7588-45d1-9466-a5deabc59167,Is the subject standing while reading?,No.,no,28;30;31;32;33;34;65;66;67;68;69;70;73;74;75;96;97;99;100;101;103;116;118;119;144;145;146;160;161;162;252;253;254;328;329;330;332;333;334;336;338;339;376;377;379;388;389;390;396;397;399;404;406;407;408;409;410;412;413;414;416;417;418,64,1
879dd163-7588-45d1-9466-a5deabc59167,Does the video capture multiple people in the room?,No.,"No, the video only shows one person in the room.",28;30;31;32;33;34;65;66;67;68;69;70;73;74;75;96;97;99;100;101;103;116;118;119;124;125;126;144;145;146;160;161;162;252;253;254;328;329;330;332;333;334;336;338;339;376;377;379;388;389;390;404;406;407;408;409;410;412;413;414;416;417;418,64,1
879dd163-7588-45d1-9466-a5deabc59167,Does the video show a daytime setting?,No.,"Yes, the video shows a daytime setting with natural light illuminating the room.",28;30;31;32;33;34;65;66;67;68;69;70;73;74;75;92;93;94;96;97;99;100;101;103;116;118;119;124;125;126;140;141;143;144;145;146;160;161;162;252;253;254;328;329;330;332;333;334;376;377;379;404;406;407;408;409;410;412;413;414;416;417;418,64,1
879dd163-7588-45d1-9466-a5deabc59167,What setting is shown in the video?,A house interior is shown in the video.,"The video shows a person lying on a couch in a living room, reading a book on an e-reader.",28;30;31;32;33;34;65;66;67;68;69;70;73;74;75;96;97;99;100;101;103;252;253;254;328;329;330;332;333;334;336;338;339;376;377;379;404;406;407;408;409;410;412;413;414;416;417;418;420;421;423;424;425;426;460;461;462;464;465;467;472;473;475,64,1
879dd163-7588-45d1-9466-a5deabc59167,Explain the immediate scene in the video?,The video captures a moment of domestic relaxation.,"The video begins with a person lying on a beige couch in a living room, propped up on their elbows. They are wearing blue jeans and a light-colored long-sleeve shirt. The person is holding a white e-reader with a blue screen, which is displaying text. The room has a modern decor with a dining table and chairs visible in the background, along with a patterned curtain and a wall-mounted shelf with decorative items. The lighting in the room is soft, suggesting it might be evening or the room is dimly lit.As the video progresses, the person remains in the same position, continuing to read from the e-reader. The background remains consistent, with the dining area and the decorative elements still visible. The person's legs are crossed at the ankles, and they appear relaxed and focused on the content of the e-reader.The video maintains this scene throughout, with the person's position and the room's decor remaining unchanged. The e-reader screen shows text, indicating that the person is engaged in reading. The overall atmosphere is calm and serene, with the person immersed in their reading activity.",28;30;31;32;33;34;65;66;67;68;69;70;73;74;75;96;97;99;100;101;103;116;118;119;328;329;330;332;333;334;336;338;339;376;377;379;404;406;407;408;409;410;412;413;414;416;417;418;420;421;423;424;425;426;460;461;462;464;465;467;472;473;475,64,1
879dd163-7588-45d1-9466-a5deabc59167,Can you describe the motion occurring in the clip?,"There is minimal motion, mainly of holding a tablet.","The video depicts a person lying on a beige couch with their legs crossed and feet resting on the couch. They are wearing blue jeans and a light-colored long-sleeve shirt. The person is holding a white e-reader with both hands, which displays text on its screen. The background shows a living room with a dining table, chairs, and a curtain. The person appears to be reading the e-reader, occasionally adjusting their position slightly. The lighting in the room is soft, suggesting it might be evening or the room is dimly lit. The video captures a calm and relaxed atmosphere, with the person focused on their reading.",28;30;31;32;33;34;65;66;67;68;69;70;73;74;75;96;97;99;100;101;103;252;253;254;328;329;330;332;333;334;336;338;339;376;377;379;404;406;407;408;409;410;412;413;414;416;417;418;420;421;423;424;425;426;460;461;462;464;465;467;472;473;475,64,1
879dd163-7588-45d1-9466-a5deabc59167,How would you caption the video's current activity?,Leisure time: Engrossed in digital reading.,"""Relaxing with a good book on a cozy couch in a serene living room.""",28;30;31;32;33;34;65;66;67;68;69;70;73;74;75;96;97;99;100;101;103;252;253;254;328;329;330;332;333;334;336;338;339;376;377;379;404;406;407;408;409;410;412;413;414;416;417;418;420;421;423;424;425;426;460;461;462;464;465;467;472;473;475,64,1
879dd163-7588-45d1-9466-a5deabc59167,Does the video show a person standing up?,No.,"No, the video does not show a person standing up. It shows a person lying on a couch with their feet up, holding a tablet, and reading.",28;30;31;32;33;34;65;66;67;68;69;70;73;74;75;96;97;99;100;101;103;116;118;119;328;329;330;332;333;334;336;338;339;376;377;379;404;406;407;408;409;410;412;413;414;416;417;418;420;421;423;424;425;426;460;461;462;464;465;467;472;473;475,64,1
879dd163-7588-45d1-9466-a5deabc59167,Is the video capturing outdoor activities?,No.,No.,28;30;31;32;33;34;65;66;67;68;69;70;73;74;75;96;97;99;100;101;103;144;145;146;160;161;162;328;329;330;332;333;334;376;377;379;404;406;407;408;409;410;412;413;414;416;417;418;420;421;423;424;425;426;460;461;462;464;465;467;472;473;475,64,1
879dd163-7588-45d1-9466-a5deabc59167,Does the video depict a social gathering?,No.,"No, the video does not depict a social gathering. It shows a person reading a book in a quiet and peaceful environment.",28;30;31;32;33;34;65;66;67;68;69;70;73;74;75;96;97;99;100;101;103;116;118;119;124;125;126;144;145;146;160;161;162;332;333;334;376;377;379;404;406;407;408;409;410;412;413;414;416;417;418;420;421;423;424;425;426;460;461;462;472;473;475,64,1
879dd163-7588-45d1-9466-a5deabc59167,Is the individual in the video interacting with others?,No.,"No, the individual in the video is not interacting with others; they are focused on reading the book.",28;30;31;32;33;34;65;66;67;68;69;70;73;74;75;96;97;99;100;101;103;328;329;330;332;333;334;336;338;339;376;377;379;388;389;390;404;406;407;408;409;410;412;413;414;416;417;418;420;421;423;424;425;426;460;461;462;464;465;467;472;473;475,64,1
879dd163-7588-45d1-9466-a5deabc59167,Is the scene taking place in a work environment?,No.,No,28;30;31;32;33;34;65;66;67;68;69;70;73;74;75;96;97;99;100;101;103;116;118;119;328;329;330;332;333;334;336;338;339;376;377;379;388;389;390;404;406;407;408;409;410;412;413;414;416;417;418;420;421;423;424;425;426;460;461;462;464;465;467,64,1
879dd163-7588-45d1-9466-a5deabc59167,What is the main activity depicted in this video scene?,Reading a book on a tablet.,The main activity depicted in this video scene is a person reading a book on an e-reader.,68;69;70;332;333;334;408;409;410;412;413;414;416;417;418;420;421;423;424;425;426;721;722;723;724;725;727;728;729;731;736;737;739;740;741;742;748;749;750;752;754;755;760;761;763;764;765;766;769;770;771;804;805;807;812;813;814;816;818;819;884;885;886,64,1
879dd163-7588-45d1-9466-a5deabc59167,Where is this scene taking place?,Inside a house.,The scene is taking place in a living room.,68;69;70;332;333;334;408;409;410;412;413;414;416;417;418;420;421;423;424;425;426;721;722;723;724;725;727;728;729;731;736;737;739;740;741;742;748;749;750;752;754;755;760;761;763;764;765;766;769;770;771;804;805;807;812;813;814;816;818;819;884;885;886,64,1
879dd163-7588-45d1-9466-a5deabc59167,How is the reader positioned in this scenario?,Relaxed on a couch with feet up.,"The reader is lying on a couch with their legs up, propped against the couch's backrest.",68;69;70;73;74;75;100;101;103;408;409;410;412;413;414;416;417;418;420;421;423;424;425;426;721;722;723;724;725;727;728;729;731;736;737;739;740;741;742;748;749;750;752;754;755;760;761;763;764;765;766;769;770;771;804;805;807;812;813;814;816;818;819,64,1
879dd163-7588-45d1-9466-a5deabc59167,Can you describe the posture of the reader in this clip?,The reader is lying back with feet propped up.,"The reader is lying on their back on a beige couch with their legs crossed at the ankles. They are wearing blue jeans and a light-colored long-sleeve shirt. Their feet are raised and resting on a blue velvet pillow. The reader's hands are holding a white e-reader, which is displaying text. The room has a neutral color scheme with beige walls and a light-colored carpet. There is a dining area in the background with a table and chairs, and a curtain on the window. The lighting in the room is soft and ambient, suggesting it might be evening or the room is dimly lit.",68;69;70;332;333;334;408;409;410;412;413;414;416;417;418;420;421;423;424;425;426;721;722;723;724;725;727;728;729;731;736;737;739;740;741;742;748;749;750;752;754;755;760;761;763;764;765;766;769;770;771;804;805;807;812;813;814;816;818;819;884;885;886,64,1
879dd163-7588-45d1-9466-a5deabc59167,What is the focal point of this particular frame?,The tablet displaying text.,The focal point of this frame is the person's legs and the tablet they are holding.,68;69;70;332;333;334;408;409;410;412;413;414;416;417;418;420;421;423;424;425;426;721;722;723;724;725;727;728;729;731;736;737;739;740;741;742;748;749;750;752;754;755;760;761;763;764;765;766;769;770;771;804;805;807;812;813;814;816;818;819;884;885;886,64,1
879dd163-7588-45d1-9466-a5deabc59167,What does the stillness of the frame indicate about the action?,It indicates a calm and stationary activity.,The stillness of the frame indicates that the action is paused or static.,68;69;70;332;333;334;408;409;410;412;413;414;416;417;418;420;421;423;424;425;426;721;722;723;724;725;727;728;729;731;736;737;739;740;741;742;748;749;750;752;754;755;760;761;763;764;765;766;769;770;771;804;805;807;812;813;814;816;818;819;884;885;886,64,1
879dd163-7588-45d1-9466-a5deabc59167,Does the video show any social interaction?,No.,"No, the video does not show any social interaction. It focuses on the person's interaction with the e-reader.",68;69;70;96;97;99;332;333;334;408;409;410;412;413;414;416;417;418;420;421;423;424;425;426;721;722;723;724;725;727;728;729;731;736;737;739;740;741;742;748;749;750;752;754;755;760;761;763;764;765;766;769;770;771;804;805;807;812;813;814;816;818;819,64,1
879dd163-7588-45d1-9466-a5deabc59167,Is the reader changing positions frequently in this clip?,No.,"No, the reader's position remains consistent throughout the clip.",68;69;70;332;333;334;408;409;410;412;413;414;416;417;418;420;421;423;424;425;426;721;722;723;724;725;727;728;729;731;736;737;739;740;741;742;748;749;750;752;754;755;760;761;763;764;765;766;769;770;771;804;805;807;812;813;814;816;818;819;884;885;886,64,1
879dd163-7588-45d1-9466-a5deabc59167,Does the environment indicate a public or private space?,A private space.,"The environment indicates a private space, likely a living room or a similar domestic setting.",68;69;70;96;97;99;332;333;334;408;409;410;412;413;414;416;417;418;420;421;423;424;425;426;721;722;723;724;725;727;728;729;731;736;737;739;740;741;742;748;749;750;752;754;755;760;761;763;764;765;766;769;770;771;804;805;807;812;813;814;816;818;819,64,1
879dd163-7588-45d1-9466-a5deabc59167,Does the reader make use of any physical book in the scene?,No.,"No, the reader does not make use of any physical book in the scene.",68;69;70;332;333;334;408;409;410;412;413;414;416;417;418;420;421;423;424;425;426;721;722;723;724;725;727;728;729;731;736;737;739;740;741;742;748;749;750;752;754;755;760;761;763;764;765;766;769;770;771;804;805;807;812;813;814;816;818;819;884;885;886,64,1
879dd163-7588-45d1-9466-a5deabc59167,Is there any indication of the reader being disturbed or interrupted?,No.,"No, there is no indication of the reader being disturbed or interrupted.",68;69;70;332;333;334;408;409;410;412;413;414;416;417;418;420;421;423;424;425;426;721;722;723;724;725;727;728;729;731;736;737;739;740;741;742;748;749;750;752;754;755;760;761;763;764;765;766;769;770;771;804;805;807;812;813;814;816;818;819;884;885;886,64,1
879dd163-7588-45d1-9466-a5deabc59167,What does the video show in the indoor setting?,Someone sitting on a couch using a tablet.,"The video shows a person lying on a couch with their legs up, holding a tablet displaying text, and the background includes a dining area with a table and chairs.",68;69;70;332;333;334;408;409;410;412;413;414;416;417;418;420;421;423;424;425;426;721;722;723;724;725;727;728;729;731;736;737;739;740;741;742;748;749;750;752;754;755;760;761;763;764;765;766;769;770;771;804;805;807;812;813;814;816;818;819;884;885;886,64,1
879dd163-7588-45d1-9466-a5deabc59167,Where is the person located in the video?,The person is on the couch inside a house.,The person is located on a beige couch in a living room.,68;69;70;332;333;334;408;409;410;412;413;414;416;417;418;420;421;423;424;425;426;721;722;723;724;725;727;728;729;731;736;737;739;740;741;742;748;749;750;752;754;755;760;761;763;764;765;766;769;770;771;804;805;807;812;813;814;816;818;819;884;885;886,64,1
879dd163-7588-45d1-9466-a5deabc59167,How is the person positioned in this section of the video?,They are sitting with legs on the couch.,The person is lying on their back with their legs up against the back of the couch.,68;69;70;73;74;75;408;409;410;412;413;414;416;417;418;420;421;423;424;425;426;721;722;723;724;725;727;728;729;731;736;737;739;740;741;742;748;749;750;752;754;755;760;761;763;764;765;766;769;770;771;804;805;807;812;813;814;816;818;819;884;885;886,64,1
879dd163-7588-45d1-9466-a5deabc59167,What is the person doing with their legs in the video?,They are moving their legs on the couch.,The person has their legs crossed and is propped up on the couch.,68;69;70;332;333;334;408;409;410;412;413;414;416;417;418;420;421;423;424;425;426;721;722;723;724;725;727;728;729;731;736;737;739;740;741;742;748;749;750;752;754;755;760;761;763;764;765;766;769;770;771;804;805;807;812;813;814;816;818;819;884;885;886,64,1
879dd163-7588-45d1-9466-a5deabc59167,How is the tablet being utilized in the video?,The tablet is being held and read from.,The tablet is being used to read a book.,68;69;70;332;333;334;408;409;410;412;413;414;416;417;418;420;421;423;424;425;426;721;722;723;724;725;727;728;729;731;736;737;739;740;741;742;748;749;750;752;754;755;760;761;763;764;765;766;769;770;771;804;805;807;812;813;814;816;818;819;884;885;886,64,1
879dd163-7588-45d1-9466-a5deabc59167,Is the individual in the video eating?,No.,"No, the individual is not eating.",68;69;70;332;333;334;408;409;410;412;413;414;416;417;418;420;421;423;424;425;426;721;722;723;724;725;727;728;729;731;736;737;739;740;741;742;748;749;750;752;754;755;760;761;763;764;765;766;769;770;771;804;805;807;812;813;814;816;818;819;884;885;886,64,1
879dd163-7588-45d1-9466-a5deabc59167,Does the video show the person lying down on the couch?,No.,Yes.,68;69;70;332;333;334;408;409;410;412;413;414;416;417;418;420;421;423;424;425;426;721;722;723;724;725;727;728;729;731;736;737;739;740;741;742;748;749;750;752;754;755;760;761;763;764;765;766;769;770;771;804;805;807;812;813;814;816;818;819;884;885;886,64,1
879dd163-7588-45d1-9466-a5deabc59167,Is there a pet visible in the video clip?,No.,"No, there is no pet visible in the video clip.",68;69;70;332;333;334;408;409;410;412;413;414;416;417;418;420;421;423;424;425;426;721;722;723;724;725;727;728;729;731;736;737;739;740;741;742;748;749;750;752;754;755;760;761;763;764;765;766;769;770;771;804;805;807;812;813;814;816;818;819;884;885;886,64,1
879dd163-7588-45d1-9466-a5deabc59167,Does the video depict any outdoor scenes?,No.,"No, the video does not depict any outdoor scenes. It remains focused on the indoor setting throughout.",68;69;70;73;74;75;332;333;334;408;409;410;412;413;414;416;417;418;420;421;423;424;425;426;721;722;723;724;725;727;728;729;731;736;737;739;740;741;742;748;749;750;752;754;755;760;761;763;764;765;766;769;770;771;804;805;807;812;813;814;816;818;819,64,1
879dd163-7588-45d1-9466-a5deabc59167,Is the person in the video talking on the phone?,No.,"No, the person in the video is not talking on the phone.",68;69;70;332;333;334;408;409;410;412;413;414;416;417;418;420;421;423;424;425;426;721;722;723;724;725;727;728;729;731;736;737;739;740;741;742;748;749;750;752;754;755;760;761;763;764;765;766;769;770;771;804;805;807;812;813;814;816;818;819;884;885;886,64,1
879dd163-7588-45d1-9466-a5deabc59167,Did I sit on the couch before reading the book on the tablet?,Yes,"Yes, you sat on the couch before reading the book on the tablet.",68;69;70;332;333;334;408;409;410;412;413;414;416;417;418;420;421;423;424;425;426;721;722;723;724;725;727;728;729;731;736;737;739;740;741;742;748;749;750;752;754;755;760;761;763;764;765;766;769;770;771;804;805;807;812;813;814;816;818;819;884;885;886,64,1
879dd163-7588-45d1-9466-a5deabc59167,Did I move my legs on the couch before using the tablet?,Yes,"Yes, before using the tablet, you moved your legs on the couch, crossing them at the ankles.",68;69;70;100;101;103;408;409;410;412;413;414;416;417;418;420;421;423;424;425;426;721;722;723;724;725;727;728;729;731;736;737;739;740;741;742;748;749;750;752;754;755;760;761;763;764;765;766;769;770;771;804;805;807;812;813;814;816;818;819;884;885;886,64,1
879dd163-7588-45d1-9466-a5deabc59167,Was I in the house before I sat on the couch?,Yes,"Yes, you were in the house before sitting on the couch.",68;69;70;332;333;334;408;409;410;412;413;414;416;417;418;420;421;423;424;425;426;721;722;723;724;725;727;728;729;731;736;737;739;740;741;742;748;749;750;752;754;755;760;761;763;764;765;766;769;770;771;804;805;807;812;813;814;816;818;819;884;885;886,64,1
879dd163-7588-45d1-9466-a5deabc59167,Did I use the tablet before moving my legs on the couch?,No,"Based on the video, it appears that you used the tablet while sitting on the couch with your legs crossed. You then moved your legs to a different position, with one leg extended and the other bent, while continuing to use the tablet.",68;69;70;100;101;103;408;409;410;412;413;414;416;417;418;420;421;423;424;425;426;721;722;723;724;725;727;728;729;731;736;737;739;740;741;742;748;749;750;752;754;755;760;761;763;764;765;766;769;770;771;804;805;807;812;813;814;816;818;819;884;885;886,64,1
879dd163-7588-45d1-9466-a5deabc59167,Was the tablet in my hands before I sat on the couch?,No,"Yes, the tablet was in your hands before you sat on the couch.",68;69;70;332;333;334;408;409;410;412;413;414;416;417;418;420;421;423;424;425;426;721;722;723;724;725;727;728;729;731;736;737;739;740;741;742;748;749;750;752;754;755;760;761;763;764;765;766;769;770;771;804;805;807;812;813;814;816;818;819;884;885;886,64,1
879dd163-7588-45d1-9466-a5deabc59167,What happens just before I read the book on the tablet?,Sitting on the couch.,"Just before you read the book on the tablet, you are lying on a couch with your feet up, wearing a light-colored top and blue jeans. You have a blue velvet pillow under your feet for support. The room has a cozy ambiance with a dining area in the background, featuring a table with chairs and a decorative item on the table. The lighting is soft, suggesting it might be evening or a dimly lit room. You are holding the tablet with both hands, and the screen is displaying a book with text.",68;69;70;332;333;334;408;409;410;412;413;414;416;417;418;420;421;423;424;425;426;721;722;723;724;725;727;728;729;731;736;737;739;740;741;742;748;749;750;752;754;755;760;761;763;764;765;766;769;770;771;804;805;807;812;813;814;816;818;819;884;885;886,64,1
879dd163-7588-45d1-9466-a5deabc59167,What setting is depicted in the provided video clip?,A person sitting on a couch in a house.,"The video depicts a person lying on a couch in a living room, reading a book on an e-reader.",68;69;70;332;333;334;408;409;410;412;413;414;416;417;418;420;421;423;424;425;426;721;722;723;724;725;727;728;729;731;736;737;739;740;741;742;748;749;750;752;754;755;760;761;763;764;765;766;769;770;771;804;805;807;812;813;814;816;818;819;884;885;886,64,1
879dd163-7588-45d1-9466-a5deabc59167,What furnishings are visible in the video?,"A couch, chair, and a dining area in the background.","The furnishings visible in the video include a brown sofa, a blue velvet pillow, a dining table with chairs, and a wall-mounted shelf with decorative items.",68;69;70;332;333;334;408;409;410;412;413;414;416;417;418;420;421;423;424;425;426;721;722;723;724;725;727;728;729;731;736;737;739;740;741;742;748;749;750;752;754;755;760;761;763;764;765;766;769;770;771;804;805;807;812;813;814;816;818;819;884;885;886,64,1
879dd163-7588-45d1-9466-a5deabc59167,Describe the atmosphere of the room shown in the video?,The room appears to be tidy and comfortably lit.,"The room has a cozy and inviting atmosphere, with a beige couch, a blue velvet pillow, and a dining area with a table and chairs in the background. The lighting is soft and warm, and the walls are adorned with decorative elements.",68;69;70;332;333;334;408;409;410;412;413;414;416;417;418;420;421;423;424;425;426;721;722;723;724;725;727;728;729;731;736;737;739;740;741;742;748;749;750;752;754;755;760;761;763;764;765;766;769;770;771;804;805;807;812;813;814;816;818;819;884;885;886,64,1
879dd163-7588-45d1-9466-a5deabc59167,Describe the posture of the individual in the video?,They are seated with their legs up on the couch.,The individual is lying on their back with their legs crossed and feet resting on the couch.,68;69;70;332;333;334;408;409;410;412;413;414;416;417;418;420;421;423;424;425;426;721;722;723;724;725;727;728;729;731;736;737;739;740;741;742;748;749;750;752;754;755;760;761;763;764;765;766;769;770;771;804;805;807;812;813;814;816;818;819;884;885;886,64,1
879dd163-7588-45d1-9466-a5deabc59167,Can you summarize the person's behavior in the video?,They are relaxing and using an electronic device.,"The person in the video is lying on a couch with their legs up, holding a tablet with a book displayed on the screen. They are wearing a long-sleeve shirt, jeans, and white socks. The room has a dining table with chairs, a blue cushion on the couch, and a curtain in the background. The person appears to be focused on reading the book on the tablet.",68;69;70;332;333;334;408;409;410;412;413;414;416;417;418;420;421;423;424;425;426;721;722;723;724;725;727;728;729;731;736;737;739;740;741;742;748;749;750;752;754;755;760;761;763;764;765;766;769;770;771;804;805;807;812;813;814;816;818;819;884;885;886,64,1
879dd163-7588-45d1-9466-a5deabc59167,Is there any noticeable movement or gesture in the video?,The person raised their hands at some point.,"No, there is no noticeable movement or gesture in the video.",68;69;70;332;333;334;408;409;410;412;413;414;416;417;418;420;421;423;424;425;426;721;722;723;724;725;727;728;729;731;736;737;739;740;741;742;748;749;750;752;754;755;760;761;763;764;765;766;769;770;771;804;805;807;812;813;814;816;818;819;884;885;886,64,1
879dd163-7588-45d1-9466-a5deabc59167,Did the person in the video adjust their position on the couch?,Not shown in the given frame.,"Yes, the person occasionally adjusts their position on the couch while reading.",68;69;70;332;333;334;408;409;410;412;413;414;416;417;418;420;421;423;424;425;426;721;722;723;724;725;727;728;729;731;736;737;739;740;741;742;748;749;750;752;754;755;760;761;763;764;765;766;769;770;771;804;805;807;812;813;814;816;818;819;884;885;886,64,1
879dd163-7588-45d1-9466-a5deabc59167,Is the individual in the video communicating with someone else?,"No, not visibly.","No, the individual in the video is not communicating with someone else; they are focused on reading a book.",68;69;70;332;333;334;408;409;410;412;413;414;416;417;418;420;421;423;424;425;426;721;722;723;724;725;727;728;729;731;736;737;739;740;741;742;748;749;750;752;754;755;760;761;763;764;765;766;769;770;771;804;805;807;812;813;814;816;818;819;884;885;886,64,1
879dd163-7588-45d1-9466-a5deabc59167,Does the video indicate that the person is multitasking?,"No, they appear focused on the tablet.","No, the video does not indicate that the person is multitasking. The person is consistently focused on reading the book throughout the video.",68;69;70;332;333;334;408;409;410;412;413;414;416;417;418;420;421;423;424;425;426;721;722;723;724;725;727;728;729;731;736;737;739;740;741;742;748;749;750;752;754;755;760;761;763;764;765;766;769;770;771;804;805;807;812;813;814;816;818;819;884;885;886,64,1
879dd163-7588-45d1-9466-a5deabc59167,Is the person standing up at any point in the video?,"No, they are seated throughout.",No.,68;69;70;332;333;334;408;409;410;412;413;414;416;417;418;420;421;423;424;425;426;721;722;723;724;725;727;728;729;731;736;737;739;740;741;742;748;749;750;752;754;755;760;761;763;764;765;766;769;770;771;804;805;807;812;813;814;816;818;819;884;885;886,64,1
879dd163-7588-45d1-9466-a5deabc59167,Did I move my legs on the couch before using the tablet?,Yes,"Yes, before using the tablet, you moved your legs on the couch, crossing them at the ankles.",68;69;70;100;101;103;408;409;410;412;413;414;416;417;418;420;421;423;424;425;426;721;722;723;724;725;727;728;729;731;736;737;739;740;741;742;748;749;750;752;754;755;760;761;763;764;765;766;769;770;771;804;805;807;812;813;814;816;818;819;884;885;886,64,1
879dd163-7588-45d1-9466-a5deabc59167,Did I raise my hands before sitting on the couch?,No,"No, you did not raise your hands before sitting on the couch.",68;69;70;332;333;334;408;409;410;412;413;414;416;417;418;420;421;423;424;425;426;721;722;723;724;725;727;728;729;731;736;737;739;740;741;742;748;749;750;752;754;755;760;761;763;764;765;766;769;770;771;804;805;807;812;813;814;816;818;819;884;885;886,64,1
879dd163-7588-45d1-9466-a5deabc59167,Was I sitting on the couch before raising my hands?,Yes,"Yes, you were sitting on the couch before raising your hands.",68;69;70;332;333;334;408;409;410;412;413;414;416;417;418;420;421;423;424;425;426;721;722;723;724;725;727;728;729;731;736;737;739;740;741;742;748;749;750;752;754;755;760;761;763;764;765;766;769;770;771;804;805;807;812;813;814;816;818;819;884;885;886,64,1
879dd163-7588-45d1-9466-a5deabc59167,Did I use the tablet after sitting on the couch?,Yes,"Yes, you used the tablet after sitting on the couch.",68;69;70;100;101;103;408;409;410;412;413;414;416;417;418;420;421;423;424;425;426;721;722;723;724;725;727;728;729;731;736;737;739;740;741;742;748;749;750;752;754;755;760;761;763;764;765;766;769;770;771;804;805;807;812;813;814;816;818;819;884;885;886,64,1
879dd163-7588-45d1-9466-a5deabc59167,What did I do just before using the tablet in the house?,Sat on the couch,"Based on the image, it appears that you were sitting on the couch with your legs crossed, holding the tablet in your hands, and likely reading or using the device. The setting suggests a relaxed and comfortable environment, possibly in the evening or at night, given the soft lighting and the cozy atmosphere.",68;69;70;332;333;334;408;409;410;412;413;414;416;417;418;420;421;423;424;425;426;721;722;723;724;725;727;728;729;731;736;737;739;740;741;742;748;749;750;752;754;755;760;761;763;764;765;766;769;770;771;804;805;807;812;813;814;816;818;819;884;885;886,64,1
879dd163-7588-45d1-9466-a5deabc59167,What did I do just before raising my hands?,Used the tablet,"Based on the sequence of events you've described, just before raising your hands, you were likely sitting in a relaxed position, possibly on a couch or a chair, with your hands resting on your lap or at your sides. You then raised your hands, which suggests you might have been gesturing, reaching for something, or performing an action that required the use of your hands.",68;69;70;332;333;334;408;409;410;412;413;414;416;417;418;420;421;423;424;425;426;721;722;723;724;725;727;728;729;731;736;737;739;740;741;742;748;749;750;752;754;755;760;761;763;764;765;766;769;770;771;804;805;807;812;813;814;816;818;819;884;885;886,64,1
879dd163-7588-45d1-9466-a5deabc59167,Is the tablet used after sitting on the couch as shown in the clip?,Yes,"Yes, the tablet is used after sitting on the couch as shown in the clip.",68;69;70;332;333;334;408;409;410;412;413;414;416;417;418;420;421;423;424;425;426;721;722;723;724;725;727;728;729;731;736;737;739;740;741;742;748;749;750;752;754;755;760;761;763;764;765;766;769;770;771;804;805;807;812;813;814;816;818;819;884;885;886,64,1
879dd163-7588-45d1-9466-a5deabc59167,"In the video, is the tablet picked up before legs are placed on the couch?",Yes,"No, the tablet is picked up after the legs are placed on the couch.",68;69;70;100;101;103;408;409;410;412;413;414;416;417;418;420;421;423;424;425;426;721;722;723;724;725;727;728;729;731;736;737;739;740;741;742;748;749;750;752;754;755;760;761;763;764;765;766;769;770;771;804;805;807;812;813;814;816;818;819;884;885;886,64,1
879dd163-7588-45d1-9466-a5deabc59167,Does sitting on the couch happen after raising hands in the sequence?,No,"No, sitting on the couch happens before raising hands in the sequence.",68;69;70;332;333;334;408;409;410;412;413;414;416;417;418;420;421;423;424;425;426;721;722;723;724;725;727;728;729;731;736;737;739;740;741;742;748;749;750;752;754;755;760;761;763;764;765;766;769;770;771;804;805;807;812;813;814;816;818;819;884;885;886,64,1
879dd163-7588-45d1-9466-a5deabc59167,What is the setting of the video clip?,The setting is inside a house.,"The setting of the video clip is a living room with a beige couch, a blue velvet pillow, a wooden shelf with decorative items, and a dining area with a table and chairs in the background.",68;69;70;332;333;334;408;409;410;412;413;414;416;417;418;420;421;423;424;425;426;721;722;723;724;725;727;728;729;731;736;737;739;740;741;742;748;749;750;752;754;755;760;761;763;764;765;766;769;770;771;804;805;807;812;813;814;816;818;819;884;885;886,64,1
879dd163-7588-45d1-9466-a5deabc59167,Where is the person situated in this scene?,The person is sitting on the couch.,"The person is lying on a couch with their legs up, propped against a blue pillow.",68;69;70;100;101;103;408;409;410;412;413;414;416;417;418;420;421;423;424;425;426;721;722;723;724;725;727;728;729;731;736;737;739;740;741;742;748;749;750;752;754;755;760;761;763;764;765;766;769;770;771;804;805;807;812;813;814;816;818;819;884;885;886,64,1
879dd163-7588-45d1-9466-a5deabc59167,What object is the person interacting with?,The person is holding and using a tablet.,The person is interacting with a white e-reader.,68;69;70;332;333;334;408;409;410;412;413;414;416;417;418;420;421;423;424;425;426;721;722;723;724;725;727;728;729;731;736;737;739;740;741;742;748;749;750;752;754;755;760;761;763;764;765;766;769;770;771;804;805;807;812;813;814;816;818;819;884;885;886,64,1
879dd163-7588-45d1-9466-a5deabc59167,Describe the person's posture in the video.,The person is reclined with feet up on the couch.,"The person is lying on a couch with their legs crossed and feet resting on the couch. They are holding a tablet in both hands, which is displaying text.",68;69;70;332;333;334;408;409;410;412;413;414;416;417;418;420;421;423;424;425;426;721;722;723;724;725;727;728;729;731;736;737;739;740;741;742;748;749;750;752;754;755;760;761;763;764;765;766;769;770;771;804;805;807;812;813;814;816;818;819;884;885;886,64,1
879dd163-7588-45d1-9466-a5deabc59167,Is the person reading a book on the tablet?,Yes.,Yes.,68;69;70;332;333;334;408;409;410;412;413;414;416;417;418;420;421;423;424;425;426;721;722;723;724;725;727;728;729;731;736;737;739;740;741;742;748;749;750;752;754;755;760;761;763;764;765;766;769;770;771;804;805;807;812;813;814;816;818;819;884;885;886,64,1
879dd163-7588-45d1-9466-a5deabc59167,Does the scene show an interaction with digital technology?,Yes.,yes,68;69;70;100;101;103;408;409;410;412;413;414;416;417;418;420;421;423;424;425;426;721;722;723;724;725;727;728;729;731;736;737;739;740;741;742;748;749;750;752;754;755;760;761;763;764;765;766;769;770;771;804;805;807;812;813;814;816;818;819;884;885;886,64,1
879dd163-7588-45d1-9466-a5deabc59167,Is the individual standing while using the tablet?,No.,No.,68;69;70;332;333;334;408;409;410;412;413;414;416;417;418;420;421;423;424;425;426;721;722;723;724;725;727;728;729;731;736;737;739;740;741;742;748;749;750;752;754;755;760;761;763;764;765;766;769;770;771;804;805;807;812;813;814;816;818;819;884;885;886,64,1
879dd163-7588-45d1-9466-a5deabc59167,Has the person positioned themselves comfortably for tablet use?,Yes.,"Yes, the person has positioned themselves comfortably for tablet use. They are lying on a couch with their legs up, propped against a blue pillow, and holding the tablet with both hands at a comfortable viewing angle.",68;69;70;73;74;75;100;101;103;408;409;410;412;413;414;416;417;418;420;421;423;424;425;426;721;722;723;724;725;727;728;729;731;736;737;739;740;741;742;748;749;750;752;754;755;760;761;763;764;765;766;769;770;771;804;805;807;812;813;814;816;818;819,64,1
879dd163-7588-45d1-9466-a5deabc59167,Does the video show the person watching TV?,No.,"No, the video does not show the person watching TV. It shows the person lying on the couch and reading a book on an e-reader.",68;69;70;332;333;334;408;409;410;412;413;414;416;417;418;420;421;423;424;425;426;721;722;723;724;725;727;728;729;731;736;737;739;740;741;742;748;749;750;752;754;755;760;761;763;764;765;766;769;770;771;804;805;807;812;813;814;816;818;819;884;885;886,64,1
879dd163-7588-45d1-9466-a5deabc59167,"In the video, did I use the tablet before sitting on the couch?",No,"Yes, you used the tablet before sitting on the couch.",68;69;70;332;333;334;408;409;410;412;413;414;416;417;418;420;421;423;424;425;426;721;722;723;724;725;727;728;729;731;736;737;739;740;741;742;748;749;750;752;754;755;760;761;763;764;765;766;769;770;771;804;805;807;812;813;814;816;818;819;884;885;886,64,1
879dd163-7588-45d1-9466-a5deabc59167,Did I raise my hands before holding the tablet?,No,"It appears that you may have raised your hands before holding the tablet, as the video shows the person's hands in a raised position before they are seen holding the tablet.",68;69;70;332;333;334;408;409;410;412;413;414;416;417;418;420;421;423;424;425;426;721;722;723;724;725;727;728;729;731;736;737;739;740;741;742;748;749;750;752;754;755;760;761;763;764;765;766;769;770;771;804;805;807;812;813;814;816;818;819;884;885;886,64,1
879dd163-7588-45d1-9466-a5deabc59167,"In the video, was I already seated on the couch before using the tablet?",Yes,"Yes, you were already seated on the couch before using the tablet.",68;69;70;332;333;334;408;409;410;412;413;414;416;417;418;420;421;423;424;425;426;721;722;723;724;725;727;728;729;731;736;737;739;740;741;742;748;749;750;752;754;755;760;761;763;764;765;766;769;770;771;804;805;807;812;813;814;816;818;819;884;885;886,64,1
879dd163-7588-45d1-9466-a5deabc59167,Was the tablet in my hand before I used it?,Yes,"It seems like you've been using the tablet for a while, as indicated by the text on the screen.",68;69;70;332;333;334;408;409;410;412;413;414;416;417;418;420;421;423;424;425;426;721;722;723;724;725;727;728;729;731;736;737;739;740;741;742;748;749;750;752;754;755;760;761;763;764;765;766;769;770;771;804;805;807;812;813;814;816;818;819;884;885;886,64,1
879dd163-7588-45d1-9466-a5deabc59167,What occurs just before I hold the tablet in the video?,I sit on the couch,"Just before holding the tablet, the person is seen lying on the couch with their feet up, wearing light-colored socks and blue jeans, and holding a blue velvet pillow.",68;69;70;332;333;334;408;409;410;412;413;414;416;417;418;420;421;423;424;425;426;721;722;723;724;725;727;728;729;731;736;737;739;740;741;742;748;749;750;752;754;755;760;761;763;764;765;766;769;770;771;804;805;807;812;813;814;816;818;819;884;885;886,64,1
879dd163-7588-45d1-9466-a5deabc59167,What action takes place before using the tablet?,I hold the tablet,"Before using the tablet, the person is seen lying on the couch with their feet up, wearing white socks and blue jeans, and holding a blue velvet pillow.",68;69;70;96;97;99;332;333;334;408;409;410;412;413;414;416;417;418;420;421;423;424;425;426;721;722;723;724;725;727;728;729;731;736;737;739;740;741;742;748;749;750;752;754;755;760;761;763;764;765;766;769;770;771;812;813;814;816;818;819;884;885;886,64,1
879dd163-7588-45d1-9466-a5deabc59167,"In the video, did I move my legs on the couch before using the tablet?",Yes,"Yes, before using the tablet, you moved your legs on the couch.",68;69;70;332;333;334;408;409;410;412;413;414;416;417;418;420;421;423;424;425;426;721;722;723;724;725;727;728;729;731;736;737;739;740;741;742;748;749;750;752;754;755;760;761;763;764;765;766;769;770;771;804;805;807;812;813;814;816;818;819;884;885;886,64,1
879dd163-7588-45d1-9466-a5deabc59167,"In the video, is the tablet held before raising hands?",Yes,"No, the tablet is held before raising hands.",68;69;70;332;333;334;408;409;410;412;413;414;416;417;418;420;421;423;424;425;426;721;722;723;724;725;727;728;729;731;736;737;739;740;741;742;748;749;750;752;754;755;760;761;763;764;765;766;769;770;771;804;805;807;812;813;814;816;818;819;884;885;886,64,1
879dd163-7588-45d1-9466-a5deabc59167,"In the video, does sitting on the couch happen before moving legs on the couch?",Yes,"Yes, sitting on the couch happens before moving legs on the couch.",68;69;70;332;333;334;408;409;410;412;413;414;416;417;418;420;421;423;424;425;426;721;722;723;724;725;727;728;729;731;736;737;739;740;741;742;748;749;750;752;754;755;760;761;763;764;765;766;769;770;771;804;805;807;812;813;814;816;818;819;884;885;886,64,1
879dd163-7588-45d1-9466-a5deabc59167,What happens before I use the tablet in the video?,I sit on the couch and move my legs,"Before using the tablet in the video, the person is seen lying on a couch with their feet up, wearing blue jeans and a light-colored top. They are holding a blue velvet pillow and appear to be in a relaxed position. The room has a cozy ambiance with a dining area in the background, featuring a table with chairs and a decorative item on the table. The person then picks up the tablet and begins to read from it.",68;69;70;332;333;334;408;409;410;412;413;414;416;417;418;420;421;423;424;425;426;721;722;723;724;725;727;728;729;731;736;737;739;740;741;742;748;749;750;752;754;755;760;761;763;764;765;766;769;770;771;804;805;807;812;813;814;816;818;819;884;885;886,64,1
879dd163-7588-45d1-9466-a5deabc59167,What action is performed just before raising hands in the video?,Using the tablet,"Just before raising hands, the person is seen holding a white tablet with both hands, displaying a text document.",68;69;70;332;333;334;408;409;410;412;413;414;416;417;418;420;421;423;424;425;426;721;722;723;724;725;727;728;729;731;736;737;739;740;741;742;748;749;750;752;754;755;760;761;763;764;765;766;769;770;771;804;805;807;812;813;814;816;818;819;884;885;886,64,1
879dd163-7588-45d1-9466-a5deabc59167,What do I do right before moving my legs on the couch?,I sit on the couch,"It appears that you are lying on a couch with your legs crossed and holding an e-reader in front of you. Before moving your legs, you might want to ensure that you have finished reading the current page or section of the book, save your progress if necessary, and then gently lower the e-reader to your lap or place it on the couch. After that, you can uncross your legs and move them to a more comfortable position.",68;69;70;332;333;334;408;409;410;412;413;414;416;417;418;420;421;423;424;425;426;721;722;723;724;725;727;728;729;731;736;737;739;740;741;742;748;749;750;752;754;755;760;761;763;764;765;766;769;770;771;804;805;807;812;813;814;816;818;819;884;885;886,64,1
879dd163-7588-45d1-9466-a5deabc59167,"In the video, what takes place prior to holding the tablet?",I sit on the couch,"Before holding the tablet, the person is seen lying on the couch with their feet up, wearing blue jeans and a light-colored sweater, and has a blue velvet pillow and a striped pillow beneath their feet.",68;69;70;332;333;334;408;409;410;412;413;414;416;417;418;420;421;423;424;425;426;721;722;723;724;725;727;728;729;731;736;737;739;740;741;742;748;749;750;752;754;755;760;761;763;764;765;766;769;770;771;804;805;807;812;813;814;816;818;819;884;885;886,64,1
879dd163-7588-45d1-9466-a5deabc59167,What is the depicted scenario in this video frame?,A person sitting on a couch using a tablet.,"The video depicts a person lying on a couch with their feet up, holding a tablet device with a blue screen displaying text. The person is wearing a long-sleeve top and jeans, and the room appears to be a living area with a dining table and chairs in the background. The lighting is soft, suggesting an indoor setting, possibly in the evening or at night. The person seems to be engaged in reading or viewing content on the tablet.",68;69;70;100;101;103;408;409;410;412;413;414;416;417;418;420;421;423;424;425;426;721;722;723;724;725;727;728;729;731;736;737;739;740;741;742;748;749;750;752;754;755;760;761;763;764;765;766;769;770;771;804;805;807;812;813;814;816;818;819;884;885;886,64,1
879dd163-7588-45d1-9466-a5deabc59167,Can you summarize the environment in the video clip?,The environment is a cozy living room with a person on the couch.,"The video features a person lying on a beige couch with their legs propped up against a blue velvet pillow. They are wearing blue jeans and a light-colored long-sleeve shirt. The person is holding a white e-reader with a blue screen, which displays text. The room has a neutral color scheme with beige walls and a light-colored carpet. In the background, there is a dining area with a table and chairs, and a curtain with a floral pattern. The lighting in the room is soft and ambient, suggesting an indoor setting during the evening or night. The person appears to be relaxed and focused on reading the e-book.",68;69;70;332;333;334;408;409;410;412;413;414;416;417;418;420;421;423;424;425;426;721;722;723;724;725;727;728;729;731;736;737;739;740;741;742;748;749;750;752;754;755;760;761;763;764;765;766;769;770;771;804;805;807;812;813;814;816;818;819;884;885;886,64,1
879dd163-7588-45d1-9466-a5deabc59167,Offer a caption for the ongoing activity in the video?,Enjoying digital content from the comfort of the couch.,"""Relaxing with a good book: A peaceful moment of reading at home.""",68;69;70;73;74;75;408;409;410;412;413;414;416;417;418;420;421;423;424;425;426;721;722;723;724;725;727;728;729;731;736;737;739;740;741;742;748;749;750;752;754;755;760;761;763;764;765;766;769;770;771;804;805;807;812;813;814;816;818;819;884;885;886,64,1
879dd163-7588-45d1-9466-a5deabc59167,Is the person in the video standing up?,No.,"No, the person in the video is lying down on a couch.",68;69;70;332;333;334;408;409;410;412;413;414;416;417;418;420;421;423;424;425;426;721;722;723;724;725;727;728;729;731;736;737;739;740;741;742;748;749;750;752;754;755;760;761;763;764;765;766;769;770;771;804;805;807;812;813;814;816;818;819;884;885;886,64,1
879dd163-7588-45d1-9466-a5deabc59167,Does the video capture the individual walking around?,No.,"No, the video does not capture the individual walking around. It focuses on the person lying on the couch and reading a book.",68;69;70;332;333;334;408;409;410;412;413;414;416;417;418;420;421;423;424;425;426;721;722;723;724;725;727;728;729;731;736;737;739;740;741;742;748;749;750;752;754;755;760;761;763;764;765;766;769;770;771;804;805;807;812;813;814;816;818;819;884;885;886,64,1
879dd163-7588-45d1-9466-a5deabc59167,Is there a group of people in the video clip?,No.,"No, there is only one person in the video clip.",68;69;70;332;333;334;408;409;410;412;413;414;416;417;418;420;421;423;424;425;426;721;722;723;724;725;727;728;729;731;736;737;739;740;741;742;748;749;750;752;754;755;760;761;763;764;765;766;769;770;771;804;805;807;812;813;814;816;818;819;884;885;886,64,1
879dd163-7588-45d1-9466-a5deabc59167,Does the frame show the person cooking in the kitchen?,No.,No.,68;69;70;100;101;103;332;333;334;408;409;410;412;413;414;416;417;418;420;421;423;424;425;426;721;722;723;724;725;727;728;729;731;736;737;739;740;741;742;748;749;750;752;754;755;760;761;763;764;765;766;769;770;771;804;805;807;812;813;814;816;818;819,64,1
879dd163-7588-45d1-9466-a5deabc59167,Is the person in the video engaging in a conversation?,No.,"No, the person in the video is not engaging in a conversation; they are focused on reading a book.",68;69;70;332;333;334;408;409;410;412;413;414;416;417;418;420;421;423;424;425;426;721;722;723;724;725;727;728;729;731;736;737;739;740;741;742;748;749;750;752;754;755;760;761;763;764;765;766;769;770;771;804;805;807;812;813;814;816;818;819;884;885;886,64,1
879dd163-7588-45d1-9466-a5deabc59167,Did I sit on the couch before using the tablet?,Yes.,"Yes, you sat on the couch before using the tablet.",68;69;70;100;101;103;408;409;410;412;413;414;416;417;418;420;421;423;424;425;426;721;722;723;724;725;727;728;729;731;736;737;739;740;741;742;748;749;750;752;754;755;760;761;763;764;765;766;769;770;771;804;805;807;812;813;814;816;818;819;884;885;886,64,1
879dd163-7588-45d1-9466-a5deabc59167,Did I hold the tablet before sitting on the couch?,No.,"Yes, you held the tablet before sitting on the couch.",68;69;70;100;101;103;408;409;410;412;413;414;416;417;418;420;421;423;424;425;426;721;722;723;724;725;727;728;729;731;736;737;739;740;741;742;748;749;750;752;754;755;760;761;763;764;765;766;769;770;771;804;805;807;812;813;814;816;818;819;884;885;886,64,1
879dd163-7588-45d1-9466-a5deabc59167,Did I sit down after picking up the tablet?,Yes.,"Yes, you sat down on the couch after picking up the tablet.",68;69;70;73;74;75;408;409;410;412;413;414;416;417;418;420;421;423;424;425;426;721;722;723;724;725;727;728;729;731;736;737;739;740;741;742;748;749;750;752;754;755;760;761;763;764;765;766;769;770;771;804;805;807;812;813;814;816;818;819;884;885;886,64,1
879dd163-7588-45d1-9466-a5deabc59167,"In the video, what do I do just before sitting on the couch?",There is no information on actions prior.,"Just before sitting on the couch, the person is seen standing and holding a white tablet with a blue screen, which appears to be an e-reader. They are wearing a beige sweater, blue jeans, and white socks. The person is in a living room setting with a brown couch, a blue velvet pillow, and a wooden side table with a lamp. The room has a neutral color palette with beige walls and a light-colored carpet. The person seems to be preparing to sit down and read or use the tablet.",68;69;70;332;333;334;408;409;410;412;413;414;416;417;418;420;421;423;424;425;426;721;722;723;724;725;727;728;729;731;736;737;739;740;741;742;748;749;750;752;754;755;760;761;763;764;765;766;769;770;771;804;805;807;812;813;814;816;818;819;884;885;886,64,1
879dd163-7588-45d1-9466-a5deabc59167,"In the sequence, what happens before I use the tablet?",I hold the tablet.,"Before using the tablet, the person is seen lying on a couch with their feet up, wearing blue jeans and a light-colored top. They have a blue velvet pillow under their feet for support. The room has a cozy ambiance with a dining area in the background, featuring a table with chairs and a decorative item on the table. The person appears relaxed and is about to engage with the tablet, which is held in both hands and displays text on its screen.",68;69;70;332;333;334;408;409;410;412;413;414;416;417;418;420;421;423;424;425;426;721;722;723;724;725;727;728;729;731;736;737;739;740;741;742;748;749;750;752;754;755;760;761;763;764;765;766;769;770;771;804;805;807;812;813;814;816;818;819;884;885;886,64,1
879dd163-7588-45d1-9466-a5deabc59167,Does the action of sitting on the couch happen before using the tablet?,Yes,"Yes, the action of sitting on the couch happens before using the tablet.",68;69;70;332;333;334;408;409;410;412;413;414;416;417;418;420;421;423;424;425;426;721;722;723;724;725;727;728;729;731;736;737;739;740;741;742;748;749;750;752;754;755;760;761;763;764;765;766;769;770;771;804;805;807;812;813;814;816;818;819;884;885;886,64,1
879dd163-7588-45d1-9466-a5deabc59167,Does raising hands occur before sitting on the couch?,No,"No, raising hands does not occur before sitting on the couch.",68;69;70;332;333;334;408;409;410;412;413;414;416;417;418;420;421;423;424;425;426;721;722;723;724;725;727;728;729;731;736;737;739;740;741;742;748;749;750;752;754;755;760;761;763;764;765;766;769;770;771;804;805;807;812;813;814;816;818;819;884;885;886,64,1
879dd163-7588-45d1-9466-a5deabc59167,Is using the tablet done after sitting on the couch?,Yes,"Yes, the person is seen sitting on the couch with the tablet in hand, indicating that they are using it after sitting down.",68;69;70;332;333;334;408;409;410;412;413;414;416;417;418;420;421;423;424;425;426;721;722;723;724;725;727;728;729;731;736;737;739;740;741;742;748;749;750;752;754;755;760;761;763;764;765;766;769;770;771;804;805;807;812;813;814;816;818;819;884;885;886,64,1
879dd163-7588-45d1-9466-a5deabc59167,What happens before using the tablet?,Sitting on the couch and holding the tablet,"Before using the tablet, the person is seen lying on a couch with their feet up, wearing blue jeans and a light-colored sweater. They have a blue velvet pillow and a striped pillow beneath their feet for support. The room has a dining table with chairs and a decorative wall with a floral pattern. The person appears relaxed and comfortable, possibly preparing to read or watch something on the tablet.",68;69;70;332;333;334;408;409;410;412;413;414;416;417;418;420;421;423;424;425;426;721;722;723;724;725;727;728;729;731;736;737;739;740;741;742;748;749;750;752;754;755;760;761;763;764;765;766;769;770;771;804;805;807;812;813;814;816;818;819;884;885;886,64,1
879dd163-7588-45d1-9466-a5deabc59167,What occurs just before raising hands?,Using the tablet,adjusting position,68;69;70;332;333;334;408;409;410;412;413;414;416;417;418;420;421;423;424;425;426;721;722;723;724;725;727;728;729;731;736;737;739;740;741;742;748;749;750;752;754;755;760;761;763;764;765;766;769;770;771;804;805;807;812;813;814;816;818;819;884;885;886,64,1
cbfeb6c8-ec1f-4884-bcbf-14d7764c4a36,What environment surrounds the individual in the video?,An apartment setting.,The individual is surrounded by a wooden floor and a wooden desk.,4;6;7;8;9;11;16;17;18;25;26;27;28;29;31;36;37;39;41;42;43;44;45;46;48;49;51;53;54;55;56;57;58;60;62;63;64;65;66;68;69;71;72;73;74;108;109;111;112;113;114;120;121;122;136;137;139;140;141;143;144;145;146,64,1
cbfeb6c8-ec1f-4884-bcbf-14d7764c4a36,What activity is taking place in this particular setting?,Writing in a book with a pen.,The activity taking place in this setting is studying or taking notes.,4;6;7;8;9;11;16;17;18;25;26;27;28;29;31;36;37;39;41;42;43;44;45;46;48;49;51;53;54;55;56;57;58;60;62;63;64;65;66;68;69;71;72;73;74;108;109;111;112;113;114;120;121;122;136;137;139;140;141;143;144;145;146,64,1
cbfeb6c8-ec1f-4884-bcbf-14d7764c4a36,Was the person depicted cooking in the kitchen?,No.,No.,0;1;3;4;6;7;8;9;11;16;17;18;25;26;27;28;29;31;36;37;39;41;42;43;44;45;46;48;49;51;53;54;55;56;57;58;60;62;63;64;65;66;68;69;71;72;73;74;112;113;114;120;121;122;136;137;139;140;141;143;144;145;146,64,1
cbfeb6c8-ec1f-4884-bcbf-14d7764c4a36,Did any outdoor activity occur in this video?,No.,"No, there were no outdoor activities observed in this video. The video focuses on a person studying or working at a desk with books and a notebook.",4;6;7;8;9;11;16;17;18;25;26;27;28;29;31;36;37;39;41;42;43;44;45;46;48;49;51;53;54;55;56;57;58;60;62;63;64;65;66;68;69;71;72;73;74;80;81;82;112;113;114;120;121;122;136;137;139;140;141;143;144;145;146,64,1
cbfeb6c8-ec1f-4884-bcbf-14d7764c4a36,Was the individual standing while performing the task?,No.,No.,4;6;7;8;9;11;16;17;18;25;26;27;28;29;31;36;37;39;41;42;43;44;45;46;48;49;51;53;54;55;56;57;58;60;62;63;64;65;66;68;69;71;72;73;74;80;81;82;112;113;114;120;121;122;136;137;139;140;141;143;144;145;146,64,1
cbfeb6c8-ec1f-4884-bcbf-14d7764c4a36,Is there any verbal communication happening in this scene?,No.,"No, there is no verbal communication happening in this scene. The video only shows a person writing in a notebook and another person's hand pointing at the notebook, but there is no verbal interaction captured.",0;1;3;4;6;7;8;9;11;16;17;18;25;26;27;28;29;31;36;37;39;41;42;43;44;45;46;48;49;51;53;54;55;56;57;58;60;62;63;64;65;66;68;69;71;72;73;74;112;113;114;120;121;122;136;137;139;140;141;143;144;145;146,64,1
cbfeb6c8-ec1f-4884-bcbf-14d7764c4a36,Does the video show someone reading a book?,No.,"No, the video does not show someone reading a book. It shows a person writing in a notebook.",4;6;7;8;9;11;16;17;18;25;26;27;28;29;31;36;37;39;41;42;43;44;45;46;48;49;51;53;54;55;56;57;58;60;62;63;64;65;66;68;69;71;72;73;74;80;81;82;112;113;114;120;121;122;136;137;139;140;141;143;144;145;146,64,1
cbfeb6c8-ec1f-4884-bcbf-14d7764c4a36,What location is shown in the video?,A room with a table.,The video shows a person sitting at a wooden desk with a book and a notebook.,4;6;7;8;9;11;44;45;46;56;57;58;60;62;63;136;137;139;140;141;143;148;150;151;184;185;186;188;189;191;192;194;195;196;197;198;200;201;202;204;206;207;208;209;210;216;217;218;220;221;222;225;226;227;228;229;230;244;246;247;276;278;279,64,1
cbfeb6c8-ec1f-4884-bcbf-14d7764c4a36,What activity is being done in the clip?,Writing in a notebook.,The person in the clip is engaged in writing or note-taking.,4;6;7;8;9;11;44;45;46;56;57;58;60;62;63;136;137;139;140;141;143;148;150;151;184;185;186;188;189;191;192;194;195;196;197;198;200;201;202;204;206;207;208;209;210;216;217;218;220;221;222;225;226;227;228;229;230;244;246;247;276;278;279,64,1
cbfeb6c8-ec1f-4884-bcbf-14d7764c4a36,What object is being used to write?,A pen.,A blue pen is being used to write.,4;6;7;8;9;11;28;29;31;44;45;46;56;57;58;60;62;63;136;137;139;140;141;143;148;150;151;184;185;186;188;189;191;192;194;195;196;197;198;200;201;202;204;206;207;208;209;210;216;217;218;220;221;222;225;226;227;228;229;230;244;246;247,64,1
cbfeb6c8-ec1f-4884-bcbf-14d7764c4a36,What item is on the table besides the notebook?,Opened books.,There is a book with text and diagrams on the table.,4;6;7;8;9;11;28;29;31;44;45;46;56;57;58;60;62;63;136;137;139;148;150;151;184;185;186;188;189;191;192;194;195;196;197;198;200;201;202;204;206;207;208;209;210;216;217;218;220;221;222;225;226;227;228;229;230;244;246;247;276;278;279,64,1
cbfeb6c8-ec1f-4884-bcbf-14d7764c4a36,Is the notebook on a flat surface?,"Yes, on a table.",Yes.,4;6;7;8;9;11;44;45;46;56;57;58;60;62;63;136;137;139;148;150;151;184;185;186;188;189;191;192;194;195;196;197;198;200;201;202;204;206;207;208;209;210;216;217;218;220;221;222;225;226;227;228;229;230;236;237;238;244;246;247;276;278;279,64,1
cbfeb6c8-ec1f-4884-bcbf-14d7764c4a36,What color is the pen being used?,Blue.,The pen being used is blue.,4;6;7;8;9;11;28;29;31;44;45;46;56;57;58;60;62;63;136;137;139;140;141;143;148;150;151;184;185;186;188;189;191;192;194;195;196;197;198;200;201;202;204;206;207;208;209;210;216;217;218;220;221;222;225;226;227;228;229;230;244;246;247,64,1
cbfeb6c8-ec1f-4884-bcbf-14d7764c4a36,Is the person using both hands to write?,"Yes, one to hold and one to write.","No, the person is using only their right hand to write.",4;6;7;8;9;11;44;45;46;56;57;58;60;62;63;136;137;139;140;141;143;148;150;151;184;185;186;188;189;191;192;194;195;196;197;198;200;201;202;204;206;207;208;209;210;216;217;218;220;221;222;225;226;227;228;229;230;236;237;238;244;246;247,64,1
cbfeb6c8-ec1f-4884-bcbf-14d7764c4a36,Has the pen made contact with the paper?,Yes.,"Yes, the pen is actively writing on the paper.",4;6;7;8;9;11;44;45;46;56;57;58;60;62;63;136;137;139;140;141;143;148;150;151;184;185;186;188;189;191;192;194;195;196;197;198;200;201;202;204;206;207;208;209;210;216;217;218;220;221;222;225;226;227;228;229;230;236;237;238;244;246;247,64,1
cbfeb6c8-ec1f-4884-bcbf-14d7764c4a36,Is there a book on the table?,Yes.,Yes.,4;6;7;8;9;11;44;45;46;56;57;58;60;62;63;136;137;139;140;141;143;148;150;151;184;185;186;188;189;191;192;194;195;196;197;198;200;201;202;204;206;207;208;209;210;216;217;218;220;221;222;225;226;227;228;229;230;244;246;247;276;278;279,64,1
cbfeb6c8-ec1f-4884-bcbf-14d7764c4a36,"In the video, do I flip the book page before writing on it?",No,"Yes, in the video, you flip the book page before writing on it.",4;6;7;8;9;11;44;45;46;56;57;58;60;62;63;136;137;139;140;141;143;148;150;151;184;185;186;188;189;191;192;194;195;196;197;198;200;201;202;204;206;207;208;209;210;216;217;218;220;221;222;225;226;227;228;229;230;244;246;247;276;278;279,64,1
cbfeb6c8-ec1f-4884-bcbf-14d7764c4a36,"In the video, do I write with a pen after sitting at the table?",Yes,"Yes, in the video, you are seen writing with a pen after sitting at the table.",4;6;7;8;9;11;44;45;46;56;57;58;60;62;63;136;137;139;140;141;143;148;150;151;184;185;186;188;189;191;192;194;195;196;197;198;200;201;202;204;206;207;208;209;210;216;217;218;220;221;222;225;226;227;228;229;230;244;246;247;276;278;279,64,1
cbfeb6c8-ec1f-4884-bcbf-14d7764c4a36,Does the writing occur before closing the notebook?,Yes,"Yes, the writing occurs before closing the notebook.",4;6;7;8;9;11;44;45;46;56;57;58;60;62;63;136;137;139;140;141;143;148;150;151;184;185;186;188;189;191;192;194;195;196;197;198;200;201;202;204;206;207;208;209;210;216;217;218;220;221;222;225;226;227;228;229;230;236;237;238;244;246;247,64,1
cbfeb6c8-ec1f-4884-bcbf-14d7764c4a36,Do I start writing before opening the book?,No,"No, you start writing after opening the book.",4;6;7;8;9;11;44;45;46;56;57;58;60;62;63;136;137;139;140;141;143;148;150;151;184;185;186;188;189;191;192;194;195;196;197;198;200;201;202;204;206;207;208;209;210;216;217;218;220;221;222;225;226;227;228;229;230;236;237;238;244;246;247,64,1
cbfeb6c8-ec1f-4884-bcbf-14d7764c4a36,"Before closing the notebook, what event occurs in the video?",Writing on it,"Before closing the notebook, the person in the video is seen writing in the notebook with a blue pen.",4;6;7;8;9;11;44;45;46;56;57;58;60;62;63;136;137;139;140;141;143;148;150;151;184;185;186;188;189;191;192;194;195;196;197;198;200;201;202;204;206;207;208;209;210;216;217;218;220;221;222;225;226;227;228;229;230;244;246;247;276;278;279,64,1
cbfeb6c8-ec1f-4884-bcbf-14d7764c4a36,What is done prior to sitting at the table in the video?,Entering the room,"Before sitting at the table, the person is seen standing and adjusting their position.",4;6;7;8;9;11;44;45;46;56;57;58;60;62;63;136;137;139;140;141;143;148;150;151;184;185;186;188;189;191;192;194;195;196;197;198;200;201;202;204;206;207;208;209;210;216;217;218;220;221;222;225;226;227;228;229;230;244;246;247;276;278;279,64,1
cbfeb6c8-ec1f-4884-bcbf-14d7764c4a36,What is the setting of the scene in the video clip?,In an apartment.,"The setting of the scene in the video clip is a study or work environment with a wooden desk, a person wearing a green and yellow patterned top, and a notebook with a yellow cover.",8;9;11;136;137;139;148;150;151;184;185;186;188;189;191;192;194;195;196;197;198;200;201;202;204;206;207;208;209;210;220;221;222;225;226;227;228;229;230;285;286;287;288;289;290;296;298;299;309;310;311;477;478;479;481;482;483;484;485;487;528;529;531,64,1
cbfeb6c8-ec1f-4884-bcbf-14d7764c4a36,Who is present in this clip?,A woman writing and another woman interacting with her.,"The clip shows a person sitting at a desk, writing in a notebook with a pen. The person is wearing a green top and has a bracelet on their wrist. There is also a book or textbook open on the desk, suggesting that the person might be studying or working on some academic task. The focus of the clip is on the person's hands and the writing activity, with the rest of the person's body and the surrounding environment not being the main focus.",136;137;139;148;150;151;184;185;186;188;189;191;192;194;195;196;197;198;200;201;202;204;206;207;208;209;210;220;221;222;225;226;227;285;286;287;288;289;290;296;298;299;309;310;311;472;473;474;477;478;479;481;482;483;484;485;487;528;529;531;544;546;547,64,1
cbfeb6c8-ec1f-4884-bcbf-14d7764c4a36,What objects are noticeable in the video?,A book and a pen.,"The video shows a person sitting at a wooden desk, wearing a green and yellow patterned top, and holding a blue pen. There are two notebooks on the desk: one is open to a page with handwritten notes, and the other is open to a page with printed text. The person is actively writing in the notebook with the blue pen.",8;9;11;136;137;139;148;150;151;184;185;186;188;189;191;192;194;195;196;197;198;200;201;202;204;206;207;208;209;210;220;221;222;225;226;227;228;229;230;285;286;287;288;289;290;296;298;299;309;310;311;477;478;479;481;482;483;484;485;487;528;529;531,64,1
cbfeb6c8-ec1f-4884-bcbf-14d7764c4a36,What activities are being performed?,Writing in a book and interacting.,"The person in the video is engaged in writing or note-taking. They are using a pen to write on a lined notebook, which is placed on a wooden desk. There is also a textbook or a workbook open on the desk, suggesting that the person might be studying or working on assignments. The person's attire and the setting suggest a casual, possibly home-based study environment.",8;9;11;56;57;58;136;137;139;148;150;151;184;185;186;188;189;191;192;194;195;196;197;198;200;201;202;204;206;207;208;209;210;220;221;222;225;226;227;228;229;230;285;286;287;288;289;290;296;298;299;309;310;311;477;478;479;484;485;487;528;529;531,64,1
cbfeb6c8-ec1f-4884-bcbf-14d7764c4a36,How can we describe the movement in the clip?,Gentle and focused on writing.,"The movement in the clip is minimal, with the person's hands and the pen being the primary focus.",8;9;11;136;137;139;148;150;151;184;185;186;188;189;191;192;194;195;196;197;198;200;201;202;204;206;207;208;209;210;220;221;222;225;226;227;228;229;230;285;286;287;288;289;290;296;298;299;309;310;311;477;478;479;481;482;483;484;485;487;528;529;531,64,1
cbfeb6c8-ec1f-4884-bcbf-14d7764c4a36,Does the individual write with her right hand?,Yes.,"Yes, the individual writes with her right hand.",8;9;11;56;57;58;136;137;139;148;150;151;184;185;186;188;189;191;192;194;195;196;197;198;200;201;202;204;206;207;208;209;210;220;221;222;225;226;227;228;229;230;285;286;287;288;289;290;296;298;299;309;310;311;477;478;479;484;485;487;528;529;531,64,1
cbfeb6c8-ec1f-4884-bcbf-14d7764c4a36,Is there another person besides the one writing?,Yes.,"Yes, there is another person wearing dark shoes visible in the background.",8;9;11;56;57;58;136;137;139;148;150;151;184;185;186;188;189;191;192;194;195;196;197;198;200;201;202;204;206;207;208;209;210;220;221;222;225;226;227;228;229;230;285;286;287;288;289;290;296;298;299;309;310;311;477;478;479;484;485;487;528;529;531,64,1
cbfeb6c8-ec1f-4884-bcbf-14d7764c4a36,Is the setting a public place?,No.,No,8;9;11;56;57;58;136;137;139;148;150;151;184;185;186;188;189;191;192;194;195;196;197;198;200;201;202;204;206;207;208;209;210;220;221;222;225;226;227;228;229;230;285;286;287;288;289;290;296;298;299;309;310;311;477;478;479;484;485;487;528;529;531,64,1
cbfeb6c8-ec1f-4884-bcbf-14d7764c4a36,Do we see any electronic devices being used?,No.,"No, there are no electronic devices visible in the video.",8;9;11;56;57;58;136;137;139;148;150;151;184;185;186;188;189;191;192;194;195;196;197;198;200;201;202;204;206;207;208;209;210;220;221;222;225;226;227;228;229;230;244;246;247;285;286;287;288;289;290;296;298;299;309;310;311;477;478;479;484;485;487,64,1
cbfeb6c8-ec1f-4884-bcbf-14d7764c4a36,What happens before picking up the pen in the video?,Sitting at the table,"Before picking up the pen, the person is seen holding the notebook and looking at the pages.",8;9;11;136;137;139;148;150;151;184;185;186;188;189;191;192;194;195;196;197;198;200;201;202;204;206;207;208;209;210;220;221;222;225;226;227;228;229;230;285;286;287;288;289;290;296;298;299;309;310;311;477;478;479;481;482;483;484;485;487;528;529;531,64,1
cbfeb6c8-ec1f-4884-bcbf-14d7764c4a36,"In the video, does the interaction with woman A happen before writing in the notebook?",No,"No, the interaction with woman A happens after writing in the notebook.",8;9;11;136;137;139;148;150;151;184;185;186;188;189;191;192;194;195;196;197;198;200;201;202;204;206;207;208;209;210;220;221;222;225;226;227;228;229;230;285;286;287;288;289;290;296;298;299;309;310;311;477;478;479;481;482;483;484;485;487;528;529;531,64,1
cbfeb6c8-ec1f-4884-bcbf-14d7764c4a36,Is the book opened before picking up the pen?,Yes,"Yes, the book is opened before picking up the pen.",8;9;11;56;57;58;136;137;139;148;150;151;184;185;186;188;189;191;192;194;195;196;197;198;200;201;202;204;206;207;208;209;210;220;221;222;225;226;227;228;229;230;285;286;287;288;289;290;296;298;299;309;310;311;477;478;479;484;485;487;528;529;531,64,1
cbfeb6c8-ec1f-4884-bcbf-14d7764c4a36,What is the main activity depicted in the video clip?,Writing in a book with a pen.,The main activity depicted in the video clip is the person writing in a notebook.,136;137;139;148;150;151;184;185;186;188;189;191;192;194;195;196;197;198;200;201;202;204;206;207;208;209;210;220;221;222;225;226;227;285;286;287;288;289;290;296;298;299;309;310;311;477;478;479;484;485;487;528;529;531;564;565;566;612;613;614;628;629;630,64,1
cbfeb6c8-ec1f-4884-bcbf-14d7764c4a36,Where is the individual situated in the video clip?,In a room.,The individual is seated at a wooden desk.,136;137;139;184;185;186;188;189;191;192;194;195;196;197;198;200;201;202;204;206;207;208;209;210;220;221;222;225;226;227;285;286;287;288;289;290;296;298;299;309;310;311;477;478;479;484;485;487;528;529;531;560;561;562;564;565;566;612;613;614;628;629;630,64,1
cbfeb6c8-ec1f-4884-bcbf-14d7764c4a36,What object is being utilized in the video clip?,A pen.,A pen is being utilized in the video clip.,136;137;139;184;185;186;188;189;191;192;194;195;196;197;198;200;201;202;204;206;207;208;209;210;220;221;222;225;226;227;228;229;230;285;286;287;288;289;290;296;298;299;309;310;311;477;478;479;484;485;487;528;529;531;564;565;566;612;613;614;628;629;630,64,1
cbfeb6c8-ec1f-4884-bcbf-14d7764c4a36,Does the video show someone studying?,Yes.,"Yes, the video shows a person studying, as indicated by the presence of a textbook and a notebook with handwritten notes.",136;137;139;148;150;151;184;185;186;188;189;191;192;194;195;196;197;198;200;201;202;204;206;207;208;209;210;220;221;222;225;226;227;285;286;287;288;289;290;296;298;299;309;310;311;477;478;479;484;485;487;528;529;531;564;565;566;612;613;614;628;629;630,64,1
cbfeb6c8-ec1f-4884-bcbf-14d7764c4a36,Is the person in the video writing with their left hand?,No.,"No, the person in the video is writing with their right hand.",8;9;11;136;137;139;184;185;186;188;189;191;192;194;195;196;197;198;200;201;202;204;206;207;208;209;210;220;221;222;225;226;227;228;229;230;285;286;287;288;289;290;296;298;299;309;310;311;477;478;479;484;485;487;564;565;566;612;613;614;628;629;630,64,1
cbfeb6c8-ec1f-4884-bcbf-14d7764c4a36,Does the video show a person writing on multiple pages?,Yes.,"Yes, the video shows the person writing on multiple pages, including a spiral notebook and a book with a yellow cover.",8;9;11;136;137;139;184;185;186;188;189;191;192;194;195;196;197;198;200;201;202;204;206;207;208;209;210;220;221;222;225;226;227;228;229;230;285;286;287;288;289;290;296;298;299;309;310;311;477;478;479;484;485;487;564;565;566;612;613;614;628;629;630,64,1
cbfeb6c8-ec1f-4884-bcbf-14d7764c4a36,Is pen picked up before writing on the book as shown in the clip?,Yes,"Yes, the pen is picked up before writing on the book as shown in the clip.",136;137;139;184;185;186;188;189;191;192;194;195;196;197;198;200;201;202;204;206;207;208;209;210;220;221;222;225;226;227;228;229;230;285;286;287;288;289;290;296;298;299;309;310;311;477;478;479;484;485;487;528;529;531;564;565;566;612;613;614;628;629;630,64,1
cbfeb6c8-ec1f-4884-bcbf-14d7764c4a36,Does writing in the book happen after entering the apartment?,Yes,"Yes, writing in the book happens after entering the apartment.",136;137;139;148;150;151;184;185;186;188;189;191;192;194;195;196;197;198;200;201;202;204;206;207;208;209;210;220;221;222;225;226;227;285;286;287;288;289;290;296;298;299;309;310;311;477;478;479;484;485;487;528;529;531;564;565;566;612;613;614;628;629;630,64,1
cbfeb6c8-ec1f-4884-bcbf-14d7764c4a36,Is the person at the table before writing in the notebook?,Yes,Yes.,136;137;139;148;150;151;184;185;186;188;189;191;192;194;195;196;197;198;200;201;202;204;206;207;208;209;210;220;221;222;225;226;227;285;286;287;288;289;290;296;298;299;309;310;311;477;478;479;484;485;487;528;529;531;564;565;566;612;613;614;628;629;630,64,1
cbfeb6c8-ec1f-4884-bcbf-14d7764c4a36,Does the person use a pen after sitting at the table?,Yes,Yes.,136;137;139;148;150;151;184;185;186;188;189;191;192;194;195;196;197;198;200;201;202;204;206;207;208;209;210;220;221;222;225;226;227;285;286;287;288;289;290;296;298;299;309;310;311;477;478;479;484;485;487;528;529;531;564;565;566;612;613;614;628;629;630,64,1
cbfeb6c8-ec1f-4884-bcbf-14d7764c4a36,Is the person in the apartment before using the pen?,Yes,Yes.,136;137;139;184;185;186;188;189;191;192;194;195;196;197;198;200;201;202;204;206;207;208;209;210;220;221;222;225;226;227;285;286;287;288;289;290;296;298;299;309;310;311;477;478;479;484;485;487;528;529;531;560;561;562;564;565;566;612;613;614;628;629;630,64,1
cbfeb6c8-ec1f-4884-bcbf-14d7764c4a36,What happens just before writing in the notebook in the video?,Sitting at the table,"Just before writing in the notebook, the person is seen holding the notebook open to a blank page, with the spiral binding visible, and appears to be contemplating what to write.",136;137;139;148;150;151;184;185;186;188;189;191;192;194;195;196;197;198;200;201;202;204;206;207;208;209;210;220;221;222;225;226;227;285;286;287;288;289;290;296;298;299;309;310;311;477;478;479;484;485;487;528;529;531;564;565;566;612;613;614;628;629;630,64,1
cbfeb6c8-ec1f-4884-bcbf-14d7764c4a36,"In the video sequence, what do we see occurring before sitting at the table?",Being in a room,"Before sitting at the table, we see a person standing and holding a book, possibly preparing to sit down and start writing.",136;137;139;148;150;151;184;185;186;188;189;191;192;194;195;196;197;198;200;201;202;204;206;207;208;209;210;220;221;222;225;226;227;285;286;287;288;289;290;296;298;299;309;310;311;477;478;479;484;485;487;528;529;531;564;565;566;612;613;614;628;629;630,64,1
cbfeb6c8-ec1f-4884-bcbf-14d7764c4a36,What location is shown in the video clip?,An indoor location.,The video shows a person sitting at a wooden desk with a notebook and a textbook.,184;185;186;188;189;191;192;194;195;196;197;198;200;201;202;204;206;207;208;209;210;220;221;222;225;226;227;285;286;287;288;289;290;296;298;299;309;310;311;564;565;566;628;629;630;696;697;699;736;737;738;744;745;746;748;749;750;784;786;787;789;790;791,64,1
cbfeb6c8-ec1f-4884-bcbf-14d7764c4a36,What activity is depicted in this scene?,Writing in a book.,"The scene depicts a person engaged in writing or note-taking. They are using a blue pen to write in a spiral-bound notebook, which is open on a wooden desk. The person is wearing a green long-sleeved shirt and a patterned skirt, and they have a bracelet on their left wrist. The desk also has a book or textbook open to a page with text, suggesting that the person might be studying or working on an assignment. The setting appears to be indoors, possibly a home or a study area, with natural light coming from the side, casting shadows on the desk and the person's hands.",184;185;186;188;189;191;192;194;195;196;197;198;200;201;202;204;206;207;208;209;210;220;221;222;225;226;227;285;286;287;288;289;290;296;298;299;309;310;311;477;478;479;564;565;566;628;629;630;696;697;699;736;737;738;744;745;746;784;786;787;789;790;791,64,1
cbfeb6c8-ec1f-4884-bcbf-14d7764c4a36,Can you caption the person's activity in this clip?,Writing diligently in a notebook.,"The person in the video is engaged in a study session, focusing on writing and note-taking. They are using a blue pen to write in a spiral-bound notebook, which is open to a page with printed text, likely from a textbook or study material. The person is seated at a wooden desk, and there is another open book beside the notebook, suggesting they are referencing multiple sources. The individual's attire and the setting imply a calm and dedicated study environment.",184;185;186;188;189;191;192;194;195;196;197;198;200;201;202;204;206;207;208;209;210;220;221;222;225;226;227;285;286;287;288;289;290;296;298;299;309;310;311;484;485;487;564;565;566;628;629;630;696;697;699;736;737;738;744;745;746;784;786;787;789;790;791,64,1
cbfeb6c8-ec1f-4884-bcbf-14d7764c4a36,Is there a pen being used for writing in the video?,Yes.,Yes.,184;185;186;188;189;191;192;194;195;196;197;198;200;201;202;204;206;207;208;209;210;220;221;222;225;226;227;285;286;287;296;298;299;309;310;311;477;478;479;484;485;487;564;565;566;628;629;630;696;697;699;736;737;738;744;745;746;784;786;787;789;790;791,64,1
cbfeb6c8-ec1f-4884-bcbf-14d7764c4a36,Does the clip show a person wearing a watch?,Yes.,Yes.,184;185;186;188;189;191;192;194;195;196;197;198;200;201;202;204;206;207;208;209;210;220;221;222;225;226;227;285;286;287;296;298;299;309;310;311;477;478;479;484;485;487;564;565;566;628;629;630;696;697;699;736;737;738;744;745;746;784;786;787;789;790;791,64,1
cbfeb6c8-ec1f-4884-bcbf-14d7764c4a36,Does the video include any dialogue or conversation?,"No, it only depicts writing activity.","No, the video does not include any dialogue or conversation.",136;137;139;184;185;186;188;189;191;192;194;195;196;197;198;200;201;202;204;206;207;208;209;210;220;221;222;225;226;227;285;286;287;288;289;290;296;298;299;309;310;311;564;565;566;628;629;630;696;697;699;736;737;738;744;745;746;784;786;787;789;790;791,64,1
cbfeb6c8-ec1f-4884-bcbf-14d7764c4a36,"In the video, does opening the book happen before writing with a pen?",Yes,"Yes, opening the book happens before writing with a pen.",184;185;186;188;189;191;192;194;195;196;197;198;200;201;202;204;206;207;208;209;210;220;221;222;225;226;227;285;286;287;296;298;299;309;310;311;477;478;479;484;485;487;564;565;566;628;629;630;696;697;699;736;737;738;744;745;746;784;786;787;789;790;791,64,1
cbfeb6c8-ec1f-4884-bcbf-14d7764c4a36,Is the pen picked up after turning the page as shown in the clip?,No,"Yes, the pen is picked up after turning the page as shown in the clip.",184;185;186;188;189;191;192;194;195;196;197;198;200;201;202;204;206;207;208;209;210;220;221;222;225;226;227;285;286;287;288;289;290;296;298;299;309;310;311;477;478;479;564;565;566;628;629;630;696;697;699;736;737;738;744;745;746;784;786;787;789;790;791,64,1
cbfeb6c8-ec1f-4884-bcbf-14d7764c4a36,What occurs just before starting to write in the book?,Opening the book,"Just before starting to write in the book, the person flips through the pages, possibly to find a suitable section or to review previous notes.",184;185;186;188;189;191;192;194;195;196;197;198;200;201;202;204;206;207;208;209;210;220;221;222;225;226;227;285;286;287;288;289;290;296;298;299;309;310;311;477;478;479;564;565;566;628;629;630;696;697;699;736;737;738;744;745;746;784;786;787;789;790;791,64,1
cbfeb6c8-ec1f-4884-bcbf-14d7764c4a36,Is the writing in the book shown after being indoor in the clip?,Yes,"Yes, the writing in the book shown after being indoor in the clip is legible.",184;185;186;188;189;191;192;194;195;196;197;198;200;201;202;204;206;207;208;209;210;220;221;222;225;226;227;285;286;287;296;298;299;309;310;311;477;478;479;484;485;487;564;565;566;628;629;630;696;697;699;736;737;738;744;745;746;784;786;787;789;790;791,64,1
cbfeb6c8-ec1f-4884-bcbf-14d7764c4a36,Which room is the person located in while writing?,The person is in a room.,The person is located in a room with wooden flooring.,184;185;186;188;189;191;192;194;195;196;197;198;200;201;202;204;206;207;208;209;210;220;221;222;225;226;227;285;286;287;296;298;299;309;310;311;477;478;479;484;485;487;564;565;566;628;629;630;696;697;699;736;737;738;744;745;746;784;786;787;789;790;791,64,1
cbfeb6c8-ec1f-4884-bcbf-14d7764c4a36,Is the person using any tools for writing?,"Yes, the person is using a pen.","Yes, the person is using a blue pen for writing.",184;185;186;188;189;191;192;194;195;196;197;198;200;201;202;204;206;207;208;209;210;220;221;222;225;226;227;228;229;230;285;286;287;288;289;290;296;298;299;309;310;311;564;565;566;628;629;630;696;697;699;736;737;738;744;745;746;784;786;787;789;790;791,64,1
cbfeb6c8-ec1f-4884-bcbf-14d7764c4a36,Can you describe the setting of the action in the clip?,The action occurs in a room at a desk.,"The setting of the action in the clip is a wooden desk with a person wearing a green and yellow patterned top and a pinkish-red garment underneath. The person is seated and writing in a spiral-bound notebook with a blue pen. There is a book with text on the left side of the desk, and the person's hands are visible, with one hand holding the notebook and the other writing. The person's nails are painted with a light blue color.",184;185;186;188;189;191;192;194;195;196;197;198;200;201;202;204;206;207;208;209;210;220;221;222;225;226;227;285;286;287;296;298;299;309;310;311;477;478;479;484;485;487;564;565;566;628;629;630;696;697;699;736;737;738;744;745;746;784;786;787;789;790;791,64,1
cbfeb6c8-ec1f-4884-bcbf-14d7764c4a36,What is the writing tool visible in the frame?,A pen is visible in the frame.,The writing tool visible in the frame is a blue pen.,184;185;186;188;189;191;192;194;195;196;197;198;200;201;202;204;206;207;208;209;210;220;221;222;225;226;227;285;286;287;288;289;290;296;298;299;309;310;311;477;478;479;564;565;566;628;629;630;696;697;699;736;737;738;744;745;746;784;786;787;789;790;791,64,1
cbfeb6c8-ec1f-4884-bcbf-14d7764c4a36,Is the person sitting at a desk in the video?,Yes.,Yes.,184;185;186;188;189;191;192;194;195;196;197;198;200;201;202;204;206;207;208;209;210;220;221;222;225;226;227;285;286;287;288;289;290;296;298;299;309;310;311;477;478;479;484;485;487;564;565;566;696;697;699;736;737;738;744;745;746;784;786;787;789;790;791,64,1
cbfeb6c8-ec1f-4884-bcbf-14d7764c4a36,Does the person sit down after opening the book?,Yes,Yes.,184;185;186;188;189;191;192;194;195;196;197;198;200;201;202;204;206;207;208;209;210;220;221;222;225;226;227;285;286;287;288;289;290;296;298;299;309;310;311;477;478;479;564;565;566;628;629;630;696;697;699;736;737;738;744;745;746;784;786;787;789;790;791,64,1
cbfeb6c8-ec1f-4884-bcbf-14d7764c4a36,Is the book closed before the person starts writing?,No,"No, the book is open before the person starts writing.",136;137;139;184;185;186;188;189;191;192;194;195;196;197;198;200;201;202;204;206;207;208;209;210;220;221;222;225;226;227;285;286;287;288;289;290;296;298;299;309;310;311;564;565;566;628;629;630;696;697;699;736;737;738;744;745;746;784;786;787;789;790;791,64,1
cbfeb6c8-ec1f-4884-bcbf-14d7764c4a36,What action is taken before the person caps the pen?,The person finishes writing.,The person pauses their writing.,184;185;186;188;189;191;192;194;195;196;197;198;200;201;202;204;206;207;208;209;210;220;221;222;225;226;227;285;286;287;288;289;290;296;298;299;309;310;311;477;478;479;564;565;566;628;629;630;696;697;699;736;737;738;744;745;746;784;786;787;789;790;791,64,1
cbfeb6c8-ec1f-4884-bcbf-14d7764c4a36,Is the pen placed in the book before writing?,No,"Yes, the pen is placed in the book before writing.",184;185;186;188;189;191;192;194;195;196;197;198;200;201;202;204;206;207;208;209;210;220;221;222;225;226;227;285;286;287;288;289;290;296;298;299;309;310;311;484;485;487;564;565;566;628;629;630;696;697;699;736;737;738;744;745;746;784;786;787;789;790;791,64,1
cbfeb6c8-ec1f-4884-bcbf-14d7764c4a36,Does the book close before the pen is picked up?,No,No.,184;185;186;188;189;191;192;194;195;196;197;198;200;201;202;204;206;207;208;209;210;220;221;222;225;226;227;285;286;287;288;289;290;296;298;299;309;310;311;477;478;479;564;565;566;628;629;630;696;697;699;736;737;738;744;745;746;784;786;787;789;790;791,64,1
cbfeb6c8-ec1f-4884-bcbf-14d7764c4a36,Is the cap of the pen removed after starting to write?,No,Yes.,184;185;186;188;189;191;192;194;195;196;197;198;200;201;202;204;206;207;208;209;210;220;221;222;225;226;227;285;286;287;288;289;290;296;298;299;309;310;311;477;478;479;564;565;566;628;629;630;696;697;699;736;737;738;744;745;746;784;786;787;789;790;791,64,1
cbfeb6c8-ec1f-4884-bcbf-14d7764c4a36,Does the hand turn the page before picking up the pen?,No,"Yes, the hand turns the page before picking up the pen.",184;185;186;188;189;191;192;194;195;196;197;198;200;201;202;204;206;207;208;209;210;220;221;222;225;226;227;285;286;287;288;289;290;296;298;299;309;310;311;477;478;479;564;565;566;628;629;630;696;697;699;736;737;738;744;745;746;784;786;787;789;790;791,64,1
cbfeb6c8-ec1f-4884-bcbf-14d7764c4a36,Is the pen visible in the scene before writing begins?,Yes,"Yes, the pen is visible in the scene before writing begins.",136;137;139;184;185;186;188;189;191;192;194;195;196;197;198;200;201;202;204;206;207;208;209;210;220;221;222;225;226;227;285;286;287;288;289;290;296;298;299;309;310;311;564;565;566;628;629;630;696;697;699;736;737;738;744;745;746;784;786;787;789;790;791,64,1
cbfeb6c8-ec1f-4884-bcbf-14d7764c4a36,What do we see happening before the hand appears in the frame?,The book is open,"Before the hand appears in the frame, we see a person sitting at a wooden desk with a notebook and a pen.",184;185;186;188;189;191;192;194;195;196;197;198;200;201;202;204;206;207;208;209;210;220;221;222;225;226;227;285;286;287;296;298;299;309;310;311;477;478;479;484;485;487;564;565;566;628;629;630;696;697;699;736;737;738;744;745;746;784;786;787;789;790;791,64,1
cbfeb6c8-ec1f-4884-bcbf-14d7764c4a36,What happens just before the pen touches the paper?,The hand moves towards the paper,"The pen is poised above the paper, ready to write.",136;137;139;184;185;186;188;189;191;192;194;195;196;197;198;200;201;202;204;206;207;208;209;210;220;221;222;225;226;227;285;286;287;288;289;290;296;298;299;309;310;311;564;565;566;628;629;630;696;697;699;736;737;738;744;745;746;784;786;787;789;790;791,64,1
cbfeb6c8-ec1f-4884-bcbf-14d7764c4a36,"In the video sequence, what action is performed before turning the page?",Writing on the current page,"Before turning the page, the person writes in the notebook with a blue pen.",184;185;186;188;189;191;192;194;195;196;197;198;200;201;202;204;206;207;208;209;210;220;221;222;225;226;227;285;286;287;288;289;290;296;298;299;309;310;311;477;478;479;564;565;566;628;629;630;696;697;699;736;737;738;744;745;746;784;786;787;789;790;791,64,1
cbfeb6c8-ec1f-4884-bcbf-14d7764c4a36,"In the video, what is done just before the hand finished writing?",Moving the pen across the paper,"Just before the hand finished writing, the person was seen holding a pen and writing in a spiral notebook.",184;185;186;188;189;191;192;194;195;196;197;198;200;201;202;204;206;207;208;209;210;220;221;222;225;226;227;285;286;287;296;298;299;309;310;311;477;478;479;484;485;487;564;565;566;628;629;630;696;697;699;736;737;738;744;745;746;784;786;787;789;790;791,64,1
cbfeb6c8-ec1f-4884-bcbf-14d7764c4a36,What does the brief of the depicted scenario show?,The scenario shows a person writing in a book in an apartment.,"The brief of the depicted scenario shows a person engaged in studying or working, with a focus on note-taking and organization.",184;185;186;188;189;191;192;194;195;196;197;198;200;201;202;204;206;207;208;209;210;220;221;222;225;226;227;285;286;287;288;289;290;296;298;299;309;310;311;484;485;487;564;565;566;628;629;630;696;697;699;736;737;738;744;745;746;784;786;787;789;790;791,64,1
cbfeb6c8-ec1f-4884-bcbf-14d7764c4a36,What is the setting of this video clip?,"The setting is indoors, in a well-lit apartment.","The setting of the video clip is a study or work environment with a wooden desk, a person wearing a green and yellow patterned top, and a notebook with the word ""BROCK"" on the cover.",184;185;186;188;189;191;192;194;195;196;197;198;200;201;202;204;206;207;208;209;210;220;221;222;225;226;227;285;286;287;288;289;290;296;298;299;309;310;311;477;478;479;564;565;566;628;629;630;696;697;699;736;737;738;744;745;746;784;786;787;789;790;791,64,1
cbfeb6c8-ec1f-4884-bcbf-14d7764c4a36,Does the video capture the person stopping their writing at any point?,No.,"No, the video captures the person writing in the notebook without stopping.",136;137;139;184;185;186;188;189;191;192;194;195;196;197;198;200;201;202;204;206;207;208;209;210;220;221;222;225;226;227;285;286;287;288;289;290;296;298;299;309;310;311;564;565;566;628;629;630;696;697;699;736;737;738;744;745;746;784;786;787;789;790;791,64,1
cbfeb6c8-ec1f-4884-bcbf-14d7764c4a36,Is the individual in the video using their left hand to write?,"No, they are using their right hand.","No, the individual is using their right hand to write.",184;185;186;188;189;191;192;194;195;196;197;198;200;201;202;204;206;207;208;209;210;220;221;222;225;226;227;285;286;287;296;298;299;309;310;311;477;478;479;484;485;487;564;565;566;628;629;630;696;697;699;736;737;738;744;745;746;784;786;787;789;790;791,64,1
cbfeb6c8-ec1f-4884-bcbf-14d7764c4a36,Is there another person present in the scene assisting the writer?,"No, the person is writing alone.","No, there is no indication of another person assisting the writer in the scene.",184;185;186;188;189;191;192;194;195;196;197;198;200;201;202;204;206;207;208;209;210;220;221;222;225;226;227;285;286;287;288;289;290;296;298;299;309;310;311;477;478;479;564;565;566;628;629;630;696;697;699;736;737;738;744;745;746;784;786;787;789;790;791,64,1
cbfeb6c8-ec1f-4884-bcbf-14d7764c4a36,"In the video, do I write in the book before holding the pen?",No,"No, you hold the pen before writing in the book.",184;185;186;188;189;191;192;194;195;196;197;198;200;201;202;204;206;207;208;209;210;220;221;222;225;226;227;285;286;287;296;298;299;309;310;311;477;478;479;484;485;487;564;565;566;628;629;630;696;697;699;736;737;738;744;745;746;784;786;787;789;790;791,64,1
cbfeb6c8-ec1f-4884-bcbf-14d7764c4a36,Is the pen in my right hand before I start writing in the book?,Yes,"Yes, the pen is in your right hand before you start writing in the book.",184;185;186;188;189;191;192;194;195;196;197;198;200;201;202;204;206;207;208;209;210;220;221;222;225;226;227;285;286;287;296;298;299;309;310;311;477;478;479;484;485;487;564;565;566;628;629;630;696;697;699;736;737;738;744;745;746;784;786;787;789;790;791,64,1
cbfeb6c8-ec1f-4884-bcbf-14d7764c4a36,"In the sequence, do I open the book before writing on it?",Yes,"Yes, in the sequence, you open the book before writing on it.",184;185;186;188;189;191;192;194;195;196;197;198;200;201;202;204;206;207;208;209;210;220;221;222;225;226;227;285;286;287;296;298;299;309;310;311;477;478;479;484;485;487;564;565;566;628;629;630;696;697;699;736;737;738;744;745;746;784;786;787;789;790;791,64,1
cbfeb6c8-ec1f-4884-bcbf-14d7764c4a36,"In the clip, do I wear a green shirt before writing in the book?",Yes,"Yes, in the clip, you are seen wearing a green shirt before writing in the book.",184;185;186;188;189;191;192;194;195;196;197;198;200;201;202;204;206;207;208;209;210;220;221;222;225;226;227;285;286;287;296;298;299;309;310;311;477;478;479;484;485;487;564;565;566;628;629;630;696;697;699;736;737;738;744;745;746;784;786;787;789;790;791,64,1
cbfeb6c8-ec1f-4884-bcbf-14d7764c4a36,What occurs just before holding the pen in my right hand?,I am wearing a green shirt,"Just before holding the pen in my right hand, I am seen holding a book with the word ""BROCK"" visible on the cover.",184;185;186;188;189;191;192;194;195;196;197;198;200;201;202;204;206;207;208;209;210;220;221;222;225;226;227;285;286;287;288;289;290;296;298;299;309;310;311;477;478;479;564;565;566;628;629;630;696;697;699;736;737;738;744;745;746;784;786;787;789;790;791,64,1
cbfeb6c8-ec1f-4884-bcbf-14d7764c4a36,Is the book opened before the pen is held in the right hand?,Yes,Yes.,184;185;186;188;189;191;192;194;195;196;197;198;200;201;202;204;206;207;208;209;210;220;221;222;225;226;227;285;286;287;296;298;299;309;310;311;477;478;479;484;485;487;564;565;566;628;629;630;696;697;699;736;737;738;744;745;746;784;786;787;789;790;791,64,1
cbfeb6c8-ec1f-4884-bcbf-14d7764c4a36,Is the hand placed on the book after the pen is picked up?,Yes,Yes.,184;185;186;188;189;191;192;194;195;196;197;198;200;201;202;204;206;207;208;209;210;220;221;222;225;226;227;285;286;287;296;298;299;309;310;311;477;478;479;484;485;487;564;565;566;628;629;630;696;697;699;736;737;738;744;745;746;784;786;787;789;790;791,64,1
cbfeb6c8-ec1f-4884-bcbf-14d7764c4a36,What happens just before the pen starts writing?,The pen is held in the right hand,"The pen is poised above the notebook, ready to start writing.",136;137;139;184;185;186;188;189;191;192;194;195;196;197;198;200;201;202;204;206;207;208;209;210;220;221;222;225;226;227;285;286;287;288;289;290;296;298;299;309;310;311;564;565;566;628;629;630;696;697;699;736;737;738;744;745;746;784;786;787;789;790;791,64,1
cbfeb6c8-ec1f-4884-bcbf-14d7764c4a36,What is visible before the wrist with a bracelet appears?,The hand holding the pen,A hand with painted nails is visible before the wrist with a bracelet appears.,184;185;186;188;189;191;192;194;195;196;197;198;200;201;202;204;206;207;208;209;210;220;221;222;225;226;227;285;286;287;296;298;299;309;310;311;477;478;479;484;485;487;564;565;566;628;629;630;696;697;699;736;737;738;744;745;746;784;786;787;789;790;791,64,1
cbfeb6c8-ec1f-4884-bcbf-14d7764c4a36,What do we see happening before the hand touches the book?,The book and pen are visible,"Before the hand touches the book, we see the person's hands resting on the desk, with one hand slightly raised as if they are about to start writing or reading.",184;185;186;188;189;191;192;194;195;196;197;198;200;201;202;204;206;207;208;209;210;220;221;222;225;226;227;285;286;287;288;289;290;296;298;299;309;310;311;477;478;479;564;565;566;628;629;630;696;697;699;736;737;738;744;745;746;784;786;787;789;790;791,64,1
cbfeb6c8-ec1f-4884-bcbf-14d7764c4a36,What takes place before the pen is seen in the video?,The apartment and the book are seen,"Before the pen is seen, the person is seen holding a book and writing on a piece of paper.",184;185;186;188;189;191;192;194;195;196;197;198;200;201;202;204;206;207;208;209;210;220;221;222;225;226;227;285;286;287;296;298;299;309;310;311;477;478;479;484;485;487;564;565;566;628;629;630;696;697;699;736;737;738;744;745;746;784;786;787;789;790;791,64,1
cbfeb6c8-ec1f-4884-bcbf-14d7764c4a36,What is the setting of the video?,In an apartment.,"The setting of the video is a study or work environment with a wooden desk, a person wearing a green and yellow patterned top, and a yellow spiral notebook.",184;185;186;188;189;191;192;194;195;196;197;198;200;201;202;204;206;207;208;209;210;220;221;222;225;226;227;285;286;287;296;298;299;309;310;311;477;478;479;484;485;487;564;565;566;628;629;630;696;697;699;736;737;738;744;745;746;784;786;787;789;790;791,64,1
cbfeb6c8-ec1f-4884-bcbf-14d7764c4a36,What activity does the video show?,Writing in a book.,The video shows a person writing in a notebook.,136;137;139;184;185;186;188;189;191;192;194;195;196;197;198;200;201;202;204;206;207;208;209;210;220;221;222;225;226;227;285;286;287;288;289;290;296;298;299;309;310;311;564;565;566;628;629;630;696;697;699;736;737;738;744;745;746;784;786;787;789;790;791,64,1
cbfeb6c8-ec1f-4884-bcbf-14d7764c4a36,Which hand is used for writing in the video?,The right hand.,The right hand is used for writing in the video.,184;185;186;188;189;191;192;194;195;196;197;198;200;201;202;204;206;207;208;209;210;220;221;222;225;226;227;285;286;287;296;298;299;309;310;311;477;478;479;484;485;487;564;565;566;628;629;630;696;697;699;736;737;738;744;745;746;784;786;787;789;790;791,64,1
cbfeb6c8-ec1f-4884-bcbf-14d7764c4a36,What type of pen is being used?,A ballpoint pen.,A blue pen is being used.,184;185;186;188;189;191;192;194;195;196;197;198;200;201;202;204;206;207;208;209;210;220;221;222;225;226;227;285;286;287;296;298;299;309;310;311;477;478;479;484;485;487;564;565;566;628;629;630;696;697;699;736;737;738;744;745;746;784;786;787;789;790;791,64,1
cbfeb6c8-ec1f-4884-bcbf-14d7764c4a36,What object is being used in the action?,A pen.,A blue pen is being used in the action.,184;185;186;188;189;191;192;194;195;196;197;198;200;201;202;204;206;207;208;209;210;220;221;222;225;226;227;285;286;287;296;298;299;309;310;311;477;478;479;484;485;487;564;565;566;628;629;630;696;697;699;736;737;738;744;745;746;784;786;787;789;790;791,64,1
cbfeb6c8-ec1f-4884-bcbf-14d7764c4a36,Is the writing action fluent or hesitant?,Fluent.,The writing action is fluent.,184;185;186;188;189;191;192;194;195;196;197;198;200;201;202;204;206;207;208;209;210;220;221;222;225;226;227;285;286;287;288;289;290;296;298;299;309;310;311;484;485;487;564;565;566;628;629;630;696;697;699;736;737;738;744;745;746;784;786;787;789;790;791,64,1
cbfeb6c8-ec1f-4884-bcbf-14d7764c4a36,Which direction is the pen moving?,Left to right.,The pen is moving from top to bottom.,184;185;186;188;189;191;192;194;195;196;197;198;200;201;202;204;206;207;208;209;210;220;221;222;225;226;227;285;286;287;288;289;290;296;298;299;309;310;311;477;478;479;564;565;566;628;629;630;696;697;699;736;737;738;744;745;746;784;786;787;789;790;791,64,1
cbfeb6c8-ec1f-4884-bcbf-14d7764c4a36,Is the person sitting on a cushion?,Yes.,Yes.,184;185;186;188;189;191;192;194;195;196;197;198;200;201;202;204;206;207;208;209;210;220;221;222;225;226;227;285;286;287;296;298;299;309;310;311;477;478;479;484;485;487;564;565;566;628;629;630;696;697;699;736;737;738;744;745;746;784;786;787;789;790;791,64,1
cbfeb6c8-ec1f-4884-bcbf-14d7764c4a36,Does the video show page-turning?,No.,"Yes, the video shows page-turning as the person switches between the spiral notebook and the textbook.",136;137;139;184;185;186;188;189;191;192;194;195;196;197;198;200;201;202;204;206;207;208;209;210;220;221;222;225;226;227;285;286;287;288;289;290;296;298;299;309;310;311;564;565;566;628;629;630;696;697;699;736;737;738;744;745;746;784;786;787;789;790;791,64,1
cbfeb6c8-ec1f-4884-bcbf-14d7764c4a36,Is the person wearing any wrist accessories?,Yes.,"Yes, the person is wearing a bracelet on their left wrist.",136;137;139;184;185;186;188;189;191;192;194;195;196;197;198;200;201;202;204;206;207;208;209;210;220;221;222;225;226;227;285;286;287;288;289;290;296;298;299;309;310;311;564;565;566;628;629;630;696;697;699;736;737;738;744;745;746;784;786;787;789;790;791,64,1
cbfeb6c8-ec1f-4884-bcbf-14d7764c4a36,Did the writing happen in a different location than the apartment?,No,"No, the writing happened in the same apartment.",184;185;186;188;189;191;192;194;195;196;197;198;200;201;202;204;206;207;208;209;210;220;221;222;225;226;227;285;286;287;296;298;299;309;310;311;477;478;479;484;485;487;564;565;566;628;629;630;696;697;699;736;737;738;744;745;746;784;786;787;789;790;791,64,1
cbfeb6c8-ec1f-4884-bcbf-14d7764c4a36,Did the use of right hand occur before writing in the book?,No,"Yes, the right hand was used to turn the pages of the book before writing in it.",184;185;186;188;189;191;192;194;195;196;197;198;200;201;202;204;206;207;208;209;210;220;221;222;225;226;227;285;286;287;288;289;290;296;298;299;309;310;311;477;478;479;564;565;566;628;629;630;696;697;699;736;737;738;744;745;746;784;786;787;789;790;791,64,1
cbfeb6c8-ec1f-4884-bcbf-14d7764c4a36,Was there a pen used after the book was opened?,Yes,Yes.,184;185;186;188;189;191;192;194;195;196;197;198;200;201;202;204;206;207;208;209;210;220;221;222;225;226;227;285;286;287;296;298;299;309;310;311;477;478;479;484;485;487;564;565;566;628;629;630;696;697;699;736;737;738;744;745;746;784;786;787;789;790;791,64,1
cbfeb6c8-ec1f-4884-bcbf-14d7764c4a36,Did any writing in the book occur without the use of a pen?,No,"No, the video only shows the person writing in the book with a pen.",184;185;186;188;189;191;192;194;195;196;197;198;200;201;202;204;206;207;208;209;210;220;221;222;225;226;227;285;286;287;296;298;299;309;310;311;477;478;479;484;485;487;564;565;566;628;629;630;696;697;699;736;737;738;744;745;746;784;786;787;789;790;791,64,1
cbfeb6c8-ec1f-4884-bcbf-14d7764c4a36,Was the book closed before writing commenced?,Yes,"Yes, the book was closed before writing commenced.",136;137;139;184;185;186;188;189;191;192;194;195;196;197;198;200;201;202;204;206;207;208;209;210;220;221;222;225;226;227;285;286;287;288;289;290;296;298;299;309;310;311;564;565;566;628;629;630;696;697;699;736;737;738;744;745;746;784;786;787;789;790;791,64,1
cbfeb6c8-ec1f-4884-bcbf-14d7764c4a36,What happened before the writing started?,The book was opened,"Before the writing started, the person was seen holding a pen and looking at the notebook, possibly reviewing the content or preparing to write.",136;137;139;184;185;186;188;189;191;192;194;195;196;197;198;200;201;202;204;206;207;208;209;210;220;221;222;225;226;227;285;286;287;288;289;290;296;298;299;309;310;311;564;565;566;628;629;630;696;697;699;736;737;738;744;745;746;784;786;787;789;790;791,64,1
cbfeb6c8-ec1f-4884-bcbf-14d7764c4a36,Does the writing in the book occur before changing the page?,Yes,"Yes, the writing in the book occurs before changing the page.",184;185;186;188;189;191;192;194;195;196;197;198;200;201;202;204;206;207;208;209;210;220;221;222;225;226;227;285;286;287;288;289;290;296;298;299;309;310;311;477;478;479;564;565;566;628;629;630;696;697;699;736;737;738;744;745;746;784;786;787;789;790;791,64,1
cbfeb6c8-ec1f-4884-bcbf-14d7764c4a36,Does the page turn happen before writing with the pen?,No,"Yes, the page turn happens before writing with the pen.",184;185;186;188;189;191;192;194;195;196;197;198;200;201;202;204;206;207;208;209;210;220;221;222;225;226;227;285;286;287;288;289;290;296;298;299;309;310;311;477;478;479;564;565;566;628;629;630;696;697;699;736;737;738;744;745;746;784;786;787;789;790;791,64,1
cbfeb6c8-ec1f-4884-bcbf-14d7764c4a36,What occurs just before changing to a new page in the video?,I finish writing,"Just before changing to a new page, the person pauses their writing, looks down at the notebook, and then proceeds to write on the new page.",184;185;186;188;189;191;192;194;195;196;197;198;200;201;202;204;206;207;208;209;210;220;221;222;225;226;227;285;286;287;296;298;299;309;310;311;477;478;479;484;485;487;564;565;566;628;629;630;696;697;699;736;737;738;744;745;746;784;786;787;789;790;791,64,1
cbfeb6c8-ec1f-4884-bcbf-14d7764c4a36,What do I do before sitting down to write in the video?,I enter the room,"Before sitting down to write in the video, the person is seen standing and holding a notebook and a pen, preparing to write.",184;185;186;188;189;191;192;194;195;196;197;198;204;206;207;208;209;210;220;221;222;225;226;227;285;286;287;288;289;290;296;298;299;309;310;311;477;478;479;484;485;487;564;565;566;628;629;630;696;697;699;736;737;738;744;745;746;784;786;787;789;790;791,64,1
cbfeb6c8-ec1f-4884-bcbf-14d7764c4a36,What is the setting of the scene in the video clip?,The setting is inside a room.,"The setting of the scene in the video clip is a study or work environment with a wooden desk, a person wearing a green and yellow patterned top, and a yellow spiral notebook.",184;185;186;188;189;191;192;194;195;196;197;198;200;201;202;204;206;207;208;209;210;220;221;222;225;226;227;285;286;287;296;298;299;309;310;311;477;478;479;484;485;487;564;565;566;628;629;630;696;697;699;736;737;738;744;745;746;784;786;787;789;790;791,64,1
cbfeb6c8-ec1f-4884-bcbf-14d7764c4a36,What objects are present in the video clip?,A book and a pen are present.,"The video clip features a person sitting at a wooden desk, writing in a spiral-bound notebook with a blue pen. There is a large open book or textbook on the desk, which appears to be related to the subject matter being written about. The person is wearing a green long-sleeved shirt and has a bracelet on their left wrist. The setting suggests a study or work environment.",184;185;186;188;189;191;192;194;195;196;197;198;200;201;202;204;206;207;208;209;210;220;221;222;225;226;227;285;286;287;288;289;290;296;298;299;309;310;311;564;565;566;628;629;630;696;697;699;736;737;738;744;745;746;748;749;750;784;786;787;789;790;791,64,1
cbfeb6c8-ec1f-4884-bcbf-14d7764c4a36,Can you describe the action the person is performing?,The person is flipping through pages and writing.,"The person is writing in a notebook with a blue pen. The notebook has a spiral binding and is open to a page with lined paper. The person is seated at a wooden desk, and there is another open book or document next to the notebook. The person's hands are visible, with one hand holding the notebook and the other hand writing. The person is wearing a green long-sleeved shirt and a bracelet on their left wrist. The background includes a wooden floor and a chair.",184;185;186;188;189;191;192;194;195;196;197;198;200;201;202;204;206;207;208;209;210;220;221;222;225;226;227;285;286;287;296;298;299;309;310;311;477;478;479;484;485;487;564;565;566;628;629;630;696;697;699;736;737;738;744;745;746;784;786;787;789;790;791,64,1
cbfeb6c8-ec1f-4884-bcbf-14d7764c4a36,Does the video show the person closing the book?,No.,"No, the video does not show the person closing the book.",136;137;139;184;185;186;188;189;191;192;194;195;196;197;198;200;201;202;204;206;207;208;209;210;220;221;222;225;226;227;285;286;287;288;289;290;296;298;299;309;310;311;564;565;566;628;629;630;696;697;699;736;737;738;744;745;746;784;786;787;789;790;791,64,1
cbfeb6c8-ec1f-4884-bcbf-14d7764c4a36,Is the person using a pencil to write?,No.,"No, the person is using a blue pen to write.",184;185;186;188;189;191;192;194;195;196;197;198;200;201;202;204;206;207;208;209;210;220;221;222;225;226;227;285;286;287;288;289;290;296;298;299;309;310;311;484;485;487;564;565;566;628;629;630;696;697;699;736;737;738;744;745;746;784;786;787;789;790;791,64,1
cbfeb6c8-ec1f-4884-bcbf-14d7764c4a36,Does the video capture the person turning off the light?,No.,"No, the video does not capture the person turning off the light.",136;137;139;184;185;186;188;189;191;192;194;195;196;197;198;200;201;202;204;206;207;208;209;210;220;221;222;225;226;227;285;286;287;288;289;290;296;298;299;309;310;311;564;565;566;628;629;630;696;697;699;736;737;738;744;745;746;784;786;787;789;790;791,64,1
cbfeb6c8-ec1f-4884-bcbf-14d7764c4a36,Does the video show the person taking notes from another text?,No.,"Yes, the video shows the person taking notes from another text, as indicated by the open book on the desk.",136;137;139;184;185;186;188;189;191;192;194;195;196;197;198;200;201;202;204;206;207;208;209;210;220;221;222;225;226;227;285;286;287;288;289;290;296;298;299;309;310;311;564;565;566;628;629;630;696;697;699;736;737;738;744;745;746;784;786;787;789;790;791,64,1
cbfeb6c8-ec1f-4884-bcbf-14d7764c4a36,"In the video, is the book closed before writing begins?",Yes,"Yes, the book is closed before writing begins.",184;185;186;188;189;191;192;194;195;196;197;198;200;201;202;204;206;207;208;209;210;220;221;222;225;226;227;285;286;287;288;289;290;296;298;299;309;310;311;477;478;479;564;565;566;628;629;630;696;697;699;736;737;738;744;745;746;784;786;787;789;790;791,64,1
cbfeb6c8-ec1f-4884-bcbf-14d7764c4a36,Does turning the page happen after writing with the pen?,Yes,"Yes, turning the page happens after writing with the pen.",184;185;186;188;189;191;192;194;195;196;197;198;200;201;202;204;206;207;208;209;210;220;221;222;225;226;227;285;286;287;288;289;290;296;298;299;309;310;311;477;478;479;564;565;566;628;629;630;696;697;699;736;737;738;744;745;746;784;786;787;789;790;791,64,1
cbfeb6c8-ec1f-4884-bcbf-14d7764c4a36,"In the video, is the pen picked up before the book is opened?",No,"No, the pen is picked up after the book is opened.",184;185;186;188;189;191;192;194;195;196;197;198;200;201;202;204;206;207;208;209;210;220;221;222;225;226;227;285;286;287;288;289;290;296;298;299;309;310;311;477;478;479;484;485;487;564;565;566;696;697;699;736;737;738;744;745;746;784;786;787;789;790;791,64,1
cbfeb6c8-ec1f-4884-bcbf-14d7764c4a36,Does the writing occur before sitting down in the chair?,No,"No, the writing occurs while sitting down in the chair.",184;185;186;188;189;191;192;194;195;196;197;198;200;201;202;204;206;207;208;209;210;220;221;222;225;226;227;285;286;287;288;289;290;296;298;299;309;310;311;477;478;479;564;565;566;628;629;630;696;697;699;736;737;738;744;745;746;784;786;787;789;790;791,64,1
cbfeb6c8-ec1f-4884-bcbf-14d7764c4a36,"In the video sequence, what occurs before the person starts writing?",The book is opened,"Before the person starts writing, they are seen holding a pen and looking at the notebook, possibly reviewing the content or preparing to write.",136;137;139;184;185;186;188;189;191;192;194;195;196;197;198;200;201;202;204;206;207;208;209;210;220;221;222;225;226;227;285;286;287;288;289;290;296;298;299;309;310;311;564;565;566;628;629;630;696;697;699;736;737;738;744;745;746;784;786;787;789;790;791,64,1
cbfeb6c8-ec1f-4884-bcbf-14d7764c4a36,What action takes place before the book is closed?,The person stops writing,The person writes in the book before it is closed.,184;185;186;188;189;191;192;194;195;196;197;198;200;201;202;204;206;207;208;209;210;220;221;222;225;226;227;285;286;287;288;289;290;296;298;299;309;310;311;477;478;479;564;565;566;628;629;630;696;697;699;736;737;738;744;745;746;784;786;787;789;790;791,64,1
cbfeb6c8-ec1f-4884-bcbf-14d7764c4a36,"In the video, is the book closed after the writing is done?",Yes,"No, the book remains open after the writing is done.",184;185;186;188;189;191;192;194;195;196;197;198;200;201;202;204;206;207;208;209;210;220;221;222;225;226;227;285;286;287;296;298;299;309;310;311;477;478;479;484;485;487;564;565;566;628;629;630;696;697;699;736;737;738;744;745;746;784;786;787;789;790;791,64,1
cbfeb6c8-ec1f-4884-bcbf-14d7764c4a36,"In the video, is there writing on the book's cover before the person writes inside?",Yes,"No, the book's cover is blank before the person starts writing inside.",184;185;186;188;189;191;192;194;195;196;197;198;200;201;202;204;206;207;208;209;210;220;221;222;225;226;227;285;286;287;296;298;299;309;310;311;477;478;479;484;485;487;564;565;566;628;629;630;696;697;699;736;737;738;744;745;746;784;786;787;789;790;791,64,1
cbfeb6c8-ec1f-4884-bcbf-14d7764c4a36,What is done before the pen cap is removed?,The person prepares to write,"Before the pen cap is removed, the person is seen holding the pen in their right hand, poised to write.",184;185;186;188;189;191;192;194;195;196;197;198;200;201;202;204;206;207;208;209;210;220;221;222;225;226;227;285;286;287;296;298;299;309;310;311;477;478;479;484;485;487;564;565;566;628;629;630;696;697;699;736;737;738;744;745;746;784;786;787;789;790;791,64,1
cbfeb6c8-ec1f-4884-bcbf-14d7764c4a36,What activity is displayed in the provided image?,Writing in a book.,The image displays a person engaged in writing or note-taking.,136;137;139;184;185;186;188;189;191;192;194;195;196;197;198;200;201;202;204;206;207;208;209;210;220;221;222;225;226;227;285;286;287;288;289;290;296;298;299;309;310;311;564;565;566;628;629;630;696;697;699;736;737;738;744;745;746;784;786;787;789;790;791,64,1
cbfeb6c8-ec1f-4884-bcbf-14d7764c4a36,Describe the setting where the depicted activity takes place.,In a room.,"The setting is a well-lit room with a wooden desk, where the person is seated and engaged in writing in a spiral-bound notebook. The desk has a wooden surface, and there is a book or textbook open to a page with text and diagrams. The person is wearing a green long-sleeved shirt and a pinkish-red garment underneath. The floor is wooden, and there is a glimpse of another person's legs wearing dark pants and black shoes. The lighting is natural, suggesting the presence of a window or an open door nearby.",136;137;139;184;185;186;188;189;191;192;194;195;196;197;198;200;201;202;204;206;207;208;209;210;220;221;222;225;226;227;285;286;287;288;289;290;296;298;299;309;310;311;564;565;566;628;629;630;696;697;699;736;737;738;744;745;746;784;786;787;789;790;791,64,1
cbfeb6c8-ec1f-4884-bcbf-14d7764c4a36,What object is being used in conjunction with the book?,A pen.,A blue pen is being used in conjunction with the book.,184;185;186;188;189;191;192;194;195;196;197;198;200;201;202;204;206;207;208;209;210;220;221;222;225;226;227;285;286;287;296;298;299;309;310;311;477;478;479;484;485;487;564;565;566;628;629;630;696;697;699;736;737;738;744;745;746;784;786;787;789;790;791,64,1
cbfeb6c8-ec1f-4884-bcbf-14d7764c4a36,How is the person holding the pen in the frame?,With their right hand.,The person is holding the pen in their right hand.,184;185;186;188;189;191;192;194;195;196;197;198;200;201;202;204;206;207;208;209;210;220;221;222;225;226;227;285;286;287;296;298;299;309;310;311;477;478;479;484;485;487;564;565;566;628;629;630;696;697;699;736;737;738;744;745;746;784;786;787;789;790;791,64,1
cbfeb6c8-ec1f-4884-bcbf-14d7764c4a36,What part of the room is visible in the clip?,"Only the table area, specifics of the room are not visible.",The wooden floor and a portion of the chair are visible in the clip.,184;185;186;188;189;191;192;194;195;196;197;198;200;201;202;204;206;207;208;209;210;220;221;222;225;226;227;285;286;287;296;298;299;309;310;311;477;478;479;484;485;487;564;565;566;628;629;630;696;697;699;736;737;738;744;745;746;784;786;787;789;790;791,64,1
cbfeb6c8-ec1f-4884-bcbf-14d7764c4a36,Is the person writing with their left hand?,No.,No.,184;185;186;188;189;191;192;194;195;196;197;198;200;201;202;204;206;207;208;209;210;220;221;222;225;226;227;285;286;287;288;289;290;296;298;299;309;310;311;484;485;487;564;565;566;628;629;630;696;697;699;736;737;738;744;745;746;784;786;787;789;790;791,64,1
cbfeb6c8-ec1f-4884-bcbf-14d7764c4a36,Is the person writing on the last page of the book?,"No, there are more pages visible.",Yes.,184;185;186;188;189;191;192;194;195;196;197;198;200;201;202;204;206;207;208;209;210;220;221;222;225;226;227;285;286;287;288;289;290;296;298;299;309;310;311;484;485;487;564;565;566;628;629;630;696;697;699;736;737;738;744;745;746;784;786;787;789;790;791,64,1
cbfeb6c8-ec1f-4884-bcbf-14d7764c4a36,Can we assume the writer is in a public space?,"No, it appears to be a private space.","No, there are no visible signs of other people or public spaces in the video.",184;185;186;188;189;191;192;194;195;196;197;198;200;201;202;204;206;207;208;209;210;220;221;222;225;226;227;285;286;287;296;298;299;309;310;311;477;478;479;484;485;487;564;565;566;628;629;630;696;697;699;736;737;738;744;745;746;784;786;787;789;790;791,64,1
cbfeb6c8-ec1f-4884-bcbf-14d7764c4a36,"In the video, does turning the page happen before writing begins?",No,"Yes, turning the page happens before writing begins.",184;185;186;188;189;191;192;194;195;196;197;198;200;201;202;204;206;207;208;209;210;220;221;222;225;226;227;285;286;287;288;289;290;296;298;299;309;310;311;477;478;479;564;565;566;628;629;630;696;697;699;736;737;738;744;745;746;784;786;787;789;790;791,64,1
cbfeb6c8-ec1f-4884-bcbf-14d7764c4a36,Is the book opened after the pen is held in the hand?,Yes,Yes.,184;185;186;188;189;191;192;194;195;196;197;198;200;201;202;204;206;207;208;209;210;220;221;222;225;226;227;285;286;287;296;298;299;309;310;311;477;478;479;484;485;487;564;565;566;628;629;630;696;697;699;736;737;738;744;745;746;784;786;787;789;790;791,64,1
cbfeb6c8-ec1f-4884-bcbf-14d7764c4a36,"In the video, does writing in the book happen before closing the book?",Yes,"No, writing in the book happens after closing the book.",184;185;186;188;189;191;192;194;195;196;197;198;200;201;202;204;206;207;208;209;210;220;221;222;225;226;227;285;286;287;288;289;290;296;298;299;309;310;311;477;478;479;564;565;566;628;629;630;696;697;699;736;737;738;744;745;746;784;786;787;789;790;791,64,1
cbfeb6c8-ec1f-4884-bcbf-14d7764c4a36,"In the video sequence, what do we see occurring just before turning the page?",Writing on the previous page,We see the person writing in the notebook with a blue pen.,184;185;186;188;189;191;192;194;195;196;197;198;200;201;202;204;206;207;208;209;210;220;221;222;225;226;227;285;286;287;288;289;290;296;298;299;309;310;311;477;478;479;564;565;566;628;629;630;696;697;699;736;737;738;744;745;746;784;786;787;789;790;791,64,1
cbfeb6c8-ec1f-4884-bcbf-14d7764c4a36,What action takes place immediately before the pen touches the paper?,Holding the pen above the book,"The person's hand is poised above the paper, ready to write.",136;137;139;184;185;186;188;189;191;192;194;195;196;197;198;200;201;202;204;206;207;208;209;210;220;221;222;225;226;227;285;286;287;288;289;290;296;298;299;309;310;311;564;565;566;628;629;630;696;697;699;736;737;738;744;745;746;784;786;787;789;790;791,64,1
cbfeb6c8-ec1f-4884-bcbf-14d7764c4a36,"In the video, what happens right before the book is opened?",Sitting down,"Right before the book is opened, the person is seen holding a pen and looking at the book.",184;185;186;188;189;191;192;194;195;196;197;198;200;201;202;204;206;207;208;209;210;220;221;222;225;226;227;285;286;287;288;289;290;296;298;299;309;310;311;477;478;479;564;565;566;628;629;630;696;697;699;736;737;738;744;745;746;784;786;787;789;790;791,64,1
cbfeb6c8-ec1f-4884-bcbf-14d7764c4a36,Did I write in the book before turning the page?,Yes,"Yes, you wrote in the book before turning the page.",184;185;186;188;189;191;192;194;195;196;197;198;200;201;202;204;206;207;208;209;210;220;221;222;225;226;227;285;286;287;288;289;290;296;298;299;309;310;311;477;478;479;564;565;566;628;629;630;696;697;699;736;737;738;744;745;746;784;786;787;789;790;791,64,1
cbfeb6c8-ec1f-4884-bcbf-14d7764c4a36,Is the book already opened before I start writing?,Yes,"Yes, the book is already opened before you start writing.",136;137;139;184;185;186;188;189;191;192;194;195;196;197;198;200;201;202;204;206;207;208;209;210;220;221;222;225;226;227;285;286;287;288;289;290;296;298;299;309;310;311;564;565;566;628;629;630;696;697;699;736;737;738;744;745;746;784;786;787;789;790;791,64,1
cbfeb6c8-ec1f-4884-bcbf-14d7764c4a36,Did I place my left hand on the page before writing with the pen?,Yes,"Yes, you placed your left hand on the page before writing with the pen.",184;185;186;188;189;191;192;194;195;196;197;198;200;201;202;204;206;207;208;209;210;220;221;222;225;226;227;285;286;287;296;298;299;309;310;311;477;478;479;484;485;487;564;565;566;628;629;630;696;697;699;736;737;738;744;745;746;784;786;787;789;790;791,64,1
cbfeb6c8-ec1f-4884-bcbf-14d7764c4a36,What happens before I use the pen to write?,Opening the book,"Before using the pen to write, you first hold it in your hand, positioning it above the notebook or paper where you intend to write. You may also take a moment to think about what you want to write or to organize your thoughts. Once you are ready, you make contact with the paper and begin to write, using the pen to form letters, words, or sentences.",184;185;186;188;189;191;192;194;195;196;197;198;200;201;202;204;206;207;208;209;210;220;221;222;225;226;227;285;286;287;288;289;290;296;298;299;309;310;311;477;478;479;564;565;566;628;629;630;696;697;699;736;737;738;744;745;746;784;786;787;789;790;791,64,1
cbfeb6c8-ec1f-4884-bcbf-14d7764c4a36,"Before closing the book, what action is performed?",Turning the page,"Before closing the book, the person writes on the last page.",136;137;139;184;185;186;188;189;191;192;194;195;196;197;198;200;201;202;204;206;207;208;209;210;220;221;222;225;226;227;285;286;287;288;289;290;296;298;299;309;310;311;564;565;566;628;629;630;696;697;699;736;737;738;744;745;746;784;786;787;789;790;791,64,1
cbfeb6c8-ec1f-4884-bcbf-14d7764c4a36,What is the setting of this video clip?,"The setting is indoors, at a desk.","The setting of the video clip is a study or work environment with a wooden desk, a person wearing a green and yellow patterned top, and a notebook with the word ""BROCK"" on the cover.",184;185;186;188;189;191;192;194;195;196;197;198;200;201;202;204;206;207;208;209;210;220;221;222;225;226;227;285;286;287;288;289;290;296;298;299;309;310;311;477;478;479;564;565;566;628;629;630;696;697;699;736;737;738;744;745;746;784;786;787;789;790;791,64,1
cbfeb6c8-ec1f-4884-bcbf-14d7764c4a36,What objects are present in this scene?,"A book, a pen, and a desk.","In the scene, there is a person sitting at a wooden desk. The person is wearing a green long-sleeved top and a pinkish-red garment underneath. They are holding a blue pen and writing in a spiral-bound notebook. The notebook has a yellow cover with the word ""BROCK"" printed on it. The person is also holding a larger book or textbook open on the desk, which appears to be related to the subject they are studying or working on. The desk is wooden, and the person is seated on a chair with a dark-colored backrest. The setting suggests a study or work environment.",184;185;186;188;189;191;192;194;195;196;197;198;200;201;202;204;206;207;208;209;210;220;221;222;225;226;227;285;286;287;288;289;290;296;298;299;309;310;311;477;478;479;564;565;566;628;629;630;696;697;699;736;737;738;744;745;746;784;786;787;789;790;791,64,1
cbfeb6c8-ec1f-4884-bcbf-14d7764c4a36,Is the person writing with their right hand?,Yes.,Yes.,184;185;186;188;189;191;192;194;195;196;197;198;200;201;202;204;206;207;208;209;210;220;221;222;225;226;227;285;286;287;288;289;290;296;298;299;309;310;311;484;485;487;564;565;566;628;629;630;696;697;699;736;737;738;744;745;746;784;786;787;789;790;791,64,1
cbfeb6c8-ec1f-4884-bcbf-14d7764c4a36,Is the notebook placed on the person's lap?,No.,"No, the notebook is placed on the desk.",184;185;186;188;189;191;192;194;195;196;197;198;200;201;202;204;206;207;208;209;210;220;221;222;225;226;227;285;286;287;288;289;290;296;298;299;309;310;311;484;485;487;564;565;566;628;629;630;696;697;699;736;737;738;744;745;746;784;786;787;789;790;791,64,1
cbfeb6c8-ec1f-4884-bcbf-14d7764c4a36,Does this video show any electronic devices being used?,No.,"No, the video does not show any electronic devices being used.",136;137;139;184;185;186;188;189;191;192;194;195;196;197;198;200;201;202;204;206;207;208;209;210;220;221;222;225;226;227;285;286;287;288;289;290;296;298;299;309;310;311;564;565;566;628;629;630;696;697;699;736;737;738;744;745;746;784;786;787;789;790;791,64,1
cbfeb6c8-ec1f-4884-bcbf-14d7764c4a36,Is the person seated while writing in the book?,Yes.,Yes.,184;185;186;188;189;191;192;194;195;196;197;198;200;201;202;204;206;207;208;209;210;220;221;222;225;226;227;285;286;287;288;289;290;296;298;299;309;310;311;477;478;479;564;565;566;628;629;630;696;697;699;736;737;738;744;745;746;784;786;787;789;790;791,64,1
cbfeb6c8-ec1f-4884-bcbf-14d7764c4a36,Do I sit down before beginning to write?,Yes,"Yes, you sit down before beginning to write.",184;185;186;188;189;191;192;194;195;196;197;198;200;201;202;204;206;207;208;209;210;220;221;222;225;226;227;285;286;287;288;289;290;296;298;299;309;310;311;477;478;479;564;565;566;628;629;630;696;697;699;736;737;738;744;745;746;784;786;787;789;790;791,64,1
cbfeb6c8-ec1f-4884-bcbf-14d7764c4a36,What happens before the book is opened?,I sit down at the desk.,"Before the book is opened, the person is seen holding the book and looking at it.",184;185;186;188;189;191;192;194;195;196;197;198;200;201;202;204;206;207;208;209;210;220;221;222;225;226;227;285;286;287;288;289;290;296;298;299;309;310;311;477;478;479;564;565;566;628;629;630;696;697;699;736;737;738;744;745;746;784;786;787;789;790;791,64,1
cbfeb6c8-ec1f-4884-bcbf-14d7764c4a36,Did I close the book before starting to write?,No,"Yes, you closed the book before starting to write.",136;137;139;184;185;186;188;189;191;192;194;195;196;197;198;200;201;202;204;206;207;208;209;210;220;221;222;225;226;227;285;286;287;288;289;290;296;298;299;309;310;311;564;565;566;628;629;630;696;697;699;736;737;738;744;745;746;784;786;787;789;790;791,64,1
cbfeb6c8-ec1f-4884-bcbf-14d7764c4a36,Was I seated while writing in the book?,Yes,"Yes, you were seated while writing in the book.",184;185;186;188;189;191;192;194;195;196;197;198;200;201;202;204;206;207;208;209;210;220;221;222;225;226;227;285;286;287;296;298;299;309;310;311;477;478;479;484;485;487;564;565;566;628;629;630;696;697;699;736;737;738;744;745;746;784;786;787;789;790;791,64,1
cbfeb6c8-ec1f-4884-bcbf-14d7764c4a36,Did I turn the page after finishing writing?,No,"Yes, you turned the page after finishing writing.",136;137;139;184;185;186;188;189;191;192;194;195;196;197;198;200;201;202;204;206;207;208;209;210;220;221;222;225;226;227;285;286;287;288;289;290;296;298;299;309;310;311;564;565;566;628;629;630;696;697;699;736;737;738;744;745;746;784;786;787;789;790;791,64,1
cbfeb6c8-ec1f-4884-bcbf-14d7764c4a36,Was the pen put down before closing the book?,No,"No, the pen was not put down before closing the book. The person was still writing in the book when it was closed.",184;185;186;188;189;191;192;194;195;196;197;198;200;201;202;204;206;207;208;209;210;220;221;222;225;226;227;285;286;287;288;289;290;296;298;299;309;310;311;477;478;479;564;565;566;628;629;630;696;697;699;736;737;738;744;745;746;784;786;787;789;790;791,64,1
cbfeb6c8-ec1f-4884-bcbf-14d7764c4a36,Did I write on the left page before the right one?,No,"It appears that you wrote on the left page before the right one. The left page shows more writing and appears to be more filled out compared to the right page, which has less writing and more blank space.",184;185;186;188;189;191;192;194;195;196;197;198;200;201;202;204;206;207;208;209;210;220;221;222;225;226;227;285;286;287;288;289;290;296;298;299;309;310;311;477;478;479;564;565;566;628;629;630;696;697;699;736;737;738;744;745;746;784;786;787;789;790;791,64,1
cbfeb6c8-ec1f-4884-bcbf-14d7764c4a36,What is the setting of the scene in this video clip?,"The setting is indoors, with a person writing in a notebook.","The setting of the scene is a study or work environment with a wooden desk, a person wearing a green and yellow patterned top, and a yellow spiral notebook.",184;185;186;188;189;191;192;194;195;196;197;198;200;201;202;204;206;207;208;209;210;220;221;222;225;226;227;285;286;287;296;298;299;309;310;311;477;478;479;484;485;487;564;565;566;628;629;630;696;697;699;736;737;738;744;745;746;784;786;787;789;790;791,64,1
cbfeb6c8-ec1f-4884-bcbf-14d7764c4a36,What activity is being performed in the scene?,Writing on a notebook with a pen.,The activity being performed in the scene is writing or taking notes.,184;185;186;188;189;191;192;194;195;196;197;198;200;201;202;204;206;207;208;209;210;220;221;222;225;226;227;285;286;287;296;298;299;309;310;311;477;478;479;484;485;487;564;565;566;628;629;630;696;697;699;736;737;738;744;745;746;784;786;787;789;790;791,64,1
cbfeb6c8-ec1f-4884-bcbf-14d7764c4a36,What can we deduce about the person's task in the video?,The person is engaged in a writing activity.,"Based on the video, we can deduce that the person is engaged in a task that involves reading, writing, and possibly studying or working on a project. The presence of the notebook and the pen suggests that they are taking notes or working through problems, and the open book indicates that they are referencing or studying from it. The consistent setting and the person's focused demeanor suggest that they are dedicated to their task.",184;185;186;188;189;191;192;194;195;196;197;198;200;201;202;204;206;207;208;209;210;220;221;222;225;226;227;285;286;287;296;298;299;309;310;311;477;478;479;484;485;487;564;565;566;628;629;630;696;697;699;736;737;738;744;745;746;784;786;787;789;790;791,64,1
cbfeb6c8-ec1f-4884-bcbf-14d7764c4a36,Describe the motion taking place in these frames?,The movement of the hand while writing.,"The video depicts a person engaged in writing or note-taking activities. The individual is seated at a wooden desk, wearing a green long-sleeved shirt and a pinkish-red garment underneath. They are using a blue pen to write in a spiral-bound notebook. The notebook is open to a page with pre-printed text, which appears to be a structured format, possibly for notes or a study guide. The person's hands are visible, with one hand holding the pen and the other hand resting on the desk, possibly for support or to turn pages. The desk also holds a larger book or textbook, which is open to a page with text, suggesting that the person might be referencing it while writing in the notebook. The background is minimal, with a wooden floor and a portion of another person's legs visible, indicating that the person is not alone in the room. The lighting is natural, coming from the left side of the frame, casting shadows on the desk and the person's hands. The video captures the person's focused and methodical approach to writing, emphasizing the act of learning or studying.",184;185;186;188;189;191;192;194;195;196;197;198;200;201;202;204;206;207;208;209;210;220;221;222;225;226;227;285;286;287;288;289;290;296;298;299;309;310;311;564;565;566;628;629;630;696;697;699;736;737;738;744;745;746;748;749;750;784;786;787;789;790;791,64,1
cbfeb6c8-ec1f-4884-bcbf-14d7764c4a36,Does the person stop writing at any point in the video?,No.,"No, the person continues writing in the notebook throughout the video.",184;185;186;188;189;191;192;194;195;196;197;198;200;201;202;204;206;207;208;209;210;220;221;222;225;226;227;285;286;287;296;298;299;309;310;311;477;478;479;484;485;487;564;565;566;628;629;630;696;697;699;736;737;738;744;745;746;784;786;787;789;790;791,64,1
cbfeb6c8-ec1f-4884-bcbf-14d7764c4a36,Is there any use of electronic devices in these frames?,No.,"No, there is no use of electronic devices in these frames. The person is writing in notebooks and appears to be engaged in a study or note-taking session.",184;185;186;188;189;191;192;194;195;196;197;198;200;201;202;204;206;207;208;209;210;220;221;222;225;226;227;285;286;287;288;289;290;296;298;299;309;310;311;564;565;566;628;629;630;696;697;699;736;737;738;744;745;746;748;749;750;784;786;787;789;790;791,64,1
cbfeb6c8-ec1f-4884-bcbf-14d7764c4a36,"In the video sequence, what do we see happening before writing with the pen?",Sitting at the desk,"Before writing with the pen, we see the person's hands resting on the desk, with one hand holding the pen and the other hand resting on the notebook.",184;185;186;188;189;191;192;194;195;196;197;198;200;201;202;204;206;207;208;209;210;220;221;222;225;226;227;285;286;287;288;289;290;296;298;299;309;310;311;477;478;479;564;565;566;628;629;630;696;697;699;736;737;738;744;745;746;784;786;787;789;790;791,64,1
cbfeb6c8-ec1f-4884-bcbf-14d7764c4a36,What occurs just before opening the notebook in the video?,Sitting at the desk,"Just before opening the notebook, the person is seen holding a pen and looking at the notebook, possibly deciding where to start writing.",184;185;186;188;189;191;192;194;195;196;197;198;200;201;202;204;206;207;208;209;210;220;221;222;225;226;227;285;286;287;288;289;290;296;298;299;309;310;311;477;478;479;564;565;566;628;629;630;696;697;699;736;737;738;744;745;746;784;786;787;789;790;791,64,1
cbfeb6c8-ec1f-4884-bcbf-14d7764c4a36,"In the video, does using the pen happen after sitting at the desk?",Yes,"Yes, using the pen happens after sitting at the desk.",184;185;186;188;189;191;192;194;195;196;197;198;200;201;202;204;206;207;208;209;210;220;221;222;225;226;227;285;286;287;296;298;299;309;310;311;477;478;479;484;485;487;564;565;566;628;629;630;696;697;699;736;737;738;744;745;746;784;786;787;789;790;791,64,1
cbfeb6c8-ec1f-4884-bcbf-14d7764c4a36,What action precedes putting down the pen on the desk?,Writing in the book,The action that precedes putting down the pen on the desk is writing in the notebook.,184;185;186;188;189;191;192;194;195;196;197;198;200;201;202;204;206;207;208;209;210;220;221;222;225;226;227;285;286;287;288;289;290;296;298;299;309;310;311;477;478;479;564;565;566;628;629;630;696;697;699;736;737;738;744;745;746;784;786;787;789;790;791,64,1
cbfeb6c8-ec1f-4884-bcbf-14d7764c4a36,What is done just before the writing starts in the video?,Picking up the pen,"The person is seen holding a pen and looking at the notebook, possibly reviewing the content or preparing to start writing.",184;185;186;188;189;191;192;194;195;196;197;198;200;201;202;204;206;207;208;209;210;220;221;222;225;226;227;285;286;287;296;298;299;309;310;311;477;478;479;484;485;487;564;565;566;628;629;630;696;697;699;736;737;738;744;745;746;784;786;787;789;790;791,64,1
cbfeb6c8-ec1f-4884-bcbf-14d7764c4a36,Which action is depicted in this frame?,Writing in a book with a pen.,"The image shows a person sitting at a desk and writing in a notebook with a pen. The person appears to be focused on their writing, and there is another open book or notebook on the desk, suggesting they might be studying or working on a task that involves reading and writing. The environment looks like a typical study or work setting.",184;185;186;188;189;191;192;194;195;196;197;198;200;201;202;204;206;207;208;209;210;220;221;222;225;226;227;285;286;287;296;298;299;309;310;311;477;478;479;484;485;487;564;565;566;628;629;630;696;697;699;736;737;738;744;745;746;784;786;787;789;790;791,64,1
cbfeb6c8-ec1f-4884-bcbf-14d7764c4a36,Describe the surroundings visible in this frame.,"Indoors, likely a desk or table.","The image depicts a person sitting at a wooden desk, engaged in writing or studying. The individual is wearing a green long-sleeved shirt with a patterned design and a pinkish-red garment underneath. They are holding a blue pen and are focused on writing in a spiral-bound notebook. The notebook is open to a page with a grid layout, which appears to be used for taking notes or filling out a structured form.On the desk, there is another open book or document with text and diagrams, suggesting that the person might be referencing it while writing in the notebook. The desk is made of wood and has a natural finish, giving it a warm and rustic appearance. The person's hands are visible, with one hand holding the pen and the other hand resting on the notebook, indicating active engagement in the task.The background is not very detailed but shows a wooden floor and a portion of another person's legs, suggesting that the person is in a room with other occupants. The lighting in the room appears to be natural, possibly from a window out of the frame, as it casts soft shadows on the desk and the person's hands.The person's posture and the concentration on their face suggest that they are deeply focused on their task, possibly studying or working on an assignment",184;185;186;188;189;191;192;194;195;196;197;198;200;201;202;204;206;207;208;209;210;220;221;222;225;226;227;285;286;287;288;289;290;296;298;299;309;310;311;484;485;487;564;565;566;628;629;630;696;697;699;736;737;738;744;745;746;784;786;787;789;790;791,64,1
cbfeb6c8-ec1f-4884-bcbf-14d7764c4a36,Can you specify the object being used by the person?,A pen.,The person is using a blue pen to write in a spiral-bound notebook.,184;185;186;188;189;191;192;194;195;196;197;198;200;201;202;204;206;207;208;209;210;220;221;222;225;226;227;285;286;287;296;298;299;309;310;311;477;478;479;484;485;487;564;565;566;628;629;630;696;697;699;736;737;738;744;745;746;784;786;787;789;790;791,64,1
cbfeb6c8-ec1f-4884-bcbf-14d7764c4a36,Did the interaction occur in an outdoor location?,No.,No.,184;185;186;188;189;191;192;194;195;196;197;198;200;201;202;204;206;207;208;209;210;220;221;222;225;226;227;285;286;287;288;289;290;296;298;299;309;310;311;484;485;487;564;565;566;628;629;630;696;697;699;736;737;738;744;745;746;784;786;787;789;790;791,64,1
cbfeb6c8-ec1f-4884-bcbf-14d7764c4a36,Is the person predominantly engaged in a physical activity?,No.,No.,184;185;186;188;189;191;192;194;195;196;197;198;200;201;202;204;206;207;208;209;210;220;221;222;225;226;227;285;286;287;288;289;290;296;298;299;309;310;311;484;485;487;564;565;566;628;629;630;696;697;699;736;737;738;744;745;746;784;786;787;789;790;791,64,1
cbfeb6c8-ec1f-4884-bcbf-14d7764c4a36,"In the video, does writing in the notebook occur before conversing with a woman?",Yes.,"Yes, writing in the notebook occurs before conversing with a woman.",184;185;186;188;189;191;192;194;195;196;197;198;200;201;202;204;206;207;208;209;210;220;221;222;225;226;227;285;286;287;296;298;299;309;310;311;477;478;479;484;485;487;564;565;566;628;629;630;696;697;699;736;737;738;744;745;746;784;786;787;789;790;791,64,1
cbfeb6c8-ec1f-4884-bcbf-14d7764c4a36,"In the video, does the conversation with a woman happen before being in an apartment?",No.,"No, the conversation with a woman happens after being in an apartment.",184;185;186;188;189;191;192;194;195;196;197;198;200;201;202;204;206;207;208;209;210;220;221;222;225;226;227;285;286;287;296;298;299;477;478;479;484;485;487;528;529;531;564;565;566;628;629;630;696;697;699;736;737;738;744;745;746;784;786;787;789;790;791,64,1
cbfeb6c8-ec1f-4884-bcbf-14d7764c4a36,Is the pen used before entering the apartment as shown in the clip?,No.,"No, the pen used in the clip is not the same as the one used before entering the apartment.",184;185;186;188;189;191;192;194;195;196;197;198;200;201;202;204;206;207;208;209;210;220;221;222;225;226;227;285;286;287;296;298;299;309;310;311;477;478;479;484;485;487;564;565;566;628;629;630;696;697;699;736;737;738;744;745;746;784;786;787;789;790;791,64,1
cbfeb6c8-ec1f-4884-bcbf-14d7764c4a36,"In the video sequence, what do we see happening before conversing with woman X?",Being in an apartment.,"Before conversing with woman X, we see a person wearing a green patterned top and a pinkish-red skirt sitting at a wooden desk. They are holding a blue pen and writing in a spiral notebook. The desk also has an open book with text and diagrams, suggesting that the person is engaged in studying or working on a task.",184;185;186;188;189;191;192;194;195;196;197;198;200;201;202;204;206;207;208;209;210;220;221;222;225;226;227;285;286;287;288;289;290;296;298;299;309;310;311;477;478;479;564;565;566;628;629;630;696;697;699;736;737;738;744;745;746;784;786;787;789;790;791,64,1
cbfeb6c8-ec1f-4884-bcbf-14d7764c4a36,What happens right before using a pen on the book?,Being indoors.,The person flips through the pages of the book.,184;185;186;188;189;191;192;194;195;196;197;198;200;201;202;204;206;207;208;209;210;220;221;222;225;226;227;285;286;287;296;298;299;309;310;311;477;478;479;484;485;487;564;565;566;628;629;630;696;697;699;736;737;738;744;745;746;784;786;787;789;790;791,64,1
cbfeb6c8-ec1f-4884-bcbf-14d7764c4a36,"In the video, what occurs directly before the pen is picked up?",Being indoors.,"Directly before the pen is picked up, the person is seen writing in a notebook.",184;185;186;188;189;191;192;194;195;196;197;198;200;201;202;204;206;207;208;209;210;220;221;222;225;226;227;285;286;287;288;289;290;296;298;299;309;310;311;477;478;479;484;485;487;564;565;566;696;697;699;736;737;738;744;745;746;784;786;787;789;790;791,64,1
cbfeb6c8-ec1f-4884-bcbf-14d7764c4a36,What happens before the conversation with woman X in the video?,Writing on a book,"Before the conversation with woman X, the person is seen writing in a notebook, which is placed on a wooden desk. The notebook has a spiral binding and is open to a page with printed text and handwritten notes. The person is wearing a green long-sleeved shirt and a pinkish-red garment underneath. The setting appears to be indoors with natural light coming from the side, casting shadows on the desk and the person's hands. The person is holding a blue pen and is focused on writing. The background includes a wooden chair and a glimpse of another person's legs wearing dark pants and black shoes.",184;185;186;188;189;191;192;194;195;196;197;198;200;201;202;204;206;207;208;209;210;220;221;222;225;226;227;285;286;287;288;289;290;296;298;299;309;310;311;477;478;479;484;485;487;564;565;566;696;697;699;736;737;738;744;745;746;784;786;787;789;790;791,64,1
6baa36c1-e4d0-4dbd-97b2-dff48ecf796e,What environments surround the individual scrapping the wall?,An outdoor setting with a ladder near a wooden fence.,The individual is surrounded by a residential area with trees and a clear sky.,0;1;2;4;6;7;44;45;47;48;49;50;52;53;54;60;61;62;64;65;67;72;73;74;76;77;78;84;86;87;88;90;91;100;101;102;104;105;106;112;113;115;116;117;118;120;121;122;124;125;126;128;129;130;132;133;135;140;141;142;144;145;146,64,1
6baa36c1-e4d0-4dbd-97b2-dff48ecf796e,What tool is utilized for scrapping in the scene?,A scraper is used.,A putty knife is utilized for scrapping in the scene.,0;1;2;4;6;7;44;45;47;48;49;50;52;53;54;60;61;62;64;65;67;72;73;74;76;77;78;84;86;87;88;90;91;100;101;102;104;105;106;112;113;115;116;117;118;120;121;122;124;125;126;128;129;130;132;133;135;140;141;142;144;145;146,64,1
6baa36c1-e4d0-4dbd-97b2-dff48ecf796e,Is the individual standing on the ground or elevated while scrapping?,The individual is elevated on a ladder.,"The individual is elevated while scrapping, as indicated by the presence of a ladder in the background.",0;1;2;4;6;7;44;45;47;48;49;50;52;53;54;60;61;62;64;65;67;72;73;74;76;77;78;84;86;87;88;90;91;100;101;102;104;105;106;112;113;115;116;117;118;120;121;122;124;125;126;128;129;130;132;133;135;140;141;142;144;145;146,64,1
6baa36c1-e4d0-4dbd-97b2-dff48ecf796e,What is the purpose of using a ladder in this scenario?,To reach higher areas of the wall for scrapping.,"The ladder is used to reach the higher sections of the house's exterior, where the person is scraping off the old paint or plaster.",0;1;2;4;6;7;44;45;47;48;49;50;52;53;54;60;61;62;64;65;67;72;73;74;76;77;78;84;86;87;88;90;91;100;101;102;104;105;106;112;113;115;116;117;118;120;121;122;124;125;126;128;129;130;132;133;135;140;141;142;144;145;146,64,1
6baa36c1-e4d0-4dbd-97b2-dff48ecf796e,How does the individual prepare to scrape the wall?,The individual prepares by stretching out a ladder.,The individual prepares to scrape the wall by holding a putty knife and focusing on the area where the paint is peeling.,0;1;2;4;6;7;44;45;47;48;49;50;52;53;54;60;61;62;64;65;67;72;73;74;76;77;78;84;86;87;88;90;91;100;101;102;104;105;106;112;113;115;116;117;118;120;121;122;124;125;126;128;129;130;132;133;135;140;141;142;144;145;146,64,1
6baa36c1-e4d0-4dbd-97b2-dff48ecf796e,Does the video show a person using a ladder?,Yes.,"Yes, the video shows a person using a ladder to reach the roof of the house.",0;1;2;4;6;7;44;45;47;48;49;50;52;53;54;60;61;62;64;65;67;72;73;74;76;77;78;84;86;87;88;90;91;100;101;102;104;105;106;112;113;115;116;117;118;120;121;122;124;125;126;128;129;130;132;133;135;140;141;142;144;145;146,64,1
6baa36c1-e4d0-4dbd-97b2-dff48ecf796e,Is the wall being scraped in the video?,Yes.,Yes.,0;1;2;4;6;7;44;45;47;48;49;50;52;53;54;60;61;62;64;65;67;72;73;74;76;77;78;84;86;87;88;90;91;100;101;102;104;105;106;112;113;115;116;117;118;120;121;122;124;125;126;128;129;130;132;133;135;140;141;142;144;145;146,64,1
6baa36c1-e4d0-4dbd-97b2-dff48ecf796e,Does the scene involve stretching a ladder before scrapping?,Yes.,"Yes, the scene involves stretching a ladder before scrapping.",0;1;2;4;6;7;44;45;47;48;49;50;52;53;54;60;61;62;64;65;67;72;73;74;76;77;78;84;86;87;88;90;91;100;101;102;104;105;106;112;113;115;116;117;118;120;121;122;124;125;126;128;129;130;132;133;135;140;141;142;144;145;146,64,1
6baa36c1-e4d0-4dbd-97b2-dff48ecf796e,Does the individual scrap the wall without any tools?,No.,"No, the individual uses a tool to scrape the wall.",0;1;2;4;6;7;44;45;47;48;49;50;52;53;54;60;61;62;64;65;67;72;73;74;76;77;78;84;86;87;88;90;91;100;101;102;104;105;106;112;113;115;116;117;118;120;121;122;124;125;126;128;129;130;132;133;135;140;141;142;144;145;146,64,1
6baa36c1-e4d0-4dbd-97b2-dff48ecf796e,What location is depicted in this video clip?,The video clip depicts an outdoor scene with a wall.,"The video clip depicts a garage or workshop area with various tools and items scattered around, a bicycle, and a window with a view of a residential area outside.",0;1;2;4;6;7;64;65;67;120;121;122;124;125;126;128;129;130;148;150;151;157;158;159;205;206;207;212;214;215;216;218;219;220;222;223;224;226;227;228;230;231;232;233;234;236;237;238;248;249;250;256;257;258;260;261;263;272;273;274;276;278;279,64,1
6baa36c1-e4d0-4dbd-97b2-dff48ecf796e,How does the environment appear in the video clip?,The environment appears to be a porch or exterior of a building.,"The environment appears to be a residential area with a lawn, trees, and a house visible in the background.",0;1;2;4;6;7;64;65;67;120;121;122;124;125;126;128;129;130;148;150;151;157;158;159;205;206;207;212;214;215;216;218;219;220;222;223;224;226;227;228;230;231;232;233;234;236;237;238;248;249;250;256;257;258;260;261;263;272;273;274;276;278;279,64,1
6baa36c1-e4d0-4dbd-97b2-dff48ecf796e,What structure can be observed in this video clip?,A wall with white paint is observed in this video clip.,The structure observed in the video clip is a garage with a white exterior and a window.,0;1;2;4;6;7;64;65;67;120;121;122;124;125;126;128;129;130;148;150;151;157;158;159;205;206;207;212;214;215;216;218;219;220;222;223;224;226;227;228;230;231;232;233;234;236;237;238;248;249;250;256;257;258;260;261;263;272;273;274;276;278;279,64,1
6baa36c1-e4d0-4dbd-97b2-dff48ecf796e,How is the exterior space utilized in the video action?,The exterior space provides a background for removal of an object.,"The exterior space is utilized for various purposes, including storage and maintenance activities.",0;1;2;4;6;7;64;65;67;120;121;122;124;125;126;128;129;130;148;150;151;157;158;159;205;206;207;212;214;215;216;218;219;220;222;223;224;226;227;228;230;231;232;233;234;236;237;238;248;249;250;256;257;258;260;261;263;272;273;274;276;278;279,64,1
6baa36c1-e4d0-4dbd-97b2-dff48ecf796e,Is the object completely removed from the wall in the video?,Yes,"No, the object is not completely removed from the wall in the video. The person is seen scraping off the remaining adhesive or material from the wall.",0;1;2;4;6;7;64;65;67;120;121;122;124;125;126;128;129;130;148;150;151;157;158;159;205;206;207;212;214;215;216;218;219;220;222;223;224;226;227;228;230;231;232;233;234;244;245;247;248;249;250;256;257;258;260;261;263;272;273;274;276;278;279,64,1
6baa36c1-e4d0-4dbd-97b2-dff48ecf796e,Does the video clip show a wall being painted?,No,"Yes, the video clip shows a wall being painted.",0;1;2;4;6;7;64;65;67;120;121;122;124;125;126;128;129;130;148;150;151;157;158;159;205;206;207;212;214;215;216;218;219;220;222;223;224;226;227;228;230;231;232;233;234;236;237;238;248;249;250;256;257;258;260;261;263;272;273;274;276;278;279,64,1
6baa36c1-e4d0-4dbd-97b2-dff48ecf796e,"In the video, is the wall outdoors?",Yes,Yes.,0;1;2;4;6;7;64;65;67;120;121;122;124;125;126;128;129;130;148;150;151;157;158;159;205;206;207;212;214;215;216;218;219;220;222;223;224;226;227;228;230;231;232;233;234;244;245;247;248;249;250;256;257;258;260;261;263;272;273;274;276;278;279,64,1
6baa36c1-e4d0-4dbd-97b2-dff48ecf796e,"In the video, is the ladder stretched before scraping the wall?",Yes,"Yes, the ladder is stretched before scraping the wall.",0;1;2;4;6;7;52;53;54;64;65;67;120;121;122;124;125;126;128;129;130;148;150;151;157;158;159;205;206;207;212;214;215;216;218;219;220;222;223;224;226;227;228;230;231;232;233;234;248;249;250;256;257;258;260;261;263;272;273;274;276;278;279,64,1
6baa36c1-e4d0-4dbd-97b2-dff48ecf796e,What happens just before the wall is scraped in the video?,The ladder is stretched,"Just before the wall is scraped, the person is seen holding a red-handled tool, possibly a scraper or a putty knife, and preparing to scrape the peeling paint off the wall.",0;1;2;4;6;7;64;65;67;120;121;122;124;125;126;128;129;130;148;150;151;157;158;159;205;206;207;212;214;215;216;218;219;220;222;223;224;226;227;228;230;231;232;233;234;236;237;238;248;249;250;256;257;258;260;261;263;272;273;274;276;278;279,64,1
6baa36c1-e4d0-4dbd-97b2-dff48ecf796e,What exterior work is being performed?,Scraping a wall and smoothing a surface.,"The exterior work being performed involves scraping off old paint from a window frame, preparing it for a fresh coat of paint or another finish.",0;1;2;64;65;67;124;125;126;205;206;207;216;218;219;220;222;223;224;226;227;228;230;231;232;233;234;248;249;250;260;261;263;272;273;274;316;317;318;325;326;327;328;329;330;332;333;334;336;337;339;340;341;342;344;345;346;349;350;351;352;353;355,64,1
6baa36c1-e4d0-4dbd-97b2-dff48ecf796e,Where is the activity taking place?,Outside a house.,"The activity is taking place in a workshop or garage, as indicated by the presence of tools, a workbench, and a ladder.",0;1;2;64;65;67;124;125;126;205;206;207;216;218;219;220;222;223;224;226;227;228;230;231;232;233;234;248;249;250;260;261;263;272;273;274;316;317;318;325;326;327;328;329;330;332;333;334;336;337;339;340;341;342;344;345;346;349;350;351;352;353;355,64,1
6baa36c1-e4d0-4dbd-97b2-dff48ecf796e,Which tools are being used for the exterior tasks?,A scraper and a planer.,The tools being used for the exterior tasks include a red-handled putty knife and a gray-handled putty knife.,0;1;2;64;65;67;124;125;126;205;206;207;216;218;219;220;222;223;224;226;227;228;230;231;232;233;234;248;249;250;260;261;263;272;273;274;316;317;318;325;326;327;328;329;330;332;333;334;336;337;339;340;341;342;344;345;346;349;350;351;352;353;355,64,1
6baa36c1-e4d0-4dbd-97b2-dff48ecf796e,Can you describe the sequence of work shown?,"Scraping first, then planing.","The video begins with a view of a cluttered garage or workshop area. Various items such as wooden planks, a ladder, and tools are visible. The focus then shifts to a person wearing a blue long-sleeve shirt and dark pants, who is working on a wooden surface, likely a window frame or door, with a paint roller in hand. The person is seen applying a light-colored paint or stain to the surface, moving the roller back and forth to cover the area evenly. The background shows a window with a view of the outdoors, and the ground is littered with debris and paint splatters, indicating an ongoing painting project. The person's movements are methodical, ensuring the paint is applied uniformly. The video continues to show the person's hands as they work on the wooden surface, with the paint roller being used to apply a light-colored paint or stain. The background remains consistent, showing the window and the outdoor view. The ground is still littered with debris and paint splatters, emphasizing the ongoing nature of the painting project. The person's movements are deliberate and focused on achieving a smooth finish on the wooden surface.",0;1;2;64;65;67;124;125;126;205;206;207;216;218;219;220;222;223;224;226;227;228;230;231;232;233;234;248;249;250;260;261;263;272;273;274;316;317;318;325;326;327;328;329;330;332;333;334;336;337;339;340;341;342;344;345;346;349;350;351;352;353;355,64,1
6baa36c1-e4d0-4dbd-97b2-dff48ecf796e,Does the video show painting work being done?,No.,"Yes, the video shows painting work being done, as indicated by the person's actions of scraping off old paint and preparing the surface for new paint.",0;1;2;4;6;7;64;65;67;124;125;126;205;206;207;216;218;219;220;222;223;228;230;231;232;233;234;248;249;250;260;261;263;272;273;274;316;317;318;325;326;327;328;329;330;332;333;334;336;337;339;340;341;342;344;345;346;349;350;351;352;353;355,64,1
6baa36c1-e4d0-4dbd-97b2-dff48ecf796e,Is there any smoothing of surfaces portrayed?,Yes.,"Yes, the video shows the person smoothing out the surfaces with a tool, likely to prepare them for painting or to remove any rough patches.",0;1;2;4;6;7;124;125;126;205;206;207;216;218;219;220;222;223;224;226;227;228;230;231;232;233;234;248;249;250;260;261;263;272;273;274;316;317;318;325;326;327;328;329;330;332;333;334;336;337;339;340;341;342;344;345;346;349;350;351;352;353;355,64,1
6baa36c1-e4d0-4dbd-97b2-dff48ecf796e,Does the scene capture window installation?,No.,"Yes, the scene captures window installation.",0;1;2;4;6;7;64;65;67;124;125;126;205;206;207;216;218;219;220;222;223;228;230;231;232;233;234;248;249;250;260;261;263;272;273;274;316;317;318;325;326;327;328;329;330;332;333;334;336;337;339;340;341;342;344;345;346;349;350;351;352;353;355,64,1
6baa36c1-e4d0-4dbd-97b2-dff48ecf796e,Does the clip depict interior renovation?,No.,"Yes, the clip depicts interior renovation.",0;1;2;4;6;7;124;125;126;205;206;207;216;218;219;220;222;223;224;226;227;228;230;231;232;233;234;248;249;250;260;261;263;272;273;274;316;317;318;325;326;327;328;329;330;332;333;334;336;337;339;340;341;342;344;345;346;349;350;351;352;353;355,64,1
6baa36c1-e4d0-4dbd-97b2-dff48ecf796e,Does smoothing the surface occur before scraping the wall?,No,"No, smoothing the surface occurs after scraping the wall.",0;1;2;4;6;7;64;65;67;124;125;126;205;206;207;216;218;219;220;222;223;228;230;231;232;233;234;248;249;250;260;261;263;272;273;274;316;317;318;325;326;327;328;329;330;332;333;334;336;337;339;340;341;342;344;345;346;349;350;351;352;353;355,64,1
6baa36c1-e4d0-4dbd-97b2-dff48ecf796e,Is the removal of plaster seen before the scraping action?,Yes,"Yes, the removal of plaster is seen before the scraping action.",0;1;2;4;6;7;124;125;126;205;206;207;216;218;219;220;222;223;224;226;227;228;230;231;232;233;234;248;249;250;260;261;263;272;273;274;316;317;318;325;326;327;328;329;330;332;333;334;336;337;339;340;341;342;344;345;346;349;350;351;352;353;355,64,1
6baa36c1-e4d0-4dbd-97b2-dff48ecf796e,Does the planer touch the surface after the wall is scrapped?,Yes,"Yes, the planer touches the surface after the wall is scrapped.",0;1;2;4;6;7;64;65;67;124;125;126;205;206;207;216;218;219;220;222;223;228;230;231;232;233;234;248;249;250;260;261;263;272;273;274;316;317;318;325;326;327;328;329;330;332;333;334;336;337;339;340;341;342;344;345;346;349;350;351;352;353;355,64,1
6baa36c1-e4d0-4dbd-97b2-dff48ecf796e,"In the video, is the ladder stretched before scraping the wall?",Yes,"No, the ladder is not stretched before scraping the wall.",0;1;2;4;6;7;124;125;126;205;206;207;216;218;219;220;222;223;224;226;227;228;230;231;232;233;234;248;249;250;260;261;263;272;273;274;316;317;318;325;326;327;328;329;330;332;333;334;336;337;339;340;341;342;344;345;346;349;350;351;352;353;355,64,1
6baa36c1-e4d0-4dbd-97b2-dff48ecf796e,Does the smoothing of the surface occur after scraping the wall?,Yes,"Yes, the smoothing of the surface occurs after scraping the wall, as indicated by the person's hand holding a gray and black sanding block and the presence of a red-handled tool, possibly a scraper or a putty knife, on the ground.",0;1;2;4;6;7;64;65;67;124;125;126;205;206;207;216;218;219;220;222;223;228;230;231;232;233;234;248;249;250;260;261;263;272;273;274;316;317;318;325;326;327;328;329;330;332;333;334;336;337;339;340;341;342;344;345;346;349;350;351;352;353;355,64,1
6baa36c1-e4d0-4dbd-97b2-dff48ecf796e,Is something removed from the wall before stretching the ladder?,No,"Yes, a piece of wood is removed from the wall before stretching the ladder.",0;1;2;4;6;7;64;65;67;124;125;126;205;206;207;216;218;219;220;222;223;228;230;231;232;233;234;248;249;250;260;261;263;272;273;274;316;317;318;325;326;327;328;329;330;332;333;334;336;337;339;340;341;342;344;345;346;349;350;351;352;353;355,64,1
6baa36c1-e4d0-4dbd-97b2-dff48ecf796e,"In the clip, is the ladder stretched after smoothing the surface?",No,"No, the ladder is not stretched after smoothing the surface.",0;1;2;4;6;7;124;125;126;205;206;207;216;218;219;220;222;223;224;226;227;228;230;231;232;233;234;248;249;250;260;261;263;272;273;274;316;317;318;325;326;327;328;329;330;332;333;334;336;337;339;340;341;342;344;345;346;349;350;351;352;353;355,64,1
6baa36c1-e4d0-4dbd-97b2-dff48ecf796e,What can be seen happening before smoothing the surface?,Scraping the wall,"Before smoothing the surface, the person is seen scraping off old paint or material from the window frame with a putty knife.",0;1;2;4;6;7;124;125;126;205;206;207;216;218;219;220;222;223;224;226;227;228;230;231;232;233;234;248;249;250;260;261;263;272;273;274;316;317;318;325;326;327;328;329;330;332;333;334;336;337;339;340;341;342;344;345;346;349;350;351;352;353;355,64,1
6baa36c1-e4d0-4dbd-97b2-dff48ecf796e,"In the video, what happens before stretching the ladder?","Nothing, it is the first action","Before stretching the ladder, the person is seen holding a red-handled ladder and preparing to stretch it.",0;1;2;64;65;67;124;125;126;205;206;207;216;218;219;220;222;223;224;226;227;228;230;231;232;233;234;248;249;250;260;261;263;272;273;274;316;317;318;325;326;327;328;329;330;332;333;334;336;337;339;340;341;342;344;345;346;349;350;351;352;353;355,64,1
6baa36c1-e4d0-4dbd-97b2-dff48ecf796e,What is the setting of the video clip?,Outside a house.,The setting of the video clip is a cluttered garage or workshop with various tools and items scattered around.,0;1;2;205;206;207;248;249;250;272;273;274;316;317;318;325;326;327;328;329;330;332;333;334;336;337;339;340;341;342;344;345;346;349;350;351;436;437;438;440;442;443;448;450;451;508;509;510;512;513;514;516;517;518;524;525;527;544;545;546;549;550;551,64,1
6baa36c1-e4d0-4dbd-97b2-dff48ecf796e,What task is being performed in the video clip?,Smoothing and scraping a surface.,The task being performed in the video clip is scraping off old paint from a window frame.,0;1;2;205;206;207;248;249;250;272;273;274;316;317;318;325;326;327;328;329;330;332;333;334;336;337;339;340;341;342;344;345;346;349;350;351;436;437;438;440;442;443;448;450;451;508;509;510;512;513;514;516;517;518;524;525;527;544;545;546;549;550;551,64,1
6baa36c1-e4d0-4dbd-97b2-dff48ecf796e,What tools are being used in the video clip?,A planer and a scraper.,"The tools being used in the video clip include a hammer, a chisel, and a paint scraper.",0;1;2;205;206;207;248;249;250;272;273;274;316;317;318;325;326;327;328;329;330;332;333;334;336;337;339;340;341;342;344;345;346;349;350;351;436;437;438;440;442;443;448;450;451;508;509;510;512;513;514;516;517;518;524;525;527;544;545;546;549;550;551,64,1
6baa36c1-e4d0-4dbd-97b2-dff48ecf796e,What is the condition of the surface being worked on?,It is a rough surface.,The surface being worked on is peeling and has remnants of white paint or plaster.,0;1;2;205;206;207;248;249;250;272;273;274;316;317;318;325;326;327;328;329;330;332;333;334;336;337;339;340;341;342;344;345;346;349;350;351;436;437;438;440;442;443;448;450;451;508;509;510;512;513;514;516;517;518;524;525;527;544;545;546;549;550;551,64,1
6baa36c1-e4d0-4dbd-97b2-dff48ecf796e,What is the first action taken on the surface in the clip?,Smoothing it with a planer.,"The first action taken on the surface is scraping off the old, peeling paint with a putty knife.",0;1;2;205;206;207;248;249;250;272;273;274;316;317;318;325;326;327;328;329;330;332;333;334;336;337;339;340;341;342;344;345;346;349;350;351;436;437;438;440;442;443;448;450;451;508;509;510;512;513;514;516;517;518;524;525;527;544;545;546;549;550;551,64,1
6baa36c1-e4d0-4dbd-97b2-dff48ecf796e,What is the progression of work on the surface in the clip?,From smoothing to scraping.,The progression of work on the surface in the clip is from peeling off the old paint to smoothing out the new layer.,0;1;2;205;206;207;248;249;250;272;273;274;316;317;318;325;326;327;328;329;330;332;333;334;336;337;339;340;341;342;344;345;346;349;350;351;436;437;438;440;442;443;448;450;451;508;509;510;512;513;514;516;517;518;524;525;527;544;545;546;549;550;551,64,1
6baa36c1-e4d0-4dbd-97b2-dff48ecf796e,How is the condition of the surface changing in the clip?,Becoming smoother and cleaner.,"The surface is being stripped of its old paint, revealing a lighter, possibly bare or freshly painted layer underneath.",0;1;2;205;206;207;248;249;250;272;273;274;316;317;318;325;326;327;328;329;330;332;333;334;336;337;339;340;341;342;344;345;346;349;350;351;436;437;438;440;442;443;448;450;451;508;509;510;512;513;514;516;517;518;524;525;527;544;545;546;549;550;551,64,1
6baa36c1-e4d0-4dbd-97b2-dff48ecf796e,Does the person use a planer on the surface?,Yes.,"Yes, the person uses a planer on the surface.",0;1;2;124;125;126;205;206;207;248;249;250;272;273;274;316;317;318;325;326;327;328;329;330;332;333;334;336;337;339;340;341;342;344;345;346;349;350;351;436;437;438;440;442;443;508;509;510;512;513;514;516;517;518;524;525;527;544;545;546;549;550;551,64,1
6baa36c1-e4d0-4dbd-97b2-dff48ecf796e,Is there an action of scraping visible in the new frames?,Yes.,"Yes, there is an action of scraping visible in the new frames.",0;1;2;205;206;207;248;249;250;272;273;274;316;317;318;325;326;327;328;329;330;332;333;334;336;337;339;340;341;342;344;345;346;349;350;351;436;437;438;440;442;443;448;450;451;508;509;510;512;513;514;516;517;518;524;525;527;544;545;546;549;550;551,64,1
6baa36c1-e4d0-4dbd-97b2-dff48ecf796e,Does the clip show the complete smoothing of the surface?,No.,"No, the clip does not show the complete smoothing of the surface. The person continues to scrape the surface, removing more of the old paint, and the video ends with the person still scraping the surface.",0;1;2;205;206;207;248;249;250;272;273;274;316;317;318;325;326;327;328;329;330;332;333;334;336;337;339;340;341;342;344;345;346;349;350;351;436;437;438;440;442;443;448;450;451;508;509;510;512;513;514;516;517;518;524;525;527;544;545;546;549;550;551,64,1
6baa36c1-e4d0-4dbd-97b2-dff48ecf796e,"In the video, is the surface scrapped before it is smoothened with a planer?",No,"Yes, the surface is first scraped with a putty knife to remove loose paint and debris before it is smoothened with a planer.",0;1;2;205;206;207;248;249;250;272;273;274;316;317;318;325;326;327;328;329;330;332;333;334;336;337;339;340;341;342;344;345;346;349;350;351;436;437;438;440;442;443;448;450;451;508;509;510;512;513;514;516;517;518;524;525;527;544;545;546;549;550;551,64,1
6baa36c1-e4d0-4dbd-97b2-dff48ecf796e,"In the sequence, is the planer used before the scraper?",Yes,"No, the planer is used after the scraper.",0;1;2;205;206;207;248;249;250;272;273;274;316;317;318;325;326;327;328;329;330;332;333;334;336;337;339;340;341;342;344;345;346;349;350;351;436;437;438;440;442;443;448;450;451;508;509;510;512;513;514;516;517;518;524;525;527;544;545;546;549;550;551,64,1
6baa36c1-e4d0-4dbd-97b2-dff48ecf796e,What occurs right before the planer is used on the surface?,"Nothing, it's the first action","Right before the planer is used on the surface, the person inspects the area to ensure it is clean and free of debris.",0;1;2;205;206;207;248;249;250;272;273;274;316;317;318;325;326;327;328;329;330;332;333;334;336;337;339;340;341;342;344;345;346;349;350;351;436;437;438;440;442;443;448;450;451;508;509;510;512;513;514;516;517;518;524;525;527;544;545;546;549;550;551,64,1
6baa36c1-e4d0-4dbd-97b2-dff48ecf796e,Did I remove something from the wall before scraping the wall?,Yes,"Yes, before scraping the wall, you removed a piece of material from the wall.",0;1;2;205;206;207;248;249;250;272;273;274;316;317;318;325;326;327;328;329;330;332;333;334;336;337;339;340;341;342;344;345;346;349;350;351;436;437;438;440;442;443;448;450;451;508;509;510;512;513;514;516;517;518;524;525;527;544;545;546;549;550;551,64,1
6baa36c1-e4d0-4dbd-97b2-dff48ecf796e,Is the surface smoothened with a planer before scraping with a scraper?,Yes,"Yes, the surface is smoothened with a planer before scraping with a scraper.",0;1;2;205;206;207;248;249;250;260;261;263;272;273;274;316;317;318;325;326;327;328;329;330;332;333;334;336;337;339;340;341;342;344;345;346;349;350;351;436;437;438;440;442;443;508;509;510;512;513;514;516;517;518;524;525;527;544;545;546;549;550;551,64,1
6baa36c1-e4d0-4dbd-97b2-dff48ecf796e,Do I smoothen the surface with a planer before removing something from the wall?,No,"Yes, it is common practice to smooth the surface with a planer before removing something from the wall. Planing helps to create a clean, even surface which can make the removal process easier and prevent damage to the surrounding area. It also ensures that the material being removed is done so cleanly, without leaving behind rough edges or splinters.",0;1;2;205;206;207;248;249;250;272;273;274;316;317;318;325;326;327;328;329;330;332;333;334;336;337;339;340;341;342;344;345;346;349;350;351;436;437;438;440;442;443;448;450;451;508;509;510;512;513;514;516;517;518;524;525;527;544;545;546;549;550;551,64,1
6baa36c1-e4d0-4dbd-97b2-dff48ecf796e,Is the wall scraped with a scraper before using a planer in one sequence?,No,"Yes, the wall is scraped with a scraper before using a planer in one sequence.",0;1;2;205;206;207;248;249;250;272;273;274;316;317;318;325;326;327;328;329;330;332;333;334;336;337;339;340;341;342;344;345;346;349;350;351;436;437;438;440;442;443;448;450;451;508;509;510;512;513;514;516;517;518;524;525;527;544;545;546;549;550;551,64,1
6baa36c1-e4d0-4dbd-97b2-dff48ecf796e,What setting is shown in the video clip?,An outdoor scene with window frame paint removal.,The video shows a cluttered garage or workshop with various tools and items scattered around.,0;1;2;272;273;274;325;326;327;332;333;334;336;337;339;340;341;342;344;345;346;436;437;438;508;509;510;512;513;514;524;525;527;549;550;551;552;553;555;568;569;570;584;585;586;592;593;594;596;597;598;600;602;603;672;673;674;680;681;683;684;685;686,64,1
6baa36c1-e4d0-4dbd-97b2-dff48ecf796e,Describe the environment shown in the clip.,"An outside area, likely a building's exterior.","The environment shown in the clip is a cluttered garage or workshop. The walls are made of light-colored wood, and there are various tools and items scattered around. A ladder is leaning against the wall, and there are several pieces of wood and other materials stacked in the background. The floor is covered with debris and tools, indicating that the space is used for work or construction.",0;1;2;325;326;327;332;333;334;336;337;339;340;341;342;344;345;346;436;437;438;440;442;443;508;509;510;512;513;514;524;525;527;549;550;551;552;553;555;568;569;570;584;585;586;592;593;594;596;597;598;600;602;603;672;673;674;680;681;683;684;685;686,64,1
6baa36c1-e4d0-4dbd-97b2-dff48ecf796e,What tool is being used in the current action?,A paint scraper is being used in the action.,The tool being used in the current action is a putty knife.,0;1;2;325;326;327;332;333;334;336;337;339;340;341;342;344;345;346;436;437;438;440;442;443;508;509;510;512;513;514;524;525;527;549;550;551;552;553;555;568;569;570;584;585;586;592;593;594;596;597;598;600;602;603;672;673;674;680;681;683;684;685;686,64,1
6baa36c1-e4d0-4dbd-97b2-dff48ecf796e,How is the paint being removed in this scene?,The paint is being manually scraped off.,The paint is being removed using a putty knife.,0;1;2;325;326;327;332;333;334;336;337;339;340;341;342;344;345;346;436;437;438;508;509;510;512;513;514;524;525;527;549;550;551;552;553;555;568;569;570;584;585;586;592;593;594;596;597;598;600;602;603;672;673;674;677;678;679;680;681;683;684;685;686,64,1
6baa36c1-e4d0-4dbd-97b2-dff48ecf796e,Does the video show a paint removal process?,Yes.,"Yes, the video shows a paint removal process.",0;1;2;325;326;327;332;333;334;336;337;339;340;341;342;344;345;346;436;437;438;508;509;510;512;513;514;524;525;527;549;550;551;552;553;555;568;569;570;584;585;586;592;593;594;596;597;598;600;602;603;672;673;674;677;678;679;680;681;683;684;685;686,64,1
6baa36c1-e4d0-4dbd-97b2-dff48ecf796e,Is the person successfully removing paint from a window frame?,Yes.,"Yes, the person is successfully removing paint from a window frame using a putty knife.",0;1;2;325;326;327;332;333;334;336;337;339;340;341;342;344;345;346;436;437;438;440;442;443;508;509;510;512;513;514;524;525;527;549;550;551;552;553;555;568;569;570;584;585;586;592;593;594;596;597;598;600;602;603;672;673;674;680;681;683;684;685;686,64,1
6baa36c1-e4d0-4dbd-97b2-dff48ecf796e,Does the scene take place indoors?,No.,No.,0;1;2;272;273;274;325;326;327;332;333;334;336;337;339;340;341;342;344;345;346;436;437;438;508;509;510;512;513;514;524;525;527;549;550;551;552;553;555;568;569;570;584;585;586;592;593;594;596;597;598;600;602;603;672;673;674;680;681;683;684;685;686,64,1
6baa36c1-e4d0-4dbd-97b2-dff48ecf796e,Is the surface smoothed with a planer before scraping with a scraper?,Yes,"Yes, the surface is smoothed with a planer before scraping with a scraper.",0;1;2;272;273;274;325;326;327;332;333;334;336;337;339;340;341;342;344;345;346;436;437;438;508;509;510;512;513;514;524;525;527;549;550;551;552;553;555;568;569;570;584;585;586;592;593;594;596;597;598;600;602;603;672;673;674;680;681;683;684;685;686,64,1
6baa36c1-e4d0-4dbd-97b2-dff48ecf796e,Does the removal of paint on the window frame happen after smoothing a surface?,Yes,"No, the removal of paint on the window frame happens before smoothing a surface.",0;1;2;272;273;274;325;326;327;332;333;334;336;337;339;340;341;342;344;345;346;436;437;438;508;509;510;512;513;514;524;525;527;549;550;551;552;553;555;568;569;570;584;585;586;592;593;594;596;597;598;600;602;603;672;673;674;680;681;683;684;685;686,64,1
6baa36c1-e4d0-4dbd-97b2-dff48ecf796e,Is the paint scraper used before the planer on any surface?,No,"Yes, the paint scraper is used on the window sill before the planer is used on the window frame.",0;1;2;272;273;274;325;326;327;332;333;334;336;337;339;340;341;342;344;345;346;436;437;438;508;509;510;512;513;514;524;525;527;549;550;551;552;553;555;568;569;570;584;585;586;592;593;594;596;597;598;600;602;603;672;673;674;680;681;683;684;685;686,64,1
6baa36c1-e4d0-4dbd-97b2-dff48ecf796e,Is the surface smoothed after removing paint from the window frame?,No,"Yes, the surface is smoothed after removing paint from the window frame.",0;1;2;325;326;327;332;333;334;336;337;339;340;341;342;344;345;346;436;437;438;440;442;443;508;509;510;512;513;514;524;525;527;549;550;551;552;553;555;568;569;570;584;585;586;592;593;594;596;597;598;600;602;603;672;673;674;680;681;683;684;685;686,64,1
6baa36c1-e4d0-4dbd-97b2-dff48ecf796e,What happens just before using the scraper on the surface?,Smoothing the surface with a planer,"Just before using the scraper, the person inspects the surface with their hand.",0;1;2;272;273;274;325;326;327;332;333;334;336;337;339;340;341;342;344;345;346;436;437;438;508;509;510;512;513;514;524;525;527;549;550;551;552;553;555;568;569;570;584;585;586;592;593;594;596;597;598;600;602;603;672;673;674;680;681;683;684;685;686,64,1
6baa36c1-e4d0-4dbd-97b2-dff48ecf796e,What is done just prior to smoothing a surface?,"Nothing, it's the first action.","Just prior to smoothing a surface, the person uses a putty knife to scrape off any remaining paint or debris.",0;1;2;272;273;274;325;326;327;332;333;334;336;337;339;340;341;342;344;345;346;436;437;438;508;509;510;512;513;514;524;525;527;549;550;551;552;553;555;568;569;570;584;585;586;592;593;594;596;597;598;600;602;603;672;673;674;680;681;683;684;685;686,64,1
6baa36c1-e4d0-4dbd-97b2-dff48ecf796e,What action takes place before using the paint scraper?,Smoothing and scraping a surface,"Before using the paint scraper, the person removes the peeling paint from the window frame.",0;1;2;325;326;327;332;333;334;336;337;339;340;341;342;344;345;346;436;437;438;440;442;443;508;509;510;512;513;514;524;525;527;549;550;551;552;553;555;568;569;570;584;585;586;592;593;594;596;597;598;600;602;603;672;673;674;680;681;683;684;685;686,64,1
6baa36c1-e4d0-4dbd-97b2-dff48ecf796e,What is the first action performed outside the house?,Smoothing a surface with a planer,The first action performed outside the house is scraping off the old paint from the window frame.,0;1;2;325;326;327;332;333;334;336;337;339;340;341;342;344;345;346;436;437;438;440;442;443;508;509;510;512;513;514;524;525;527;549;550;551;552;553;555;568;569;570;584;585;586;592;593;594;596;597;598;600;602;603;672;673;674;680;681;683;684;685;686,64,1
6baa36c1-e4d0-4dbd-97b2-dff48ecf796e,Did I scrape the wall before smoothing the surface with a planer?,Yes.,"Yes, you scraped the wall before smoothing the surface with a planer.",0;1;2;272;273;274;325;326;327;332;333;334;336;337;339;340;341;342;344;345;346;436;437;438;508;509;510;524;525;527;549;550;551;552;553;555;568;569;570;584;585;586;592;593;594;596;597;598;600;602;603;672;673;674;677;678;679;680;681;683;684;685;686,64,1
6baa36c1-e4d0-4dbd-97b2-dff48ecf796e,Did I smooth the surface with a planer before removing paint from the window frame?,Yes.,"Yes, you smoothed the surface with a planer before removing paint from the window frame.",0;1;2;325;326;327;332;333;334;336;337;339;340;341;342;344;345;346;436;437;438;508;509;510;512;513;514;524;525;527;549;550;551;552;553;555;568;569;570;584;585;586;592;593;594;596;597;598;600;602;603;672;673;674;677;678;679;680;681;683;684;685;686,64,1
6baa36c1-e4d0-4dbd-97b2-dff48ecf796e,What do I do before removing paint from the window frame?,Scrape the wall and smooth a surface.,"Before removing paint from the window frame, it's important to prepare the area and ensure you have the right tools for the job. Here are some steps you can take:1. **Cover the Surrounding Area**: Use drop cloths or plastic sheets to cover the surrounding surfaces to protect them from paint drips and dust.2. **Remove Hardware**: Take out any hardware from the window frame, such as hinges, locks, or handles, to prevent damage during the scraping process.3. **Remove Loose Paint**: Use a putty knife or a scraper to gently remove any loose or flaking paint. This will make the scraping process easier and more efficient.4. **Use a Putty Knife or Scraper**: For the scraping process, a putty knife or a paint scraper is ideal. These tools are designed to remove paint without damaging the underlying surface.5. **Work in Sections**: Start at one corner of the window frame and work your way around, section by section. This will help you maintain control and avoid spreading the paint around.6. **Use a Paint Remover (if necessary)**: If the paint is particularly stubborn, you might need to use a paint remover. However, be cautious with the use of chemical solvents, as they can",0;1;2;325;326;327;332;333;334;336;337;339;340;341;342;344;345;346;436;437;438;440;442;443;508;509;510;512;513;514;524;525;527;549;550;551;552;553;555;568;569;570;584;585;586;592;593;594;596;597;598;600;602;603;672;673;674;680;681;683;684;685;686,64,1
6baa36c1-e4d0-4dbd-97b2-dff48ecf796e,What is the setting of the video clip?,The setting is outside near a window.,The setting of the video clip is a cluttered garage or workshop with various tools and items scattered around.,0;1;2;325;326;327;332;333;334;336;337;339;340;341;342;344;345;346;436;437;438;524;525;527;568;569;570;584;585;586;596;597;598;600;602;603;672;673;674;680;681;683;684;685;686;688;690;691;696;697;698;708;709;710;784;785;787;804;805;807;808;809;810,64,1
6baa36c1-e4d0-4dbd-97b2-dff48ecf796e,What tool is being used on the window?,A scraper is being used.,A paint scraper is being used on the window.,0;1;2;325;326;327;332;333;334;336;337;339;340;341;342;344;345;346;436;437;438;524;525;527;568;569;570;584;585;586;596;597;598;600;602;603;672;673;674;680;681;683;684;685;686;688;690;691;696;697;698;708;709;710;784;785;787;804;805;807;808;809;810,64,1
6baa36c1-e4d0-4dbd-97b2-dff48ecf796e,Does the video show paint being scraped off?,Yes.,"Yes, the video shows paint being scraped off the wooden surface.",0;1;2;325;326;327;332;333;334;336;337;339;340;341;342;344;345;346;436;437;438;549;550;551;568;569;570;584;585;586;596;597;598;600;602;603;672;673;674;680;681;683;684;685;686;688;690;691;696;697;698;708;709;710;784;785;787;804;805;807;808;809;810,64,1
6baa36c1-e4d0-4dbd-97b2-dff48ecf796e,Is the window frame being refinished?,Yes.,"Yes, the window frame is being refinished. The video shows the person scraping off old paint and preparing the surface for a new coat of paint.",0;1;2;325;326;327;332;333;334;336;337;339;340;341;342;344;345;346;436;437;438;568;569;570;584;585;586;592;593;594;596;597;598;600;602;603;672;673;674;680;681;683;684;685;686;688;690;691;696;697;698;708;709;710;784;785;787;804;805;807;808;809;810,64,1
6baa36c1-e4d0-4dbd-97b2-dff48ecf796e,Is a tool being used for paint removal?,Yes.,"Yes, a tool is being used for paint removal.",0;1;2;325;326;327;332;333;334;336;337;339;340;341;342;344;345;346;436;437;438;524;525;527;568;569;570;584;585;586;596;597;598;600;602;603;672;673;674;680;681;683;684;685;686;688;690;691;696;697;698;708;709;710;784;785;787;804;805;807;808;809;810,64,1
6baa36c1-e4d0-4dbd-97b2-dff48ecf796e,Is the person working on interior maintenance?,No.,Yes,0;1;2;325;326;327;332;333;334;336;337;339;340;341;342;344;345;346;436;437;438;549;550;551;568;569;570;584;585;586;596;597;598;600;602;603;672;673;674;680;681;683;684;685;686;688;690;691;696;697;698;708;709;710;784;785;787;804;805;807;808;809;810,64,1
6baa36c1-e4d0-4dbd-97b2-dff48ecf796e,Is the window frame being replaced?,No.,"No, the window frame is not being replaced. The video shows the person scraping off old paint from the window frame, indicating a repair or renovation process rather than a replacement.",0;1;2;325;326;327;332;333;334;336;337;339;340;341;342;344;345;346;436;437;438;524;525;527;568;569;570;584;585;586;596;597;598;600;602;603;672;673;674;680;681;683;684;685;686;688;690;691;696;697;698;708;709;710;784;785;787;804;805;807;808;809;810,64,1
6baa36c1-e4d0-4dbd-97b2-dff48ecf796e,Is the window opened before the paint is scraped?,Yes,"No, the window is not opened before the paint is scraped.",0;1;2;325;326;327;332;333;334;336;337;339;340;341;342;344;345;346;436;437;438;524;525;527;568;569;570;584;585;586;596;597;598;600;602;603;672;673;674;680;681;683;684;685;686;688;690;691;696;697;698;708;709;710;784;785;787;804;805;807;808;809;810,64,1
6baa36c1-e4d0-4dbd-97b2-dff48ecf796e,Does the hand touch the window frame before using the scraper?,Yes,"Yes, the hand touches the window frame before using the scraper.",0;1;2;325;326;327;332;333;334;336;337;339;340;341;342;344;345;346;436;437;438;524;525;527;568;569;570;584;585;586;596;597;598;600;602;603;672;673;674;680;681;683;684;685;686;688;690;691;696;697;698;708;709;710;784;785;787;804;805;807;808;809;810,64,1
6baa36c1-e4d0-4dbd-97b2-dff48ecf796e,Is the paint on the window frame removed before the hand is visible?,No,"Yes, the paint on the window frame is removed before the hand is visible, as indicated by the presence of a bare wooden surface.",0;1;2;325;326;327;332;333;334;336;337;339;340;341;342;344;345;346;436;437;438;524;525;527;568;569;570;584;585;586;596;597;598;600;602;603;672;673;674;680;681;683;684;685;686;688;690;691;696;697;698;708;709;710;784;785;787;804;805;807;808;809;810,64,1
6baa36c1-e4d0-4dbd-97b2-dff48ecf796e,Does the window frame appear before the scraper is in motion?,Yes,"Yes, the window frame appears before the scraper is in motion.",0;1;2;325;326;327;332;333;334;336;337;339;340;341;342;344;345;346;436;437;438;524;525;527;568;569;570;584;585;586;596;597;598;600;602;603;672;673;674;680;681;683;684;685;686;688;690;691;696;697;698;708;709;710;784;785;787;804;805;807;808;809;810,64,1
6baa36c1-e4d0-4dbd-97b2-dff48ecf796e,Is the paint removed from the window frame before using the planer?,No,"Yes, the paint is removed from the window frame before using the planer.",0;1;2;325;326;327;332;333;334;336;337;339;340;341;342;344;345;346;436;437;438;524;525;527;568;569;570;584;585;586;596;597;598;600;602;603;672;673;674;680;681;683;684;685;686;688;690;691;696;697;698;708;709;710;784;785;787;804;805;807;808;809;810,64,1
6baa36c1-e4d0-4dbd-97b2-dff48ecf796e,Does the surface smoothing with a planer occur before the scraping?,Yes,"No, the surface smoothing with a planer occurs after the scraping.",0;1;2;325;326;327;332;333;334;336;337;339;340;341;342;344;345;346;436;437;438;524;525;527;568;569;570;584;585;586;596;597;598;600;602;603;672;673;674;680;681;683;684;685;686;688;690;691;696;697;698;708;709;710;784;785;787;804;805;807;808;809;810,64,1
6baa36c1-e4d0-4dbd-97b2-dff48ecf796e,Is the scraping of the surface completed before removing paint on the window frame?,No,"No, the scraping of the surface is ongoing, and the person is still in the process of removing paint on the window frame.",0;1;2;325;326;327;332;333;334;336;337;339;340;341;342;344;345;346;436;437;438;524;525;527;568;569;570;584;585;586;596;597;598;600;602;603;672;673;674;680;681;683;684;685;686;688;690;691;696;697;698;708;709;710;784;785;787;804;805;807;808;809;810,64,1
6baa36c1-e4d0-4dbd-97b2-dff48ecf796e,What occurs just before scraping the surface?,Smoothening with a planer,"Just before scraping the surface, the person is seen holding a piece of wood against the window frame, possibly to stabilize it or to mark the area for scraping.",0;1;2;325;326;327;332;333;334;336;337;339;340;341;342;344;345;346;436;437;438;524;525;527;568;569;570;584;585;586;596;597;598;600;602;603;672;673;674;680;681;683;684;685;686;688;690;691;696;697;698;708;709;710;784;785;787;804;805;807;808;809;810,64,1
6baa36c1-e4d0-4dbd-97b2-dff48ecf796e,What is the main activity taking place outside the house?,Smoothing and scraping surfaces.,The main activity is the person scraping off old paint from the window frame.,0;1;2;325;326;327;332;333;334;336;337;339;340;341;342;344;345;346;436;437;438;584;585;586;596;597;598;600;602;603;672;673;674;680;681;683;684;685;686;688;690;691;696;697;698;708;709;710;784;785;787;804;805;807;825;826;827;829;830;831;833;834;835,64,1
6baa36c1-e4d0-4dbd-97b2-dff48ecf796e,Where is the scene set?,Outside a house.,The scene is set in a cluttered garage or workshop.,0;1;2;325;326;327;332;333;334;336;337;339;340;341;342;344;345;346;436;437;438;584;585;586;600;602;603;672;673;674;680;681;683;684;685;686;688;690;691;696;697;698;708;709;710;784;785;787;804;805;807;808;809;810;825;826;827;829;830;831;833;834;835,64,1
6baa36c1-e4d0-4dbd-97b2-dff48ecf796e,What tools are being used in this scene?,A planer and a scraper.,"The tools being used in this scene include a hammer, a chisel, and a sanding block.",0;1;2;325;326;327;332;333;334;336;337;339;340;341;342;344;345;346;436;437;438;584;585;586;600;602;603;672;673;674;680;681;683;684;685;686;688;690;691;696;697;698;708;709;710;784;785;787;804;805;807;825;826;827;829;830;831;833;834;835;840;841;843,64,1
6baa36c1-e4d0-4dbd-97b2-dff48ecf796e,How can you describe the area in which the activity occurs?,It's a woodworking area outside the house.,"The area is cluttered with various items, including a ladder, a bicycle, and a workbench.",0;1;2;325;326;327;332;333;334;336;337;339;340;341;342;344;345;346;436;437;438;584;585;586;596;597;598;600;602;603;672;673;674;680;681;683;684;685;686;688;690;691;696;697;698;708;709;710;784;785;787;804;805;807;825;826;827;829;830;831;833;834;835,64,1
6baa36c1-e4d0-4dbd-97b2-dff48ecf796e,What actions are being performed in this video clip?,Smoothing with a planer and scraping with a scraper.,"The video shows a person engaged in a woodworking or carpentry activity. They are using a hand saw to cut a piece of wood. The person is wearing a dark blue long-sleeve shirt and a watch on their left wrist. The background includes a window with a view of the outdoors, and there are various tools and materials scattered around, indicating a workshop setting. The person is focused on making precise cuts along a marked line on the wood.",0;1;2;325;326;327;332;333;334;336;337;339;340;341;342;344;345;346;436;437;438;584;585;586;596;597;598;600;602;603;672;673;674;680;681;683;684;685;686;688;690;691;696;697;698;708;709;710;784;785;787;804;805;807;825;826;827;829;830;831;833;834;835,64,1
6baa36c1-e4d0-4dbd-97b2-dff48ecf796e,What is the focus of the activity in these frames?,Wood surface maintenance.,"The focus of the activity in these frames is the meticulous process of scraping off old paint from a wooden surface, likely as part of a renovation or painting project.",0;1;2;325;326;327;332;333;334;336;337;339;340;341;342;344;345;346;436;437;438;584;585;586;600;602;603;672;673;674;680;681;683;684;685;686;688;690;691;696;697;698;708;709;710;784;785;787;804;805;807;808;809;810;825;826;827;829;830;831;833;834;835,64,1
6baa36c1-e4d0-4dbd-97b2-dff48ecf796e,What is the sequence of actions performed outside?,"First smoothening, then scraping surfaces.","The sequence of actions performed outside includes scraping off old paint, smoothing the surface, and applying a new coat of paint.",0;1;2;325;326;327;332;333;334;336;337;339;340;341;342;344;345;346;436;437;438;584;585;586;596;597;598;600;602;603;672;673;674;680;681;683;684;685;686;688;690;691;696;697;698;708;709;710;784;785;787;804;805;807;825;826;827;829;830;831;833;834;835,64,1
6baa36c1-e4d0-4dbd-97b2-dff48ecf796e,How does the person handle the tools in the video?,With precision and care for the task.,"The person handles the tools with precision, using a paint roller to apply paint and a putty knife to scrape off old paint.",0;1;2;325;326;327;332;333;334;336;337;339;340;341;342;344;345;346;436;437;438;584;585;586;600;602;603;672;673;674;680;681;683;684;685;686;688;690;691;696;697;698;708;709;710;784;785;787;804;805;807;808;809;810;825;826;827;829;830;831;833;834;835,64,1
6baa36c1-e4d0-4dbd-97b2-dff48ecf796e,What are the visible results of the actions in this clip?,Smooth surfaces and wood shavings scattered.,The visible results of the actions in this clip are the removal of old paint and the preparation of the surface for new paint or another finish.,0;1;2;325;326;327;332;333;334;336;337;339;340;341;342;344;345;346;436;437;438;584;585;586;600;602;603;672;673;674;680;681;683;684;685;686;688;690;691;696;697;698;708;709;710;784;785;787;804;805;807;825;826;827;829;830;831;833;834;835;860;861;863,64,1
6baa36c1-e4d0-4dbd-97b2-dff48ecf796e,Does the video show the use of a woodworking planer?,Yes,"Yes, the video shows the use of a woodworking planer to remove the old paint from the wooden surface.",0;1;2;325;326;327;332;333;334;336;337;339;340;341;342;344;345;346;436;437;438;584;585;586;600;602;603;672;673;674;680;681;683;684;685;686;688;690;691;696;697;698;708;709;710;784;785;787;804;805;807;808;809;810;825;826;827;829;830;831;833;834;835,64,1
6baa36c1-e4d0-4dbd-97b2-dff48ecf796e,Is the person scraping a wooden surface?,Yes,Yes.,0;1;2;325;326;327;332;333;334;336;337;339;340;341;342;344;345;346;436;437;438;584;585;586;600;602;603;672;673;674;680;681;683;684;685;686;688;690;691;696;697;698;708;709;710;784;785;787;804;805;807;808;809;810;825;826;827;829;830;831;833;834;835,64,1
6baa36c1-e4d0-4dbd-97b2-dff48ecf796e,Are the actions performed indoor?,No,yes,0;1;2;325;326;327;332;333;334;336;337;339;340;341;342;344;345;346;436;437;438;584;585;586;600;602;603;672;673;674;680;681;683;684;685;686;688;690;691;696;697;698;708;709;710;784;785;787;804;805;807;825;826;827;829;830;831;833;834;835;840;841;843,64,1
6baa36c1-e4d0-4dbd-97b2-dff48ecf796e,Does the activity involve painting or staining?,No,"The activity involves scraping off old paint or stain, but there is no direct indication of painting or staining in the video.",0;1;2;325;326;327;332;333;334;336;337;339;340;341;342;344;345;346;436;437;438;584;585;586;600;602;603;672;673;674;680;681;683;684;685;686;688;690;691;696;697;698;708;709;710;784;785;787;804;805;807;825;826;827;829;830;831;833;834;835;860;861;863,64,1
6baa36c1-e4d0-4dbd-97b2-dff48ecf796e,Is the person wearing any safety gear?,No,"No, the person is not wearing any safety gear.",0;1;2;325;326;327;332;333;334;336;337;339;340;341;342;344;345;346;436;437;438;584;585;586;596;597;598;600;602;603;672;673;674;680;681;683;684;685;686;688;690;691;696;697;698;708;709;710;784;785;787;804;805;807;825;826;827;829;830;831;833;834;835,64,1
6baa36c1-e4d0-4dbd-97b2-dff48ecf796e,Was the window frame scraped before it was planed?,No,"Yes, the window frame was scraped before it was planed, as indicated by the presence of scraped paint on the frame.",0;1;2;325;326;327;332;333;334;336;337;339;340;341;342;344;345;346;436;437;438;584;585;586;600;602;603;672;673;674;680;681;683;684;685;686;688;690;691;696;697;698;708;709;710;784;785;787;804;805;807;808;809;810;825;826;827;829;830;831;833;834;835,64,1
6baa36c1-e4d0-4dbd-97b2-dff48ecf796e,Did the scraping of a surface happen after smoothening it?,Yes,"No, the scraping of a surface happened before smoothening it.",0;1;2;325;326;327;332;333;334;336;337;339;340;341;342;344;345;346;436;437;438;584;585;586;600;602;603;672;673;674;680;681;683;684;685;686;688;690;691;696;697;698;708;709;710;784;785;787;804;805;807;808;809;810;825;826;827;829;830;831;833;834;835,64,1
6baa36c1-e4d0-4dbd-97b2-dff48ecf796e,What happens just before the scraper is used on the window frame?,The surface is smoothened with a planer,"Just before the scraper is used on the window frame, the person is seen holding a piece of wood against the frame, possibly to stabilize it or to mark a spot for scraping.",0;1;2;325;326;327;332;333;334;336;337;339;340;341;342;344;345;346;436;437;438;584;585;586;596;597;598;600;602;603;672;673;674;680;681;683;684;685;686;688;690;691;696;697;698;708;709;710;784;785;787;804;805;807;825;826;827;829;830;831;833;834;835,64,1
6baa36c1-e4d0-4dbd-97b2-dff48ecf796e,What is the action taken just prior to the planer being used in the video?,There is no action shown before the planer is used,The action taken just prior to the planer being used is scraping off the old paint with a putty knife.,0;1;2;325;326;327;332;333;334;336;337;339;340;341;342;344;345;346;436;437;438;584;585;586;596;597;598;600;602;603;672;673;674;680;681;683;684;685;686;688;690;691;696;697;698;708;709;710;784;785;787;804;805;807;825;826;827;829;830;831;833;834;835,64,1
6baa36c1-e4d0-4dbd-97b2-dff48ecf796e,Was the surface planed before the scraping of paint on the window frame?,Yes,"Yes, the surface was planed before the scraping of paint on the window frame.",0;1;2;325;326;327;332;333;334;336;337;339;340;341;342;344;345;346;436;437;438;584;585;586;600;602;603;672;673;674;680;681;683;684;685;686;688;690;691;696;697;698;708;709;710;784;785;787;804;805;807;808;809;810;825;826;827;829;830;831;833;834;835,64,1
6baa36c1-e4d0-4dbd-97b2-dff48ecf796e,Was the window frame scraped before planing the surface?,No,"Yes, the window frame was scraped before planing the surface.",0;1;2;325;326;327;332;333;334;336;337;339;340;341;342;344;345;346;436;437;438;584;585;586;600;602;603;672;673;674;680;681;683;684;685;686;688;690;691;696;697;698;708;709;710;784;785;787;804;805;807;808;809;810;825;826;827;829;830;831;833;834;835,64,1
6baa36c1-e4d0-4dbd-97b2-dff48ecf796e,Was the window frame scraped first before using any tools?,No,"Yes, the window frame was scraped first before using any tools.",0;1;2;325;326;327;332;333;334;336;337;339;340;341;342;344;345;346;436;437;438;584;585;586;596;597;598;600;602;603;672;673;674;680;681;683;684;685;686;688;690;691;696;697;698;708;709;710;784;785;787;804;805;807;825;826;827;829;830;831;833;834;835,64,1
6baa36c1-e4d0-4dbd-97b2-dff48ecf796e,What's the brief of the depicted scenario?,A person scrapes a surface outside a house.,"The video shows a person engaged in a home improvement or maintenance task, specifically working on a wooden surface, likely a part of a window frame or door, given the presence of a window pane in the background. The individual is using a tool, possibly a scraper or a putty knife, to either remove old paint or plaster, or to apply a new substance to the surface. The focus is on the methodical and careful work being done on the wooden material, with attention to detail in the scraping or spreading process. The environment suggests a workshop or a garage, with various tools and materials scattered around, indicating an ongoing project.",0;1;2;325;326;327;332;333;334;336;337;339;340;341;342;344;345;346;436;437;438;584;585;586;600;602;603;672;673;674;680;681;683;684;685;686;688;690;691;696;697;698;708;709;710;784;785;787;804;805;807;825;826;827;829;830;831;833;834;835;860;861;863,64,1
6baa36c1-e4d0-4dbd-97b2-dff48ecf796e,What can be inferred about the location in the video clip?,It's a residential outdoor area by a window.,"The location in the video clip appears to be a workshop or garage, as indicated by the presence of tools, a workbench, and a ladder.",0;1;2;325;326;327;332;333;334;336;337;339;340;341;342;344;345;346;436;437;438;584;585;586;600;602;603;672;673;674;680;681;683;684;685;686;688;690;691;696;697;698;708;709;710;784;785;787;804;805;807;825;826;827;829;830;831;833;834;835;860;861;863,64,1
6baa36c1-e4d0-4dbd-97b2-dff48ecf796e,How would you describe the environment surrounding the action?,It appears to be tranquil and domestic.,"The environment surrounding the action is a cluttered garage or workshop with various tools and items scattered around, including a ladder, a workbench, and a window with a view of the outdoors.",0;1;2;325;326;327;332;333;334;336;337;339;340;341;342;344;345;346;436;437;438;584;585;586;600;602;603;672;673;674;680;681;683;684;685;686;688;690;691;696;697;698;708;709;710;784;785;787;804;805;807;808;809;810;825;826;827;829;830;831;833;834;835,64,1
6baa36c1-e4d0-4dbd-97b2-dff48ecf796e,Is the person in the video using a tool for scraping?,Yes.,Yes.,0;1;2;325;326;327;332;333;334;336;337;339;340;341;342;344;345;346;436;437;438;584;585;586;600;602;603;672;673;674;680;681;683;684;685;686;688;690;691;696;697;698;708;709;710;784;785;787;804;805;807;808;809;810;825;826;827;829;830;831;833;834;835,64,1
6baa36c1-e4d0-4dbd-97b2-dff48ecf796e,Is the scraping happening indoors?,No.,No.,0;1;2;325;326;327;332;333;334;336;337;339;340;341;342;344;345;346;436;437;438;584;585;586;600;602;603;672;673;674;680;681;683;684;685;686;688;690;691;696;697;698;708;709;710;784;785;787;804;805;807;825;826;827;829;830;831;833;834;835;860;861;863,64,1
6baa36c1-e4d0-4dbd-97b2-dff48ecf796e,Does the footage show the completion of the scraping task?,No.,"No, the footage does not show the completion of the scraping task. The person continues to scrape the wood, removing more paint and revealing more of the wood's surface.",0;1;2;325;326;327;332;333;334;336;337;339;340;341;342;344;345;346;436;437;438;584;585;586;600;602;603;672;673;674;680;681;683;684;685;686;688;690;691;696;697;698;708;709;710;784;785;787;804;805;807;825;826;827;829;830;831;833;834;835;860;861;863,64,1
6baa36c1-e4d0-4dbd-97b2-dff48ecf796e,Is the person wearing gloves while scraping?,No.,"No, the person is not wearing gloves while scraping.",0;1;2;325;326;327;332;333;334;336;337;339;340;341;342;344;345;346;436;437;438;584;585;586;600;602;603;672;673;674;680;681;683;684;685;686;688;690;691;696;697;698;708;709;710;784;785;787;804;805;807;808;809;810;825;826;827;829;830;831;833;834;835,64,1
6baa36c1-e4d0-4dbd-97b2-dff48ecf796e,Did I smoothen the surface with a planer before scraping it with a scraper?,Yes,"Yes, you used a planer to smoothen the surface before scraping it with a scraper.",0;1;2;325;326;327;332;333;334;336;337;339;340;341;342;344;345;346;436;437;438;584;585;586;600;602;603;672;673;674;680;681;683;684;685;686;688;690;691;696;697;698;708;709;710;784;785;787;804;805;807;808;809;810;825;826;827;829;830;831;833;834;835,64,1
6baa36c1-e4d0-4dbd-97b2-dff48ecf796e,What occurs just before I scrape the surface with the scraper?,Smoothening with a planer,"Just before scraping the surface with the scraper, the person is seen holding the scraper and preparing to scrape the surface.",0;1;2;325;326;327;332;333;334;336;337;339;340;341;342;344;345;346;436;437;438;584;585;586;600;602;603;672;673;674;680;681;683;684;685;686;688;690;691;696;697;698;708;709;710;784;785;787;804;805;807;825;826;827;829;830;831;833;834;835;860;861;863,64,1
6baa36c1-e4d0-4dbd-97b2-dff48ecf796e,Is the scraping of the window frame after smoothing the surface?,Yes,"Yes, the scraping of the window frame is after smoothing the surface.",0;1;2;325;326;327;332;333;334;336;337;339;340;341;342;344;345;346;436;437;438;584;585;586;600;602;603;672;673;674;680;681;683;684;685;686;688;690;691;696;697;698;708;709;710;784;785;787;804;805;807;808;809;810;825;826;827;829;830;831;833;834;835,64,1
6baa36c1-e4d0-4dbd-97b2-dff48ecf796e,What happens just before the window frame is scraped?,The surface is smoothened with a planer,"Just before the window frame is scraped, the person is seen holding a paint roller and a paint tray, indicating that they have been painting the window frame.",0;1;2;325;326;327;332;333;334;336;337;339;340;341;342;344;345;346;436;437;438;584;585;586;596;597;598;600;602;603;672;673;674;680;681;683;684;685;686;688;690;691;696;697;698;708;709;710;784;785;787;804;805;807;825;826;827;829;830;831;833;834;835,64,1
6baa36c1-e4d0-4dbd-97b2-dff48ecf796e,What occurs right before the surface is smoothened?,The paint is removed with a scraper,"Right before the surface is smoothened, the person uses a tool to scrape off the remaining paint and prepare the surface for the next step.",0;1;2;325;326;327;332;333;334;336;337;339;340;341;342;344;345;346;436;437;438;584;585;586;596;597;598;600;602;603;672;673;674;680;681;683;684;685;686;688;690;691;696;697;698;708;709;710;784;785;787;804;805;807;825;826;827;829;830;831;833;834;835,64,1
6baa36c1-e4d0-4dbd-97b2-dff48ecf796e,Can you describe the setting in the video?,The setting is outdoor by the side of a house.,"The video takes place in a workshop or garage setting, with various tools and materials scattered around. The primary focus is on a wooden structure, possibly a window frame, where the person is scraping off old paint or plaster. The background includes a window with a view of the outdoors, and the lighting suggests it might be daytime.",0;1;2;325;326;327;332;333;334;336;337;339;340;341;342;344;345;346;436;437;438;584;585;586;600;602;603;672;673;674;680;681;683;684;685;686;688;690;691;696;697;698;708;709;710;784;785;787;804;805;807;808;809;810;825;826;827;829;830;831;833;834;835,64,1
6baa36c1-e4d0-4dbd-97b2-dff48ecf796e,Does the person succeed in scraping off the material?,Yes.,"Yes, the person successfully scrapes off the material from the wooden surface.",0;1;2;325;326;327;332;333;334;336;337;339;340;341;342;344;345;346;436;437;438;584;585;586;600;602;603;672;673;674;680;681;683;684;685;686;688;690;691;696;697;698;708;709;710;784;785;787;804;805;807;808;809;810;825;826;827;829;830;831;833;834;835,64,1
6baa36c1-e4d0-4dbd-97b2-dff48ecf796e,Is the scraping being done on an interior wall?,No.,Yes.,0;1;2;325;326;327;332;333;334;336;337;339;340;341;342;344;345;346;436;437;438;584;585;586;600;602;603;672;673;674;680;681;683;684;685;686;688;690;691;696;697;698;708;709;710;784;785;787;804;805;807;808;809;810;825;826;827;829;830;831;833;834;835,64,1
6baa36c1-e4d0-4dbd-97b2-dff48ecf796e,Is the person using any tool other than a scraper?,No.,"No, the person is only using a scraper to remove the paint from the wooden surface.",0;1;2;325;326;327;332;333;334;336;337;339;340;341;342;344;345;346;436;437;438;584;585;586;600;602;603;672;673;674;680;681;683;684;685;686;688;690;691;696;697;698;708;709;710;784;785;787;804;805;807;808;809;810;825;826;827;829;830;831;833;834;835,64,1
6baa36c1-e4d0-4dbd-97b2-dff48ecf796e,Does the scrapping of the surface start before walking outside the house?,No,"Yes, the scrapping of the surface starts before walking outside the house.",0;1;2;325;326;327;332;333;334;336;337;339;340;341;342;344;345;346;436;437;438;584;585;586;600;602;603;672;673;674;680;681;683;684;685;686;688;690;691;696;697;698;708;709;710;784;785;787;804;805;807;808;809;810;825;826;827;829;830;831;833;834;835,64,1
6baa36c1-e4d0-4dbd-97b2-dff48ecf796e,"In the video, is the scraper used on the lower part of the wall before the upper part?",No,"Yes, the person in the video uses the scraper on the lower part of the wall before moving to the upper part.",0;1;2;325;326;327;332;333;334;336;337;339;340;341;342;344;345;346;436;437;438;584;585;586;600;602;603;672;673;674;680;681;683;684;685;686;688;690;691;696;697;698;708;709;710;784;785;787;804;805;807;808;809;810;825;826;827;829;830;831;833;834;835,64,1
6baa36c1-e4d0-4dbd-97b2-dff48ecf796e,Is the paint removal near the window sill done after removing paint near the flower pot?,Yes,"Yes, the paint removal near the window sill is shown after the paint removal near the flower pot.",0;1;2;325;326;327;332;333;334;336;337;339;340;341;342;344;345;346;436;437;438;584;585;586;600;602;603;672;673;674;680;681;683;684;685;686;688;690;691;696;697;698;708;709;710;784;785;787;804;805;807;808;809;810;825;826;827;829;830;831;833;834;835,64,1
6baa36c1-e4d0-4dbd-97b2-dff48ecf796e,What action occurs just before the paint near the flower pot is scraped off?,Scraping near the window sill,The paint near the flower pot is scraped off.,0;1;2;325;326;327;332;333;334;336;337;339;340;341;342;344;345;346;436;437;438;584;585;586;596;597;598;600;602;603;672;673;674;680;681;683;684;685;686;688;690;691;696;697;698;708;709;710;784;785;787;804;805;807;825;826;827;829;830;831;833;834;835,64,1
6baa36c1-e4d0-4dbd-97b2-dff48ecf796e,Is the planer used before the scraper?,Yes,"No, the planer is used after the scraper.",0;1;2;325;326;327;332;333;334;336;337;339;340;341;342;344;345;346;436;437;438;584;585;586;600;602;603;672;673;674;680;681;683;684;685;686;688;690;691;696;697;698;708;709;710;784;785;787;804;805;807;825;826;827;829;830;831;833;834;835;840;841;843,64,1
6baa36c1-e4d0-4dbd-97b2-dff48ecf796e,Is the scraping done before smoothing the surface?,No,"Yes, the scraping is done before smoothing the surface.",0;1;2;325;326;327;332;333;334;336;337;339;340;341;342;344;345;346;436;437;438;584;585;586;600;602;603;672;673;674;680;681;683;684;685;686;688;690;691;696;697;698;708;709;710;784;785;787;804;805;807;808;809;810;825;826;827;829;830;831;833;834;835,64,1
6baa36c1-e4d0-4dbd-97b2-dff48ecf796e,Does the planing occur after the scraping?,No,"Yes, the planing occurs after the scraping.",0;1;2;325;326;327;332;333;334;336;337;339;340;341;342;344;345;346;436;437;438;600;602;603;672;673;674;680;681;683;684;685;686;688;690;691;696;697;698;708;709;710;784;785;787;804;805;807;808;809;810;825;826;827;829;830;831;833;834;835;840;841;843,64,1
6baa36c1-e4d0-4dbd-97b2-dff48ecf796e,What happens before the scraping begins?,Smoothing with a planer,"Before the scraping begins, the person is seen holding a power tool, likely a sander or a scraper, and preparing to start the process of removing the old paint from the wooden surface.",0;1;2;325;326;327;332;333;334;336;337;339;340;341;342;344;345;346;436;437;438;584;585;586;600;602;603;672;673;674;680;681;683;684;685;686;688;690;691;696;697;698;708;709;710;784;785;787;804;805;807;825;826;827;829;830;831;833;834;835;860;861;863,64,1
6baa36c1-e4d0-4dbd-97b2-dff48ecf796e,What task is being carried out outside the house?,Smoothening a surface with a planer and scraping.,"The task being carried out is scraping off old paint from a wooden surface, likely a window frame or door, to prepare it for repainting or refinishing.",0;1;2;325;326;327;332;333;334;336;337;339;340;341;342;344;345;346;436;437;438;584;585;586;596;597;598;600;602;603;672;673;674;680;681;683;684;685;686;688;690;691;696;697;698;708;709;710;784;785;787;804;805;807;825;826;827;829;830;831;833;834;835,64,1
6baa36c1-e4d0-4dbd-97b2-dff48ecf796e,What tools are used in the latest frames for the outdoor task?,A planer and a scraper.,"In the latest frames, a person is using a red-handled putty knife to scrape off old paint from a wooden surface.",0;1;2;325;326;327;332;333;334;336;337;339;340;341;342;344;345;346;436;437;438;584;585;586;600;602;603;672;673;674;680;681;683;684;685;686;688;690;691;696;697;698;708;709;710;784;785;787;804;805;807;825;826;827;829;830;831;833;834;835;840;841;843,64,1
6baa36c1-e4d0-4dbd-97b2-dff48ecf796e,Describe the surroundings where the task takes place.,"Outside a house, likely a work area with debris.","The surroundings include a workshop or garage with various tools and materials scattered around. There is a ladder, a workbench, and a window with a view of the outdoors. The person is wearing a blue long-sleeve shirt and a watch on their left wrist. The wall is light-colored, and there are some wooden planks leaning against it. The floor is covered with debris and tools.",0;1;2;325;326;327;332;333;334;336;337;339;340;341;342;344;345;346;436;437;438;584;585;586;596;597;598;600;602;603;672;673;674;680;681;683;684;685;686;688;690;691;696;697;698;708;709;710;784;785;787;804;805;807;825;826;827;829;830;831;833;834;835,64,1
6baa36c1-e4d0-4dbd-97b2-dff48ecf796e,What process is demonstrated in the recent video footage?,Woodworking involving smoothing and scraping actions.,"The recent video footage demonstrates the process of scraping off old paint from a wooden surface, likely as part of a renovation or painting project.",0;1;2;325;326;327;332;333;334;336;337;339;340;341;342;344;345;346;436;437;438;584;585;586;596;597;598;600;602;603;672;673;674;680;681;683;684;685;686;688;690;691;696;697;698;708;709;710;784;785;787;804;805;807;825;826;827;829;830;831;833;834;835,64,1
6baa36c1-e4d0-4dbd-97b2-dff48ecf796e,What is the likely purpose of the actions shown in the clip?,"Preparing a wooden surface, possibly for painting or finishing.","The likely purpose of the actions shown in the clip is to prepare the wooden surface for painting or staining. The person is scraping off old paint or varnish, smoothing out the wood, and possibly sanding it to create a clean surface for the new coat of paint or stain.",0;1;2;325;326;327;332;333;334;336;337;339;340;341;342;344;345;346;436;437;438;584;585;586;600;602;603;672;673;674;680;681;683;684;685;686;688;690;691;696;697;698;708;709;710;784;785;787;804;805;807;808;809;810;825;826;827;829;830;831;833;834;835,64,1
6baa36c1-e4d0-4dbd-97b2-dff48ecf796e,Describe the sequential actions taken by the individual.,"First, using a planer for smoothing, then a scraper.","The individual is engaged in a meticulous process of scraping and smoothing the surface of a wooden structure, likely a window frame or door, to prepare it for painting or refinishing. The sequence of actions involves the following steps:1. **Initial Scrubbing**: The person uses a metal scraper to remove old paint or varnish from the wooden surface. The focus is on the area around the window or door, where the paint is peeling off.2. **Smoothing and Cleaning**: After scraping, the individual uses a cloth or rag to wipe away any remaining debris or dust from the surface. This ensures that the area is clean and ready for the next step in the preparation process.3. **Application of Primer or Undercoat**: The person applies a primer or undercoat to the wooden surface. This step is crucial for creating a smooth base for the final coat of paint, enhancing adhesion, and providing a uniform surface.4. **Final Smoothing**: The individual uses a putty knife or a similar tool to spread the primer or undercoat evenly across the surface. This ensures that the primer is applied uniformly, covering any rough spots or irregularities.5. **Inspection and Preparation for Painting**: The person inspects the surface to ensure that it is smooth",0;1;2;325;326;327;332;333;334;336;337;339;340;341;342;344;345;346;436;437;438;584;585;586;596;597;598;600;602;603;672;673;674;680;681;683;684;685;686;688;690;691;696;697;698;708;709;710;784;785;787;804;805;807;825;826;827;829;830;831;833;834;835,64,1
6baa36c1-e4d0-4dbd-97b2-dff48ecf796e,Has the person completed the smoothening task?,Yes.,"No, the person is still in the process of smoothing out the surface of the wooden panel.",0;1;2;325;326;327;332;333;334;336;337;339;340;341;342;344;345;346;436;437;438;584;585;586;600;602;603;672;673;674;680;681;683;684;685;686;688;690;691;696;697;698;708;709;710;784;785;787;804;805;807;808;809;810;825;826;827;829;830;831;833;834;835,64,1
6baa36c1-e4d0-4dbd-97b2-dff48ecf796e,Does the individual use more than one tool?,Yes.,"Yes, the individual uses a paint roller and a paintbrush to apply and smooth out the paint.",0;1;2;325;326;327;332;333;334;336;337;339;340;341;342;344;345;346;436;437;438;584;585;586;600;602;603;672;673;674;680;681;683;684;685;686;688;690;691;696;697;698;708;709;710;784;785;787;804;805;807;808;809;810;825;826;827;829;830;831;833;834;835,64,1
6baa36c1-e4d0-4dbd-97b2-dff48ecf796e,Is the work performed indoors in the latest frames?,"No, it's outside.","No, the work is performed outdoors in the latest frames, as indicated by the presence of a house and trees in the background.",0;1;2;325;326;327;332;333;334;336;337;339;340;341;342;344;345;346;436;437;438;584;585;586;600;602;603;672;673;674;680;681;683;684;685;686;688;690;691;696;697;698;708;709;710;784;785;787;804;805;807;825;826;827;829;830;831;833;834;835;840;841;843,64,1
6baa36c1-e4d0-4dbd-97b2-dff48ecf796e,Have any painting actions been depicted in the summary?,"No, only smoothening and scraping are shown.","Yes, the summary mentions that the person is scraping off old paint from the window frame, which is a preparatory step for painting.",0;1;2;325;326;327;332;333;334;336;337;339;340;341;342;344;345;346;436;437;438;584;585;586;600;602;603;672;673;674;680;681;683;684;685;686;688;690;691;696;697;698;708;709;710;784;785;787;804;805;807;825;826;827;829;830;831;833;834;835;860;861;863,64,1
6baa36c1-e4d0-4dbd-97b2-dff48ecf796e,"In the video, is scraping done before smoothing with a planer?",No,"Yes, scraping is done before smoothing with a planer.",0;1;2;325;326;327;332;333;334;336;337;339;340;341;342;344;345;346;436;437;438;584;585;586;600;602;603;672;673;674;680;681;683;684;685;686;688;690;691;696;697;698;708;709;710;784;785;787;804;805;807;808;809;810;825;826;827;829;830;831;833;834;835,64,1
6baa36c1-e4d0-4dbd-97b2-dff48ecf796e,Is the surface scraped after the house exterior is shown?,Yes,Yes.,0;1;2;325;326;327;332;333;334;336;337;339;340;341;342;344;345;346;436;437;438;584;585;586;600;602;603;672;673;674;680;681;683;684;685;686;688;690;691;696;697;698;708;709;710;784;785;787;804;805;807;808;809;810;825;826;827;829;830;831;833;834;835,64,1
6baa36c1-e4d0-4dbd-97b2-dff48ecf796e,What is seen happening before any tool is used on the surface?,Outside of the house shown,"Before any tool is used on the surface, the person is seen smoothing out the area with their hand.",0;1;2;325;326;327;332;333;334;336;337;339;340;341;342;344;345;346;436;437;438;584;585;586;600;602;603;672;673;674;680;681;683;684;685;686;688;690;691;696;697;698;708;709;710;784;785;787;804;805;807;808;809;810;825;826;827;829;830;831;833;834;835,64,1
6baa36c1-e4d0-4dbd-97b2-dff48ecf796e,"In the sequence, is the scraper used before the planer?",No,"Yes, the scraper is used before the planer.",0;1;2;325;326;327;332;333;334;336;337;339;340;341;342;344;345;346;436;437;438;584;585;586;600;602;603;672;673;674;680;681;683;684;685;686;688;690;691;696;697;698;708;709;710;784;785;787;804;805;807;808;809;810;825;826;827;829;830;831;833;834;835,64,1
6baa36c1-e4d0-4dbd-97b2-dff48ecf796e,Does the scraping happen outdoors?,Yes,"Yes, the scraping happens outdoors, as indicated by the presence of a window and the reflection of trees and a house in the background.",0;1;2;325;326;327;332;333;334;336;337;339;340;341;342;344;345;346;436;437;438;600;602;603;672;673;674;680;681;683;684;685;686;688;690;691;696;697;698;708;709;710;784;785;787;804;805;807;808;809;810;825;826;827;829;830;831;833;834;835;860;861;863,64,1
6baa36c1-e4d0-4dbd-97b2-dff48ecf796e,Is the surface scraped after it is smoothened?,Yes,"Yes, the surface is scraped after it is smoothened.",0;1;2;325;326;327;332;333;334;336;337;339;340;341;342;344;345;346;436;437;438;584;585;586;600;602;603;672;673;674;680;681;683;684;685;686;688;690;691;696;697;698;708;709;710;784;785;787;804;805;807;808;809;810;825;826;827;829;830;831;833;834;835,64,1
6baa36c1-e4d0-4dbd-97b2-dff48ecf796e,Is the scraping performed before standing up?,No,"Yes, the scraping is performed before standing up.",0;1;2;325;326;327;332;333;334;336;337;339;340;341;342;344;345;346;436;437;438;584;585;586;596;597;598;600;602;603;672;673;674;680;681;683;684;685;686;688;690;691;696;697;698;708;709;710;784;785;787;804;805;807;825;826;827;829;830;831;833;834;835,64,1
6baa36c1-e4d0-4dbd-97b2-dff48ecf796e,What is done before using the scraper in the video?,Smoothening the surface with a planer,"Before using the scraper, the person in the video is seen holding a piece of wood and a tool, possibly a hammer or a similar object, and appears to be preparing to work on the wooden surface.",0;1;2;325;326;327;332;333;334;336;337;339;340;341;342;344;345;346;436;437;438;584;585;586;600;602;603;672;673;674;680;681;683;684;685;686;688;690;691;696;697;698;708;709;710;784;785;787;804;805;807;825;826;827;829;830;831;833;834;835;860;861;863,64,1
6baa36c1-e4d0-4dbd-97b2-dff48ecf796e,What happens just before the second scraping action?,The first scraping action,"Just before the second scraping action, the person's hands are seen holding the scraping tool, and the wooden surface is partially stripped of paint.",0;1;2;325;326;327;332;333;334;336;337;339;340;341;342;344;345;346;436;437;438;584;585;586;596;597;598;600;602;603;672;673;674;680;681;683;684;685;686;688;690;691;696;697;698;708;709;710;784;785;787;804;805;807;825;826;827;829;830;831;833;834;835,64,1
6baa36c1-e4d0-4dbd-97b2-dff48ecf796e,What occurs just before the surface is smoothened?,Going outside the house,"Just before the surface is smoothened, the person uses a tool to scrape off the remaining paint or material from the surface.",0;1;2;325;326;327;332;333;334;336;337;339;340;341;342;344;345;346;436;437;438;584;585;586;600;602;603;672;673;674;680;681;683;684;685;686;688;690;691;696;697;698;708;709;710;784;785;787;804;805;807;808;809;810;825;826;827;829;830;831;833;834;835,64,1
6baa36c1-e4d0-4dbd-97b2-dff48ecf796e,What is the setting of the video clip?,"The setting is outdoors, with a person removing unwanted cover.",The setting of the video clip is a cluttered garage or workshop with various tools and items scattered around.,0;1;2;325;326;327;332;333;334;336;337;339;340;341;342;344;345;346;436;437;438;584;585;586;600;602;603;672;673;674;680;681;683;684;685;686;688;690;691;696;697;698;708;709;710;784;785;787;804;805;807;825;826;827;829;830;831;833;834;835;860;861;863,64,1
6baa36c1-e4d0-4dbd-97b2-dff48ecf796e,What is the main focus of the video clip?,The main focus is on a person removing a cover from a surface.,"The main focus of the video clip is the meticulous process of scraping off old paint from a wooden surface, likely as part of a renovation or painting project.",0;1;2;325;326;327;332;333;334;336;337;339;340;341;342;344;345;346;436;437;438;584;585;586;600;602;603;672;673;674;680;681;683;684;685;686;688;690;691;696;697;698;708;709;710;784;785;787;804;805;807;825;826;827;829;830;831;833;834;835;860;861;863,64,1
6baa36c1-e4d0-4dbd-97b2-dff48ecf796e,What is the person doing with their hand?,They are rubbing waste off with their hand.,The person is using their hand to apply pressure or guide the scraping tool.,0;1;2;325;326;327;332;333;334;336;337;339;340;341;342;344;345;346;436;437;438;584;585;586;600;602;603;672;673;674;680;681;683;684;685;686;688;690;691;696;697;698;708;709;710;784;785;787;804;805;807;808;809;810;825;826;827;829;830;831;833;834;835,64,1
6baa36c1-e4d0-4dbd-97b2-dff48ecf796e,What action follows rubbing the waste?,The person climbs a ladder.,The action that follows rubbing the waste is scraping off the remaining paint with a putty knife.,0;1;2;325;326;327;332;333;334;336;337;339;340;341;342;344;345;346;436;437;438;584;585;586;596;597;598;600;602;603;672;673;674;680;681;683;684;685;686;688;690;691;696;697;698;708;709;710;784;785;787;804;805;807;825;826;827;829;830;831;833;834;835,64,1
6baa36c1-e4d0-4dbd-97b2-dff48ecf796e,What tool is the person using in the action?,The person is using a scraper or a similar tool.,The person is using a paint scraper to remove the old paint from the wooden surface.,0;1;2;325;326;327;332;333;334;336;337;339;340;341;342;344;345;346;436;437;438;584;585;586;596;597;598;600;602;603;672;673;674;680;681;683;684;685;686;688;690;691;696;697;698;708;709;710;784;785;787;804;805;807;825;826;827;829;830;831;833;834;835,64,1
6baa36c1-e4d0-4dbd-97b2-dff48ecf796e,Did the person climb a ladder in the video?,Yes.,"No, the person did not climb a ladder in the video. The video only shows the person using a ladder to reach the upper part of the wall for painting.",0;1;2;325;326;327;332;333;334;336;337;339;340;341;342;344;345;346;436;437;438;584;585;586;600;602;603;672;673;674;680;681;683;684;685;686;688;690;691;696;697;698;708;709;710;784;785;787;804;805;807;808;809;810;825;826;827;829;830;831;833;834;835,64,1
6baa36c1-e4d0-4dbd-97b2-dff48ecf796e,Does the video show the person successfully removing the cover?,Yes.,"Yes, the video shows the person successfully removing the cover, as indicated by the removal of the cover and the subsequent scraping of the surface.",0;1;2;325;326;327;332;333;334;336;337;339;340;341;342;344;345;346;436;437;438;584;585;586;600;602;603;672;673;674;680;681;683;684;685;686;688;690;691;696;697;698;708;709;710;784;785;787;804;805;807;808;809;810;825;826;827;829;830;831;833;834;835,64,1
6baa36c1-e4d0-4dbd-97b2-dff48ecf796e,Was the task performed indoors?,No.,No.,0;1;2;325;326;327;332;333;334;336;337;339;340;341;342;344;345;346;436;437;438;584;585;586;596;597;598;600;602;603;672;673;674;680;681;683;684;685;686;688;690;691;696;697;698;708;709;710;784;785;787;804;805;807;825;826;827;829;830;831;833;834;835,64,1
6baa36c1-e4d0-4dbd-97b2-dff48ecf796e,Did I smoothen the surface with a planer before scraping it with a scraper?,Yes.,"Yes, you used a planer to smoothen the surface before scraping it with a scraper.",0;1;2;325;326;327;332;333;334;336;337;339;340;341;342;344;345;346;436;437;438;584;585;586;600;602;603;672;673;674;680;681;683;684;685;686;688;690;691;696;697;698;708;709;710;784;785;787;804;805;807;808;809;810;825;826;827;829;830;831;833;834;835,64,1
6baa36c1-e4d0-4dbd-97b2-dff48ecf796e,Did I climb the ladder before rubbing waste with my hand?,No.,"The video does not provide information about climbing a ladder or rubbing waste with your hand. It shows a person working on a wooden structure, possibly a window frame, using a tool to scrape off old paint or material. The person is wearing a blue long-sleeve shirt and a watch on their left wrist. The background includes a window with a view of the outdoors, and there are some objects on the windowsill, such as a mug and a small plant. The focus is on the manual work being done on the wooden surface.",0;1;2;325;326;327;332;333;334;336;337;339;340;341;342;344;345;346;436;437;438;584;585;586;596;597;598;600;602;603;672;673;674;680;681;683;684;685;686;688;690;691;696;697;698;708;709;710;784;785;787;804;805;807;825;826;827;829;830;831;833;834;835,64,1
6baa36c1-e4d0-4dbd-97b2-dff48ecf796e,Did the removal of unwanted cover happen before climbing the ladder?,No.,"Yes, the removal of unwanted cover happened before climbing the ladder.",0;1;2;325;326;327;332;333;334;336;337;339;340;341;342;344;345;346;436;437;438;584;585;586;596;597;598;600;602;603;672;673;674;680;681;683;684;685;686;688;690;691;696;697;698;708;709;710;784;785;787;804;805;807;825;826;827;829;830;831;833;834;835,64,1
6baa36c1-e4d0-4dbd-97b2-dff48ecf796e,Did I scrape the surface before smoothening it with a planer?,No.,"Yes, you scraped the surface before smoothening it with a planer.",0;1;2;325;326;327;332;333;334;336;337;339;340;341;342;344;345;346;436;437;438;584;585;586;600;602;603;672;673;674;680;681;683;684;685;686;688;690;691;696;697;698;708;709;710;784;785;787;804;805;807;808;809;810;825;826;827;829;830;831;833;834;835,64,1
6baa36c1-e4d0-4dbd-97b2-dff48ecf796e,Did the drawing a planer happen after climbing the ladder?,No.,"Yes, the drawing a planer happened after climbing the ladder.",0;1;2;325;326;327;332;333;334;336;337;339;340;341;342;344;345;346;436;437;438;584;585;586;600;602;603;672;673;674;680;681;683;684;685;686;688;690;691;696;697;698;708;709;710;784;785;787;804;805;807;808;809;810;825;826;827;829;830;831;833;834;835,64,1
6baa36c1-e4d0-4dbd-97b2-dff48ecf796e,What takes place immediately before drawing a planer across the surface?,Being outside the house.,"Immediately before drawing a planer across the surface, the person is seen holding the planer and preparing to start the process.",0;1;2;325;326;327;332;333;334;336;337;339;340;341;342;344;345;346;436;437;438;584;585;586;596;597;598;600;602;603;672;673;674;680;681;683;684;685;686;688;690;691;696;697;698;708;709;710;784;785;787;804;805;807;825;826;827;829;830;831;833;834;835,64,1
6baa36c1-e4d0-4dbd-97b2-dff48ecf796e,What do I do before rubbing waste with my hand?,Being outside.,"Before rubbing waste with your hand, it's important to ensure that your hand is clean and dry. If the waste is sticky or oily, you might want to use a cloth or paper towel to wipe it off before touching it with your bare hand. Additionally, if the waste is sharp or potentially harmful, it's best to wear protective gloves to prevent cuts or injuries. Once the waste is clean and safe to handle, you can proceed to rub it with your hand.",0;1;2;325;326;327;332;333;334;336;337;339;340;341;342;344;345;346;436;437;438;584;585;586;596;597;598;600;602;603;672;673;674;680;681;683;684;685;686;688;690;691;696;697;698;708;709;710;784;785;787;804;805;807;825;826;827;829;830;831;833;834;835,64,1
6baa36c1-e4d0-4dbd-97b2-dff48ecf796e,Did I scrape the surface before using a planer?,No,"Yes, you scraped the surface before using a planer.",0;1;2;325;326;327;332;333;334;336;337;339;340;341;342;344;345;346;436;437;438;584;585;586;600;602;603;672;673;674;680;681;683;684;685;686;688;690;691;696;697;698;708;709;710;784;785;787;804;805;807;808;809;810;825;826;827;829;830;831;833;834;835,64,1
6baa36c1-e4d0-4dbd-97b2-dff48ecf796e,Did the planer use happen after the ladder climbing?,No,"Yes, the planer use happened after the ladder climbing.",0;1;2;325;326;327;332;333;334;336;337;339;340;341;342;344;345;346;436;437;438;584;585;586;600;602;603;672;673;674;680;681;683;684;685;686;688;690;691;696;697;698;708;709;710;784;785;787;804;805;807;808;809;810;825;826;827;829;830;831;833;834;835,64,1
6baa36c1-e4d0-4dbd-97b2-dff48ecf796e,Was the surface scraped after using the planer?,Yes,"Yes, the surface was scraped after using the planer.",0;1;2;325;326;327;332;333;334;336;337;339;340;341;342;344;345;346;436;437;438;584;585;586;600;602;603;672;673;674;680;681;683;684;685;686;688;690;691;696;697;698;708;709;710;784;785;787;804;805;807;808;809;810;825;826;827;829;830;831;833;834;835,64,1
6baa36c1-e4d0-4dbd-97b2-dff48ecf796e,Was the waste rubbed off before I climbed the ladder?,Yes,"Yes, the waste was rubbed off before climbing the ladder.",0;1;2;325;326;327;332;333;334;336;337;339;340;341;342;344;345;346;436;437;438;584;585;586;596;597;598;600;602;603;672;673;674;680;681;683;684;685;686;688;690;691;696;697;698;708;709;710;784;785;787;804;805;807;825;826;827;829;830;831;833;834;835,64,1
6baa36c1-e4d0-4dbd-97b2-dff48ecf796e,What happens just before I scrape the surface?,Smoothening with a planer,"Just before scraping the surface, the person prepares to remove the old paint or material from the wooden surface.",0;1;2;325;326;327;332;333;334;336;337;339;340;341;342;344;345;346;436;437;438;584;585;586;600;602;603;672;673;674;680;681;683;684;685;686;688;690;691;696;697;698;708;709;710;784;785;787;804;805;807;825;826;827;829;830;831;833;834;835;860;861;863,64,1
6baa36c1-e4d0-4dbd-97b2-dff48ecf796e,What event occurs before using the planer?,Climbing the ladder,"Before using the planer, the person removes the old paint from the wooden surface.",0;1;2;325;326;327;332;333;334;336;337;339;340;341;342;344;345;346;436;437;438;584;585;586;600;602;603;672;673;674;680;681;683;684;685;686;688;690;691;696;697;698;708;709;710;784;785;787;804;805;807;825;826;827;829;830;831;833;834;835;840;841;843,64,1
6baa36c1-e4d0-4dbd-97b2-dff48ecf796e,What is the focus of the video's depicted scenario?,Removing unwanted cover from wood surface.,"The focus of the video is on the meticulous process of scraping off old paint from a wooden surface, emphasizing the careful and methodical nature of the work.",0;1;2;325;326;327;332;333;334;336;337;339;340;341;342;344;345;346;436;437;438;584;585;586;600;602;603;672;673;674;680;681;683;684;685;686;688;690;691;696;697;698;708;709;710;784;785;787;804;805;807;825;826;827;829;830;831;833;834;835;860;861;863,64,1
6baa36c1-e4d0-4dbd-97b2-dff48ecf796e,Describe the setting shown in the video clip.,"Outside, near a window with a wood surface.","The video begins with a view of a cluttered garage or workshop area. Various items are scattered around, including wooden planks, a ladder, and a bicycle. The walls are adorned with tools and equipment, such as drills and saws, mounted on pegboards. The floor is covered with debris and tools, indicating a space used for various DIY or repair tasks. The lighting is natural, suggesting the video was taken during the day.The scene transitions to a close-up of a person's hands using a power tool, likely a sander or scraper, on a wooden surface. The person is wearing a dark blue long-sleeve shirt and a smartwatch on their left wrist. The wooden surface appears to be part of a window frame or door, with visible layers of old paint or varnish being removed. The background shows a window with a view of the outdoors, including trees and a house.The video continues with a close-up of the person's hands using the power tool on the wooden surface. The person's hands are steady, and the tool is in contact with the wood, indicating the action of scraping or sanding. The background remains consistent with the previous scene, showing the window and the outdoor view. The person's smartwatch is visible on their left",0;1;2;325;326;327;332;333;334;336;337;339;340;341;342;344;345;346;436;437;438;584;585;586;596;597;598;600;602;603;672;673;674;680;681;683;684;685;686;688;690;691;696;697;698;708;709;710;784;785;787;804;805;807;825;826;827;829;830;831;833;834;835,64,1
6baa36c1-e4d0-4dbd-97b2-dff48ecf796e,What can be observed about the environment in the clip?,"It's outdoors, possibly at a residential location.","The environment in the clip is a workshop or garage with various tools and materials scattered around, indicating a setting for manual work or DIY projects.",0;1;2;325;326;327;332;333;334;336;337;339;340;341;342;344;345;346;436;437;438;584;585;586;596;597;598;600;602;603;672;673;674;680;681;683;684;685;686;688;690;691;696;697;698;708;709;710;784;785;787;804;805;807;825;826;827;829;830;831;833;834;835,64,1
6baa36c1-e4d0-4dbd-97b2-dff48ecf796e,Narrate the activity captured in this clip.,"Holding a scraper, staring at, and scraping a wood surface.","The video depicts a person engaged in the process of scraping off old paint from a wooden surface, likely a window frame or a similar structure. The individual is using a putty knife to remove the peeling paint, which is a common step in preparation for repainting or refinishing the wood. The person is wearing a dark blue long-sleeve shirt and a watch on their left wrist. The background shows a workshop or garage setting with various tools and materials scattered around, indicating a DIY or renovation project. The focus is on the methodical scraping action, with the person's hands and the putty knife being the primary tools of interest. The video captures the repetitive nature of the task, emphasizing the thoroughness required to ensure the surface is clean and ready for the next step in the renovation process.",0;1;2;325;326;327;332;333;334;336;337;339;340;341;342;344;345;346;436;437;438;584;585;586;596;597;598;600;602;603;672;673;674;680;681;683;684;685;686;688;690;691;696;697;698;708;709;710;784;785;787;804;805;807;825;826;827;829;830;831;833;834;835,64,1
6baa36c1-e4d0-4dbd-97b2-dff48ecf796e,Can you provide a caption for the action taking place?,Scraping Away: Unveiling the Wood Beneath.,"The person is meticulously scraping off old paint from a wooden surface, likely as part of a renovation or painting project.",0;1;2;325;326;327;332;333;334;336;337;339;340;341;342;344;345;346;436;437;438;584;585;586;596;597;598;600;602;603;672;673;674;680;681;683;684;685;686;688;690;691;696;697;698;708;709;710;784;785;787;804;805;807;825;826;827;829;830;831;833;834;835,64,1
6baa36c1-e4d0-4dbd-97b2-dff48ecf796e,Did the individual successfully remove some of the unwanted cover?,Yes.,"Yes, the individual successfully removed some of the unwanted cover, as indicated by the progress in the video.",0;1;2;325;326;327;332;333;334;336;337;339;340;341;342;344;345;346;436;437;438;584;585;586;600;602;603;672;673;674;680;681;683;684;685;686;688;690;691;696;697;698;708;709;710;784;785;787;804;805;807;825;826;827;829;830;831;833;834;835;860;861;863,64,1
6baa36c1-e4d0-4dbd-97b2-dff48ecf796e,Is the person using a tool to work on the surface?,Yes.,Yes.,0;1;2;325;326;327;332;333;334;336;337;339;340;341;342;344;345;346;436;437;438;584;585;586;600;602;603;672;673;674;680;681;683;684;685;686;688;690;691;696;697;698;708;709;710;784;785;787;804;805;807;808;809;810;825;826;827;829;830;831;833;834;835,64,1
6baa36c1-e4d0-4dbd-97b2-dff48ecf796e,Has the person been carefully examining the wood surface?,Yes.,"Yes, the person has been carefully examining the wood surface, as indicated by their deliberate and focused actions while scraping off the old paint.",0;1;2;325;326;327;332;333;334;336;337;339;340;341;342;344;345;346;436;437;438;584;585;586;600;602;603;672;673;674;680;681;683;684;685;686;688;690;691;696;697;698;708;709;710;784;785;787;804;805;807;808;809;810;825;826;827;829;830;831;833;834;835,64,1
6baa36c1-e4d0-4dbd-97b2-dff48ecf796e,Is the work being performed close to a window?,Yes.,Yes.,0;1;2;325;326;327;332;333;334;336;337;339;340;341;342;344;345;346;436;437;438;584;585;586;596;597;598;600;602;603;672;673;674;680;681;683;684;685;686;688;690;691;696;697;698;708;709;710;784;785;787;804;805;807;825;826;827;829;830;831;833;834;835,64,1
6baa36c1-e4d0-4dbd-97b2-dff48ecf796e,Did I rub waste with my hand before climbing the ladder?,Yes.,The video does not show you rubbing waste with your hand before climbing the ladder. It only shows you climbing the ladder and beginning to work on the window frame.,0;1;2;325;326;327;332;333;334;336;337;339;340;341;342;344;345;346;436;437;438;584;585;586;596;597;598;600;602;603;672;673;674;680;681;683;684;685;686;688;690;691;696;697;698;708;709;710;784;785;787;804;805;807;825;826;827;829;830;831;833;834;835,64,1
6baa36c1-e4d0-4dbd-97b2-dff48ecf796e,Is the unwanted cover removed after I stare at the wood surface?,No.,"Yes, the unwanted cover is removed after you stare at the wood surface.",0;1;2;325;326;327;332;333;334;336;337;339;340;341;342;344;345;346;436;437;438;584;585;586;596;597;598;600;602;603;672;673;674;680;681;683;684;685;686;688;690;691;696;697;698;708;709;710;784;785;787;804;805;807;825;826;827;829;830;831;833;834;835,64,1
6baa36c1-e4d0-4dbd-97b2-dff48ecf796e,Do I hold the scraper before removing the unwanted cover?,No.,"Yes, you hold the scraper before removing the unwanted cover.",0;1;2;325;326;327;332;333;334;336;337;339;340;341;342;344;345;346;436;437;438;584;585;586;596;597;598;600;602;603;672;673;674;680;681;683;684;685;686;688;690;691;696;697;698;708;709;710;784;785;787;804;805;807;825;826;827;829;830;831;833;834;835,64,1
6baa36c1-e4d0-4dbd-97b2-dff48ecf796e,Am I outside when I stare at the wood surface?,Yes.,"Yes, you are outside when you stare at the wood surface.",0;1;2;325;326;327;332;333;334;336;337;339;340;341;342;344;345;346;436;437;438;584;585;586;596;597;598;600;602;603;672;673;674;680;681;683;684;685;686;688;690;691;696;697;698;708;709;710;784;785;787;804;805;807;825;826;827;829;830;831;833;834;835,64,1
6baa36c1-e4d0-4dbd-97b2-dff48ecf796e,What happens just before I hold the scraper?,Staring at the wood surface.,"Just before holding the scraper, the person is seen using a tool to scrape off the old paint from the wooden surface.",0;1;2;325;326;327;332;333;334;336;337;339;340;341;342;344;345;346;436;437;438;584;585;586;600;602;603;672;673;674;680;681;683;684;685;686;688;690;691;696;697;698;708;709;710;784;785;787;804;805;807;825;826;827;829;830;831;833;834;835;860;861;863,64,1
6baa36c1-e4d0-4dbd-97b2-dff48ecf796e,Did I smooth the surface with a planer before scraping it with a scraper?,Yes,"Yes, you smoothed the surface with a planer before scraping it with a scraper.",0;1;2;325;326;327;332;333;334;336;337;339;340;341;342;344;345;346;436;437;438;584;585;586;600;602;603;672;673;674;680;681;683;684;685;686;688;690;691;696;697;698;708;709;710;784;785;787;804;805;807;808;809;810;825;826;827;829;830;831;833;834;835,64,1
6baa36c1-e4d0-4dbd-97b2-dff48ecf796e,Did I rub waste with my hand before climbing the ladder?,Yes,The video does not show you rubbing waste with your hand before climbing the ladder. It only shows you climbing the ladder and beginning to work on the window frame.,0;1;2;325;326;327;332;333;334;336;337;339;340;341;342;344;345;346;436;437;438;584;585;586;596;597;598;600;602;603;672;673;674;680;681;683;684;685;686;688;690;691;696;697;698;708;709;710;784;785;787;804;805;807;825;826;827;829;830;831;833;834;835,64,1
6baa36c1-e4d0-4dbd-97b2-dff48ecf796e,Did I climb the ladder before removing the unwanted cover from the surface?,Yes,"Yes, you climbed the ladder before removing the unwanted cover from the surface.",0;1;2;325;326;327;332;333;334;336;337;339;340;341;342;344;345;346;436;437;438;584;585;586;600;602;603;672;673;674;680;681;683;684;685;686;688;690;691;696;697;698;708;709;710;784;785;787;804;805;807;808;809;810;825;826;827;829;830;831;833;834;835,64,1
6baa36c1-e4d0-4dbd-97b2-dff48ecf796e,What is the setting depicted in the video clip?,It is an outdoor setting surrounding a window frame.,The setting depicted in the video clip is a cluttered garage or workshop with various tools and items scattered around.,0;1;2;325;326;327;332;333;334;336;337;339;340;341;342;344;345;346;436;437;438;584;585;586;600;602;603;672;673;674;680;681;683;684;685;686;688;690;691;696;697;698;708;709;710;784;785;787;804;805;807;825;826;827;829;830;831;833;834;835;860;861;863,64,1
6baa36c1-e4d0-4dbd-97b2-dff48ecf796e,What is the state of the window frame in the scene?,The window frame is in the process of being scraped.,"The window frame has peeling paint, indicating it needs to be repaired.",0;1;2;325;326;327;332;333;334;336;337;339;340;341;342;344;345;346;436;437;438;584;585;586;600;602;603;672;673;674;680;681;683;684;685;686;688;690;691;696;697;698;708;709;710;784;785;787;804;805;807;808;809;810;825;826;827;829;830;831;833;834;835,64,1
6baa36c1-e4d0-4dbd-97b2-dff48ecf796e,Describe the immediate environment around the window frame.,There's discarded material on the ground near the window frame.,The window frame is set against a backdrop of a light green wall with a white window sill. The surrounding area includes a pile of wooden planks and a ladder leaning against the wall.,0;1;2;325;326;327;332;333;334;336;337;339;340;341;342;344;345;346;436;437;438;584;585;586;596;597;598;600;602;603;672;673;674;680;681;683;684;685;686;688;690;691;696;697;698;708;709;710;784;785;787;804;805;807;825;826;827;829;830;831;833;834;835,64,1
6baa36c1-e4d0-4dbd-97b2-dff48ecf796e,What can be inferred about the surface condition in the scene?,"The surface likely needed maintenance, as it's being scraped.","The surface condition in the scene is rough and unfinished, with visible patches of bare wood and areas where the paint has been stripped away.",0;1;2;325;326;327;332;333;334;336;337;339;340;341;342;344;345;346;436;437;438;584;585;586;600;602;603;672;673;674;680;681;683;684;685;686;688;690;691;696;697;698;708;709;710;784;785;787;804;805;807;825;826;827;829;830;831;833;834;835;840;841;843,64,1
6baa36c1-e4d0-4dbd-97b2-dff48ecf796e,Are there any signs of ongoing construction or repair in the video?,"Yes, the scraping indicates repair or renovation work.","Yes, there are signs of ongoing construction or repair in the video. The presence of a ladder, tools, and the person's actions of scraping and smoothing the wood indicate that the work is in progress.",0;1;2;325;326;327;332;333;334;336;337;339;340;341;342;344;345;346;436;437;438;584;585;586;600;602;603;672;673;674;680;681;683;684;685;686;688;690;691;696;697;698;708;709;710;784;785;787;804;805;807;808;809;810;825;826;827;829;830;831;833;834;835,64,1
6baa36c1-e4d0-4dbd-97b2-dff48ecf796e,What action is the person performing in the new frames?,The person is scraping the surface of a window frame.,The person is scraping off the remaining layers of white paint from the wooden surface using a putty knife.,0;1;2;325;326;327;332;333;334;336;337;339;340;341;342;344;345;346;436;437;438;584;585;586;600;602;603;672;673;674;680;681;683;684;685;686;688;690;691;696;697;698;708;709;710;784;785;787;804;805;807;808;809;810;825;826;827;829;830;831;833;834;835,64,1
6baa36c1-e4d0-4dbd-97b2-dff48ecf796e,How is the person preparing the window frame?,By removing unwanted cover and rubbing the surface.,The person is scraping off old paint from the window frame using a putty knife.,0;1;2;325;326;327;332;333;334;336;337;339;340;341;342;344;345;346;436;437;438;584;585;586;600;602;603;672;673;674;680;681;683;684;685;686;688;690;691;696;697;698;708;709;710;784;785;787;804;805;807;808;809;810;825;826;827;829;830;831;833;834;835,64,1
6baa36c1-e4d0-4dbd-97b2-dff48ecf796e,What maintenance task can be seen happening around a window?,Scraping off old paint or material from the window frame.,The maintenance task being performed around the window is scraping off old paint or plaster from the window frame.,0;1;2;325;326;327;332;333;334;336;337;339;340;341;342;344;345;346;436;437;438;584;585;586;596;597;598;600;602;603;672;673;674;680;681;683;684;685;686;688;690;691;696;697;698;708;709;710;784;785;787;804;805;807;825;826;827;829;830;831;833;834;835,64,1
6baa36c1-e4d0-4dbd-97b2-dff48ecf796e,Has the protective cover been removed from the window surface?,Yes.,"Yes, the protective cover has been removed from the window surface.",0;1;2;325;326;327;332;333;334;336;337;339;340;341;342;344;345;346;436;437;438;584;585;586;596;597;598;600;602;603;672;673;674;680;681;683;684;685;686;688;690;691;696;697;698;708;709;710;784;785;787;804;805;807;825;826;827;829;830;831;833;834;835,64,1
6baa36c1-e4d0-4dbd-97b2-dff48ecf796e,Is there any sign of the person completing the scraping action?,"No, the person is still holding the scraper.","Yes, the person's hands are visible, wearing a dark blue long-sleeve shirt and a smartwatch on the left wrist.",0;1;2;325;326;327;332;333;334;336;337;339;340;341;342;344;345;346;436;437;438;584;585;586;600;602;603;672;673;674;680;681;683;684;685;686;688;690;691;696;697;698;708;709;710;784;785;787;804;805;807;808;809;810;825;826;827;829;830;831;833;834;835,64,1
6baa36c1-e4d0-4dbd-97b2-dff48ecf796e,Does the footage show a fully renovated window frame?,"No, the window is still being worked on.","No, the footage shows that the window frame is still undergoing renovation, as indicated by the presence of the person's hands and the tools they are using.",0;1;2;325;326;327;332;333;334;336;337;339;340;341;342;344;345;346;436;437;438;584;585;586;600;602;603;672;673;674;680;681;683;684;685;686;688;690;691;696;697;698;708;709;710;784;785;787;804;805;807;825;826;827;829;830;831;833;834;835;860;861;863,64,1
6baa36c1-e4d0-4dbd-97b2-dff48ecf796e,Did the person in the video fully rub the surface?,"No, only part of the surface has been rubbed.","Yes, the person in the video fully rubbed the surface, ensuring that the area was thoroughly cleaned.",0;1;2;325;326;327;332;333;334;336;337;339;340;341;342;344;345;346;436;437;438;584;585;586;600;602;603;672;673;674;680;681;683;684;685;686;688;690;691;696;697;698;708;709;710;784;785;787;804;805;807;808;809;810;825;826;827;829;830;831;833;834;835,64,1
6baa36c1-e4d0-4dbd-97b2-dff48ecf796e,Has all the discarded material been cleared from the ground?,"No, the material is still on the ground.","Yes, the ground is clear of discarded material, indicating that the cleanup process is complete.",0;1;2;325;326;327;332;333;334;336;337;339;340;341;342;344;345;346;436;437;438;584;585;586;600;602;603;672;673;674;680;681;683;684;685;686;688;690;691;696;697;698;708;709;710;784;785;787;804;805;807;808;809;810;825;826;827;829;830;831;833;834;835,64,1
6baa36c1-e4d0-4dbd-97b2-dff48ecf796e,"In the video, does staring at the wood surface occur before removing the unwanted cover?",No,"Yes, staring at the wood surface occurs before removing the unwanted cover.",0;1;2;325;326;327;332;333;334;336;337;339;340;341;342;344;345;346;436;437;438;584;585;586;600;602;603;672;673;674;680;681;683;684;685;686;688;690;691;696;697;698;708;709;710;784;785;787;804;805;807;808;809;810;825;826;827;829;830;831;833;834;835,64,1
6baa36c1-e4d0-4dbd-97b2-dff48ecf796e,Is the wood surface rubbed after removing the unwanted cover?,Yes,"Yes, the wood surface is rubbed after removing the unwanted cover.",0;1;2;325;326;327;332;333;334;336;337;339;340;341;342;344;345;346;436;437;438;584;585;586;596;597;598;600;602;603;672;673;674;680;681;683;684;685;686;688;690;691;696;697;698;708;709;710;784;785;787;804;805;807;825;826;827;829;830;831;833;834;835,64,1
6baa36c1-e4d0-4dbd-97b2-dff48ecf796e,"In the video, does holding the scraper happen before rubbing the surface?",Yes,"Yes, holding the scraper happens before rubbing the surface.",0;1;2;325;326;327;332;333;334;336;337;339;340;341;342;344;345;346;436;437;438;584;585;586;600;602;603;672;673;674;680;681;683;684;685;686;688;690;691;696;697;698;708;709;710;784;785;787;804;805;807;808;809;810;825;826;827;829;830;831;833;834;835,64,1
6baa36c1-e4d0-4dbd-97b2-dff48ecf796e,What happens just before rubbing the wood surface in the video?,Removing unwanted cover,"Just before rubbing the wood surface, the person is seen holding a piece of sandpaper and a sanding block, preparing to sand the wood.",0;1;2;325;326;327;332;333;334;336;337;339;340;341;342;344;345;346;436;437;438;584;585;586;600;602;603;672;673;674;680;681;683;684;685;686;688;690;691;696;697;698;708;709;710;784;785;787;804;805;807;808;809;810;825;826;827;829;830;831;833;834;835,64,1
6baa36c1-e4d0-4dbd-97b2-dff48ecf796e,What happens just before removing the unwanted cover in the video?,Staring at the wood surface.,"Just before removing the unwanted cover, the person is seen using a tool to scrape off the old, peeling paint from the wooden surface.",0;1;2;325;326;327;332;333;334;336;337;339;340;341;342;344;345;346;436;437;438;584;585;586;596;597;598;600;602;603;672;673;674;680;681;683;684;685;686;688;690;691;696;697;698;708;709;710;784;785;787;804;805;807;825;826;827;829;830;831;833;834;835,64,1
6baa36c1-e4d0-4dbd-97b2-dff48ecf796e,Did rubbing the surface happen before staring at the wood surface?,No,"Yes, rubbing the surface happened before staring at the wood surface.",0;1;2;325;326;327;332;333;334;336;337;339;340;341;342;344;345;346;436;437;438;584;585;586;600;602;603;672;673;674;680;681;683;684;685;686;688;690;691;696;697;698;708;709;710;784;785;787;804;805;807;808;809;810;825;826;827;829;830;831;833;834;835,64,1
6baa36c1-e4d0-4dbd-97b2-dff48ecf796e,Was the ladder climbed before removing the unwanted cover?,Yes,"Yes, the ladder was climbed before removing the unwanted cover.",0;1;2;325;326;327;332;333;334;336;337;339;340;341;342;344;345;346;436;437;438;584;585;586;596;597;598;600;602;603;672;673;674;680;681;683;684;685;686;688;690;691;696;697;698;708;709;710;784;785;787;804;805;807;825;826;827;829;830;831;833;834;835,64,1
6baa36c1-e4d0-4dbd-97b2-dff48ecf796e,Was the unwanted cover removed after rubbing waste with hand?,Yes,"Yes, the unwanted cover was removed after rubbing waste with hand.",0;1;2;325;326;327;332;333;334;336;337;339;340;341;342;344;345;346;436;437;438;584;585;586;596;597;598;600;602;603;672;673;674;680;681;683;684;685;686;688;690;691;696;697;698;708;709;710;784;785;787;804;805;807;825;826;827;829;830;831;833;834;835,64,1
6baa36c1-e4d0-4dbd-97b2-dff48ecf796e,Did staring at the wood surface happen before holding the scraper?,No,"Yes, staring at the wood surface happened before holding the scraper.",0;1;2;325;326;327;332;333;334;336;337;339;340;341;342;344;345;346;436;437;438;584;585;586;600;602;603;672;673;674;680;681;683;684;685;686;688;690;691;696;697;698;708;709;710;784;785;787;804;805;807;808;809;810;825;826;827;829;830;831;833;834;835,64,1
6baa36c1-e4d0-4dbd-97b2-dff48ecf796e,What is done after staring at the wood surface?,Holding the scraper,"After staring at the wood surface, the person uses a tool to scrape off the remaining paint.",0;1;2;325;326;327;332;333;334;336;337;339;340;341;342;344;345;346;436;437;438;584;585;586;600;602;603;672;673;674;680;681;683;684;685;686;688;690;691;696;697;698;708;709;710;784;785;787;804;805;807;808;809;810;825;826;827;829;830;831;833;834;835,64,1
6baa36c1-e4d0-4dbd-97b2-dff48ecf796e,What is the overall setting of the video clip?,"Outside, near a building with unwanted cover being removed.","The video clip is set in a workshop or garage with various tools and materials scattered around, including a ladder, a workbench, and a window with a view of the outdoors.",0;1;2;325;326;327;332;333;334;336;337;339;340;341;342;344;345;346;436;437;438;584;585;586;600;602;603;672;673;674;680;681;683;684;685;686;688;690;691;696;697;698;708;709;710;784;785;787;804;805;807;825;826;827;829;830;831;833;834;835;860;861;863,64,1
6baa36c1-e4d0-4dbd-97b2-dff48ecf796e,What's the main focus of the scene?,A person cleaning an area by a building.,"The main focus of the scene is the person's hands as they work on the wooden surface, using a tool to scrape or smooth it.",0;1;2;325;326;327;332;333;334;336;337;339;340;341;342;344;345;346;436;437;438;584;585;586;600;602;603;672;673;674;680;681;683;684;685;686;688;690;691;696;697;698;708;709;710;784;785;787;804;805;807;808;809;810;825;826;827;829;830;831;833;834;835,64,1
6baa36c1-e4d0-4dbd-97b2-dff48ecf796e,What kind of location is shown in the video?,An outdoor location by a building.,The video shows a workshop or garage with various tools and materials scattered around.,0;1;2;325;326;327;332;333;334;336;337;339;340;341;342;344;345;346;436;437;438;584;585;586;596;597;598;600;602;603;672;673;674;680;681;683;684;685;686;688;690;691;696;697;698;708;709;710;784;785;787;804;805;807;825;826;827;829;830;831;833;834;835,64,1
6baa36c1-e4d0-4dbd-97b2-dff48ecf796e,What task is being performed in the frames?,Scraping off unwanted cover from a surface.,"The frames depict a person engaged in the task of scraping off old paint from a wooden surface, likely as part of a renovation or painting project.",0;1;2;325;326;327;332;333;334;336;337;339;340;341;342;344;345;346;436;437;438;584;585;586;596;597;598;600;602;603;672;673;674;680;681;683;684;685;686;688;690;691;696;697;698;708;709;710;784;785;787;804;805;807;825;826;827;829;830;831;833;834;835,64,1
6baa36c1-e4d0-4dbd-97b2-dff48ecf796e,Can you detail the activity taking place?,A person removing a covering layer from a window.,"The video depicts a person engaged in a detailed and methodical process of sanding and preparing a wooden surface, likely for painting or refinishing. The setting appears to be a workshop or garage, with various tools and materials scattered around. The individual is wearing a dark blue long-sleeve shirt and a smartwatch on their left wrist.The wooden surface being worked on is part of a window frame, as indicated by the presence of glass panes and the structure of the frame. The person is using a sanding block, which is a flat, rectangular piece of sandpaper attached to a backing board. The sanding block is held firmly against the wood, and the person's right hand is seen moving the sanding block back and forth to smooth out the surface.The sanding process is meticulous, with the person focusing on removing any rough edges, bumps, or imperfections from the wood. The sanding block is used in a consistent manner, ensuring that the surface is uniformly smooth. The person's left hand is occasionally used to stabilize the wood or to guide the sanding block.Throughout the video, the person's movements are deliberate and careful, indicating a thorough approach to the task. The background shows a cluttered workspace with various items, including a ladder,",0;1;2;325;326;327;332;333;334;336;337;339;340;341;342;344;345;346;436;437;438;584;585;586;596;597;598;600;602;603;672;673;674;680;681;683;684;685;686;688;690;691;696;697;698;708;709;710;784;785;787;804;805;807;825;826;827;829;830;831;833;834;835,64,1
6baa36c1-e4d0-4dbd-97b2-dff48ecf796e,What is the immediate action captured?,A hand using a tool to clean a window.,The immediate action captured is the person's hands using a tool to scrape off the remaining paint from the wooden surface.,0;1;2;325;326;327;332;333;334;336;337;339;340;341;342;344;345;346;436;437;438;584;585;586;596;597;598;600;602;603;672;673;674;680;681;683;684;685;686;688;690;691;696;697;698;708;709;710;784;785;787;804;805;807;825;826;827;829;830;831;833;834;835,64,1
6baa36c1-e4d0-4dbd-97b2-dff48ecf796e,What is the implication of the depicted movement?,Preparation or cleaning of a building's exterior.,"The depicted movement implies that the person is actively engaged in the task of scraping off the old paint from the wooden surface, which is a preparatory step for repainting or refinishing the wood.",0;1;2;325;326;327;332;333;334;336;337;339;340;341;342;344;345;346;436;437;438;584;585;586;600;602;603;672;673;674;680;681;683;684;685;686;688;690;691;696;697;698;708;709;710;784;785;787;804;805;807;808;809;810;825;826;827;829;830;831;833;834;835,64,1
6baa36c1-e4d0-4dbd-97b2-dff48ecf796e,Did the camera wearer completely remove the unwanted cover?,No.,"Yes, the camera wearer completely removed the unwanted cover.",0;1;2;325;326;327;332;333;334;336;337;339;340;341;342;344;345;346;436;437;438;584;585;586;596;597;598;600;602;603;672;673;674;680;681;683;684;685;686;688;690;691;696;697;698;708;709;710;784;785;787;804;805;807;825;826;827;829;830;831;833;834;835,64,1
6baa36c1-e4d0-4dbd-97b2-dff48ecf796e,Did the video contain any interaction with another person?,"No, it only shows a person working alone.","No, the video does not contain any interaction with another person.",0;1;2;325;326;327;332;333;334;336;337;339;340;341;342;344;345;346;436;437;438;584;585;586;600;602;603;672;673;674;680;681;683;684;685;686;688;690;691;696;697;698;708;709;710;784;785;787;804;805;807;808;809;810;825;826;827;829;830;831;833;834;835,64,1
6baa36c1-e4d0-4dbd-97b2-dff48ecf796e,Does the frame convey the completion of the task?,"No, the task appears to be in progress.","No, the frame does not convey the completion of the task.",0;1;2;325;326;327;332;333;334;336;337;339;340;341;342;344;345;346;436;437;438;584;585;586;600;602;603;672;673;674;680;681;683;684;685;686;688;690;691;696;697;698;708;709;710;784;785;787;804;805;807;808;809;810;825;826;827;829;830;831;833;834;835,64,1
6baa36c1-e4d0-4dbd-97b2-dff48ecf796e,Did the rubbing of the surface happen before walking outside?,No,"No, the rubbing of the surface happened after walking outside.",0;1;2;325;326;327;332;333;334;336;337;339;340;341;342;344;345;346;436;437;438;584;585;586;600;602;603;672;673;674;680;681;683;684;685;686;688;690;691;696;697;698;708;709;710;784;785;787;804;805;807;808;809;810;825;826;827;829;830;831;833;834;835,64,1
6baa36c1-e4d0-4dbd-97b2-dff48ecf796e,Is the scraper held after removing unwanted cover from the surface?,Yes,"Yes, the scraper is held after removing unwanted cover from the surface.",0;1;2;325;326;327;332;333;334;336;337;339;340;341;342;344;345;346;436;437;438;584;585;586;596;597;598;600;602;603;672;673;674;680;681;683;684;685;686;688;690;691;696;697;698;708;709;710;784;785;787;804;805;807;825;826;827;829;830;831;833;834;835,64,1
6baa36c1-e4d0-4dbd-97b2-dff48ecf796e,Does the unwanted cover get removed before the surface is rubbed?,Yes,"Yes, the unwanted cover is removed before the surface is rubbed.",0;1;2;325;326;327;332;333;334;336;337;339;340;341;342;344;345;346;436;437;438;584;585;586;596;597;598;600;602;603;672;673;674;680;681;683;684;685;686;688;690;691;696;697;698;708;709;710;784;785;787;804;805;807;825;826;827;829;830;831;833;834;835,64,1
6baa36c1-e4d0-4dbd-97b2-dff48ecf796e,Did walking outside occur before holding the scraper?,Yes,"No, walking outside did not occur before holding the scraper.",0;1;2;325;326;327;332;333;334;336;337;339;340;341;342;344;345;346;436;437;438;584;585;586;600;602;603;672;673;674;680;681;683;684;685;686;688;690;691;696;697;698;708;709;710;784;785;787;804;805;807;808;809;810;825;826;827;829;830;831;833;834;835,64,1
6baa36c1-e4d0-4dbd-97b2-dff48ecf796e,What happens before the surface is rubbed?,Unwanted cover is removed.,"Before the surface is rubbed, the person uses a tool to scrape off the old paint from the wooden surface.",0;1;2;325;326;327;332;333;334;336;337;339;340;341;342;344;345;346;436;437;438;584;585;586;600;602;603;672;673;674;680;681;683;684;685;686;688;690;691;696;697;698;708;709;710;784;785;787;804;805;807;825;826;827;829;830;831;833;834;835;840;841;843,64,1
6baa36c1-e4d0-4dbd-97b2-dff48ecf796e,What occurs just before the scraper is held?,The surface is rubbed.,"A hand wearing a watch appears, indicating the start of the scraping process.",0;1;2;325;326;327;332;333;334;336;337;339;340;341;342;344;345;346;436;437;438;584;585;586;596;597;598;600;602;603;672;673;674;680;681;683;684;685;686;688;690;691;696;697;698;708;709;710;784;785;787;804;805;807;825;826;827;829;830;831;833;834;835,64,1
6baa36c1-e4d0-4dbd-97b2-dff48ecf796e,What takes place just before removing unwanted cover?,Being outside.,"Just before removing unwanted cover, the person uses a tool to scrape off the old material.",0;1;2;325;326;327;332;333;334;336;337;339;340;341;342;344;345;346;436;437;438;584;585;586;596;597;598;600;602;603;672;673;674;680;681;683;684;685;686;688;690;691;696;697;698;708;709;710;784;785;787;804;805;807;825;826;827;829;830;831;833;834;835,64,1
6baa36c1-e4d0-4dbd-97b2-dff48ecf796e,What action occurs before the unwanted cover is removed a second time?,Holding the scraper.,"Before the unwanted cover is removed a second time, the person uses a tool to scrape off the remaining white substance from the wooden surface.",0;1;2;325;326;327;332;333;334;336;337;339;340;341;342;344;345;346;436;437;438;584;585;586;596;597;598;600;602;603;672;673;674;680;681;683;684;685;686;688;690;691;696;697;698;708;709;710;784;785;787;804;805;807;825;826;827;829;830;831;833;834;835,64,1
6baa36c1-e4d0-4dbd-97b2-dff48ecf796e,Did I stare at the wood surface before removing the unwanted cover?,No,"Yes, you stared at the wood surface before removing the unwanted cover.",0;1;2;325;326;327;332;333;334;336;337;339;340;341;342;344;345;346;436;437;438;584;585;586;600;602;603;672;673;674;680;681;683;684;685;686;688;690;691;696;697;698;708;709;710;784;785;787;804;805;807;808;809;810;825;826;827;829;830;831;833;834;835,64,1
6baa36c1-e4d0-4dbd-97b2-dff48ecf796e,Did I rub the surface after removing the unwanted cover?,Yes,"Yes, after removing the unwanted cover, the surface was rubbed to smooth it out.",0;1;2;325;326;327;332;333;334;336;337;339;340;341;342;344;345;346;436;437;438;584;585;586;600;602;603;672;673;674;680;681;683;684;685;686;688;690;691;696;697;698;708;709;710;784;785;787;804;805;807;808;809;810;825;826;827;829;830;831;833;834;835,64,1
6baa36c1-e4d0-4dbd-97b2-dff48ecf796e,Did I remove the unwanted cover before walking outside?,Yes,"Yes, you removed the unwanted cover before walking outside.",0;1;2;325;326;327;332;333;334;336;337;339;340;341;342;344;345;346;436;437;438;584;585;586;596;597;598;600;602;603;672;673;674;680;681;683;684;685;686;688;690;691;696;697;698;708;709;710;784;785;787;804;805;807;825;826;827;829;830;831;833;834;835,64,1
6baa36c1-e4d0-4dbd-97b2-dff48ecf796e,What happened before I held the scraper?,Removed unwanted cover and stared at the surface,"Before holding the scraper, I was engaged in the process of scraping off old paint from a wooden surface. The wooden surface appears to be part of a window frame or a similar structure, as indicated by the presence of a window pane in the background. The scraping process is part of a larger task that involves preparing the surface for a new coat of paint or another finish. The old paint is being removed to ensure a smooth and even application of the new material. The focus is on the methodical removal of the paint, ensuring that the underlying surface is clean and ready for the next step in the renovation or maintenance process.",0;1;2;325;326;327;332;333;334;336;337;339;340;341;342;344;345;346;436;437;438;584;585;586;600;602;603;672;673;674;680;681;683;684;685;686;688;690;691;696;697;698;708;709;710;784;785;787;804;805;807;825;826;827;829;830;831;833;834;835;860;861;863,64,1
6baa36c1-e4d0-4dbd-97b2-dff48ecf796e,What occurred just before walking outside?,Removed the unwanted cover,The person was engaged in scraping off old paint from a wooden surface.,0;1;2;325;326;327;332;333;334;336;337;339;340;341;342;344;345;346;436;437;438;584;585;586;596;597;598;600;602;603;672;673;674;680;681;683;684;685;686;688;690;691;696;697;698;708;709;710;784;785;787;804;805;807;825;826;827;829;830;831;833;834;835,64,1
6baa36c1-e4d0-4dbd-97b2-dff48ecf796e,What takes place right before removing the unwanted cover?,"Nothing, it's the initial action","Right before removing the unwanted cover, the person uses a tool to scrape off the old paint or material from the wooden surface.",0;1;2;325;326;327;332;333;334;336;337;339;340;341;342;344;345;346;436;437;438;584;585;586;596;597;598;600;602;603;672;673;674;680;681;683;684;685;686;688;690;691;696;697;698;708;709;710;784;785;787;804;805;807;825;826;827;829;830;831;833;834;835,64,1
6baa36c1-e4d0-4dbd-97b2-dff48ecf796e,What action occurred immediately before rubbing the surface?,Removed unwanted cover,The action that occurred immediately before rubbing the surface was scraping off the old paint with a putty knife.,0;1;2;325;326;327;332;333;334;336;337;339;340;341;342;344;345;346;436;437;438;584;585;586;596;597;598;600;602;603;672;673;674;680;681;683;684;685;686;688;690;691;696;697;698;708;709;710;784;785;787;804;805;807;825;826;827;829;830;831;833;834;835,64,1
e58207f1-84ec-424b-a997-ff64a57eb13b,What is the setting of the video clip?,The setting is inside a house.,"The setting of the video clip is a modern, well-lit interior space with large windows, a high ceiling with exposed ductwork, and a mix of seating options including sofas and chairs.",16;18;19;29;30;31;64;65;66;69;70;71;72;73;75;76;78;79;80;81;82;84;86;87;88;89;90;92;93;95;97;98;99;100;102;103;104;105;106;108;109;110;116;117;118;124;125;126;128;130;131;132;133;134;136;137;138;140;141;142;145;146;147,64,1
e58207f1-84ec-424b-a997-ff64a57eb13b,What activity occurs in the scene?,Walking around and checking items.,"The scene shows a person sitting on a couch in a modern, well-lit room with large windows. They are wearing a black hoodie with a graphic design and shorts, and they appear to be engaged in an activity that involves their hands, possibly using a phone or a small device. The room has a cozy and comfortable ambiance with a lamp, a coffee table with magazines, and a potted plant. The person seems relaxed and is possibly browsing or texting on their device.",16;18;19;29;30;31;64;65;66;69;70;71;72;73;75;76;78;79;80;81;82;84;86;87;88;89;90;92;93;95;97;98;99;100;102;103;104;105;106;108;109;110;116;117;118;124;125;126;128;130;131;132;133;134;136;137;138;140;141;142;145;146;147,64,1
e58207f1-84ec-424b-a997-ff64a57eb13b,Are there multiple people in the video?,"Yes, two people are present.","Yes, there are multiple people in the video.",16;18;19;29;30;31;52;54;55;64;65;66;69;70;71;72;73;75;76;78;79;80;81;82;84;86;87;88;89;90;92;93;95;97;98;99;100;102;103;104;105;106;108;109;110;116;117;118;124;125;126;128;130;131;136;137;138;140;141;142;145;146;147,64,1
e58207f1-84ec-424b-a997-ff64a57eb13b,Did I exit the house during the video?,No.,"No, you did not exit the house during the video. The video shows you moving around the house, but you remain within the same location throughout.",16;18;19;29;30;31;64;65;66;69;70;71;72;73;75;76;78;79;80;81;82;84;86;87;88;89;90;92;93;95;97;98;99;100;102;103;104;105;106;108;109;110;116;117;118;124;125;126;128;130;131;132;133;134;136;137;138;140;141;142;145;146;147,64,1
e58207f1-84ec-424b-a997-ff64a57eb13b,Did I ignore any rooms while checking?,No.,"It appears that you have described a sequence of rooms and spaces, but without a specific list of rooms to check, it's difficult to determine if any were ignored. From the description, it seems like you've covered various areas, including a living room, a hallway, a room with a couch, a room with a bed, and a room with a lamp. If there were any rooms you intended to mention but didn't, please let me know, and I can help clarify.",16;18;19;29;30;31;52;54;55;64;65;66;69;70;71;72;73;75;76;78;79;80;81;82;84;86;87;88;89;90;92;93;95;97;98;99;100;102;103;104;105;106;108;109;110;116;117;118;124;125;126;128;130;131;136;137;138;140;141;142;145;146;147,64,1
e58207f1-84ec-424b-a997-ff64a57eb13b,Did the interaction with the other person seem hostile?,No.,"No, the interaction with the other person did not seem hostile.",16;18;19;29;30;31;52;54;55;64;65;66;69;70;71;72;73;75;76;78;79;80;81;82;84;86;87;88;89;90;92;93;95;97;98;99;100;102;103;104;105;106;108;109;110;116;117;118;124;125;126;128;130;131;136;137;138;140;141;142;145;146;147,64,1
e58207f1-84ec-424b-a997-ff64a57eb13b,Did I find anything unusual in the items?,The video does not indicate that.,"It seems you've provided a series of images that appear to be from a video tour of a modern interior space, possibly an office or a lounge area. The images show a well-lit room with large windows, comfortable seating, and a contemporary design. There are no obvious signs of unusual items in the images provided; they seem to depict a typical, clean, and organized space. If you're looking for something specific or unusual, please provide more context or clarify what you're referring to.",16;18;19;29;30;31;64;65;66;69;70;71;72;73;75;76;78;79;80;81;82;84;86;87;88;89;90;92;93;95;97;98;99;100;102;103;104;105;106;108;109;110;116;117;118;124;125;126;128;130;131;132;133;134;136;137;138;140;141;142;145;146;147,64,1
e58207f1-84ec-424b-a997-ff64a57eb13b,What setting is introduced in this video clip?,An interior of a house.,"The video clip introduces a modern, well-lit interior space with large windows, a glass coffee table, and a comfortable seating area with a gray sofa and a floor lamp.",16;18;19;76;78;79;80;81;82;88;89;90;116;117;118;136;137;138;140;141;142;145;146;147;148;150;151;152;153;155;165;166;167;172;173;174;200;201;203;204;205;207;224;225;227;236;237;238;256;257;258;264;265;267;268;269;271;272;273;274;276;278;279,64,1
e58207f1-84ec-424b-a997-ff64a57eb13b,What objects are central to the scene in this video?,A magazine and a woman.,"The central objects in the scene are the gray sofa, the glass coffee table, and the magazine with the headline ""FROZEN CLASSIC COCKTAILS"".",16;18;19;76;78;79;80;81;82;88;89;90;116;117;118;136;137;138;140;141;142;145;146;147;148;150;151;152;153;155;165;166;167;172;173;174;200;201;203;204;205;207;224;225;227;236;237;238;256;257;258;264;265;267;268;269;271;272;273;274;276;278;279,64,1
e58207f1-84ec-424b-a997-ff64a57eb13b,Describe the layout of the room shown.,Room with large windows and modern lighting.,"The room is spacious with a modern design, featuring a large window that allows ample natural light to enter. The walls are painted white, and there is a prominent red circular design on one of the walls. The floor is made of polished concrete, and there is a glass coffee table in the center of the room. The furniture includes a gray sofa with multiple cushions, a gray armchair, and a white floor lamp with a large shade. There is also a small table with a plant on it. The room has a high ceiling with exposed ductwork, adding to the industrial aesthetic.",16;18;19;76;78;79;80;81;82;88;89;90;116;117;118;136;137;138;140;141;142;145;146;147;148;150;151;152;153;155;165;166;167;172;173;174;200;201;203;204;205;207;224;225;227;236;237;238;256;257;258;264;265;267;268;269;271;272;273;274;276;278;279,64,1
e58207f1-84ec-424b-a997-ff64a57eb13b,What activity dominates this scene?,Reading and interacting with another person.,"The scene is dominated by a person sitting on a gray armchair in a modern, well-lit room with large windows. The person is wearing a black hoodie with a graphic design and shorts, and they are holding a magazine with the title ""The New Classic Cocktails"" visible on the cover. They appear to be engaged in reading or flipping through the magazine. The room has a cozy and relaxed atmosphere, with a glass coffee table in front of the armchair, a floor lamp to the side, and a television mounted on the wall. The natural light coming through the windows suggests it might be daytime.",16;18;19;64;65;66;76;78;79;80;81;82;88;89;90;116;117;118;136;137;138;140;141;142;145;146;147;148;150;151;152;153;155;165;166;167;172;173;174;200;201;203;204;205;207;236;237;238;256;257;258;264;265;267;268;269;271;272;273;274;276;278;279,64,1
e58207f1-84ec-424b-a997-ff64a57eb13b,What is the relationship between the primary elements in this scene?,They involve engagement with reading material and human interaction.,"The primary elements in this scene are the person, the magazine, and the room. The person is seated on a gray couch, holding a magazine with a visible title ""the high/low list"" and appears to be engaged with the content. The magazine is prominently displayed in the foreground, suggesting it is the focus of the person's attention. The room is well-lit with natural light, and the person is wearing sunglasses, indicating it might be daytime. The relationship between these elements is that the person is likely reading or examining the magazine while seated in the room.",16;18;19;76;78;79;80;81;82;88;89;90;116;117;118;136;137;138;140;141;142;145;146;147;148;150;151;152;153;155;165;166;167;172;173;174;200;201;203;204;205;207;224;225;227;236;237;238;256;257;258;264;265;267;268;269;271;272;273;274;276;278;279,64,1
e58207f1-84ec-424b-a997-ff64a57eb13b,What action am I performing in these frames?,Holding and looking at a magazine.,"In the frames provided, it appears that you are engaging with a magazine or brochure that is placed on a table or surface in front of you. You are flipping through the pages, as indicated by the movement of the magazine and your hand reaching towards it. The setting seems to be a modern, well-lit interior space, possibly a living room or a lounge area, with comfortable seating and decorative elements like a floor lamp and framed artwork.",16;18;19;76;78;79;80;81;82;88;89;90;116;117;118;136;137;138;140;141;142;145;146;147;148;150;151;152;153;155;165;166;167;172;173;174;200;201;203;204;205;207;224;225;227;236;237;238;256;257;258;264;265;267;268;269;271;272;273;274;276;278;279,64,1
e58207f1-84ec-424b-a997-ff64a57eb13b,What activity follows holding the magazine?,Looking at the magazine.,"The person sits back in the chair, places the magazine on the table, and then leans back with their feet up on the table.",16;18;19;76;78;79;80;81;82;88;89;90;97;98;99;116;117;118;136;137;138;145;146;147;148;150;151;152;153;155;165;166;167;172;173;174;200;201;203;204;205;207;224;225;227;236;237;238;256;257;258;264;265;267;268;269;271;272;273;274;276;278;279,64,1
e58207f1-84ec-424b-a997-ff64a57eb13b,Did I hold the magazine before walking around the house?,No,"Yes, you held the magazine before walking around the house.",16;18;19;76;78;79;80;81;82;88;89;90;116;117;118;136;137;138;140;141;142;145;146;147;148;150;151;152;153;155;165;166;167;172;173;174;200;201;203;204;205;207;224;225;227;236;237;238;256;257;258;264;265;267;268;269;271;272;273;274;276;278;279,64,1
e58207f1-84ec-424b-a997-ff64a57eb13b,Did I look at the magazine before walking around with another person?,Yes,"No, you did not look at the magazine before walking around with another person.",16;18;19;76;78;79;80;81;82;88;89;90;116;117;118;136;137;138;140;141;142;145;146;147;148;150;151;152;153;155;165;166;167;172;173;174;200;201;203;204;205;207;224;225;227;236;237;238;256;257;258;264;265;267;268;269;271;272;273;274;276;278;279,64,1
e58207f1-84ec-424b-a997-ff64a57eb13b,Was the magazine held after checking on items in the house?,No,"Yes, the magazine was held after checking on items in the house.",16;18;19;76;78;79;80;81;82;88;89;90;116;117;118;136;137;138;140;141;142;145;146;147;148;150;151;152;153;155;165;166;167;172;173;174;200;201;203;204;205;207;224;225;227;236;237;238;256;257;258;264;265;267;268;269;271;272;273;274;276;278;279,64,1
e58207f1-84ec-424b-a997-ff64a57eb13b,What do I do just before interacting with the woman?,Holding the magazine,"Just before interacting with the woman, you would likely be sitting in the armchair in the modern, well-lit room, possibly taking a moment to relax or observe the surroundings. The room is furnished with comfortable seating, a glass coffee table, and has a contemporary aesthetic with large windows allowing natural light to fill the space. There are decorative elements like framed artwork on the walls and a floor lamp providing additional lighting. The atmosphere appears calm and inviting, suggesting a setting where one might engage in conversation or simply enjoy the company of others.",16;18;19;76;78;79;80;81;82;88;89;90;116;117;118;136;137;138;140;141;142;145;146;147;148;150;151;152;153;155;165;166;167;172;173;174;200;201;203;204;205;207;224;225;227;236;237;238;256;257;258;264;265;267;268;269;271;272;273;274;276;278;279,64,1
e58207f1-84ec-424b-a997-ff64a57eb13b,What action is performed just before I check on items?,Walking around the house,"The action performed just before ""I check on items"" is ""I sit on the couch.""",16;18;19;76;78;79;80;81;82;88;89;90;116;117;118;136;137;138;140;141;142;145;146;147;148;150;151;152;153;155;165;166;167;172;173;174;200;201;203;204;205;207;224;225;227;236;237;238;256;257;258;264;265;267;268;269;271;272;273;274;276;278;279,64,1
e58207f1-84ec-424b-a997-ff64a57eb13b,What happens right before I hold the magazine?,Walking with another person,"The person is sitting on a gray armchair in a modern, well-lit room with large windows and a high ceiling. They are wearing a black hoodie with a graphic design on the front, black shorts, and white sneakers. The person is holding a magazine with a visible title ""the high/low list"" and appears to be flipping through its pages. The room has a cozy and stylish atmosphere with a glass coffee table in front of the armchair, a floor lamp, and a few decorative items. The person seems to be engaged in a relaxed activity, possibly reading or browsing through the magazine.",16;18;19;76;78;79;80;81;82;88;89;90;116;117;118;136;137;138;140;141;142;145;146;147;148;150;151;152;153;155;165;166;167;172;173;174;200;201;203;204;205;207;224;225;227;236;237;238;256;257;258;264;265;267;268;269;271;272;273;274;276;278;279,64,1
e58207f1-84ec-424b-a997-ff64a57eb13b,What is done immediately before walking around the house?,Being inside the house,"Immediately before walking around the house, the person is seen sitting on a gray armchair, holding a magazine, and adjusting their hair.",16;18;19;76;78;79;80;81;82;88;89;90;116;117;118;136;137;138;140;141;142;145;146;147;148;150;151;152;153;155;165;166;167;172;173;174;200;201;203;204;205;207;224;225;227;236;237;238;256;257;258;264;265;267;268;269;271;272;273;274;276;278;279,64,1
e58207f1-84ec-424b-a997-ff64a57eb13b,What does the environment indicate about the video's setting?,"The video is set in a modern, well-lit living space.","The environment indicates a modern, well-lit, and comfortable setting, likely a lounge or a casual meeting area within a professional or corporate environment.",16;18;19;116;117;118;136;137;138;145;146;147;148;150;151;152;153;155;236;237;238;276;278;279;285;286;287;361;362;363;373;374;375;376;378;379;380;382;383;384;385;387;388;389;391;392;394;395;396;397;398;400;402;403;404;405;406;408;409;410;413;414;415,64,1
e58207f1-84ec-424b-a997-ff64a57eb13b,What activity is being undertaken in the living area?,Reading and interacting with another person.,"The person is engaging in a leisurely activity, possibly reading or browsing through a magazine, while seated on a gray couch in the living area.",16;18;19;116;117;118;136;137;138;145;146;147;152;153;155;256;257;258;276;278;279;285;286;287;300;301;302;361;362;363;373;374;375;376;378;379;380;382;383;384;385;387;388;389;391;392;394;395;396;397;398;400;402;403;404;405;406;408;409;410;413;414;415,64,1
e58207f1-84ec-424b-a997-ff64a57eb13b,Describe the indoor setting captured in the video.,"A living room with a TV unit, books, and seating areas.","The indoor setting captured in the video is a modern, well-lit room with a neutral color palette, featuring gray sofas, a glass coffee table, and a large window allowing natural light to fill the space. The room is furnished with a mix of contemporary and minimalist elements, including a floor lamp, a potted plant, and a few decorative items. The walls are adorned with framed artwork and a large, colorful abstract mural. The room also contains a television stand with a flat-screen TV, a magazine, and a few other items on the coffee table.",16;18;19;116;117;118;136;137;138;145;146;147;148;150;151;152;153;155;256;257;258;276;278;279;285;286;287;361;362;363;373;374;375;376;378;379;380;382;383;384;385;387;388;389;391;392;394;395;396;397;398;400;402;403;404;405;406;408;409;410;413;414;415,64,1
e58207f1-84ec-424b-a997-ff64a57eb13b,What items in the room indicate leisure activities?,A television and books suggest leisure or relaxation.,"The presence of a magazine with the title ""the high/low list"" and a potted plant on the coffee table indicates leisure activities.",16;18;19;116;117;118;136;137;138;145;146;147;148;150;151;152;153;155;236;237;238;276;278;279;285;286;287;361;362;363;373;374;375;376;378;379;380;382;383;384;385;387;388;389;391;392;394;395;396;397;398;400;402;403;404;405;406;408;409;410;413;414;415,64,1
e58207f1-84ec-424b-a997-ff64a57eb13b,What furnishings can be observed in the video scene?,"A TV stand, shelves, and magazines can be seen.","The video scene includes a gray couch, a glass coffee table with a magazine on it, a white lamp, and a potted plant.",16;18;19;116;117;118;136;137;138;145;146;147;152;153;155;236;237;238;276;278;279;285;286;287;300;301;302;361;362;363;373;374;375;376;378;379;380;382;383;384;385;387;388;389;391;392;394;395;396;397;398;400;402;403;404;405;406;408;409;410;413;414;415,64,1
e58207f1-84ec-424b-a997-ff64a57eb13b,What actions are performed by the individual regarding the books?,The individual is turning the pages and reading a book.,"The individual flips through the pages of a book, examines a magazine, and interacts with a book on the table.",16;18;19;116;117;118;136;137;138;145;146;147;148;150;151;152;153;155;236;237;238;276;278;279;285;286;287;361;362;363;373;374;375;376;378;379;380;382;383;384;385;387;388;389;391;392;394;395;396;397;398;400;402;403;404;405;406;408;409;410;413;414;415,64,1
e58207f1-84ec-424b-a997-ff64a57eb13b,How does the person engage with the media in the room?,The person seems to ignore the TV and focuses on the book.,"The person engages with the media by flipping through a magazine, examining a smartphone, and interacting with a board game.",16;18;19;116;117;118;136;137;138;145;146;147;152;153;155;236;237;238;256;257;258;276;278;279;285;286;287;361;362;363;373;374;375;376;378;379;380;382;383;384;385;387;388;389;391;392;394;395;396;397;398;400;402;403;404;405;406;408;409;410;413;414;415,64,1
e58207f1-84ec-424b-a997-ff64a57eb13b,Did the person read a book in the video?,Yes.,"Yes, the person was seen reading a book in the video.",16;18;19;116;117;118;136;137;138;145;146;147;152;153;155;236;237;238;256;257;258;276;278;279;285;286;287;361;362;363;373;374;375;376;378;379;380;382;383;384;385;387;388;389;391;392;394;395;396;397;398;400;402;403;404;405;406;408;409;410;413;414;415,64,1
e58207f1-84ec-424b-a997-ff64a57eb13b,Did the individual change the page of the book at least once?,Yes.,"Yes, the individual turned the page of the book at least once.",16;18;19;116;117;118;136;137;138;145;146;147;152;153;155;236;237;238;256;257;258;276;278;279;285;286;287;361;362;363;373;374;375;376;378;379;380;382;383;384;385;387;388;389;391;392;394;395;396;397;398;400;402;403;404;405;406;408;409;410;413;414;415,64,1
e58207f1-84ec-424b-a997-ff64a57eb13b,Did the person have an interaction with someone in the room?,Yes.,"Yes, the person had an interaction with someone in the room as indicated by the movement of the magazine and the person standing up.",16;18;19;116;117;118;136;137;138;145;146;147;152;153;155;236;237;238;256;257;258;276;278;279;285;286;287;361;362;363;373;374;375;376;378;379;380;382;383;384;385;387;388;389;391;392;394;395;396;397;398;400;402;403;404;405;406;408;409;410;413;414;415,64,1
e58207f1-84ec-424b-a997-ff64a57eb13b,"In the video, is the magazine held before turning book pages?",Yes.,"Yes, the magazine is held before turning book pages.",16;18;19;116;117;118;136;137;138;145;146;147;148;150;151;152;153;155;236;237;238;276;278;279;285;286;287;361;362;363;373;374;375;376;378;379;380;382;383;384;385;387;388;389;391;392;394;395;396;397;398;400;402;403;404;405;406;408;409;410;413;414;415,64,1
e58207f1-84ec-424b-a997-ff64a57eb13b,Is the book read after interacting with a woman?,No.,No.,16;18;19;116;117;118;136;137;138;145;146;147;148;150;151;152;153;155;256;257;258;276;278;279;285;286;287;361;362;363;373;374;375;376;378;379;380;382;383;384;385;387;388;389;391;392;394;395;396;397;398;400;402;403;404;405;406;408;409;410;413;414;415,64,1
e58207f1-84ec-424b-a997-ff64a57eb13b,"In the video, does looking around occur before holding the magazine?",No.,"Yes, looking around occurs before holding the magazine.",16;18;19;116;117;118;136;137;138;145;146;147;152;153;155;236;237;238;256;257;258;276;278;279;285;286;287;361;362;363;373;374;375;376;378;379;380;382;383;384;385;387;388;389;391;392;394;395;396;397;398;400;402;403;404;405;406;408;409;410;413;414;415,64,1
e58207f1-84ec-424b-a997-ff64a57eb13b,What is done just before interacting with a woman?,Looking at the magazine.,"Just before interacting with a woman, someone is seen sitting on a gray couch, holding a smartphone, and looking at a magazine with the title ""Sorry! Sorry! Sorry!"" on the cover.",16;18;19;116;117;118;136;137;138;145;146;147;152;153;155;236;237;238;256;257;258;276;278;279;285;286;287;361;362;363;373;374;375;376;378;379;380;382;383;384;385;387;388;389;391;392;394;395;396;397;398;400;402;403;404;405;406;408;409;410;413;414;415,64,1
e58207f1-84ec-424b-a997-ff64a57eb13b,What occurs just before turning book pages?,Looking around.,"Just before turning book pages, the person is seen holding a smartphone and looking at it.",16;18;19;116;117;118;136;137;138;145;146;147;148;150;151;152;153;155;236;237;238;276;278;279;285;286;287;361;362;363;373;374;375;376;378;379;380;382;383;384;385;387;388;389;391;392;394;395;396;397;398;400;402;403;404;405;406;408;409;410;413;414;415,64,1
e58207f1-84ec-424b-a997-ff64a57eb13b,What is performed just before reading a book?,Turning book pages.,"The person is seen holding a smartphone, possibly texting or browsing, before reading a book.",16;18;19;116;117;118;136;137;138;145;146;147;148;150;151;152;153;155;236;237;238;276;278;279;285;286;287;361;362;363;373;374;375;376;378;379;380;382;383;384;385;387;388;389;391;392;394;395;396;397;398;400;402;403;404;405;406;408;409;410;413;414;415,64,1
e58207f1-84ec-424b-a997-ff64a57eb13b,"In the video sequence, what is done before interacting with a different woman?",Reading a book.,"Before interacting with a different woman, the person is seen sitting on a gray couch, holding a smartphone, and looking at a magazine.",16;18;19;116;117;118;136;137;138;145;146;147;152;153;155;236;237;238;256;257;258;276;278;279;285;286;287;361;362;363;373;374;375;376;378;379;380;382;383;384;385;387;388;389;391;392;394;395;396;397;398;400;402;403;404;405;406;408;409;410;413;414;415,64,1
e58207f1-84ec-424b-a997-ff64a57eb13b,Did I walk around the house before holding the magazine?,Yes.,"Yes, you walked around the house before holding the magazine.",16;18;19;116;117;118;136;137;138;145;146;147;148;150;151;152;153;155;256;257;258;276;278;279;285;286;287;361;362;363;373;374;375;376;378;379;380;382;383;384;385;387;388;389;391;392;394;395;396;397;398;400;402;403;404;405;406;408;409;410;413;414;415,64,1
e58207f1-84ec-424b-a997-ff64a57eb13b,Was the magazine held before reading a book?,Yes.,"No, the magazine was held before reading the magazine.",16;18;19;116;117;118;136;137;138;145;146;147;148;150;151;152;153;155;236;237;238;276;278;279;285;286;287;361;362;363;373;374;375;376;378;379;380;382;383;384;385;387;388;389;391;392;394;395;396;397;398;400;402;403;404;405;406;408;409;410;413;414;415,64,1
e58207f1-84ec-424b-a997-ff64a57eb13b,Did reading a book happen before walking around the house?,No.,"No, reading a book did not happen before walking around the house.",16;18;19;116;117;118;136;137;138;145;146;147;148;150;151;152;153;155;236;237;238;276;278;279;285;286;287;361;362;363;373;374;375;376;378;379;380;382;383;384;385;387;388;389;391;392;394;395;396;397;398;400;402;403;404;405;406;408;409;410;413;414;415,64,1
e58207f1-84ec-424b-a997-ff64a57eb13b,What occurs just before reading a book?,Turn book pages.,"Just before reading a book, the person is seen sitting on a gray couch in a well-lit room with large windows, holding a smartphone and looking at it.",16;18;19;116;117;118;136;137;138;145;146;147;148;150;151;152;153;155;236;237;238;276;278;279;285;286;287;361;362;363;373;374;375;376;378;379;380;382;383;384;385;387;388;389;391;392;394;395;396;397;398;400;402;403;404;405;406;408;409;410;413;414;415,64,1
e58207f1-84ec-424b-a997-ff64a57eb13b,What action takes place before walking around the house?,No preceding action mentioned.,"Before walking around the house, the person is seen sitting on a gray couch, holding a smartphone, and looking at a magazine.",16;18;19;116;117;118;136;137;138;145;146;147;148;150;151;152;153;155;276;278;279;285;286;287;361;362;363;368;370;371;373;374;375;376;378;379;380;382;383;384;385;387;388;389;391;392;394;395;396;397;398;400;402;403;404;405;406;408;409;410;413;414;415,64,1
e58207f1-84ec-424b-a997-ff64a57eb13b,What is the location setting in this video clip?,Inside a house.,The location setting in this video clip is an office or a communal area within a building.,16;18;19;373;374;375;384;385;387;388;389;391;392;394;395;400;402;403;404;405;406;408;409;410;413;414;415;429;430;431;432;433;434;436;438;439;464;465;466;469;470;471;484;485;486;488;489;490;492;493;495;517;518;519;536;537;538;540;541;542;548;549;551,64,1
e58207f1-84ec-424b-a997-ff64a57eb13b,Describe the atmosphere of the scene.,"A casual, indoor environment.","The scene takes place in a modern, well-lit room with a cozy and inviting atmosphere. The room features a comfortable couch with plush pillows, a glass coffee table, and a lamp providing soft lighting. The walls are adorned with framed artwork, adding a touch of sophistication to the space. The floor is carpeted, contributing to the warm ambiance. The room is well-organized, with a few books and a cup placed on the coffee table, suggesting a relaxed and leisurely environment. The overall setting is conducive to relaxation and casual socializing.",16;18;19;276;278;279;373;374;375;384;385;387;388;389;391;392;394;395;400;402;403;404;405;406;408;409;410;413;414;415;429;430;431;432;433;434;436;438;439;453;454;455;464;465;466;469;470;471;484;485;486;488;489;490;492;493;495;517;518;519;536;537;538,64,1
e58207f1-84ec-424b-a997-ff64a57eb13b,What is the relationship between the participants in the video?,They appear to be acquaintances.,"The video does not provide explicit information about the relationship between the participants. However, based on the collaborative and relaxed nature of the game of Jenga, it can be inferred that they share a friendly or casual relationship.",16;18;19;373;374;375;384;385;387;388;389;391;392;394;395;400;402;403;404;405;406;408;409;410;413;414;415;429;430;431;432;433;434;436;438;439;453;454;455;464;465;466;469;470;471;484;485;486;488;489;490;492;493;495;517;518;519;536;537;538;548;549;551,64,1
e58207f1-84ec-424b-a997-ff64a57eb13b,Did the characters engage in any recreational activity?,"Yes, they read magazines.","Yes, the characters engaged in playing a board game.",16;18;19;373;374;375;384;385;387;388;389;391;392;394;395;400;402;403;404;405;406;408;409;410;413;414;415;429;430;431;432;433;434;436;438;439;453;454;455;464;465;466;469;470;471;484;485;486;488;489;490;492;493;495;517;518;519;536;537;538;548;549;551,64,1
e58207f1-84ec-424b-a997-ff64a57eb13b,Did the characters sit down for a formal meeting?,No.,"No, the characters did not sit down for a formal meeting. They are engaged in a casual activity, specifically playing a board game.",276;278;279;373;374;375;384;385;387;388;389;391;392;394;395;400;402;403;404;405;406;408;409;410;413;414;415;429;430;431;432;433;434;436;438;439;453;454;455;464;465;466;469;470;471;484;485;486;488;489;490;492;493;495;517;518;519;536;537;538;548;549;551,64,1
e58207f1-84ec-424b-a997-ff64a57eb13b,Are the characters in the video clip outdoors?,No.,No.,16;18;19;373;374;375;384;385;387;388;389;391;392;394;395;400;402;403;404;405;406;408;409;410;413;414;415;429;430;431;432;433;434;436;438;439;453;454;455;464;465;466;469;470;471;484;485;486;488;489;490;492;493;495;517;518;519;536;537;538;548;549;551,64,1
e58207f1-84ec-424b-a997-ff64a57eb13b,Is there any sign of an argument happening in the video?,No.,"No, there is no sign of an argument happening in the video. The video shows a person playing a board game, specifically Jenga, and interacting with the game pieces. The environment appears to be a casual and relaxed setting, likely a living room or a lounge area, with a couch, a coffee table, and some decorative items like a lamp and a plant. The person is wearing a black hoodie with a logo on the front and has a green lanyard around their neck. The video does not depict any conflict or argument.",16;18;19;373;374;375;384;385;387;388;389;391;392;394;395;400;402;403;404;405;406;408;409;410;413;414;415;429;430;431;432;433;434;436;438;439;453;454;455;464;465;466;469;470;471;484;485;486;488;489;490;492;493;495;517;518;519;536;537;538;548;549;551,64,1
e58207f1-84ec-424b-a997-ff64a57eb13b,Did the characters watch television in the clip?,No.,"No, the characters did not watch television in the clip. The clip focuses on the characters playing a board game.",16;18;19;373;374;375;384;385;387;388;389;391;392;394;395;400;402;403;404;405;406;408;409;410;413;414;415;429;430;431;432;433;434;436;438;439;453;454;455;464;465;466;469;470;471;484;485;486;488;489;490;492;493;495;517;518;519;536;537;538;548;549;551,64,1
e58207f1-84ec-424b-a997-ff64a57eb13b,Is there any physical activity performed by the characters?,No.,"No, there is no physical activity performed by the characters. The video consists of a series of still images showing a person sitting on a couch, playing a board game, and interacting with the game pieces.",373;374;375;384;385;387;388;389;391;392;394;395;400;402;403;404;405;406;408;409;410;413;414;415;429;430;431;432;433;434;436;438;439;453;454;455;464;465;466;469;470;471;484;485;486;488;489;490;492;493;495;517;518;519;536;537;538;540;541;542;548;549;551,64,1
e58207f1-84ec-424b-a997-ff64a57eb13b,Does reading a book happen before talking to the woman?,Yes.,"No, reading a book does not happen before talking to the woman. The video transitions from the woman playing a board game to reading a book, and then to talking to the woman.",16;18;19;373;374;375;384;385;387;388;389;391;392;394;395;400;402;403;404;405;406;408;409;410;413;414;415;429;430;431;432;433;434;436;438;439;453;454;455;464;465;466;469;470;471;484;485;486;488;489;490;492;493;495;517;518;519;536;537;538;548;549;551,64,1
e58207f1-84ec-424b-a997-ff64a57eb13b,Is looking around done before turning book pages?,Yes.,"No, looking around is done before turning book pages.",373;374;375;384;385;387;388;389;391;392;394;395;400;402;403;404;405;406;408;409;410;413;414;415;429;430;431;432;433;434;436;438;439;453;454;455;464;465;466;469;470;471;484;485;486;488;489;490;492;493;495;517;518;519;536;537;538;540;541;542;548;549;551,64,1
e58207f1-84ec-424b-a997-ff64a57eb13b,What occurs just before reading the magazines?,Talking to each other.,"Just before reading the magazines, the person is seen holding a box of crackers and a cup, and there is a hand reaching towards the box of crackers.",373;374;375;384;385;387;388;389;391;392;394;395;400;402;403;404;405;406;408;409;410;413;414;415;429;430;431;432;433;434;436;438;439;453;454;455;464;465;466;469;470;471;484;485;486;488;489;490;492;493;495;517;518;519;536;537;538;540;541;542;548;549;551,64,1
e58207f1-84ec-424b-a997-ff64a57eb13b,What takes place immediately before looking around?,Turning book pages.,Looking at the board game,373;374;375;384;385;387;388;389;391;392;394;395;400;402;403;404;405;406;408;409;410;413;414;415;429;430;431;432;433;434;436;438;439;453;454;455;464;465;466;469;470;471;484;485;486;488;489;490;492;493;495;517;518;519;536;537;538;540;541;542;548;549;551,64,1
e58207f1-84ec-424b-a997-ff64a57eb13b,What action is performed just before talking to each other?,Looking around.,"Just before talking to each other, the person reaches out to pick up a card from the game board.",373;374;375;384;385;387;388;389;391;392;394;395;400;402;403;404;405;406;408;409;410;413;414;415;429;430;431;432;433;434;436;438;439;453;454;455;464;465;466;469;470;471;484;485;486;488;489;490;492;493;495;517;518;519;536;537;538;540;541;542;548;549;551,64,1
e58207f1-84ec-424b-a997-ff64a57eb13b,Did I look around before holding the magazine?,No.,"Yes, you looked around before holding the magazine.",16;18;19;373;374;375;384;385;387;388;389;391;392;394;395;400;402;403;404;405;406;408;409;410;413;414;415;429;430;431;432;433;434;436;438;439;464;465;466;469;470;471;484;485;486;488;489;490;492;493;495;517;518;519;536;537;538;540;541;542;548;549;551,64,1
e58207f1-84ec-424b-a997-ff64a57eb13b,What activities were performed in the room?,Reading a magazine and making coffee.,"The activities performed in the room include playing a board game, specifically Jenga, and interacting with a person who is holding a stack of Jenga blocks.",373;374;375;388;389;391;392;394;395;400;402;403;404;405;406;408;409;410;413;414;415;429;430;431;469;470;471;484;485;486;488;489;490;517;518;519;536;537;538;565;566;567;568;569;571;577;578;579;580;581;582;585;586;587;604;605;606;632;634;635;640;642;643,64,1
e58207f1-84ec-424b-a997-ff64a57eb13b,Describe the environment where the actions occurred.,"A room with a seated person, magazine, and phone.","The actions occurred in a modern, well-lit office space with a comfortable and inviting atmosphere. The room features a large, gray couch with white and gray pillows, a glass coffee table with a turquoise mug and a small plant, and a lamp with a white shade. The walls are adorned with framed pictures and a large, colorful abstract painting. The ceiling has exposed ductwork and recessed lighting, contributing to the contemporary feel of the space. The floor is carpeted, and there is a small side table with a lamp and a plant. The overall ambiance is cozy and professional, with a touch of personalization through the decor.",373;374;375;388;389;391;392;394;395;400;402;403;404;405;406;408;409;410;413;414;415;429;430;431;469;470;471;484;485;486;488;489;490;517;518;519;536;537;538;565;566;567;568;569;571;577;578;579;580;581;582;585;586;587;604;605;606;632;634;635;640;642;643,64,1
e58207f1-84ec-424b-a997-ff64a57eb13b,What devices were used in the scenario?,A magazine and a phone.,"In the video, a smartphone is used to capture the moment when the person is holding the Jenga game box.",373;374;375;388;389;391;392;394;395;400;402;403;404;405;406;408;409;410;413;414;415;429;430;431;469;470;471;484;485;486;488;489;490;517;518;519;536;537;538;565;566;567;568;569;571;577;578;579;580;581;582;604;605;606;632;634;635;640;642;643;644;646;647,64,1
e58207f1-84ec-424b-a997-ff64a57eb13b,What was the person doing with the magazine?,The person was reading the magazine.,The person was flipping through the pages of the magazine.,373;374;375;384;385;387;388;389;391;392;394;395;400;402;403;404;405;406;408;409;410;413;414;415;429;430;431;469;470;471;484;485;486;488;489;490;565;566;567;568;569;571;577;578;579;580;581;582;585;586;587;604;605;606;632;634;635;640;642;643;644;646;647,64,1
e58207f1-84ec-424b-a997-ff64a57eb13b,What activity followed reading the magazine?,The person operated the phone.,Playing Jenga.,373;374;375;388;389;391;392;394;395;400;402;403;404;405;406;408;409;410;413;414;415;429;430;431;469;470;471;484;485;486;488;489;490;517;518;519;536;537;538;565;566;567;568;569;571;577;578;579;580;581;582;604;605;606;632;634;635;640;642;643;644;646;647,64,1
e58207f1-84ec-424b-a997-ff64a57eb13b,Did the person remain seated throughout?,"No, they got up to make coffee.","Yes, the person remained seated throughout the video.",373;374;375;388;389;391;392;394;395;400;402;403;404;405;406;408;409;410;413;414;415;429;430;431;469;470;471;484;485;486;488;489;490;517;518;519;536;537;538;565;566;567;568;569;571;577;578;579;580;581;582;585;586;587;604;605;606;632;634;635;640;642;643,64,1
e58207f1-84ec-424b-a997-ff64a57eb13b,Did the person leave the room?,"No, the actions happened in the room.","No, the person did not leave the room. The video shows the person sitting on the couch throughout, with the focus on the Jenga game.",373;374;375;388;389;391;392;394;395;400;402;403;404;405;406;408;409;410;413;414;415;429;430;431;469;470;471;484;485;486;488;489;490;517;518;519;565;566;567;568;569;571;577;578;579;580;581;582;585;586;587;604;605;606;632;634;635;640;642;643;644;646;647,64,1
e58207f1-84ec-424b-a997-ff64a57eb13b,Did the person use a laptop?,"No, the person used a phone.","Yes, the person used a laptop.",373;374;375;384;385;387;388;389;391;392;394;395;400;402;403;404;405;406;408;409;410;413;414;415;429;430;431;469;470;471;484;485;486;488;489;490;517;518;519;565;566;567;568;569;571;577;578;579;580;581;582;604;605;606;632;634;635;640;642;643;644;646;647,64,1
e58207f1-84ec-424b-a997-ff64a57eb13b,Did I talk to the woman before reading the magazine?,Yes,The video does not provide information about whether you talked to the woman before reading the magazine.,373;374;375;388;389;391;392;394;395;400;402;403;404;405;406;408;409;410;413;414;415;429;430;431;469;470;471;484;485;486;488;489;490;517;518;519;565;566;567;568;569;571;577;578;579;580;581;582;585;586;587;604;605;606;632;634;635;640;642;643;644;646;647,64,1
e58207f1-84ec-424b-a997-ff64a57eb13b,Did I read the magazine before making coffee?,Yes,"The video does not provide information about whether you read a magazine before making coffee. It shows a person sitting on a couch with a magazine in front of them, but it does not specify the actions taken by the person.",373;374;375;384;385;387;388;389;391;392;394;395;400;402;403;404;405;406;408;409;410;413;414;415;429;430;431;469;470;471;484;485;486;488;489;490;517;518;519;565;566;567;568;569;571;577;578;579;580;581;582;585;586;587;604;605;606;632;634;635;640;642;643,64,1
e58207f1-84ec-424b-a997-ff64a57eb13b,Did I operate the phone before talking to the woman?,No,"It appears that you were using the phone before talking to the woman. The video shows a hand holding a phone, suggesting that you were engaged with it prior to the conversation.",373;374;375;384;385;387;388;389;391;392;394;395;400;402;403;404;405;406;408;409;410;413;414;415;429;430;431;469;470;471;484;485;486;488;489;490;565;566;567;568;569;571;577;578;579;580;581;582;585;586;587;604;605;606;632;634;635;640;642;643;644;646;647,64,1
e58207f1-84ec-424b-a997-ff64a57eb13b,Did I make coffee before sitting in the room?,No,"The video does not provide information about whether coffee was made before sitting in the room. It focuses on the activities and interactions of the person in the room, including playing a board game and interacting with others.",373;374;375;388;389;391;392;394;395;400;402;403;404;405;406;408;409;410;413;414;415;429;430;431;469;470;471;484;485;486;488;489;490;517;518;519;536;537;538;565;566;567;568;569;571;577;578;579;580;581;582;585;586;587;604;605;606;632;634;635;640;642;643,64,1
e58207f1-84ec-424b-a997-ff64a57eb13b,Did I make coffee before reading a magazine?,No,"The video does not provide information about whether you made coffee before reading a magazine. It only shows a person sitting on a couch with a stack of magazines and a cup, suggesting they might be reading or about to read the magazines.",373;374;375;388;389;391;392;394;395;400;402;403;404;405;406;408;409;410;413;414;415;429;430;431;469;470;471;484;485;486;488;489;490;517;518;519;565;566;567;568;569;571;577;578;579;580;581;582;585;586;587;604;605;606;632;634;635;640;642;643;644;646;647,64,1
e58207f1-84ec-424b-a997-ff64a57eb13b,Did I interact with the woman before reading the book?,Yes,"No, you did not interact with the woman before reading the book.",373;374;375;384;385;387;388;389;391;392;394;395;400;402;403;404;405;406;408;409;410;413;414;415;429;430;431;469;470;471;484;485;486;488;489;490;565;566;567;568;569;571;577;578;579;580;581;582;585;586;587;604;605;606;632;634;635;640;642;643;644;646;647,64,1
e58207f1-84ec-424b-a997-ff64a57eb13b,Was the magazine read before interacting with the woman?,No,"No, the magazine was not read before interacting with the woman.",373;374;375;384;385;387;388;389;391;392;394;395;400;402;403;404;405;406;408;409;410;413;414;415;429;430;431;469;470;471;484;485;486;488;489;490;565;566;567;568;569;571;577;578;579;580;581;582;585;586;587;604;605;606;632;634;635;640;642;643;644;646;647,64,1
e58207f1-84ec-424b-a997-ff64a57eb13b,Was the phone operated before making coffee?,Yes,The video does not provide information about whether the phone was operated before making coffee.,373;374;375;388;389;391;392;394;395;400;402;403;404;405;406;408;409;410;413;414;415;429;430;431;469;470;471;484;485;486;488;489;490;517;518;519;565;566;567;568;569;571;577;578;579;580;581;582;585;586;587;604;605;606;632;634;635;640;642;643;644;646;647,64,1
e58207f1-84ec-424b-a997-ff64a57eb13b,What occurs just before I make coffee?,Operate the phone,"Just before making coffee, you would typically gather the necessary items such as coffee beans or ground coffee, a coffee maker, water, and any desired coffee accessories like filters, a coffee grinder, or a French press. You might also prepare a mug or cup to hold the coffee. If you're using ground coffee, you would measure out the appropriate amount and place it in the coffee maker. If you're using coffee beans, you would grind them to the desired coarseness for your brewing method. You would then heat water to the appropriate temperature for brewing, which is usually around 195°F to 205°F (90°C to 96°C). Once the water is heated, you would add the coffee grounds to the coffee maker and pour the hot water over them. After a few minutes, the coffee would be brewed, and you could pour it into your mug and enjoy your coffee.",373;374;375;388;389;391;392;394;395;400;402;403;404;405;406;408;409;410;413;414;415;429;430;431;469;470;471;484;485;486;488;489;490;517;518;519;536;537;538;565;566;567;568;569;571;577;578;579;580;581;582;585;586;587;604;605;606;632;634;635;640;642;643,64,1
e58207f1-84ec-424b-a997-ff64a57eb13b,What do I do before reading the magazine?,Talk to the woman,"Before reading the magazine, you should first sit down comfortably on the couch. Make sure you have a clear space in front of you to place the magazine and any other items you might need, such as a drink or a snack. Once you're settled, you can open the magazine and start flipping through the pages to find an article or section that interests you. If you have a specific topic in mind, you might want to look for it directly. If you're just browsing, take your time to read the headlines and decide which articles to read in detail. Enjoy your reading time!",373;374;375;388;389;391;392;394;395;400;402;403;404;405;406;408;409;410;413;414;415;429;430;431;469;470;471;484;485;486;488;489;490;517;518;519;565;566;567;568;569;571;577;578;579;580;581;582;585;586;587;604;605;606;632;634;635;640;642;643;644;646;647,64,1
e58207f1-84ec-424b-a997-ff64a57eb13b,What is done just before looking around?,Turn book pages,"Just before looking around, the person is seen holding a box of crackers.",373;374;375;388;389;391;392;394;395;400;402;403;404;405;406;408;409;410;413;414;415;429;430;431;469;470;471;484;485;486;488;489;490;517;518;519;536;537;538;565;566;567;568;569;571;577;578;579;580;581;582;604;605;606;632;634;635;640;642;643;644;646;647,64,1
e58207f1-84ec-424b-a997-ff64a57eb13b,What action takes place before reading the book?,Look around,"Before reading the book, the person is seen sitting on the couch, holding a book, and appears to be in a relaxed posture.",373;374;375;388;389;391;392;394;395;400;402;403;404;405;406;408;409;410;413;414;415;429;430;431;469;470;471;484;485;486;488;489;490;517;518;519;536;537;538;565;566;567;568;569;571;577;578;579;580;581;582;585;586;587;604;605;606;632;634;635;640;642;643,64,1
e58207f1-84ec-424b-a997-ff64a57eb13b,Describe the setting where the activity is taking place.,The activity is in an indoor room with modern furnishings.,"The activity is taking place in a modern, well-lit office space with a comfortable seating area featuring a gray couch and a glass coffee table. The room has a contemporary design with a large window allowing natural light to enter, and there are decorative elements such as a potted plant and a teal-colored mug on the coffee table. The walls are adorned with framed pictures and a colorful abstract art piece.",373;374;375;388;389;391;392;394;395;400;402;403;404;405;406;408;409;410;413;414;415;429;430;431;469;470;471;484;485;486;488;489;490;565;566;567;568;569;571;577;578;579;580;581;582;632;634;635;700;701;702;716;717;718;724;725;726;732;734;735;848;849;850,64,1
e58207f1-84ec-424b-a997-ff64a57eb13b,Identify the furniture used by the individuals in the clip.,Chairs are used for seating during the card game.,"In the video, the individuals are seen using a glass coffee table, a couch with gray cushions, and a white pillow. There is also a lamp with a white shade, a teal-colored mug, and a box of crackers on the coffee table.",373;374;375;388;389;391;392;394;395;400;402;403;404;405;406;408;409;410;413;414;415;429;430;431;469;470;471;484;485;486;488;489;490;565;566;567;568;569;571;577;578;579;580;581;582;632;634;635;700;701;702;716;717;718;724;725;726;732;734;735;848;849;850,64,1
e58207f1-84ec-424b-a997-ff64a57eb13b,Did the individual participate in a recreational game?,Yes.,"Yes, the individual participated in a recreational game of Jenga.",373;374;375;388;389;391;392;394;395;400;402;403;404;405;406;408;409;410;413;414;415;429;430;431;469;470;471;484;485;486;488;489;490;565;566;567;568;569;571;577;578;579;580;581;582;632;634;635;700;701;702;716;717;718;724;725;726;732;734;735;848;849;850,64,1
e58207f1-84ec-424b-a997-ff64a57eb13b,Was there any interaction with another person during the game?,Yes.,"Yes, there was a brief interaction with another person during the game.",373;374;375;388;389;391;392;394;395;400;402;403;404;405;406;408;409;410;413;414;415;429;430;431;469;470;471;484;485;486;488;489;490;565;566;567;568;569;571;577;578;579;580;581;582;632;634;635;700;701;702;716;717;718;724;725;726;732;734;735;848;849;850,64,1
e58207f1-84ec-424b-a997-ff64a57eb13b,Does the setting include contemporary room decor?,Yes.,Yes.,373;374;375;388;389;391;392;394;395;400;402;403;404;405;406;408;409;410;413;414;415;429;430;431;469;470;471;484;485;486;488;489;490;565;566;567;568;569;571;577;578;579;580;581;582;632;634;635;700;701;702;716;717;718;724;725;726;732;734;735;848;849;850,64,1
e58207f1-84ec-424b-a997-ff64a57eb13b,Name one activity that is clearly not happening in this scene.,Cooking food is clearly not happening in this scene.,"Based on the image provided, the activity that is clearly not happening in this scene is any form of outdoor or sports activity, as there are no visible elements such as a field, court, or sports equipment that would suggest such activities.",373;374;375;388;389;391;392;394;395;400;402;403;404;405;406;408;409;410;413;414;415;429;430;431;469;470;471;484;485;486;488;489;490;565;566;567;568;569;571;577;578;579;580;581;582;632;634;635;700;701;702;716;717;718;724;725;726;732;734;735;848;849;850,64,1
e58207f1-84ec-424b-a997-ff64a57eb13b,What parallel activity accompanies the main action in this clip?,A discussion with another person accompanies the main action.,"The parallel activity accompanying the main action of playing Jenga is the person's interaction with a smartphone, which is visible on the table.",373;374;375;388;389;391;392;394;395;400;402;403;404;405;406;408;409;410;413;414;415;429;430;431;469;470;471;484;485;486;488;489;490;565;566;567;568;569;571;577;578;579;580;581;582;632;634;635;700;701;702;716;717;718;724;725;726;732;734;735;848;849;850,64,1
e58207f1-84ec-424b-a997-ff64a57eb13b,Is there a creative or construction-related task shown?,"Yes, arranging wooden bricks can be considered a construction-related task.","No, the video does not show a creative or construction-related task. It primarily features a person playing a board game.",373;374;375;388;389;391;392;394;395;400;402;403;404;405;406;408;409;410;413;414;415;429;430;431;469;470;471;484;485;486;488;489;490;565;566;567;568;569;571;577;578;579;580;581;582;632;634;635;700;701;702;716;717;718;724;725;726;732;734;735;848;849;850,64,1
e58207f1-84ec-424b-a997-ff64a57eb13b,Does the video show any form of artistic painting?,No.,"No, the video does not show any form of artistic painting. It focuses on a person playing a board game.",373;374;375;388;389;391;392;394;395;400;402;403;404;405;406;408;409;410;413;414;415;429;430;431;469;470;471;484;485;486;488;489;490;565;566;567;568;569;571;577;578;579;580;581;582;632;634;635;700;701;702;716;717;718;724;725;726;732;734;735;848;849;850,64,1
e58207f1-84ec-424b-a997-ff64a57eb13b,Is there a solo performance happening in the video?,No.,"No, there is no solo performance happening in the video. The video shows a person playing a board game, specifically Jenga, with another person's hand occasionally reaching in to assist or interact with the game.",373;374;375;388;389;391;392;394;395;400;402;403;404;405;406;408;409;410;413;414;415;429;430;431;469;470;471;484;485;486;488;489;490;565;566;567;568;569;571;577;578;579;580;581;582;632;634;635;700;701;702;716;717;718;724;725;726;732;734;735;848;849;850,64,1
e58207f1-84ec-424b-a997-ff64a57eb13b,Did I interact with Lady A after I sat on the chair?,Yes.,"No, you did not interact with Lady A after sitting on the chair. The video shows you sitting on the chair and then the scene transitions to Lady A playing with a Jenga game.",373;374;375;388;389;391;392;394;395;400;402;403;404;405;406;408;409;410;413;414;415;429;430;431;469;470;471;484;485;486;488;489;490;565;566;567;568;569;571;577;578;579;580;581;582;632;634;635;700;701;702;716;717;718;724;725;726;732;734;735;848;849;850,64,1
e58207f1-84ec-424b-a997-ff64a57eb13b,What happens just before I sit on the chair?,Entering the room.,"Just before sitting on the chair, the person adjusts their position, ensuring they are comfortable and ready to play the game.",373;374;375;388;389;391;392;394;395;400;402;403;404;405;406;408;409;410;413;414;415;429;430;431;469;470;471;484;485;486;488;489;490;565;566;567;568;569;571;577;578;579;580;581;582;632;634;635;700;701;702;716;717;718;724;725;726;732;734;735;848;849;850,64,1
e58207f1-84ec-424b-a997-ff64a57eb13b,What did I engage in right before sitting in a room?,I did not engage in anything; I was already seated.,"Based on the video, it appears that you engaged in playing a board game, specifically Jenga, right before sitting in the room. The video shows you holding a Jenga box and pieces, and there is a Jenga game set up on a table in the room where you are sitting.",373;374;375;388;389;391;392;394;395;400;402;403;404;405;406;408;409;410;413;414;415;429;430;431;469;470;471;484;485;486;488;489;490;565;566;567;568;569;571;577;578;579;580;581;582;632;634;635;700;701;702;716;717;718;724;725;726;732;734;735;848;849;850,64,1
e58207f1-84ec-424b-a997-ff64a57eb13b,Where is this scene set?,In a room with another person.,"The scene is set in a modern, well-lit indoor space that appears to be a lounge or a casual meeting area. The background includes a large window with a view of greenery outside, suggesting the space is on an upper floor or in a building with a garden or park view. There are comfortable seating arrangements with gray sofas and cushions, a glass coffee table with various items on it, and a lamp providing ambient lighting. The overall atmosphere is relaxed and inviting, with a touch of contemporary design.",373;374;375;388;389;391;392;394;395;400;402;403;404;405;406;408;409;410;413;414;415;429;430;431;469;470;471;484;485;486;488;489;490;565;566;567;568;569;571;577;578;579;580;581;582;632;634;635;700;701;702;716;717;718;724;725;726;732;734;735;848;849;850,64,1
e58207f1-84ec-424b-a997-ff64a57eb13b,What are the main elements present in this scenario?,A Jenga game and two individuals.,"The video features a person sitting on a couch in a modern, well-lit room with a neutral color palette. The individual is wearing a dark hoodie with a logo on the front and shorts. They are engaged in playing a board game, specifically Jenga, which is visible on the glass coffee table in front of them. The game pieces are wooden and have a natural color. The person is holding a Jenga block in their hand, indicating they are in the process of either placing or removing a block from the tower.The room has a contemporary design with a large window allowing natural light to enter. There are several decorative elements, including a potted plant, a teal-colored mug, and a smartphone on the coffee table. The couch has plush cushions, and there is a lamp with a white shade to the left of the person. The background shows another section of the room with a different seating arrangement and a person standing in the distance.The person appears to be focused on the game, occasionally looking at the blocks and the tower. The video captures the person's actions as they play, including the placement and removal of blocks, and the overall atmosphere is casual and relaxed.",373;374;375;388;389;391;392;394;395;400;402;403;404;405;406;408;409;410;413;414;415;429;430;431;469;470;471;484;485;486;488;489;490;565;566;567;568;569;571;577;578;579;580;581;582;632;634;635;700;701;702;716;717;718;724;725;726;732;734;735;848;849;850,64,1
e58207f1-84ec-424b-a997-ff64a57eb13b,What can be observed on the table in the video?,A Jenga tower and blocks.,"The table has a box of crackers, a teal mug, and a smartphone.",373;374;375;388;389;391;392;394;395;400;402;403;404;405;406;408;409;410;413;414;415;429;430;431;469;470;471;484;485;486;488;489;490;565;566;567;568;569;571;577;578;579;580;581;582;632;634;635;700;701;702;716;717;718;724;725;726;732;734;735;848;849;850,64,1
e58207f1-84ec-424b-a997-ff64a57eb13b,Who is actively participating in the game shown in the video?,The person in the frame and another woman.,"The person wearing a black hoodie with ""New Mexico Lobos"" written on it is actively participating in the game.",373;374;375;388;389;391;392;394;395;400;402;403;404;405;406;408;409;410;413;414;415;429;430;431;469;470;471;484;485;486;488;489;490;565;566;567;568;569;571;577;578;579;580;581;582;632;634;635;700;701;702;716;717;718;724;725;726;732;734;735;848;849;850,64,1
e58207f1-84ec-424b-a997-ff64a57eb13b,How is the game of Jenga progressing in the clip?,Blocks are being stacked atop the tower.,"The game of Jenga is progressing with the person in the black hoodie and green lanyard carefully removing a block from the tower, indicating an ongoing and interactive game.",373;374;375;388;389;391;392;394;395;400;402;403;404;405;406;408;409;410;413;414;415;429;430;431;469;470;471;484;485;486;488;489;490;565;566;567;568;569;571;577;578;579;632;634;635;692;694;695;700;701;702;716;717;718;724;725;726;732;734;735;848;849;850,64,1
e58207f1-84ec-424b-a997-ff64a57eb13b,What is the consequence of the actions performed with the Jenga blocks?,The Jenga tower is becoming taller.,The consequence of the actions performed with the Jenga blocks is that the stack collapses.,373;374;375;388;389;391;392;394;395;400;402;403;404;405;406;408;409;410;413;414;415;429;430;431;469;470;471;484;485;486;488;489;490;565;566;567;568;569;571;577;578;579;580;581;582;632;634;635;700;701;702;716;717;718;724;725;726;732;734;735;848;849;850,64,1
e58207f1-84ec-424b-a997-ff64a57eb13b,What action precedes placing a block atop the Jenga tower?,Removing a block from the Jenga tower.,The action that precedes placing a block atop the Jenga tower is reaching for the box of Jenga blocks.,373;374;375;388;389;391;392;394;395;400;402;403;404;405;406;408;409;410;413;414;415;429;430;431;469;470;471;484;485;486;488;489;490;565;566;567;568;569;571;577;578;579;580;581;582;632;634;635;700;701;702;716;717;718;724;725;726;732;734;735;848;849;850,64,1
e58207f1-84ec-424b-a997-ff64a57eb13b,Does the video show a Jenga tower on a glass table?,Yes.,"Yes, the video shows a Jenga tower on a glass table.",373;374;375;388;389;391;392;394;395;400;402;403;404;405;406;408;409;410;413;414;415;429;430;431;469;470;471;484;485;486;488;489;490;565;566;567;568;569;571;577;578;579;580;581;582;632;634;635;700;701;702;716;717;718;724;725;726;732;734;735;848;849;850,64,1
e58207f1-84ec-424b-a997-ff64a57eb13b,Are the Jenga blocks being carefully handled?,Yes.,"Yes, the person is seen carefully handling the Jenga blocks, indicating a focus on maintaining the structure of the tower.",373;374;375;388;389;391;392;394;395;400;402;403;404;405;406;408;409;410;413;414;415;429;430;431;469;470;471;484;485;486;488;489;490;565;566;567;568;569;571;577;578;579;580;581;582;632;634;635;700;701;702;716;717;718;724;725;726;732;734;735;848;849;850,64,1
e58207f1-84ec-424b-a997-ff64a57eb13b,Is the Jenga tower intact at this moment in the video?,Yes.,"Yes, the Jenga tower is intact at this moment in the video.",373;374;375;388;389;391;392;394;395;400;402;403;404;405;406;408;409;410;413;414;415;429;430;431;469;470;471;484;485;486;488;489;490;565;566;567;568;569;571;577;578;579;580;581;582;632;634;635;700;701;702;716;717;718;724;725;726;732;734;735;848;849;850,64,1
e58207f1-84ec-424b-a997-ff64a57eb13b,What action occurred just before placing the blocks atop the Jenga tower?,Took Jenga blocks from the tower,"Just before placing the blocks atop the Jenga tower, the person was seen holding a box of Jenga blocks.",373;374;375;388;389;391;392;394;395;400;402;403;404;405;406;408;409;410;413;414;415;429;430;431;469;470;471;484;485;486;488;489;490;565;566;567;568;569;571;577;578;579;580;581;582;632;634;635;700;701;702;716;717;718;724;725;726;732;734;735;848;849;850,64,1
e58207f1-84ec-424b-a997-ff64a57eb13b,What happened just before taking Jenga blocks from the tower?,Played game of Jenga,"Just before taking Jenga blocks from the tower, the person was seen holding the Jenga box and looking at the game pieces, possibly contemplating their next move or preparing to take a block.",373;374;375;388;389;391;392;394;395;400;402;403;404;405;406;408;409;410;413;414;415;429;430;431;469;470;471;484;485;486;488;489;490;565;566;567;568;569;571;577;578;579;580;581;582;632;634;635;700;701;702;716;717;718;724;725;726;732;734;735;848;849;850,64,1
e58207f1-84ec-424b-a997-ff64a57eb13b,Did I arrange wooden bricks before playing a card game?,No,"Yes, you arranged wooden bricks before playing a card game.",373;374;375;388;389;391;392;394;395;400;402;403;404;405;406;408;409;410;413;414;415;429;430;431;469;470;471;484;485;486;488;489;490;565;566;567;568;569;571;577;578;579;580;581;582;632;634;635;700;701;702;716;717;718;724;725;726;732;734;735;848;849;850,64,1
e58207f1-84ec-424b-a997-ff64a57eb13b,Did I sit on a chair before talking to a lady?,Yes,"No, you did not sit on a chair before talking to the lady. The video shows you sitting on a couch while interacting with the lady.",373;374;375;388;389;391;392;394;395;400;402;403;404;405;406;408;409;410;413;414;415;429;430;431;469;470;471;484;485;486;488;489;490;565;566;567;568;569;571;577;578;579;632;634;635;692;694;695;700;701;702;716;717;718;724;725;726;732;734;735;848;849;850,64,1
e58207f1-84ec-424b-a997-ff64a57eb13b,What activities are occurring inside the house?,Two individuals are playing Jenga.,"The video shows a person sitting on a couch in a modern living room, engaged in playing a board game. The individual is wearing a black hoodie with a logo on the front and has a green lanyard around their neck. They are holding a card from the game, which appears to be a Jenga card, indicating that they are in the middle of a game. The living room has a contemporary design with gray sofas, a glass coffee table, and decorative items like a potted plant and a teal-colored mug. The person seems to be focused on the game, occasionally looking at the card and the game pieces on the table. The environment suggests a casual and relaxed atmosphere, typical of a leisurely activity at home.",373;374;375;388;389;391;392;394;395;400;402;403;404;405;406;408;409;410;413;414;415;429;430;431;469;470;471;484;485;486;488;489;490;565;566;567;568;569;571;577;578;579;580;581;582;632;634;635;700;701;702;716;717;718;724;725;726;732;734;735;848;849;850,64,1
e58207f1-84ec-424b-a997-ff64a57eb13b,What is on the table between the participants?,A Jenga tower is on the table.,There is a box of crackers and a cup on the table between the participants.,373;374;375;388;389;391;392;394;395;400;402;403;404;405;406;408;409;410;413;414;415;429;430;431;469;470;471;484;485;486;488;489;490;565;566;567;568;569;571;577;578;579;580;581;582;632;634;635;700;701;702;716;717;718;724;725;726;732;734;735;848;849;850,64,1
e58207f1-84ec-424b-a997-ff64a57eb13b,How are the participants utilizing the wooden blocks?,They are carefully pulling blocks from the Jenga tower.,"The participants are using the wooden blocks to play a game, likely Jenga, as they carefully remove and place blocks on top of the tower.",373;374;375;388;389;391;392;394;395;400;402;403;404;405;406;408;409;410;413;414;415;429;430;431;469;470;471;484;485;486;488;489;490;565;566;567;568;569;571;577;578;579;580;581;582;632;634;635;700;701;702;716;717;718;724;725;726;732;734;735;848;849;850,64,1
e58207f1-84ec-424b-a997-ff64a57eb13b,Is the Jenga tower still standing?,Yes.,"Yes, the Jenga tower is still standing.",373;374;375;388;389;391;392;394;395;400;402;403;404;405;406;408;409;410;413;414;415;429;430;431;469;470;471;484;485;486;488;489;490;565;566;567;568;569;571;577;578;579;580;581;582;632;634;635;700;701;702;716;717;718;724;725;726;732;734;735;848;849;850,64,1
e58207f1-84ec-424b-a997-ff64a57eb13b,Has a Jenga block just been successfully moved?,Yes.,"Yes, a Jenga block has just been successfully moved.",373;374;375;388;389;391;392;394;395;400;402;403;404;405;406;408;409;410;413;414;415;429;430;431;469;470;471;484;485;486;488;489;490;565;566;567;568;569;571;577;578;579;580;581;582;632;634;635;700;701;702;716;717;718;724;725;726;732;734;735;848;849;850,64,1
e58207f1-84ec-424b-a997-ff64a57eb13b,Are the participants seated during the game?,Yes.,"Yes, the participants are seated during the game.",373;374;375;388;389;391;392;394;395;400;402;403;404;405;406;408;409;410;413;414;415;429;430;431;469;470;471;484;485;486;488;489;490;565;566;567;568;569;571;577;578;579;580;581;582;632;634;635;700;701;702;716;717;718;724;725;726;732;734;735;848;849;850,64,1
e58207f1-84ec-424b-a997-ff64a57eb13b,Is there a game being played on the floor?,No.,"No, there is no game being played on the floor. The video shows a person sitting on a couch with a Jenga game in front of them, but the game is not being played on the floor.",373;374;375;388;389;391;392;394;395;400;402;403;404;405;406;408;409;410;413;414;415;429;430;431;469;470;471;484;485;486;488;489;490;565;566;567;568;569;571;577;578;579;580;581;582;632;634;635;700;701;702;716;717;718;724;725;726;732;734;735;848;849;850,64,1
e58207f1-84ec-424b-a997-ff64a57eb13b,Does the frame display a competitive match in progress?,Yes.,"No, the frame does not display a competitive match in progress.",373;374;375;388;389;391;392;394;395;400;402;403;404;405;406;408;409;410;413;414;415;429;430;431;469;470;471;484;485;486;488;489;490;565;566;567;568;569;571;577;578;579;580;581;582;632;634;635;700;701;702;716;717;718;724;725;726;732;734;735;848;849;850,64,1
e58207f1-84ec-424b-a997-ff64a57eb13b,Did I sit on the chairs before playing Jenga?,Yes.,"No, you did not sit on the chairs before playing Jenga. The video shows you sitting on a couch while playing Jenga.",373;374;375;388;389;391;392;394;395;400;402;403;404;405;406;408;409;410;413;414;415;429;430;431;469;470;471;484;485;486;488;489;490;565;566;567;568;569;571;577;578;579;580;581;582;632;634;635;700;701;702;716;717;718;724;725;726;732;734;735;848;849;850,64,1
e58207f1-84ec-424b-a997-ff64a57eb13b,Did I take Jenga blocks from the tower before adding to its top?,Yes.,"The video shows a person sitting on a couch with a Jenga game in front of them. The game appears to be in progress, with some blocks removed from the tower. The person is seen adding blocks to the top of the tower, but there is no clear indication that they took blocks from the tower before adding to its top. The focus of the video is on the gameplay and the person's reactions to the game, rather than the specific actions taken with the blocks.",373;374;375;388;389;391;392;394;395;400;402;403;404;405;406;408;409;410;413;414;415;429;430;431;469;470;471;484;485;486;488;489;490;565;566;567;568;569;571;577;578;579;580;581;582;632;634;635;700;701;702;716;717;718;724;725;726;732;734;735;848;849;850,64,1
e58207f1-84ec-424b-a997-ff64a57eb13b,Did the Jenga game happen before relaxing on the chairs?,No.,"Yes, the Jenga game happened before the person relaxed on the chairs.",373;374;375;388;389;391;392;394;395;400;402;403;404;405;406;408;409;410;413;414;415;429;430;431;469;470;471;484;485;486;488;489;490;565;566;567;568;569;571;577;578;579;580;581;582;632;634;635;700;701;702;716;717;718;724;725;726;732;734;735;848;849;850,64,1
e58207f1-84ec-424b-a997-ff64a57eb13b,Was placing blocks atop the Jenga tower before taking blocks from it?,No.,"The video shows a person sitting on a couch with a Jenga tower in front of them. They are seen placing blocks on top of the Jenga tower, which is a part of the game where players take turns removing blocks from the tower and placing them on top, trying not to cause the tower to fall. The person is also seen taking blocks from the tower, which is another part of the game where players must remove blocks without disturbing the rest of the tower. The sequence of actions suggests that the person is actively engaged in playing the game, alternating between placing and removing blocks.",373;374;375;388;389;391;392;394;395;400;402;403;404;405;406;408;409;410;413;414;415;429;430;431;469;470;471;484;485;486;488;489;490;565;566;567;568;569;571;577;578;579;580;581;582;632;634;635;700;701;702;716;717;718;724;725;726;732;734;735;848;849;850,64,1
e58207f1-84ec-424b-a997-ff64a57eb13b,What occurs just before placing the blocks atop the Jenga tower?,Taking Jenga blocks from the tower.,"Just before placing the blocks atop the Jenga tower, the person is seen contemplating their next move, carefully selecting a block from the box.",373;374;375;388;389;391;392;394;395;400;402;403;404;405;406;408;409;410;413;414;415;429;430;431;469;470;471;484;485;486;488;489;490;565;566;567;568;569;571;577;578;579;580;581;582;632;634;635;700;701;702;716;717;718;724;725;726;732;734;735;848;849;850,64,1
e58207f1-84ec-424b-a997-ff64a57eb13b,What happens just before sitting on the chairs to play?,Entering the room.,"Just before sitting on the chairs to play, the person is seen holding a box of Jenga blocks and appears to be in the process of setting up the game.",373;374;375;388;389;391;392;394;395;400;402;403;404;405;406;408;409;410;413;414;415;429;430;431;469;470;471;484;485;486;488;489;490;565;566;567;568;569;571;577;578;579;580;581;582;632;634;635;700;701;702;716;717;718;724;725;726;732;734;735;848;849;850,64,1
e58207f1-84ec-424b-a997-ff64a57eb13b,Did the game start before arranging wooden bricks on a block?,No,"No, the game started after arranging wooden bricks on a block.",373;374;375;388;389;391;392;394;395;400;402;403;404;405;406;408;409;410;413;414;415;429;430;431;469;470;471;484;485;486;488;489;490;565;566;567;568;569;571;577;578;579;580;581;582;632;634;635;700;701;702;716;717;718;724;725;726;732;734;735;848;849;850,64,1
e58207f1-84ec-424b-a997-ff64a57eb13b,What is the setting of the current video clip?,The setting is inside a house.,"The setting of the current video clip is a modern, well-lit room with a glass coffee table, a couch with pillows, and a lamp.",373;374;375;388;389;391;392;394;395;400;402;403;404;405;406;408;409;410;413;414;415;429;430;431;469;470;471;484;485;486;488;489;490;565;566;567;568;569;571;577;578;579;580;581;582;632;634;635;700;701;702;716;717;718;724;725;726;732;734;735;848;849;850,64,1
e58207f1-84ec-424b-a997-ff64a57eb13b,Describe the occupants in the house in the video.,"There are multiple individuals, both men and women.","The video features a person sitting on a couch, wearing a black hoodie with ""New Mexico Lobos"" written on it, shorts, and a lanyard around their neck. They are playing a game of Jenga, which is placed on a glass coffee table in front of them. The room has a modern and cozy interior, with a large window allowing natural light to enter, and a lamp providing additional lighting. There are several cushions on the couch, and a potted plant is placed on the coffee table. The person appears to be focused on the game, carefully removing and placing wooden blocks. The video captures the person's actions as they play the game, including moments of concentration and slight movements as they manipulate the blocks.",373;374;375;388;389;391;392;394;395;400;402;403;404;405;406;408;409;410;413;414;415;429;430;431;469;470;471;484;485;486;488;489;490;565;566;567;568;569;571;577;578;579;580;581;582;632;634;635;700;701;702;716;717;718;724;725;726;732;734;735;848;849;850,64,1
e58207f1-84ec-424b-a997-ff64a57eb13b,What were the individuals doing with wood in the video?,They were arranging pieces of wood.,The individuals were playing a game of Jenga.,373;374;375;388;389;391;392;394;395;400;402;403;404;405;406;408;409;410;413;414;415;429;430;431;469;470;471;484;485;486;488;489;490;565;566;567;568;569;571;577;578;579;580;581;582;632;634;635;700;701;702;716;717;718;724;725;726;732;734;735;848;849;850,64,1
e58207f1-84ec-424b-a997-ff64a57eb13b,What type of interaction occurred among the individuals?,They interacted with each other.,"The individuals engaged in a playful and social interaction, focusing on the game of Jenga.",373;374;375;388;389;391;392;394;395;400;402;403;404;405;406;408;409;410;413;414;415;429;430;431;469;470;471;484;485;486;488;489;490;565;566;567;568;569;571;577;578;579;580;581;582;632;634;635;700;701;702;716;717;718;724;725;726;732;734;735;848;849;850,64,1
e58207f1-84ec-424b-a997-ff64a57eb13b,Are the people stationary or moving about in the clip?,They are moving about the space.,"The people are stationary, with the focus on the person playing Jenga.",373;374;375;388;389;391;392;394;395;400;402;403;404;405;406;408;409;410;413;414;415;429;430;431;469;470;471;484;485;486;488;489;490;565;566;567;568;569;571;577;578;579;580;581;582;632;634;635;700;701;702;716;717;718;724;725;726;732;734;735;848;849;850,64,1
e58207f1-84ec-424b-a997-ff64a57eb13b,Is the Jenga game played before arranging wood pieces?,Yes.,"No, the Jenga game is played after arranging wood pieces.",373;374;375;388;389;391;392;394;395;400;402;403;404;405;406;408;409;410;413;414;415;429;430;431;469;470;471;484;485;486;488;489;490;565;566;567;568;569;571;577;578;579;580;581;582;632;634;635;700;701;702;716;717;718;724;725;726;732;734;735;848;849;850,64,1
e58207f1-84ec-424b-a997-ff64a57eb13b,Does sitting on chairs happen before interacting with each other?,Yes.,"No, sitting on chairs does not happen before interacting with each other. The video shows individuals sitting on chairs and interacting with each other, including playing a board game.",373;374;375;388;389;391;392;394;395;400;402;403;404;405;406;408;409;410;413;414;415;429;430;431;469;470;471;484;485;486;488;489;490;565;566;567;568;569;571;577;578;579;580;581;582;632;634;635;700;701;702;716;717;718;724;725;726;732;734;735;848;849;850,64,1
e58207f1-84ec-424b-a997-ff64a57eb13b,Is the wood arrangement completed before the Jenga tower is built?,No.,"No, the wood arrangement is not completed before the Jenga tower is built.",373;374;375;388;389;391;392;394;395;400;402;403;404;405;406;408;409;410;413;414;415;429;430;431;469;470;471;484;485;486;488;489;490;565;566;567;568;569;571;577;578;579;580;581;582;632;634;635;700;701;702;716;717;718;724;725;726;732;734;735;848;849;850,64,1
e58207f1-84ec-424b-a997-ff64a57eb13b,What happens before arranging the wood pieces?,Playing Jenga.,"Before arranging the wood pieces, the person is seen holding a box of Jenga blocks and a smartphone.",373;374;375;388;389;391;392;394;395;400;402;403;404;405;406;408;409;410;413;414;415;429;430;431;469;470;471;484;485;486;488;489;490;565;566;567;568;569;571;577;578;579;580;581;582;632;634;635;700;701;702;716;717;718;724;725;726;732;734;735;848;849;850,64,1
e58207f1-84ec-424b-a997-ff64a57eb13b,What takes place before the Jenga block is touched?,Sitting down.,"Before the Jenga block is touched, the person is seen holding the box of Jenga blocks, preparing to play.",373;374;375;388;389;391;392;394;395;400;402;403;404;405;406;408;409;410;413;414;415;429;430;431;469;470;471;484;485;486;488;489;490;565;566;567;568;569;571;577;578;579;580;581;582;632;634;635;700;701;702;716;717;718;724;725;726;732;734;735;848;849;850,64,1
e58207f1-84ec-424b-a997-ff64a57eb13b,Did the Jenga game occur before sitting on the chairs?,No.,"Yes, the Jenga game occurred before sitting on the chairs.",373;374;375;388;389;391;392;394;395;400;402;403;404;405;406;408;409;410;413;414;415;429;430;431;469;470;471;484;485;486;488;489;490;565;566;567;568;569;571;577;578;579;580;581;582;632;634;635;700;701;702;716;717;718;724;725;726;732;734;735;848;849;850,64,1
e58207f1-84ec-424b-a997-ff64a57eb13b,Was taking Jenga blocks from the tower after sitting on the chairs?,Yes.,"The video shows a person sitting on a couch and taking Jenga blocks from the tower. The setting appears to be a modern, well-lit room with a comfortable and casual atmosphere. The person is wearing a dark hoodie with a logo on the front and has a lanyard around their neck, suggesting they might be in a casual work environment or a social gathering. The focus of the video is on the action of taking blocks from the Jenga tower, which is a popular game that involves strategy and coordination.",373;374;375;388;389;391;392;394;395;400;402;403;404;405;406;408;409;410;413;414;415;429;430;431;469;470;471;484;485;486;488;489;490;565;566;567;568;569;571;577;578;579;580;581;582;632;634;635;700;701;702;716;717;718;724;725;726;732;734;735;848;849;850,64,1
e58207f1-84ec-424b-a997-ff64a57eb13b,What happened just before placing blocks atop the Jenga tower?,Taking Jenga blocks from the tower.,"The person was seen holding a box of Jenga blocks, preparing to play.",373;374;375;388;389;391;392;394;395;400;402;403;404;405;406;408;409;410;413;414;415;429;430;431;469;470;471;484;485;486;488;489;490;565;566;567;568;569;571;577;578;579;580;581;582;632;634;635;700;701;702;716;717;718;724;725;726;732;734;735;848;849;850,64,1
e58207f1-84ec-424b-a997-ff64a57eb13b,What happens before arranging the pieces of wood?,Playing the Jenga wooden blocks game.,"Before arranging the pieces of wood, the person is seen holding a box of Jenga blocks and a smartphone.",373;374;375;388;389;391;392;394;395;400;402;403;404;405;406;408;409;410;413;414;415;429;430;431;469;470;471;484;485;486;488;489;490;565;566;567;568;569;571;577;578;579;580;581;582;632;634;635;700;701;702;716;717;718;724;725;726;732;734;735;848;849;850,64,1
e58207f1-84ec-424b-a997-ff64a57eb13b,What is the setting of the video clip?,An office.,"The setting of the video clip is a modern, well-lit room with a glass coffee table, a couch with pillows, and a lamp.",373;374;375;388;389;391;392;394;395;400;402;403;404;405;406;408;409;410;413;414;415;429;430;431;469;470;471;484;485;486;488;489;490;565;566;567;568;569;571;577;578;579;580;581;582;632;634;635;700;701;702;716;717;718;724;725;726;732;734;735;848;849;850,64,1
e58207f1-84ec-424b-a997-ff64a57eb13b,What activities are taking place in the clip?,Talking to a person and using a phone.,"The clip shows a person playing a board game, specifically Jenga, in a modern, well-lit room with a neutral color palette. The individual is seated on a gray couch, wearing a black hoodie with red and white lettering, and has a green lanyard around their neck. They are holding a Jenga block and appear to be in the process of either removing or placing it on the game board. The game board is on a glass coffee table in front of them, and there are several Jenga blocks visible on the table. The room has a contemporary design with a large window allowing natural light to enter, and there are decorative elements such as a potted plant and a teal-colored mug on the coffee table. The person seems to be focused on the game, and the overall atmosphere is casual and relaxed.",373;374;375;388;389;391;392;394;395;400;402;403;404;405;406;408;409;410;413;414;415;429;430;431;469;470;471;484;485;486;488;489;490;565;566;567;568;569;571;577;578;579;580;581;582;632;634;635;700;701;702;716;717;718;724;725;726;732;734;735;848;849;850,64,1
e58207f1-84ec-424b-a997-ff64a57eb13b,What is the primary action in the recent frames?,Engaging in a discussion and using the phone.,The primary action in the recent frames is the person playing with a Jenga game.,373;374;375;388;389;391;392;394;395;400;402;403;404;405;406;408;409;410;413;414;415;429;430;431;469;470;471;484;485;486;488;489;490;565;566;567;568;569;571;577;578;579;580;581;582;632;634;635;700;701;702;716;717;718;724;725;726;732;734;735;848;849;850,64,1
e58207f1-84ec-424b-a997-ff64a57eb13b,What technology is in use in the action?,A phone.,Augmented reality glasses,373;374;375;388;389;391;392;394;395;400;402;403;404;405;406;408;409;410;413;414;415;429;430;431;469;470;471;484;485;486;488;489;490;565;566;567;568;569;571;577;578;579;580;581;582;632;634;635;700;701;702;716;717;718;724;725;726;732;734;735;848;849;850,64,1
e58207f1-84ec-424b-a997-ff64a57eb13b,Is the person alone in the scene?,No.,"No, there is another person present in the scene who is holding a box of Jenga blocks.",373;374;375;388;389;391;392;394;395;400;402;403;404;405;406;408;409;410;413;414;415;429;430;431;469;470;471;484;485;486;488;489;490;565;566;567;568;569;571;577;578;579;580;581;582;632;634;635;700;701;702;716;717;718;724;725;726;732;734;735;848;849;850,64,1
e58207f1-84ec-424b-a997-ff64a57eb13b,Did I interact with others after being at the office?,Yes,"The video shows you sitting on a couch in an office environment, playing a game of Jenga. There are no clear indications of interacting with others in the immediate vicinity, as the focus is on the game and the surrounding office space. However, the presence of other people in the background suggests that the office is occupied, but they are not directly involved in the activity you are engaged in.",373;374;375;388;389;391;392;394;395;400;402;403;404;405;406;408;409;410;413;414;415;429;430;431;469;470;471;484;485;486;488;489;490;565;566;567;568;569;571;577;578;579;580;581;582;632;634;635;700;701;702;716;717;718;724;725;726;732;734;735;848;849;850,64,1
e58207f1-84ec-424b-a997-ff64a57eb13b,Did the office scene occur before the house activities?,Yes,"No, the office scene occurred after the house activities.",373;374;375;388;389;391;392;394;395;400;402;403;404;405;406;408;409;410;413;414;415;429;430;431;469;470;471;484;485;486;488;489;490;565;566;567;568;569;571;577;578;579;580;581;582;632;634;635;700;701;702;716;717;718;724;725;726;732;734;735;848;849;850,64,1
e58207f1-84ec-424b-a997-ff64a57eb13b,What happened right before I was at the office?,I was in the house,"It seems like you were at a location that resembles an office or a workspace. You were sitting on a couch with a board game in front of you, which appears to be Jenga. There are several boxes and items on the table, including what looks like a box of crackers and some other snacks. The environment suggests a casual, relaxed setting, possibly a break room or a lounge area within an office. You were engaged in playing the game, and there are some papers and a smartphone on the table as well. The overall atmosphere appears to be informal and leisurely, with a focus on enjoying a game during a break.",373;374;375;388;389;391;392;394;395;400;402;403;404;405;406;408;409;410;413;414;415;429;430;431;469;470;471;484;485;486;488;489;490;565;566;567;568;569;571;577;578;579;580;581;582;632;634;635;700;701;702;716;717;718;724;725;726;732;734;735;848;849;850,64,1
e58207f1-84ec-424b-a997-ff64a57eb13b,Did I play Jenga before arranging pieces of wood?,Yes.,"It seems like you've been watching a video or a series of events where someone is playing Jenga. Jenga is a game where players take turns removing blocks from a vertical tower and placing them on top, trying not to cause the tower to fall. The person in the video appears to be in the process of playing the game, as indicated by the Jenga box and the pieces of wood on the table.",373;374;375;388;389;391;392;394;395;400;402;403;404;405;406;408;409;410;413;414;415;429;430;431;469;470;471;484;485;486;488;489;490;565;566;567;568;569;571;577;578;579;580;581;582;632;634;635;700;701;702;716;717;718;724;725;726;732;734;735;848;849;850,64,1
e58207f1-84ec-424b-a997-ff64a57eb13b,Did I use the phone before playing Jenga?,No.,"The video shows a person sitting on a couch with a smartphone in front of them. It's not clear from the video whether they were using the phone before playing Jenga, but they are holding the phone while playing, which suggests they might have been using it prior to starting the game.",373;374;375;388;389;391;392;394;395;400;402;403;404;405;406;408;409;410;413;414;415;429;430;431;469;470;471;484;485;486;488;489;490;565;566;567;568;569;571;577;578;579;580;581;582;632;634;635;700;701;702;716;717;718;724;725;726;732;734;735;848;849;850,64,1
e58207f1-84ec-424b-a997-ff64a57eb13b,Was I at the office before playing with the Jenga blocks?,Yes.,"Yes, you were at the office before playing with the Jenga blocks.",373;374;375;388;389;391;392;394;395;400;402;403;404;405;406;408;409;410;413;414;415;429;430;431;469;470;471;484;485;486;488;489;490;565;566;567;568;569;571;577;578;579;580;581;582;632;634;635;700;701;702;716;717;718;724;725;726;732;734;735;848;849;850,64,1
89a95cd8-ca13-4edf-807e-d62138fd30e0,Describe the environment displayed in the video clip.,The video depicts a kitchen scenario.,"The video takes place in a kitchen with a tiled wall and a black countertop. On the countertop, there is a large container with a yellow lid, a smaller container with a purple lid, and a white container with a floral design. There are also various kitchen utensils, including a whisk, a spatula, and a knife. A blue cutting board is visible, with some chopped onions on it. A person is seen handling the containers and utensils, and there is a window with a metal frame in the background. The person appears to be preparing food, possibly chopping onions and using the containers for ingredients. The video shows the person moving around the kitchen, handling the containers and utensils, and chopping onions on the cutting board. The kitchen is well-lit, and the person is wearing a bracelet on their wrist. The video concludes with the person still handling the containers and utensils, and the onions on the cutting board.",0;1;3;5;6;7;13;14;15;16;17;18;24;25;27;29;30;31;53;54;55;65;66;67;68;69;70;76;78;79;80;81;82;88;89;90;92;94;95;96;97;98;100;102;103;104;105;106;108;109;110;116;117;118;120;122;123;133;134;135;137;138;139,64,1
89a95cd8-ca13-4edf-807e-d62138fd30e0,Identify the items being interacted with in the video clip.,Flour and onions are being used with water and a knife.,"In the video, the following items are being interacted with:1. A stainless steel pot on a stove.2. A container with a yellow lid, possibly containing flour or another dry ingredient.3. A white container with a floral design, also likely containing flour or a similar ingredient.4. A blue cutting board with sliced onions.5. A purple container with a lid, which might be a spice container or another type of kitchen storage.6. A stack of books or magazines.7. A plastic bag with some items inside, possibly ingredients or kitchen tools.8. A metal container with a purple base, which could be a grinder or mixer.9. A small blue cup.10. A white container with a red lid, which might be another spice container or ingredient storage.11. A white container with a green lid, possibly containing another ingredient.12. A white container with a purple lid, which could be a spice container or ingredient storage.13. A white container with a yellow lid, likely containing flour or another dry ingredient.14. A white container with a blue lid, possibly containing another ingredient.15. A white container with a red lid, which might be a spice container or ingredient storage.1",0;1;3;5;6;7;13;14;15;16;17;18;24;25;27;29;30;31;53;54;55;65;66;67;68;69;70;76;78;79;80;81;82;88;89;90;92;94;95;96;97;98;100;102;103;104;105;106;108;109;110;116;117;118;120;122;123;133;134;135;137;138;139,64,1
89a95cd8-ca13-4edf-807e-d62138fd30e0,What's the main activity in the scene?,"The main activity is preparing ingredients, mixing and chopping.","The main activity in the scene is the preparation of ingredients for cooking, specifically chopping onions and handling a container of flour.",0;1;3;5;6;7;13;14;15;16;17;18;24;25;27;29;30;31;53;54;55;65;66;67;68;69;70;76;78;79;80;81;82;88;89;90;92;94;95;96;97;98;100;102;103;104;105;106;108;109;110;116;117;118;120;122;123;133;134;135;137;138;139,64,1
89a95cd8-ca13-4edf-807e-d62138fd30e0,What objects are present in the scene related to the activity?,"Container of flour, a knife, and mixed dough are noticeable.","The scene includes a pot of water, a container of flour, a blue cutting board with sliced onions, a container with a yellow lid, a purple container, a stack of books, a jar of spices, and a plastic bag.",0;1;3;5;6;7;13;14;15;16;17;18;24;25;27;29;30;31;53;54;55;65;66;67;68;69;70;76;78;79;80;81;82;88;89;90;92;94;95;96;97;98;100;102;103;104;105;106;108;109;110;116;117;118;120;122;123;133;134;135;137;138;139,64,1
89a95cd8-ca13-4edf-807e-d62138fd30e0,Did the person use a knife on the onions?,Yes.,Yes.,0;1;3;5;6;7;13;14;15;16;17;18;24;25;27;29;30;31;53;54;55;65;66;67;68;69;70;76;78;79;80;81;82;88;89;90;92;94;95;96;97;98;100;102;103;104;105;106;108;109;110;116;117;118;120;122;123;133;134;135;137;138;139,64,1
89a95cd8-ca13-4edf-807e-d62138fd30e0,Was water added to the flour in the video?,Yes.,"Yes, water was added to the flour in the video.",0;1;3;5;6;7;13;14;15;16;17;18;24;25;27;29;30;31;53;54;55;65;66;67;68;69;70;76;78;79;80;81;82;88;89;90;92;94;95;96;97;98;100;102;103;104;105;106;108;109;110;116;117;118;120;122;123;133;134;135;137;138;139,64,1
89a95cd8-ca13-4edf-807e-d62138fd30e0,Did the preparation seem to be for baking?,"No, more likely for cooking.","Yes, the preparation seems to be for baking, as indicated by the use of flour and the presence of a container with a yellow lid, which is often used for storing flour.",0;1;3;5;6;7;13;14;15;16;17;18;24;25;27;29;30;31;53;54;55;65;66;67;68;69;70;76;78;79;80;81;82;88;89;90;92;94;95;96;97;98;100;102;103;104;105;106;108;109;110;116;117;118;120;122;123;133;134;135;137;138;139,64,1
89a95cd8-ca13-4edf-807e-d62138fd30e0,Describe the environment where the cooking is taking place.,The cooking is taking place in a kitchen.,"The cooking is taking place in a kitchen with a stove, a kitchen counter, and a sink.",152;153;154;156;157;158;160;161;162;164;165;166;168;169;171;172;173;174;177;178;179;180;181;182;184;185;186;188;189;190;192;193;194;196;197;198;200;201;202;204;205;206;208;209;210;212;214;215;217;218;219;220;221;222;224;225;226;228;229;230;232;233;234,64,1
89a95cd8-ca13-4edf-807e-d62138fd30e0,What step is being performed with the pan?,Oil is being poured into the pan.,The pan is being used to cook or prepare food.,152;153;154;156;157;158;160;161;162;164;165;166;168;169;171;172;173;174;177;178;179;180;181;182;184;185;186;188;189;190;192;193;194;196;197;198;200;201;202;204;205;206;208;209;210;212;214;215;217;218;219;220;221;222;224;225;226;228;229;230;232;233;234,64,1
89a95cd8-ca13-4edf-807e-d62138fd30e0,Are there any other objects visible associated with cooking?,"Yes, there are kitchen utensils and containers.","No, there are no other objects visible associated with cooking.",152;153;154;156;157;158;160;161;162;164;165;166;168;169;171;172;173;174;177;178;179;180;181;182;184;185;186;188;189;190;192;193;194;196;197;198;200;201;202;204;205;206;208;209;210;212;214;215;217;218;219;220;221;222;224;225;226;228;229;230;276;278;279,64,1
89a95cd8-ca13-4edf-807e-d62138fd30e0,Are there any ingredients ready to be cooked?,"Yes, there are chopped ingredients on the cutting board.","Yes, there are ingredients ready to be cooked.",152;153;154;156;157;158;160;161;162;164;165;166;168;169;171;172;173;174;177;178;179;180;181;182;184;185;186;188;189;190;192;193;194;196;197;198;200;201;202;204;205;206;208;209;210;212;214;215;217;218;219;220;221;222;224;225;226;228;229;230;276;278;279,64,1
89a95cd8-ca13-4edf-807e-d62138fd30e0,What is implied by the action of pouring oil in the pan?,The person is preparing to cook or fry food.,The action of pouring oil in the pan implies that cooking is about to begin.,152;153;154;156;157;158;160;161;162;164;165;166;168;169;171;172;173;174;177;178;179;180;181;182;184;185;186;188;189;190;192;193;194;196;197;198;200;201;202;204;205;206;208;209;210;212;214;215;217;218;219;220;221;222;224;225;226;228;229;230;276;278;279,64,1
89a95cd8-ca13-4edf-807e-d62138fd30e0,What will likely happen next in the cooking process?,The food will be added to the heated oil for cooking.,"Based on the image, the next step in the cooking process would likely involve the person stirring or mixing the contents of the pot to ensure the ingredients are well combined and cooked evenly. The person might also be preparing to add more ingredients or seasonings to the dish.",152;153;154;156;157;158;160;161;162;164;165;166;168;169;171;172;173;174;177;178;179;180;181;182;184;185;186;188;189;190;192;193;194;196;197;198;200;201;202;204;205;206;208;209;210;212;214;215;217;218;219;220;221;222;224;225;226;228;229;230;276;278;279,64,1
89a95cd8-ca13-4edf-807e-d62138fd30e0,Did the person start cooking as soon as the video began?,No.,"No, the person did not start cooking immediately. The video begins with a black screen, indicating that the cooking process has not yet started.",152;153;154;156;157;158;160;161;162;164;165;166;168;169;171;172;173;174;177;178;179;180;181;182;184;185;186;188;189;190;192;193;194;196;197;198;200;201;202;204;205;206;208;209;210;212;214;215;217;218;219;220;221;222;224;225;226;228;229;230;232;233;234,64,1
89a95cd8-ca13-4edf-807e-d62138fd30e0,Has the person used any kitchen utensils yet?,Yes.,"No, the person has not used any kitchen utensils yet.",152;153;154;156;157;158;160;161;162;164;165;166;168;169;171;172;173;174;177;178;179;180;181;182;184;185;186;188;189;190;192;193;194;196;197;198;200;201;202;204;205;206;208;209;210;212;214;215;217;218;219;220;221;222;224;225;226;228;229;230;232;233;234,64,1
89a95cd8-ca13-4edf-807e-d62138fd30e0,Is the person cooking unattended or seen in the frame?,"The person is unattended, not seen in the frame.","The person is not seen in the frame, indicating that the cooking is unattended.",152;153;154;156;157;158;160;161;162;164;165;166;168;169;171;172;173;174;177;178;179;180;181;182;184;185;186;188;189;190;192;193;194;196;197;198;200;201;202;204;205;206;208;209;210;212;214;215;217;218;219;220;221;222;224;225;226;228;229;230;276;278;279,64,1
89a95cd8-ca13-4edf-807e-d62138fd30e0,Has the heat been turned on under the pan yet?,No.,"No, the heat has not been turned on under the pan yet.",152;153;154;156;157;158;160;161;162;164;165;166;168;169;171;172;173;174;177;178;179;180;181;182;184;185;186;188;189;190;192;193;194;196;197;198;200;201;202;204;205;206;208;209;210;212;214;215;217;218;219;220;221;222;224;225;226;228;229;230;232;233;234,64,1
89a95cd8-ca13-4edf-807e-d62138fd30e0,"In the video, does mixing flour with water happen before cutting onions?",Yes.,"No, mixing flour with water happens after cutting onions.",152;153;154;156;157;158;160;161;162;164;165;166;168;169;171;172;173;174;177;178;179;180;181;182;184;185;186;188;189;190;192;193;194;196;197;198;200;201;202;204;205;206;208;209;210;212;214;215;217;218;219;220;221;222;224;225;226;228;229;230;276;278;279,64,1
89a95cd8-ca13-4edf-807e-d62138fd30e0,Is cooking the food shown before opening the door in the video?,Yes.,"Yes, the food is shown being cooked before opening the door in the video.",152;153;154;156;157;158;160;161;162;164;165;166;168;169;171;172;173;174;177;178;179;180;181;182;184;185;186;188;189;190;192;193;194;196;197;198;200;201;202;204;205;206;208;209;210;212;214;215;217;218;219;220;221;222;224;225;226;228;229;230;276;278;279,64,1
89a95cd8-ca13-4edf-807e-d62138fd30e0,"In the video, does pouring oil in the pan occur after cutting onions?",Yes.,"Yes, pouring oil in the pan occurs after cutting onions.",152;153;154;156;157;158;160;161;162;164;165;166;168;169;171;172;173;174;177;178;179;180;181;182;184;185;186;188;189;190;192;193;194;196;197;198;200;201;202;204;205;206;208;209;210;212;214;215;217;218;219;220;221;222;224;225;226;228;229;230;232;233;234,64,1
89a95cd8-ca13-4edf-807e-d62138fd30e0,"In the video, is oil poured into the pan before cooking the food?",No.,"Yes, oil is poured into the pan before cooking the food.",152;153;154;156;157;158;160;161;162;164;165;166;168;169;171;172;173;174;177;178;179;180;181;182;184;185;186;188;189;190;192;193;194;196;197;198;200;201;202;204;205;206;208;209;210;212;214;215;217;218;219;220;221;222;224;225;226;228;229;230;276;278;279,64,1
89a95cd8-ca13-4edf-807e-d62138fd30e0,What is the setting of the video clip?,The setting is a kitchen.,The setting of the video clip is a kitchen.,152;153;154;156;157;158;160;161;162;164;165;166;168;169;171;172;173;174;177;178;179;180;181;182;184;185;186;188;189;190;192;193;194;196;197;198;200;201;202;204;205;206;208;209;210;212;214;215;217;218;219;220;221;222;224;225;226;228;229;230;232;233;234,64,1
89a95cd8-ca13-4edf-807e-d62138fd30e0,What tasks are being performed in the scene?,"Cooking food, cleaning the counter, rolling dough.","The scene depicts a kitchen where a person is engaged in cooking. The individual is seen stirring a pot on the stove, which suggests they are preparing a meal. The presence of a cutting board and various kitchen utensils indicates that food preparation is ongoing. The person is also handling a bowl, which could be used for mixing ingredients or serving the prepared food. The kitchen is well-equipped with modern appliances, including a microwave and a refrigerator, which are essential for food storage and heating. The scene conveys a sense of domestic activity focused on meal preparation.",152;153;154;156;157;158;160;161;162;164;165;166;168;169;171;172;173;174;177;178;179;180;181;182;184;185;186;188;189;190;192;193;194;196;197;198;200;201;202;204;205;206;208;209;210;212;214;215;217;218;219;220;221;222;224;225;226;228;229;230;232;233;234,64,1
89a95cd8-ca13-4edf-807e-d62138fd30e0,Can you caption the cleaning action in the clip?,Tidying up the kitchen counter.,"The clip shows a person cleaning a kitchen counter. The individual is using a cloth or sponge to wipe down the surface, removing any dirt or spills. The focus is on the cleaning action, which is thorough and methodical, ensuring the counter is spotless.",152;153;154;156;157;158;160;161;162;164;165;166;168;169;171;172;173;174;177;178;179;180;181;182;184;185;186;188;189;190;192;193;194;196;197;198;200;201;202;204;205;206;208;209;210;212;214;215;217;218;219;220;221;222;224;225;226;228;229;230;276;278;279,64,1
89a95cd8-ca13-4edf-807e-d62138fd30e0,How is the dough being prepared?,The dough is being rolled.,The dough is being prepared by kneading it on a wooden surface.,152;153;154;156;157;158;160;161;162;164;165;166;168;169;171;172;173;174;177;178;179;180;181;182;184;185;186;188;189;190;192;193;194;196;197;198;200;201;202;204;205;206;208;209;210;212;214;215;217;218;219;220;221;222;224;225;226;228;229;230;232;233;234,64,1
89a95cd8-ca13-4edf-807e-d62138fd30e0,Does the video show someone cooking?,Yes.,"Yes, the video shows a person cooking in a kitchen.",152;153;154;156;157;158;160;161;162;164;165;166;168;169;171;172;173;174;177;178;179;180;181;182;184;185;186;188;189;190;192;193;194;196;197;198;200;201;202;204;205;206;208;209;210;212;214;215;217;218;219;220;221;222;224;225;226;228;229;230;276;278;279,64,1
89a95cd8-ca13-4edf-807e-d62138fd30e0,Is the counter being cleaned in the video?,Yes.,"Yes, the video shows a person cleaning the counter.",152;153;154;156;157;158;160;161;162;164;165;166;168;169;171;172;173;174;177;178;179;180;181;182;184;185;186;188;189;190;192;193;194;196;197;198;200;201;202;204;205;206;208;209;210;212;214;215;217;218;219;220;221;222;224;225;226;228;229;230;232;233;234,64,1
89a95cd8-ca13-4edf-807e-d62138fd30e0,Is there a scene of rolling dough in the video?,Yes.,"Yes, there is a scene of rolling dough in the video.",152;153;154;156;157;158;160;161;162;164;165;166;168;169;171;172;173;174;177;178;179;180;181;182;184;185;186;188;189;190;192;193;194;196;197;198;200;201;202;204;205;206;208;209;210;212;214;215;217;218;219;220;221;222;224;225;226;228;229;230;232;233;234,64,1
89a95cd8-ca13-4edf-807e-d62138fd30e0,Does rolling the dough happen before cleaning the counter?,No,"No, rolling the dough happens after cleaning the counter.",152;153;154;156;157;158;160;161;162;164;165;166;168;169;171;172;173;174;177;178;179;180;181;182;184;185;186;188;189;190;192;193;194;196;197;198;200;201;202;204;205;206;208;209;210;212;214;215;217;218;219;220;221;222;224;225;226;228;229;230;232;233;234,64,1
89a95cd8-ca13-4edf-807e-d62138fd30e0,Is the food cooked after I clean the counter?,Yes,"No, the food is not cooked after cleaning the counter.",152;153;154;156;157;158;160;161;162;164;165;166;168;169;171;172;173;174;177;178;179;180;181;182;184;185;186;188;189;190;192;193;194;196;197;198;200;201;202;204;205;206;208;209;210;212;214;215;217;218;219;220;221;222;224;225;226;228;229;230;276;278;279,64,1
89a95cd8-ca13-4edf-807e-d62138fd30e0,"Before the food is cooked, what do I do?",In the kitchen.,go to the kitchen,152;153;154;156;157;158;160;161;162;164;165;166;168;169;171;172;173;174;177;178;179;180;181;182;184;185;186;188;189;190;192;193;194;196;197;198;200;201;202;204;205;206;208;209;210;212;214;215;217;218;219;220;221;222;224;225;226;228;229;230;232;233;234,64,1
89a95cd8-ca13-4edf-807e-d62138fd30e0,What occurs just before I clean the counter?,Cook food.,I pour the contents of the container into the sink.,152;153;154;156;157;158;160;161;162;164;165;166;168;169;171;172;173;174;177;178;179;180;181;182;184;185;186;188;189;190;192;193;194;196;197;198;200;201;202;204;205;206;208;209;210;212;214;215;217;218;219;220;221;222;224;225;226;228;229;230;232;233;234,64,1
89a95cd8-ca13-4edf-807e-d62138fd30e0,"In the video, what takes place right before rolling the dough?",Clean the counter.,"Right before rolling the dough, the video shows a person pouring a liquid, likely water, into a bowl.",152;153;154;156;157;158;160;161;162;164;165;166;168;169;171;172;173;174;177;178;179;180;181;182;184;185;186;188;189;190;192;193;194;196;197;198;200;201;202;204;205;206;208;209;210;212;214;215;217;218;219;220;221;222;224;225;226;228;229;230;232;233;234,64,1
89a95cd8-ca13-4edf-807e-d62138fd30e0,"In the video, does the mixing of flour with water happen before cutting the onions?",Yes,"Yes, the mixing of flour with water happens before cutting the onions.",152;153;154;156;157;158;160;161;162;164;165;166;168;169;171;172;173;174;177;178;179;180;181;182;184;185;186;188;189;190;192;193;194;196;197;198;200;201;202;204;205;206;208;209;210;212;214;215;217;218;219;220;221;222;224;225;226;228;229;230;276;278;279,64,1
89a95cd8-ca13-4edf-807e-d62138fd30e0,What is the setting of the video clip?,"Inside a house, in the kitchen.",The setting of the video clip is a kitchen.,152;153;154;156;157;158;160;161;162;164;165;166;168;169;171;172;173;174;177;178;179;180;181;182;184;185;186;188;189;190;192;193;194;196;197;198;200;201;202;204;205;206;208;209;210;212;214;215;217;218;219;220;221;222;224;225;226;228;229;230;232;233;234,64,1
89a95cd8-ca13-4edf-807e-d62138fd30e0,What activity is depicted in the scene?,Making dough for cooking.,"The scene depicts a person engaging in a leisurely activity, likely enjoying a moment of relaxation or contemplation.",152;153;154;156;157;158;160;161;162;164;165;166;168;169;171;172;173;174;177;178;179;180;181;182;184;185;186;188;189;190;192;193;194;196;197;198;200;201;202;204;205;206;208;209;210;212;214;215;217;218;219;220;221;222;224;225;226;276;278;279;876;878;879,64,1
89a95cd8-ca13-4edf-807e-d62138fd30e0,What tools are being utilized in the scene?,"Hands, rolling pin, flour container.","The tools being utilized in the scene include a hammer, a saw, and a chisel.",152;153;154;156;157;158;160;161;162;164;165;166;168;169;171;172;173;174;177;178;179;180;181;182;184;185;186;188;189;190;192;193;194;196;197;198;200;201;202;204;205;206;208;209;210;212;214;215;217;218;219;220;221;222;224;225;226;228;229;230;232;233;234,64,1
89a95cd8-ca13-4edf-807e-d62138fd30e0,Where specifically is the dough preparation taking place?,On a newspaper-covered surface.,"The dough preparation is taking place in a kitchen, as indicated by the presence of a kitchen counter and various kitchen utensils.",152;153;154;156;157;158;160;161;162;164;165;166;168;169;171;172;173;174;177;178;179;180;181;182;184;185;186;188;189;190;192;193;194;196;197;198;200;201;202;204;205;206;208;209;210;212;214;215;217;218;219;220;221;222;224;225;226;228;229;230;232;233;234,64,1
89a95cd8-ca13-4edf-807e-d62138fd30e0,What is the immediate environment around the dough-making area?,Nearby kitchen appliances and utensils.,"The immediate environment around the dough-making area includes a kitchen counter with various utensils and ingredients, a bowl of flour, and a container of water.",152;153;154;156;157;158;160;161;162;164;165;166;168;169;171;172;173;174;177;178;179;180;181;182;184;185;186;188;189;190;192;193;194;196;197;198;200;201;202;204;205;206;208;209;210;212;214;215;217;218;219;220;221;222;224;225;226;228;229;230;232;233;234,64,1
89a95cd8-ca13-4edf-807e-d62138fd30e0,What is the main action taking place in these frames?,The dough is being rolled out.,"The main action taking place in these frames is the person's hand reaching towards the camera, possibly to adjust or interact with it.",152;153;154;156;157;158;160;161;162;164;165;166;168;169;171;172;173;174;177;178;179;180;181;182;184;185;186;188;189;190;192;193;194;196;197;198;200;201;202;204;205;206;208;209;210;212;214;215;217;218;219;220;221;222;224;225;226;228;229;230;232;233;234,64,1
89a95cd8-ca13-4edf-807e-d62138fd30e0,What action precedes the rolling of the dough?,Dipping the dough in flour.,"The action that precedes the rolling of the dough is the preparation of the dough, which involves kneading and resting.",152;153;154;156;157;158;160;161;162;164;165;166;168;169;171;172;173;174;177;178;179;180;181;182;184;185;186;188;189;190;192;193;194;196;197;198;200;201;202;204;205;206;208;209;210;212;214;215;217;218;219;220;221;222;224;225;226;228;229;230;232;233;234,64,1
89a95cd8-ca13-4edf-807e-d62138fd30e0,How is the dough initially shaped?,It is shaped by hand.,The dough is initially shaped into a ball.,152;153;154;156;157;158;160;161;162;164;165;166;168;169;171;172;173;174;177;178;179;180;181;182;184;185;186;188;189;190;192;193;194;196;197;198;200;201;202;204;205;206;208;209;210;212;214;215;217;218;219;276;278;279;280;281;282;876;878;879;880;881;882,64,1
89a95cd8-ca13-4edf-807e-d62138fd30e0,What is the purpose of the flour in the dough rolling process?,To prevent sticking to the rolling pin.,"The flour serves as a dry ingredient that helps to absorb the moisture from the water in the dough, creating a cohesive mass. It also helps to strengthen the gluten structure in the dough, which is essential for the dough's elasticity and ability to hold its shape when rolled out.",152;153;154;156;157;158;160;161;162;164;165;166;168;169;171;172;173;174;177;178;179;180;181;182;184;185;186;188;189;190;192;193;194;196;197;198;200;201;202;204;205;206;208;209;210;212;214;215;217;218;219;220;221;222;224;225;226;276;278;279;876;878;879,64,1
89a95cd8-ca13-4edf-807e-d62138fd30e0,What may likely be the next step after rolling the dough?,Cutting or shaping the dough for cooking.,"The next step after rolling the dough would likely be to place it on a baking sheet or a piece of parchment paper, possibly after preheating the oven to the appropriate temperature. The dough would then be shaped into the desired form, such as a round or a rectangle, and any additional ingredients or toppings would be added if necessary. After that, the dough would be baked until it reaches the desired texture and color.",152;153;154;156;157;158;160;161;162;164;165;166;168;169;171;172;173;174;177;178;179;180;181;182;184;185;186;188;189;190;192;193;194;196;197;198;200;201;202;204;205;206;208;209;210;212;214;215;217;218;219;220;221;222;224;225;226;228;229;230;232;233;234,64,1
89a95cd8-ca13-4edf-807e-d62138fd30e0,Did the person use a rolling pin in the video?,Yes.,"Yes, the person used a rolling pin to roll out the dough.",152;153;154;156;157;158;160;161;162;164;165;166;168;169;171;172;173;174;177;178;179;180;181;182;184;185;186;188;189;190;192;193;194;196;197;198;200;201;202;204;205;206;208;209;210;212;214;215;217;218;219;220;221;222;224;225;226;228;229;230;232;233;234,64,1
89a95cd8-ca13-4edf-807e-d62138fd30e0,Did the dough-making happen on a bare countertop?,No.,"Yes, the dough-making happened on a bare countertop.",152;153;154;156;157;158;160;161;162;164;165;166;168;169;171;172;173;174;177;178;179;180;181;182;184;185;186;188;189;190;192;193;194;196;197;198;200;201;202;204;205;206;208;209;210;212;214;215;217;218;219;220;221;222;224;225;226;276;278;279;876;878;879,64,1
89a95cd8-ca13-4edf-807e-d62138fd30e0,Was an electrical appliance used to roll the dough?,No.,"Yes, a rolling pin was used to roll the dough.",152;153;154;156;157;158;160;161;162;164;165;166;168;169;171;172;173;174;177;178;179;180;181;182;184;185;186;188;189;190;192;193;194;196;197;198;200;201;202;204;205;206;208;209;210;212;214;215;217;218;219;220;221;222;224;225;226;276;278;279;876;878;879,64,1
89a95cd8-ca13-4edf-807e-d62138fd30e0,Did the person complete the dough rolling in one try?,"Not specified, unclear.","No, the person did not complete the dough rolling in one try.",152;153;154;156;157;158;160;161;162;164;165;166;168;169;171;172;173;174;177;178;179;180;181;182;184;185;186;188;189;190;192;193;194;196;197;198;200;201;202;204;205;206;208;209;210;212;214;215;217;218;219;220;221;222;224;225;226;276;278;279;876;878;879,64,1
89a95cd8-ca13-4edf-807e-d62138fd30e0,Is the flour container closed in the scene?,Yes.,"Yes, the flour container is closed in the scene.",152;153;154;156;157;158;160;161;162;164;165;166;168;169;171;172;173;174;177;178;179;180;181;182;184;185;186;188;189;190;192;193;194;196;197;198;200;201;202;204;205;206;208;209;210;212;214;215;217;218;219;220;221;222;224;225;226;276;278;279;876;878;879,64,1
89a95cd8-ca13-4edf-807e-d62138fd30e0,"In the video, is the dough rolled with hands before it's dipped in flour?",Yes,"No, the dough is not rolled with hands before it's dipped in flour.",152;153;154;156;157;158;160;161;162;164;165;166;168;169;171;172;173;174;177;178;179;180;181;182;184;185;186;188;189;190;192;193;194;196;197;198;200;201;202;204;205;206;208;209;210;212;214;215;217;218;219;220;221;222;224;225;226;276;278;279;876;878;879,64,1
89a95cd8-ca13-4edf-807e-d62138fd30e0,Is the food cooked before the counter is cleaned?,Yes,"Yes, the food is cooked before the counter is cleaned.",152;153;154;156;157;158;160;161;162;164;165;166;168;169;171;172;173;174;177;178;179;180;181;182;184;185;186;188;189;190;192;193;194;196;197;198;200;201;202;204;205;206;208;209;210;212;214;215;217;218;219;220;221;222;224;225;226;228;229;230;232;233;234,64,1
89a95cd8-ca13-4edf-807e-d62138fd30e0,Does the dough rolling with a rolling pin happen after hand rolling?,Yes,"Yes, the dough rolling with a rolling pin happens after hand rolling.",152;153;154;156;157;158;160;161;162;164;165;166;168;169;171;172;173;174;177;178;179;180;181;182;184;185;186;188;189;190;192;193;194;196;197;198;200;201;202;204;205;206;208;209;210;212;214;215;217;218;219;220;221;222;224;225;226;228;229;230;232;233;234,64,1
89a95cd8-ca13-4edf-807e-d62138fd30e0,Is the counter cleaned before the dough is rolled with hands?,Yes,"Yes, the counter is cleaned before the dough is rolled with hands.",152;153;154;156;157;158;160;161;162;164;165;166;168;169;171;172;173;174;177;178;179;180;181;182;184;185;186;188;189;190;192;193;194;196;197;198;200;201;202;204;205;206;208;209;210;212;214;215;217;218;219;220;221;222;224;225;226;276;278;279;876;878;879,64,1
89a95cd8-ca13-4edf-807e-d62138fd30e0,"In the video, is the rolling pin used before the dough is dipped in flour?",Yes,"No, the rolling pin is not used before the dough is dipped in flour.",152;153;154;156;157;158;160;161;162;164;165;166;168;169;171;172;173;174;177;178;179;180;181;182;184;185;186;188;189;190;192;193;194;196;197;198;200;201;202;204;205;206;208;209;210;212;214;215;217;218;219;220;221;222;224;225;226;276;278;279;876;878;879,64,1
89a95cd8-ca13-4edf-807e-d62138fd30e0,What is done just before the dough is dipped in flour?,Roll dough with hands,The dough is rolled out on a floured surface.,152;153;154;156;157;158;160;161;162;164;165;166;168;169;171;172;173;174;177;178;179;180;181;182;184;185;186;188;189;190;192;193;194;196;197;198;200;201;202;204;205;206;208;209;210;212;214;215;217;218;219;220;221;222;224;225;226;276;278;279;876;878;879,64,1
89a95cd8-ca13-4edf-807e-d62138fd30e0,What action is performed before cleaning the counter?,Cook food,"Before cleaning the counter, the person pours a liquid from a bottle into a container.",152;153;154;156;157;158;160;161;162;164;165;166;168;169;171;172;173;174;177;178;179;180;181;182;184;185;186;188;189;190;192;193;194;196;197;198;200;201;202;204;205;206;208;209;210;212;214;215;217;218;219;220;221;222;224;225;226;228;229;230;232;233;234,64,1
89a95cd8-ca13-4edf-807e-d62138fd30e0,What activity happens before the dough is rolled with hands?,Nothing is specified before hand rolling,The dough is kneaded on a wooden surface.,152;153;154;156;157;158;160;161;162;164;165;166;168;169;171;172;173;174;177;178;179;180;181;182;184;185;186;188;189;190;192;193;194;196;197;198;200;201;202;204;205;206;208;209;210;212;214;215;217;218;219;220;221;222;224;225;226;228;229;230;232;233;234,64,1
89a95cd8-ca13-4edf-807e-d62138fd30e0,Was the counter cleaned after cooking food?,Yes,"Yes, the counter was cleaned after cooking food.",152;153;154;156;157;158;160;161;162;164;165;166;168;169;171;172;173;174;177;178;179;180;181;182;184;185;186;188;189;190;192;193;194;196;197;198;200;201;202;204;205;206;208;209;210;212;214;215;217;218;219;220;221;222;224;225;226;276;278;279;876;878;879,64,1
89a95cd8-ca13-4edf-807e-d62138fd30e0,Did I roll the dough before dipping it in flour?,No,"Yes, you rolled the dough before dipping it in flour.",152;153;154;156;157;158;160;161;162;164;165;166;168;169;171;172;173;174;177;178;179;180;181;182;184;185;186;188;189;190;192;193;194;196;197;198;200;201;202;204;205;206;208;209;210;212;214;215;217;218;219;220;221;222;224;225;226;276;278;279;876;878;879,64,1
89a95cd8-ca13-4edf-807e-d62138fd30e0,Did I roll dough with hands before rolling it with a rolling pin?,Yes,"Yes, you likely rolled out the dough with your hands before using a rolling pin. Rolling out dough by hand can help to evenly distribute the dough and create a smooth surface, which is then refined by the rolling pin to achieve the desired thickness and shape.",152;153;154;156;157;158;160;161;162;164;165;166;168;169;171;172;173;174;177;178;179;180;181;182;184;185;186;188;189;190;192;193;194;196;197;198;200;201;202;204;205;206;208;209;210;212;214;215;217;218;219;220;221;222;224;225;226;228;229;230;232;233;234,64,1
89a95cd8-ca13-4edf-807e-d62138fd30e0,What happens right before I dip the dough in flour?,Rolling the dough with hands,"I'm sorry, but it seems there might be a misunderstanding. I'm an AI and I don't have the ability to perform actions or interact with physical objects. I can only provide information and answer questions to the best of my ability based on the data I've been trained on. If you have a specific question or need information about a process, feel free to ask!",152;153;154;156;157;158;160;161;162;164;165;166;168;169;171;172;173;174;177;178;179;180;181;182;184;185;186;188;189;190;192;193;194;196;197;198;200;201;202;204;205;206;208;209;210;212;214;215;217;218;219;220;221;222;224;225;226;276;278;279;876;878;879,64,1
89a95cd8-ca13-4edf-807e-d62138fd30e0,What action occurs just before I roll the dough with a rolling pin?,Dipping dough in flour,I place the dough on a floured surface.,152;153;154;156;157;158;160;161;162;164;165;166;168;169;171;172;173;174;177;178;179;180;181;182;184;185;186;188;189;190;192;193;194;196;197;198;200;201;202;204;205;206;208;209;210;212;214;215;217;218;219;220;221;222;224;225;226;228;229;230;232;233;234,64,1
89a95cd8-ca13-4edf-807e-d62138fd30e0,What do I do just before pouring oil in the pan?,Open the door,"Before pouring oil into the pan, you should first heat the pan over medium to medium-high heat. This step is crucial because it ensures that the oil is evenly distributed across the surface of the pan and reaches the appropriate temperature for cooking. Once the pan is heated, you can then pour in the oil, making sure to cover the entire surface of the pan. This will help prevent food from sticking and ensure that the oil is evenly heated for cooking.",152;153;154;156;157;158;160;161;162;164;165;166;168;169;171;172;173;174;177;178;179;180;181;182;184;185;186;188;189;190;192;193;194;196;197;198;200;201;202;204;205;206;208;209;210;212;214;215;217;218;219;220;221;222;224;225;226;228;229;230;232;233;234,64,1
89a95cd8-ca13-4edf-807e-d62138fd30e0,What takes place immediately before I clean the counter?,Cook food,I wash the dishes.,152;153;154;156;157;158;160;161;162;164;165;166;168;169;171;172;173;174;177;178;179;180;181;182;184;185;186;188;189;190;192;193;194;196;197;198;200;201;202;204;205;206;208;209;210;212;214;215;217;218;219;220;221;222;224;225;226;228;229;230;232;233;234,64,1
89a95cd8-ca13-4edf-807e-d62138fd30e0,What location is shown in this video clip?,The kitchen.,The video clip shows a kitchen.,152;153;154;156;157;158;160;161;162;164;165;166;168;169;171;172;173;174;177;178;179;180;181;182;184;185;186;188;189;190;192;193;194;196;197;198;200;201;202;204;205;206;208;209;210;212;214;215;217;218;219;220;221;222;224;225;226;228;229;230;232;233;234,64,1
89a95cd8-ca13-4edf-807e-d62138fd30e0,What task is being performed in this scene?,Making dough.,"The scene shows a person engaged in the task of cooking. They are using a kitchen knife to cut or prepare food on a cutting board. The presence of the knife and cutting board indicates that they are likely preparing ingredients for a meal. The kitchen setting, with its various utensils and appliances, supports the idea that this is a cooking-related activity.",152;153;154;156;157;158;160;161;162;164;165;166;168;169;171;172;173;174;177;178;179;180;181;182;184;185;186;188;189;190;192;193;194;196;197;198;200;201;202;204;205;206;208;209;210;212;214;215;217;218;219;220;221;222;224;225;226;228;229;230;232;233;234,64,1
89a95cd8-ca13-4edf-807e-d62138fd30e0,What is the setting of this clip?,A kitchen counter.,The setting of this clip is a kitchen.,152;153;154;156;157;158;160;161;162;164;165;166;168;169;171;172;173;174;177;178;179;180;181;182;184;185;186;188;189;190;192;193;194;196;197;198;200;201;202;204;205;206;208;209;210;212;214;215;217;218;219;220;221;222;224;225;226;228;229;230;232;233;234,64,1
89a95cd8-ca13-4edf-807e-d62138fd30e0,What cooking action is taking place?,Rolling dough with a roller.,"The video shows a cooking action where a person is stirring a pot on a stove. The pot appears to be filled with a liquid, possibly a soup or sauce, and the person is using a utensil to mix the contents. The stove is on, indicating that the cooking process is active. The kitchen setting includes a countertop with various items, suggesting that the cooking is taking place in a home or a similar environment.",152;153;154;156;157;158;160;161;162;164;165;166;168;169;171;172;173;174;177;178;179;180;181;182;184;185;186;188;189;190;192;193;194;196;197;198;200;201;202;204;205;206;208;209;210;212;214;215;217;218;219;220;221;222;224;225;226;228;229;230;232;233;234,64,1
89a95cd8-ca13-4edf-807e-d62138fd30e0,Does the frame capture using a rolling pin?,Yes.,"Yes, the frame captures using a rolling pin.",152;153;154;156;157;158;160;161;162;164;165;166;168;169;171;172;173;174;177;178;179;180;181;182;184;185;186;188;189;190;192;193;194;196;197;198;200;201;202;204;205;206;208;209;210;212;214;215;217;218;219;220;221;222;224;225;226;228;229;230;232;233;234,64,1
89a95cd8-ca13-4edf-807e-d62138fd30e0,Is dough being prepared in this scene?,Yes.,"Yes, dough is being prepared in this scene.",152;153;154;156;157;158;160;161;162;164;165;166;168;169;171;172;173;174;177;178;179;180;181;182;184;185;186;188;189;190;192;193;194;196;197;198;200;201;202;204;205;206;208;209;210;212;214;215;217;218;219;220;221;222;224;225;226;228;229;230;232;233;234,64,1
89a95cd8-ca13-4edf-807e-d62138fd30e0,Are there ingredients visible on the kitchen counter?,Yes.,"No, there are no visible ingredients on the kitchen counter.",152;153;154;156;157;158;160;161;162;164;165;166;168;169;171;172;173;174;177;178;179;180;181;182;184;185;186;188;189;190;192;193;194;196;197;198;200;201;202;204;205;206;208;209;210;212;214;215;217;218;219;220;221;222;224;225;226;228;229;230;232;233;234,64,1
89a95cd8-ca13-4edf-807e-d62138fd30e0,"In the video, is the dough cut before it's rolled with hands?",No,"Yes, the dough is cut before it's rolled with hands.",152;153;154;156;157;158;160;161;162;164;165;166;168;169;171;172;173;174;177;178;179;180;181;182;184;185;186;188;189;190;192;193;194;196;197;198;200;201;202;204;205;206;208;209;210;212;214;215;217;218;219;220;221;222;224;225;226;228;229;230;232;233;234,64,1
89a95cd8-ca13-4edf-807e-d62138fd30e0,Does the dipping of dough in flour happen after using the rolling pin?,No,"Yes, the dipping of dough in flour happens after using the rolling pin.",152;153;154;156;157;158;160;161;162;164;165;166;168;169;171;172;173;174;177;178;179;180;181;182;184;185;186;188;189;190;192;193;194;196;197;198;200;201;202;204;205;206;208;209;210;212;214;215;217;218;219;220;221;222;224;225;226;228;229;230;232;233;234,64,1
89a95cd8-ca13-4edf-807e-d62138fd30e0,Does rolling the dough with hands happen before cutting the dough?,Yes,"Yes, rolling the dough with hands happens before cutting the dough.",152;153;154;156;157;158;160;161;162;164;165;166;168;169;171;172;173;174;177;178;179;180;181;182;184;185;186;188;189;190;192;193;194;196;197;198;200;201;202;204;205;206;208;209;210;212;214;215;217;218;219;220;221;222;224;225;226;276;278;279;876;878;879,64,1
89a95cd8-ca13-4edf-807e-d62138fd30e0,Is the dough rolled with a roller after being dipped in flour?,Yes,"Yes, the dough is rolled with a roller after being dipped in flour.",152;153;154;156;157;158;160;161;162;164;165;166;168;169;171;172;173;174;177;178;179;180;181;182;184;185;186;188;189;190;192;193;194;196;197;198;200;201;202;204;205;206;208;209;210;212;214;215;217;218;219;220;221;222;224;225;226;276;278;279;876;878;879,64,1
89a95cd8-ca13-4edf-807e-d62138fd30e0,What occurs just before rolling dough with a roller in the video?,The dough is cut,"Just before rolling dough with a roller in the video, a person is seen preparing the dough on a surface.",152;153;154;156;157;158;160;161;162;164;165;166;168;169;171;172;173;174;177;178;179;180;181;182;184;185;186;188;189;190;192;193;194;196;197;198;200;201;202;204;205;206;208;209;210;212;214;215;217;218;219;220;221;222;224;225;226;276;278;279;876;878;879,64,1
89a95cd8-ca13-4edf-807e-d62138fd30e0,"In the video sequence, what happens before rolling dough with hands?","Nothing, it's the first action","Before rolling dough with hands, the video shows a person preparing dough on a table.",152;153;154;156;157;158;160;161;162;164;165;166;168;169;171;172;173;174;177;178;179;180;181;182;184;185;186;188;189;190;192;193;194;196;197;198;200;201;202;204;205;206;208;209;210;212;214;215;217;218;219;220;221;222;224;225;226;228;229;230;232;233;234,64,1
89a95cd8-ca13-4edf-807e-d62138fd30e0,What is done just before cutting the dough?,The dough is rolled with hands,A hand is seen pressing down on the dough.,152;153;154;156;157;158;160;161;162;164;165;166;168;169;171;172;173;174;177;178;179;180;181;182;184;185;186;188;189;190;192;193;194;196;197;198;200;201;202;204;205;206;208;209;210;212;214;215;217;218;219;220;221;222;224;225;226;276;278;279;876;878;879,64,1
89a95cd8-ca13-4edf-807e-d62138fd30e0,Did I clean the counter before rolling the dough?,Yes,"Yes, you cleaned the counter before rolling the dough.",152;153;154;156;157;158;160;161;162;164;165;166;168;169;171;172;173;174;177;178;179;180;181;182;184;185;186;188;189;190;192;193;194;196;197;198;200;201;202;204;205;206;208;209;210;212;214;215;217;218;219;220;221;222;224;225;226;276;278;279;876;878;879,64,1
89a95cd8-ca13-4edf-807e-d62138fd30e0,Was the dough cut before being rolled?,Yes,"No, the dough was not cut before being rolled.",152;153;154;156;157;158;160;161;162;164;165;166;168;169;171;172;173;174;177;178;179;180;181;182;184;185;186;188;189;190;192;193;194;196;197;198;200;201;202;204;205;206;208;209;210;212;214;215;217;218;219;220;221;222;224;225;226;276;278;279;876;878;879,64,1
89a95cd8-ca13-4edf-807e-d62138fd30e0,Did I dip the dough in flour before using the rolling pin?,Yes,"Yes, you did dip the dough in flour before using the rolling pin.",152;153;154;156;157;158;160;161;162;164;165;166;168;169;171;172;173;174;177;178;179;180;181;182;184;185;186;188;189;190;192;193;194;196;197;198;200;201;202;204;205;206;208;209;210;212;214;215;217;218;219;220;221;222;224;225;226;228;229;230;232;233;234,64,1
89a95cd8-ca13-4edf-807e-d62138fd30e0,Did I cook food after rolling the dough with my hands?,No,The video does not provide information about whether you cooked the food after rolling the dough with your hands.,152;153;154;156;157;158;160;161;162;164;165;166;168;169;171;172;173;174;177;178;179;180;181;182;184;185;186;188;189;190;192;193;194;196;197;198;200;201;202;204;205;206;208;209;210;212;214;215;217;218;219;220;221;222;224;225;226;228;229;230;232;233;234,64,1
89a95cd8-ca13-4edf-807e-d62138fd30e0,Was the counter cleaned after the dough was cut?,No,"Yes, the counter was cleaned after the dough was cut.",152;153;154;156;157;158;160;161;162;164;165;166;168;169;171;172;173;174;177;178;179;180;181;182;184;185;186;188;189;190;192;193;194;196;197;198;200;201;202;204;205;206;208;209;210;212;214;215;217;218;219;220;221;222;224;225;226;228;229;230;232;233;234,64,1
89a95cd8-ca13-4edf-807e-d62138fd30e0,What do I do before rolling the dough with a roller?,Cut the dough,"Before rolling the dough with a roller, you should first make sure the surface is clean and dry. If the surface is a countertop or table, it's a good idea to lightly dust it with flour to prevent the dough from sticking. If you're using a mat, make sure it's clean and dry as well. Then, you can place the dough on the surface and gently press it down with your hands to flatten it slightly. This helps the dough to lay flat and prevents it from puffing up as you roll. After that, you can start rolling the dough with a rolling pin, starting from the center and moving outwards in a back-and-forth motion to achieve an even thickness.",152;153;154;156;157;158;160;161;162;164;165;166;168;169;171;172;173;174;177;178;179;180;181;182;184;185;186;188;189;190;192;193;194;196;197;198;200;201;202;204;205;206;208;209;210;212;214;215;217;218;219;220;221;222;224;225;226;276;278;279;876;878;879,64,1
89a95cd8-ca13-4edf-807e-d62138fd30e0,What occurs just before cutting the dough?,Rolling dough with hands,The dough is rolled out on a floured surface.,152;153;154;156;157;158;160;161;162;164;165;166;168;169;171;172;173;174;177;178;179;180;181;182;184;185;186;188;189;190;192;193;194;196;197;198;200;201;202;204;205;206;208;209;210;212;214;215;217;218;219;220;221;222;224;225;226;276;278;279;876;878;879,64,1
89a95cd8-ca13-4edf-807e-d62138fd30e0,What do I do before cleaning the counter?,Cook food,gather cleaning supplies,152;153;154;156;157;158;160;161;162;164;165;166;168;169;171;172;173;174;177;178;179;180;181;182;184;185;186;188;189;190;192;193;194;196;197;198;200;201;202;204;205;206;208;209;210;212;214;215;217;218;219;220;221;222;224;225;226;228;229;230;232;233;234,64,1
89a95cd8-ca13-4edf-807e-d62138fd30e0,Describe the main activity occurring in this section of video.,Food preparation for a meal.,"The video begins with a scene of a kitchen where a person is preparing food. The person is seen chopping vegetables on a cutting board and then placing the chopped vegetables into a pot on the stove. The kitchen is well-lit and the person is wearing a white apron. The video then transitions to a scene of a person sitting at a desk, working on a computer. The person is wearing a black shirt and appears to be focused on the screen. The desk is cluttered with various items, including papers and a cup. The video then shows a scene of a person walking down a street. The person is wearing a red jacket and carrying a bag. The street is lined with buildings and there are people walking on the sidewalk. The video then transitions to a scene of a person sitting in a car, driving down a road. The person is wearing a blue shirt and appears to be focused on the road ahead. The car is moving quickly and the scenery outside is blurred. The video then shows a scene of a person standing in a room, looking at a painting on the wall. The person is wearing a white shirt and appears to be admiring the artwork. The room is well-lit and the painting is colorful. The video then transitions to a scene of a person",152;153;154;156;157;158;160;161;162;164;165;166;168;169;171;172;173;174;177;178;179;180;181;182;184;185;186;188;189;190;192;193;194;196;197;198;200;201;202;204;205;206;208;209;210;212;214;215;217;218;219;220;221;222;224;225;226;276;278;279;876;878;879,64,1
89a95cd8-ca13-4edf-807e-d62138fd30e0,What is the current culinary action captured here?,Ready to cook flatbread on the pan.,"The image shows a kitchen scene where a person is engaged in the culinary action of cooking. The individual appears to be stirring or mixing something in a pot or pan on the stove, which is a common step in preparing a variety of dishes. The presence of a stove, pot, and the person's hand holding a utensil suggests that they are in the process of cooking, possibly sautéing, simmering, or boiling ingredients. The exact dish being prepared is not visible, but the action is indicative of a typical cooking process.",152;153;154;156;157;158;160;161;162;164;165;166;168;169;171;172;173;174;177;178;179;180;181;182;184;185;186;188;189;190;192;193;194;196;197;198;200;201;202;204;205;206;208;209;210;212;214;215;217;218;219;220;221;222;224;225;226;276;278;279;876;878;879,64,1
89a95cd8-ca13-4edf-807e-d62138fd30e0,Did the person successfully slice the cucumber?,Yes.,"Based on the video, it appears that the person successfully sliced the cucumber as the final frames show the sliced cucumber on the cutting board.",152;153;154;156;157;158;160;161;162;164;165;166;168;169;171;172;173;174;177;178;179;180;181;182;184;185;186;188;189;190;192;193;194;196;197;198;200;201;202;204;205;206;208;209;210;212;214;215;217;218;219;276;278;279;280;281;282;876;878;879;880;881;882,64,1
89a95cd8-ca13-4edf-807e-d62138fd30e0,Has the lemon been placed on the cucumber slices?,Yes.,"No, the lemon has not been placed on the cucumber slices.",152;153;154;156;157;158;160;161;162;164;165;166;168;169;171;172;173;174;177;178;179;180;181;182;184;185;186;188;189;190;192;193;194;196;197;198;200;201;202;204;205;206;208;209;210;212;214;215;217;218;219;220;221;222;224;225;226;276;278;279;876;878;879,64,1
89a95cd8-ca13-4edf-807e-d62138fd30e0,Describe the setting in this video clip.,A kitchen with a person cooking roti on a stove.,"The video begins with a view of a kitchen area where a person is preparing food. The kitchen is equipped with various utensils and appliances, including a stove, a cutting board, and a bowl. The person is seen chopping vegetables on the cutting board. The scene then transitions to a close-up of the person's hands as they continue to chop the vegetables. The video then shifts to a view of a kitchen counter where a person is preparing food. The kitchen counter is cluttered with various utensils and ingredients, including a knife, a cutting board, and a bowl. The person is seen chopping vegetables on the cutting board. The scene then transitions to a close-up of the person's hands as they continue to chop the vegetables. The video then shifts to a view of a kitchen counter where a person is preparing food. The kitchen counter is cluttered with various utensils and ingredients, including a knife, a cutting board, and a bowl. The person is seen chopping vegetables on the cutting board. The scene then transitions to a close-up of the person's hands as they continue to chop the vegetables. The video then shifts to a view of a kitchen counter where a person is preparing food. The kitchen counter is cluttered with various utensils and ingredients, including a knife",152;153;154;156;157;158;160;161;162;164;165;166;168;169;171;172;173;174;177;178;179;180;181;182;184;185;186;188;189;190;192;193;194;196;197;198;200;201;202;204;205;206;208;209;210;212;214;215;217;218;219;220;221;222;224;225;226;276;278;279;876;878;879,64,1
89a95cd8-ca13-4edf-807e-d62138fd30e0,What is the visual focal point of this scene?,The pan with the roti being roasted.,"The visual focal point of this scene is the large, open space of the room, which is accentuated by the high ceiling and the natural light streaming in through the windows.",152;153;154;156;157;158;160;161;162;164;165;166;168;169;171;172;173;174;177;178;179;180;181;182;184;185;186;188;189;190;192;193;194;196;197;198;200;201;202;204;205;206;208;209;210;212;214;215;217;218;219;220;221;222;224;225;226;228;229;230;232;233;234,64,1
89a95cd8-ca13-4edf-807e-d62138fd30e0,Where is the roti being placed after roasting?,In a pot next to the stove.,The roti is being placed on a plate after roasting.,152;153;154;156;157;158;160;161;162;164;165;166;168;169;171;172;173;174;177;178;179;180;181;182;184;185;186;188;189;190;192;193;194;196;197;198;200;201;202;204;205;206;208;209;210;212;214;215;217;218;219;220;221;222;224;225;226;276;278;279;876;878;879,64,1
89a95cd8-ca13-4edf-807e-d62138fd30e0,What kitchen equipment is being utilized in this action?,A frying pan and a stove.,"The kitchen equipment being utilized in this action includes a stove, a pot, and a spoon.",152;153;154;156;157;158;160;161;162;164;165;166;168;169;171;172;173;174;177;178;179;180;181;182;184;185;186;188;189;190;192;193;194;196;197;198;200;201;202;204;205;206;208;209;210;212;214;215;217;218;219;220;221;222;224;225;226;228;229;230;232;233;234,64,1
89a95cd8-ca13-4edf-807e-d62138fd30e0,Does the clip show a person flipping the roti?,No.,"No, the clip does not show a person flipping the roti.",152;153;154;156;157;158;160;161;162;164;165;166;168;169;171;172;173;174;177;178;179;180;181;182;184;185;186;188;189;190;192;193;194;196;197;198;200;201;202;204;205;206;208;209;210;212;214;215;217;218;219;220;221;222;224;225;226;276;278;279;876;878;879,64,1
89a95cd8-ca13-4edf-807e-d62138fd30e0,Is the roti being taken out of the pan in this frame?,Yes.,"No, the roti is not being taken out of the pan in this frame.",152;153;154;156;157;158;160;161;162;164;165;166;168;169;171;172;173;174;177;178;179;180;181;182;184;185;186;188;189;190;192;193;194;196;197;198;200;201;202;204;205;206;208;209;210;212;214;215;217;218;219;220;221;222;224;225;226;228;229;230;232;233;234,64,1
89a95cd8-ca13-4edf-807e-d62138fd30e0,Does the clip involve any baking activity?,No.,"No, the clip does not involve any baking activity.",152;153;154;156;157;158;160;161;162;164;165;166;168;169;171;172;173;174;177;178;179;180;181;182;184;185;186;188;189;190;192;193;194;196;197;198;200;201;202;204;205;206;208;209;210;212;214;215;217;218;219;220;221;222;224;225;226;276;278;279;876;878;879,64,1
89a95cd8-ca13-4edf-807e-d62138fd30e0,Is there another person assisting with the cooking?,No.,"No, there is no other person assisting with the cooking.",152;153;154;156;157;158;160;161;162;164;165;166;168;169;171;172;173;174;177;178;179;180;181;182;184;185;186;188;189;190;192;193;194;196;197;198;200;201;202;204;205;206;208;209;210;212;214;215;217;218;219;220;221;222;224;225;226;228;229;230;232;233;234,64,1
89a95cd8-ca13-4edf-807e-d62138fd30e0,Was the flat bread prepared before the roti was roasted?,Yes,"Yes, the flat bread was prepared before the roti was roasted.",152;153;154;156;157;158;160;161;162;164;165;166;168;169;171;172;173;174;177;178;179;180;181;182;184;185;186;188;189;190;192;193;194;196;197;198;200;201;202;204;205;206;208;209;210;212;214;215;217;218;219;220;221;222;224;225;226;276;278;279;876;878;879,64,1
89a95cd8-ca13-4edf-807e-d62138fd30e0,Did I put the roasted roti in the pot before cutting the cucumber?,No,"No, you did not put the roasted roti in the pot before cutting the cucumber.",152;153;154;156;157;158;160;161;162;164;165;166;168;169;171;172;173;174;177;178;179;180;181;182;184;185;186;188;189;190;192;193;194;196;197;198;200;201;202;204;205;206;208;209;210;212;214;215;217;218;219;220;221;222;224;225;226;276;278;279;876;878;879,64,1
89a95cd8-ca13-4edf-807e-d62138fd30e0,Did I roast the roti after preparing the flat bread?,Yes,"Yes, you roasted the roti after preparing the flat bread.",152;153;154;156;157;158;160;161;162;164;165;166;168;169;171;172;173;174;177;178;179;180;181;182;184;185;186;188;189;190;192;193;194;196;197;198;200;201;202;204;205;206;208;209;210;212;214;215;217;218;219;220;221;222;224;225;226;276;278;279;876;878;879,64,1
89a95cd8-ca13-4edf-807e-d62138fd30e0,What cooking method is used for tortillas?,They are placed in a hot pot.,The cooking method used for tortillas is frying.,152;153;154;156;157;158;160;161;162;164;165;166;168;169;171;172;173;174;177;178;179;180;181;182;184;185;186;188;189;190;192;193;194;196;197;198;200;201;202;204;205;206;208;209;210;212;214;215;217;218;219;220;221;222;224;225;226;276;278;279;876;878;879,64,1
89a95cd8-ca13-4edf-807e-d62138fd30e0,Is the person wearing oven mitts?,No.,"No, the person is not wearing oven mitts.",152;153;154;156;157;158;160;161;162;164;165;166;168;169;171;172;173;174;177;178;179;180;181;182;184;185;186;188;189;190;192;193;194;196;197;198;200;201;202;204;205;206;208;209;210;212;214;215;217;218;219;220;221;222;224;225;226;228;229;230;232;233;234,64,1
89a95cd8-ca13-4edf-807e-d62138fd30e0,"In the video, is the pot closed after the roti is put inside?",Yes,"Yes, the pot is closed after the roti is put inside.",152;153;154;156;157;158;160;161;162;164;165;166;168;169;171;172;173;174;177;178;179;180;181;182;184;185;186;188;189;190;192;193;194;196;197;198;200;201;202;204;205;206;208;209;210;212;214;215;217;218;219;220;221;222;224;225;226;228;229;230;232;233;234,64,1
89a95cd8-ca13-4edf-807e-d62138fd30e0,Did I use a spatula to roast the roti before placing it in the pot?,Yes,"No, you did not use a spatula to roast the roti.",152;153;154;156;157;158;160;161;162;164;165;166;168;169;171;172;173;174;177;178;179;180;181;182;184;185;186;188;189;190;192;193;194;196;197;198;200;201;202;204;205;206;208;209;210;212;214;215;217;218;219;220;221;222;224;225;226;276;278;279;876;878;879,64,1
89a95cd8-ca13-4edf-807e-d62138fd30e0,What activity is shown just before the roti comes in contact with the pan?,The roti is picked up,The activity shown just before the roti comes in contact with the pan is the person's hand pressing down on the roti.,152;153;154;156;157;158;160;161;162;164;165;166;168;169;171;172;173;174;177;178;179;180;181;182;184;185;186;188;189;190;192;193;194;196;197;198;200;201;202;204;205;206;208;209;210;212;214;215;217;218;219;220;221;222;224;225;226;228;229;230;232;233;234,64,1
2bb31b69-fcda-4f54-8338-f590944df999,What activity is depicted in this snapshot?,A card game is being played.,"The snapshot depicts a person sitting on the floor with a patterned rug, holding a smartphone in their hands. The person appears to be engaged with the device, possibly texting or browsing. There are several items scattered around them, including a pair of shoes, a small bag, and some papers or envelopes. The setting suggests a casual, indoor environment, possibly a living room or a similar space. The person is wearing a pair of glasses and has a relaxed posture, indicating a moment of leisure or downtime.",8;9;10;12;13;14;20;21;22;24;25;26;29;30;31;36;37;38;40;42;43;48;49;50;56;57;58;60;61;62;64;65;66;68;69;70;72;73;74;77;78;79;80;81;82;89;90;91;104;105;107;116;117;118;120;121;122;124;125;126;140;142;143,64,1
2bb31b69-fcda-4f54-8338-f590944df999,Where is this scene likely taking place?,"The scene is indoors, possibly in a living room.",The scene is likely taking place in a living room or a similar domestic setting.,8;9;10;12;13;14;20;21;22;24;25;26;29;30;31;36;37;38;40;42;43;48;49;50;56;57;58;60;61;62;64;65;66;68;69;70;72;73;74;77;78;79;80;81;82;89;90;91;104;105;107;116;117;118;120;121;122;124;125;126;140;142;143,64,1
2bb31b69-fcda-4f54-8338-f590944df999,What objects are present in this setting?,"Cards, a piece of paper, and a plant.","In the setting shown in the video, there are several objects present:1. A patterned rug on the floor.2. A pair of boots.3. A pair of socks.4. A pair of slippers.5. A pair of shoes.6. A pair of flip-flops.7. A pair of slippers.8. A pair of slippers.9. A pair of slippers.10. A pair of slippers.11. A pair of slippers.12. A pair of slippers.13. A pair of slippers.14. A pair of slippers.15. A pair of slippers.16. A pair of slippers.17. A pair of slippers.18. A pair of slippers.19. A pair of slippers.20. A pair of slippers.21. A pair of slippers.22. A pair of slippers.23. A pair of slippers.24. A pair of slippers.25. A pair of slippers.26. A pair of slippers.27. A pair of slippers.28. A pair of slippers",8;9;10;12;13;14;20;21;22;24;25;26;29;30;31;36;37;38;40;42;43;48;49;50;56;57;58;60;61;62;64;65;66;68;69;70;72;73;74;77;78;79;80;81;82;89;90;91;104;105;107;116;117;118;120;121;122;124;125;126;140;142;143,64,1
2bb31b69-fcda-4f54-8338-f590944df999,How is the room furnished?,"With a couch, a rug, and various personal items.","The room is furnished with a gray armchair, a leopard print bag, a pair of brown boots, and a potted plant.",8;9;10;12;13;14;20;21;22;24;25;26;29;30;31;36;37;38;40;42;43;48;49;50;56;57;58;60;61;62;64;65;66;68;69;70;72;73;74;77;78;79;80;81;82;89;90;91;104;105;107;116;117;118;120;121;122;124;125;126;140;142;143,64,1
2bb31b69-fcda-4f54-8338-f590944df999,What is the approximate time of day in this scene?,It's not discernible from this image.,"The scene appears to be set during the evening or night, as indicated by the dim lighting and the presence of artificial light sources.",8;9;10;12;13;14;20;21;22;24;25;26;29;30;31;36;37;38;40;42;43;48;49;50;56;57;58;60;61;62;64;65;66;68;69;70;72;73;74;77;78;79;80;81;82;89;90;91;104;105;107;116;117;118;120;121;122;124;125;126;140;142;143,64,1
2bb31b69-fcda-4f54-8338-f590944df999,What action is being performed with the cards?,The cards are being reshuffled.,The person is shuffling the cards and preparing to deal them.,8;9;10;12;13;14;20;21;22;24;25;26;29;30;31;36;37;38;40;42;43;48;49;50;56;57;58;60;61;62;64;65;66;68;69;70;72;73;74;77;78;79;80;81;82;89;90;91;104;105;107;116;117;118;120;121;122;124;125;126;140;142;143,64,1
2bb31b69-fcda-4f54-8338-f590944df999,What is the person across doing?,The person is holding and possibly organizing cards.,The person across is holding a deck of cards and appears to be in the process of shuffling or preparing to deal the cards.,8;9;10;12;13;14;20;21;22;24;25;26;29;30;31;36;37;38;40;42;43;48;49;50;56;57;58;60;61;62;64;65;66;68;69;70;72;73;74;77;78;79;80;81;82;89;90;91;104;105;107;116;117;118;120;121;122;124;125;126;140;142;143,64,1
2bb31b69-fcda-4f54-8338-f590944df999,What follow-up activity to shuffling is likely?,Dealing the cards to players.,dealing,8;9;10;12;13;14;20;21;22;24;25;26;29;30;31;36;37;38;40;42;43;48;49;50;56;57;58;60;61;62;64;65;66;68;69;70;72;73;74;77;78;79;80;81;82;89;90;91;104;105;107;116;117;118;120;121;122;124;125;126;140;142;143,64,1
2bb31b69-fcda-4f54-8338-f590944df999,Is there more than one participant in the card activity?,Yes.,Yes.,8;9;10;12;13;14;20;21;22;24;25;26;29;30;31;36;37;38;40;42;43;48;49;50;56;57;58;60;61;62;64;65;66;68;69;70;72;73;74;77;78;79;80;81;82;89;90;91;104;105;107;116;117;118;120;121;122;124;125;126;140;142;143,64,1
2bb31b69-fcda-4f54-8338-f590944df999,Is any reading material involved in the activity?,"Yes, there's a piece of paper being held.","Yes, there is a piece of paper with text on it that is being held by one of the individuals.",8;9;10;12;13;14;20;21;22;24;25;26;29;30;31;36;37;38;40;42;43;48;49;50;56;57;58;60;61;62;64;65;66;68;69;70;72;73;74;77;78;79;80;81;82;89;90;91;104;105;107;116;117;118;120;121;122;124;125;126;140;142;143,64,1
2bb31b69-fcda-4f54-8338-f590944df999,Are any electronic devices being used in the game?,No visible electronic devices are used.,"No, there are no electronic devices being used in the game.",8;9;10;12;13;14;20;21;22;24;25;26;29;30;31;36;37;38;40;42;43;48;49;50;56;57;58;60;61;62;64;65;66;68;69;70;72;73;74;77;78;79;80;81;82;89;90;91;104;105;107;116;117;118;120;121;122;124;125;126;140;142;143,64,1
2bb31b69-fcda-4f54-8338-f590944df999,Has any card been laid out on the floor?,"No, they're being held or shuffled.","Yes, there is a single card laid out on the floor.",8;9;10;12;13;14;20;21;22;24;25;26;29;30;31;36;37;38;40;42;43;48;49;50;56;57;58;60;61;62;64;65;66;68;69;70;72;73;74;77;78;79;80;81;82;89;90;91;104;105;107;116;117;118;120;121;122;124;125;126;140;142;143,64,1
2bb31b69-fcda-4f54-8338-f590944df999,What activity is taking place in the room?,Playing poker.,A card game is taking place in the room.,8;9;10;20;21;22;24;25;26;56;57;58;60;61;62;72;73;74;77;78;79;80;81;82;89;90;91;124;125;126;140;142;143;161;162;163;169;170;171;180;181;182;192;194;195;196;197;199;212;214;215;232;233;234;264;265;267;272;273;274;280;281;282,64,1
2bb31b69-fcda-4f54-8338-f590944df999,What is the setting of this clip?,"Indoors, in a room.","The setting of the clip is a cozy indoor environment with a person sitting on a patterned rug on the floor. The room has a comfortable and lived-in feel, with various items scattered around, including a leopard print bag, a pair of boots, and some papers. The person is wearing a multicolored sweater and striped socks, and there is a potted plant in the background. The lighting is warm and natural, suggesting it might be daytime.",8;9;10;20;21;22;24;25;26;36;37;38;48;49;50;56;57;58;60;61;62;72;73;74;89;90;91;124;125;126;140;142;143;161;162;163;169;170;171;180;181;182;192;194;195;196;197;199;212;214;215;232;233;234;264;265;267;272;273;274;280;281;282,64,1
2bb31b69-fcda-4f54-8338-f590944df999,What objects are visible in the scene?,"Cards, a carpet, and furniture.","The scene includes a patterned rug, a pair of boots, a leopard print bag, a pair of socks, a smartphone, a pair of glasses, a pair of shoes, a pair of socks, a pair of boots, a pair of socks, a pair of boots, a pair of socks, a pair of boots, a pair of socks, a pair of boots, a pair of socks, a pair of boots, a pair of socks, a pair of boots, a pair of socks, a pair of boots, a pair of socks, a pair of boots, a pair of socks, a pair of boots, a pair of socks, a pair of boots, a pair of socks, a pair of boots, a pair of socks, a pair of boots, a pair of socks, a pair of boots, a pair of socks, a pair of boots, a pair of socks, a pair of boots, a pair of socks, a pair of boots, a pair of socks, a pair of boots, a pair of socks, a pair of boots, a pair of socks, a pair of boots, a pair of socks, a pair of boots, a pair of socks, a pair of boots, a pair of socks, a pair of boots,",8;9;10;20;21;22;24;25;26;36;37;38;56;57;58;60;61;62;72;73;74;77;78;79;89;90;91;124;125;126;140;142;143;161;162;163;169;170;171;180;181;182;192;194;195;196;197;199;212;214;215;232;233;234;264;265;267;272;273;274;280;281;282,64,1
2bb31b69-fcda-4f54-8338-f590944df999,Describe the atmosphere of the room.,Casual and leisurely.,"The room has a cozy and lived-in atmosphere, with a patterned rug on the floor, a leopard print bag, a pair of boots, and a potted plant adding a touch of greenery.",8;9;10;20;21;22;24;25;26;56;57;58;60;61;62;72;73;74;77;78;79;89;90;91;124;125;126;140;142;143;161;162;163;169;170;171;180;181;182;192;194;195;196;197;199;204;206;207;212;214;215;232;233;234;264;265;267;272;273;274;280;281;282,64,1
2bb31b69-fcda-4f54-8338-f590944df999,What precedes the dealing of cards in poker?,Reshuffling the cards.,The dealing of cards in poker precedes the betting round.,8;9;10;20;21;22;24;25;26;40;42;43;56;57;58;60;61;62;72;73;74;77;78;79;89;90;91;124;125;126;140;142;143;161;162;163;169;170;171;180;181;182;192;194;195;196;197;199;212;214;215;232;233;234;264;265;267;272;273;274;280;281;282,64,1
2bb31b69-fcda-4f54-8338-f590944df999,Did someone shuffle cards in this video?,Yes.,"Yes, in the video, a person is seen shuffling a deck of cards.",8;9;10;20;21;22;24;25;26;36;37;38;40;42;43;48;49;50;56;57;58;72;73;74;124;125;126;140;142;143;161;162;163;169;170;171;180;181;182;192;194;195;196;197;199;212;214;215;232;233;234;236;237;238;264;265;267;272;273;274;280;281;282,64,1
2bb31b69-fcda-4f54-8338-f590944df999,Is the room set up for a large gathering?,No.,"No, the room is not set up for a large gathering.",8;9;10;20;21;22;24;25;26;56;57;58;60;61;62;72;73;74;77;78;79;80;81;82;89;90;91;124;125;126;140;142;143;161;162;163;169;170;171;180;181;182;192;194;195;196;197;199;212;214;215;232;233;234;264;265;267;272;273;274;280;281;282,64,1
2bb31b69-fcda-4f54-8338-f590944df999,Are the individuals standing in this video?,No.,"No, the individuals are not standing; they are sitting on the floor.",8;9;10;20;21;22;24;25;26;36;37;38;56;57;58;60;61;62;72;73;74;77;78;79;89;90;91;124;125;126;140;142;143;161;162;163;169;170;171;180;181;182;192;194;195;196;197;199;212;214;215;232;233;234;264;265;267;272;273;274;280;281;282,64,1
2bb31b69-fcda-4f54-8338-f590944df999,Was the deck reshuffled before playing the cards?,Yes.,"Yes, the deck was shuffled before playing the cards.",8;9;10;20;21;22;24;25;26;56;57;58;60;61;62;72;73;74;77;78;79;89;90;91;124;125;126;140;142;143;161;162;163;169;170;171;180;181;182;192;194;195;196;197;199;204;206;207;212;214;215;232;233;234;264;265;267;272;273;274;280;281;282,64,1
2bb31b69-fcda-4f54-8338-f590944df999,What occurs just before picking up the cards?,The cards are spread on floor.,"Just before picking up the cards, the person in the striped sweater is seen holding a small stack of cards and appears to be contemplating their next move.",8;9;10;20;21;22;24;25;26;56;57;58;60;61;62;72;73;74;77;78;79;89;90;91;124;125;126;140;142;143;161;162;163;169;170;171;180;181;182;192;194;195;196;197;199;204;206;207;212;214;215;232;233;234;264;265;267;272;273;274;280;281;282,64,1
2bb31b69-fcda-4f54-8338-f590944df999,What action occurs before the deck is seen in a unified stack?,Separate the cards.,"Before the deck is seen in a unified stack, the person in the striped sweater is seen holding a small stack of cards and then spreading them out on the mat.",8;9;10;20;21;22;24;25;26;56;57;58;60;61;62;72;73;74;77;78;79;80;81;82;89;90;91;124;125;126;140;142;143;161;162;163;169;170;171;180;181;182;192;194;195;196;197;199;212;214;215;232;233;234;264;265;267;272;273;274;280;281;282,64,1
2bb31b69-fcda-4f54-8338-f590944df999,What is visible before I separate cards?,Floor and unorganized cards.,"before I separate cards, there is a hand holding a deck of playing cards, and a patterned rug on the floor.",8;9;10;20;21;22;24;25;26;56;57;58;60;61;62;72;73;74;77;78;79;80;81;82;89;90;91;124;125;126;140;142;143;161;162;163;169;170;171;180;181;182;192;194;195;196;197;199;212;214;215;232;233;234;264;265;267;272;273;274;280;281;282,64,1
2bb31b69-fcda-4f54-8338-f590944df999,What is the setting of the current video clip?,A room with two people playing cards.,"The setting of the current video clip is a room with a patterned rug, a leopard print bag, a pair of brown boots, and a white cup with a straw.",8;9;10;20;21;22;24;25;26;72;73;74;161;162;163;169;170;171;192;194;195;212;214;215;232;233;234;264;265;267;296;297;299;304;306;307;309;310;311;352;353;355;356;357;359;360;362;363;372;373;375;396;397;398;404;405;406;413;414;415;416;417;418,64,1
2bb31b69-fcda-4f54-8338-f590944df999,What objects are prominent in the video scene?,"Playing cards, a phone, and a paper.","Prominent objects in the video scene include a patterned rug, a pair of boots, a white cup, a pair of socks, a pair of shoes, a pair of boots, a pair of socks, a pair of shoes, a pair of boots, a pair of socks, a pair of shoes, a pair of boots, a pair of socks, a pair of shoes, a pair of boots, a pair of socks, a pair of shoes, a pair of boots, a pair of socks, a pair of shoes, a pair of boots, a pair of socks, a pair of shoes, a pair of boots, a pair of socks, a pair of shoes, a pair of boots, a pair of socks, a pair of shoes, a pair of boots, a pair of socks, a pair of shoes, a pair of boots, a pair of socks, a pair of shoes, a pair of boots, a pair of socks, a pair of shoes, a pair of boots, a pair of socks, a pair of shoes, a pair of boots, a pair of socks, a pair of shoes, a pair of boots, a pair of socks, a pair of shoes, a pair of boots, a pair of socks, a pair of shoes",8;9;10;20;21;22;24;25;26;72;73;74;161;162;163;169;170;171;192;194;195;212;214;215;232;233;234;264;265;267;296;297;299;304;306;307;309;310;311;352;353;355;356;357;359;360;362;363;372;373;375;396;397;398;404;405;406;413;414;415;416;417;418,64,1
2bb31b69-fcda-4f54-8338-f590944df999,How would you characterize the atmosphere in the video?,Casual and leisurely.,"The atmosphere in the video is casual and relaxed, with a focus on leisure and social interaction.",8;9;10;20;21;22;24;25;26;72;73;74;161;162;163;169;170;171;192;194;195;212;214;215;232;233;234;264;265;267;288;290;291;296;297;299;304;306;307;309;310;311;356;357;359;360;362;363;372;373;375;396;397;398;404;405;406;413;414;415;416;417;418,64,1
2bb31b69-fcda-4f54-8338-f590944df999,What actions are being performed in the video clip?,"Shuffling, picking, and playing cards.","The video clip shows two individuals sitting on a patterned rug, engaged in a card game. The person on the left is holding a deck of cards and appears to be dealing or organizing them, while the person on the right is holding a hand of cards and seems to be contemplating their next move. The setting includes a casual, home-like environment with various items scattered around, such as a drink in a cup, a pair of boots, and some papers. The actions include card handling, possibly counting or sorting, and the anticipation of gameplay.",8;9;10;20;21;22;24;25;26;72;73;74;161;162;163;169;170;171;192;194;195;232;233;234;264;265;267;296;297;299;304;306;307;309;310;311;320;321;323;352;353;355;356;357;359;360;362;363;372;373;375;396;397;398;404;405;406;413;414;415;416;417;418,64,1
2bb31b69-fcda-4f54-8338-f590944df999,Did the individuals reshuffle the cards in the video?,Yes.,"Yes, the individuals reshuffled the cards in the video.",8;9;10;20;21;22;24;25;26;72;73;74;161;162;163;169;170;171;192;194;195;212;214;215;232;233;234;264;265;267;288;290;291;296;297;299;304;306;307;309;310;311;356;357;359;360;362;363;372;373;375;396;397;398;404;405;406;413;414;415;416;417;418,64,1
2bb31b69-fcda-4f54-8338-f590944df999,Was a phone used during the gameplay?,Yes.,"No, there is no mention of a phone being used during the gameplay.",8;9;10;20;21;22;24;25;26;72;73;74;161;162;163;169;170;171;192;194;195;212;214;215;264;265;267;288;290;291;296;297;299;304;306;307;309;310;311;352;353;355;356;357;359;360;362;363;372;373;375;396;397;398;404;405;406;413;414;415;416;417;418,64,1
2bb31b69-fcda-4f54-8338-f590944df999,Was a new game started in the video clip?,Yes.,"Yes, a new game was started in the video clip.",8;9;10;20;21;22;24;25;26;72;73;74;161;162;163;169;170;171;192;194;195;212;214;215;232;233;234;264;265;267;296;297;299;304;306;307;309;310;311;352;353;355;356;357;359;360;362;363;372;373;375;396;397;398;404;405;406;413;414;415;416;417;418,64,1
2bb31b69-fcda-4f54-8338-f590944df999,Did the scene capture any form of disagreement?,No.,"No, the scene did not capture any form of disagreement.",8;9;10;20;21;22;24;25;26;72;73;74;161;162;163;169;170;171;192;194;195;212;214;215;232;233;234;264;265;267;280;281;282;296;297;299;304;306;307;309;310;311;356;357;359;360;362;363;372;373;375;396;397;398;404;405;406;413;414;415;416;417;418,64,1
2bb31b69-fcda-4f54-8338-f590944df999,"In the video, is the poker game started before the cards are reshuffled?",No.,"No, the poker game is not started before the cards are reshuffled.",8;9;10;20;21;22;24;25;26;72;73;74;161;162;163;169;170;171;192;194;195;212;214;215;232;233;234;264;265;267;296;297;299;304;306;307;309;310;311;352;353;355;356;357;359;360;362;363;372;373;375;396;397;398;404;405;406;413;414;415;416;417;418,64,1
2bb31b69-fcda-4f54-8338-f590944df999,Is the deck spread out on the floor after picking a card?,Yes.,Yes.,8;9;10;20;21;22;24;25;26;72;73;74;161;162;163;169;170;171;192;194;195;212;214;215;232;233;234;264;265;267;296;297;299;304;306;307;309;310;311;352;353;355;356;357;359;360;362;363;372;373;375;396;397;398;404;405;406;413;414;415;416;417;418,64,1
2bb31b69-fcda-4f54-8338-f590944df999,Does the card shuffling happen before sitting on the floor?,No.,"No, the card shuffling happens after sitting on the floor.",8;9;10;20;21;22;24;25;26;72;73;74;161;162;163;169;170;171;192;194;195;212;214;215;264;265;267;288;290;291;296;297;299;304;306;307;309;310;311;352;353;355;356;357;359;360;362;363;372;373;375;396;397;398;404;405;406;413;414;415;416;417;418,64,1
2bb31b69-fcda-4f54-8338-f590944df999,"In the video, is the card game initiated before sitting with the lady?",No.,"No, the card game is not initiated before sitting with the lady. The video shows the card game being played after sitting with the lady.",8;9;10;20;21;22;24;25;26;72;73;74;161;162;163;169;170;171;192;194;195;212;214;215;232;233;234;264;265;267;296;297;299;304;306;307;309;310;311;352;353;355;356;357;359;360;362;363;372;373;375;396;397;398;404;405;406;413;414;415;416;417;418,64,1
2bb31b69-fcda-4f54-8338-f590944df999,What happens before the poker game is played in the video?,Cards are picked.,"Before the poker game is played, the person in the striped sweater is seen holding a deck of cards and a stack of cash, indicating the start of the game.",8;9;10;20;21;22;24;25;26;72;73;74;161;162;163;169;170;171;192;194;195;212;214;215;264;265;267;288;290;291;296;297;299;304;306;307;309;310;311;352;353;355;356;357;359;360;362;363;372;373;375;396;397;398;404;405;406;413;414;415;416;417;418,64,1
2bb31b69-fcda-4f54-8338-f590944df999,What occurs right before reshuffling the cards?,I sit with the lady.,"The person in the striped sweater is seen holding a stack of cards, possibly preparing to deal or shuffle them.",8;9;10;20;21;22;24;25;26;72;73;74;161;162;163;169;170;171;192;194;195;212;214;215;264;265;267;288;290;291;296;297;299;304;306;307;309;310;311;352;353;355;356;357;359;360;362;363;372;373;375;396;397;398;404;405;406;413;414;415;416;417;418,64,1
2bb31b69-fcda-4f54-8338-f590944df999,What is done just before spreading the cards on the floor?,Cards are picked.,"Just before spreading the cards on the floor, the person in the striped sweater is seen holding a stack of cards and appears to be organizing or preparing them for the game.",8;9;10;20;21;22;24;25;26;72;73;74;161;162;163;169;170;171;192;194;195;212;214;215;264;265;267;288;290;291;296;297;299;304;306;307;309;310;311;352;353;355;356;357;359;360;362;363;372;373;375;396;397;398;404;405;406;413;414;415;416;417;418,64,1
2bb31b69-fcda-4f54-8338-f590944df999,"In the video, did I play cards before shuffling them?",No.,"Yes, you played cards before shuffling them.",8;9;10;20;21;22;24;25;26;72;73;74;161;162;163;169;170;171;192;194;195;212;214;215;264;265;267;288;290;291;296;297;299;304;306;307;309;310;311;352;353;355;356;357;359;360;362;363;372;373;375;396;397;398;404;405;406;413;414;415;416;417;418,64,1
2bb31b69-fcda-4f54-8338-f590944df999,"In the video, did I shuffle the cards before picking them?",Yes.,"Yes, in the video, you can see the cards being shuffled before being picked up.",8;9;10;20;21;22;24;25;26;72;73;74;161;162;163;169;170;171;192;194;195;212;214;215;232;233;234;264;265;267;296;297;299;304;306;307;309;310;311;352;353;355;356;357;359;360;362;363;372;373;375;396;397;398;404;405;406;413;414;415;416;417;418,64,1
2bb31b69-fcda-4f54-8338-f590944df999,What is the action before reshuffling the cards in the video?,Separating the cards.,The action before reshuffling the cards is the person in the striped sweater and blue sleeves holding a stack of cards and preparing to deal them.,8;9;10;20;21;22;24;25;26;72;73;74;161;162;163;169;170;171;192;194;195;212;214;215;232;233;234;264;265;267;296;297;299;304;306;307;309;310;311;352;353;355;356;357;359;360;362;363;372;373;375;396;397;398;404;405;406;413;414;415;416;417;418,64,1
2bb31b69-fcda-4f54-8338-f590944df999,What is the setting of the video?,A room with two people playing poker.,"The setting of the video is a cozy indoor environment with a person sitting on a patterned rug, surrounded by various items such as a pair of boots, a white cup, and a pink bag.",8;9;10;20;21;22;24;25;26;72;73;74;161;162;163;192;194;195;296;297;299;304;306;307;309;310;311;372;373;375;404;405;406;416;417;418;464;466;467;468;469;470;476;477;478;484;485;487;488;490;491;500;501;502;508;509;510;512;513;515;536;537;538,64,1
2bb31b69-fcda-4f54-8338-f590944df999,What objects are present in the scene?,"Cards, a tablecloth, and personal items on the floor.","The scene includes a person sitting on the floor, a patterned rug, a pair of boots, a white cup, a pink object, a black object, a pair of socks, a pair of shoes, a pair of boots, a pair of socks, a pair of shoes, a pair of boots, a pair of socks, a pair of shoes, a pair of boots, a pair of socks, a pair of shoes, a pair of boots, a pair of socks, a pair of shoes, a pair of boots, a pair of socks, a pair of shoes, a pair of boots, a pair of socks, a pair of shoes, a pair of boots, a pair of socks, a pair of shoes, a pair of boots, a pair of socks, a pair of shoes, a pair of boots, a pair of socks, a pair of shoes, a pair of boots, a pair of socks, a pair of shoes, a pair of boots, a pair of socks, a pair of shoes, a pair of boots, a pair of socks, a pair of shoes, a pair of boots, a pair of socks, a pair of shoes, a pair of boots, a pair of socks, a pair of shoes, a pair of boots",8;9;10;20;21;22;24;25;26;72;73;74;161;162;163;192;194;195;296;297;299;304;306;307;309;310;311;372;373;375;404;405;406;416;417;418;464;466;467;468;469;470;476;477;478;484;485;487;488;490;491;500;501;502;508;509;510;512;513;515;536;537;538,64,1
2bb31b69-fcda-4f54-8338-f590944df999,What is the main focus of the camera?,The poker game and the players' actions.,The main focus of the camera is the person's hands as they shuffle and deal the cards.,8;9;10;20;21;22;24;25;26;72;73;74;161;162;163;192;194;195;296;297;299;304;306;307;309;310;311;372;373;375;404;405;406;416;417;418;464;466;467;468;469;470;476;477;478;484;485;487;488;490;491;500;501;502;508;509;510;512;513;515;536;537;538,64,1
2bb31b69-fcda-4f54-8338-f590944df999,What stage of the game is shown?,"The preparation phase, shuffling and dealing cards.","The video shows the players in the middle of a card game, with one player holding a hand of cards and the other player's hand visible, suggesting they are either dealing or playing a round of the game.",8;9;10;24;25;26;72;73;74;161;162;163;192;194;195;296;297;299;304;306;307;309;310;311;372;373;375;404;405;406;413;414;415;416;417;418;464;466;467;468;469;470;476;477;478;484;485;487;488;490;491;500;501;502;508;509;510;512;513;515;536;537;538,64,1
2bb31b69-fcda-4f54-8338-f590944df999,Capture the essence of the action in a short phrase.,An intense poker game in progress.,Two people playing cards on a patterned rug.,8;9;10;20;21;22;24;25;26;72;73;74;161;162;163;192;194;195;296;297;299;304;306;307;309;310;311;372;373;375;404;405;406;416;417;418;464;466;467;468;469;470;476;477;478;484;485;487;488;490;491;500;501;502;508;509;510;512;513;515;536;537;538,64,1
2bb31b69-fcda-4f54-8338-f590944df999,Did the person shuffle the cards more than once?,Yes.,"Yes, the person shuffled the cards multiple times.",8;9;10;20;21;22;24;25;26;72;73;74;161;162;163;192;194;195;296;297;299;304;306;307;309;310;311;372;373;375;416;417;418;452;453;455;464;466;467;468;469;470;476;477;478;484;485;487;488;490;491;500;501;502;508;509;510;512;513;515;536;537;538,64,1
2bb31b69-fcda-4f54-8338-f590944df999,Is there another activity besides poker being portrayed?,No.,"Yes, there is another activity portrayed, which is counting money.",8;9;10;20;21;22;24;25;26;72;73;74;161;162;163;192;194;195;296;297;299;304;306;307;309;310;311;372;373;375;404;405;406;416;417;418;464;466;467;468;469;470;476;477;478;484;485;487;488;490;491;500;501;502;508;509;510;512;513;515;536;537;538,64,1
2bb31b69-fcda-4f54-8338-f590944df999,Are both players sitting on chairs?,"No, they are sitting on the floor.","No, both players are sitting on the floor.",8;9;10;20;21;22;24;25;26;72;73;74;161;162;163;192;194;195;296;297;299;304;306;307;309;310;311;372;373;375;404;405;406;416;417;418;464;466;467;468;469;470;476;477;478;484;485;487;488;490;491;500;501;502;508;509;510;512;513;515;536;537;538,64,1
2bb31b69-fcda-4f54-8338-f590944df999,"In the video, is the card reshuffling performed before picking the cards?",No,"Yes, the card reshuffling is performed before picking the cards.",8;9;10;20;21;22;24;25;26;72;73;74;161;162;163;192;194;195;296;297;299;304;306;307;309;310;311;372;373;375;404;405;406;416;417;418;464;466;467;468;469;470;476;477;478;484;485;487;488;490;491;500;501;502;508;509;510;512;513;515;536;537;538,64,1
2bb31b69-fcda-4f54-8338-f590944df999,Is the lady X present in the room before I reshuffle the cards?,Yes,"No, the lady X is not present in the room before you reshuffle the cards.",8;9;10;20;21;22;24;25;26;72;73;74;161;162;163;192;194;195;296;297;299;304;306;307;309;310;311;372;373;375;404;405;406;416;417;418;464;466;467;468;469;470;476;477;478;484;485;487;488;490;491;500;501;502;508;509;510;512;513;515;536;537;538,64,1
2bb31b69-fcda-4f54-8338-f590944df999,Do I play the cards before lady X picks her phone?,No,"The video shows a sequence of events where a person is playing cards with another individual. The person playing cards is seen dealing and arranging the cards on a patterned rug. The other individual, referred to as ""lady X,"" is initially engaged in the card game but then picks up her phone. The card game continues after lady X picks up her phone, and the person playing cards continues to deal and arrange the cards.",8;9;10;20;21;22;24;25;26;72;73;74;161;162;163;192;194;195;296;297;299;304;306;307;309;310;311;372;373;375;404;405;406;416;417;418;464;466;467;468;469;470;476;477;478;484;485;487;488;490;491;500;501;502;508;509;510;512;513;515;536;537;538,64,1
2bb31b69-fcda-4f54-8338-f590944df999,Are the cards picked before they are played?,Yes,no,8;9;10;20;21;22;24;25;26;72;73;74;161;162;163;192;194;195;296;297;299;304;306;307;309;310;311;372;373;375;404;405;406;416;417;418;464;466;467;468;469;470;476;477;478;484;485;487;488;490;491;500;501;502;508;509;510;512;513;515;536;537;538,64,1
2bb31b69-fcda-4f54-8338-f590944df999,What happens just before the cards are played in the video?,The cards are reshuffled.,"Just before the cards are played, the person in the striped sweater is seen holding a stack of cash, possibly preparing to bet or play with the money.",8;9;10;20;21;22;24;25;26;72;73;74;161;162;163;192;194;195;296;297;299;304;306;307;309;310;311;372;373;375;404;405;406;416;417;418;464;466;467;468;469;470;476;477;478;484;485;487;488;490;491;500;501;502;508;509;510;512;513;515;536;537;538,64,1
2bb31b69-fcda-4f54-8338-f590944df999,What do we see happening just before the cards are picked?,The cards are reshuffled.,"Just before the cards are picked, the person in the striped sweater is seen holding a stack of cards, possibly preparing to deal or pick them up.",8;9;10;20;21;22;24;25;26;72;73;74;161;162;163;192;194;195;296;297;299;304;306;307;309;310;311;372;373;375;404;405;406;416;417;418;464;466;467;468;469;470;476;477;478;484;485;487;488;490;491;500;501;502;508;509;510;512;513;515;536;537;538,64,1
2bb31b69-fcda-4f54-8338-f590944df999,What action takes place before reshuffling the cards?,The cards are picked.,"Before reshuffling the cards, the person in the striped sweater and blue sleeves is seen holding a stack of cards and gesturing towards the deck, possibly indicating the next step in the game.",8;9;10;20;21;22;24;25;26;72;73;74;161;162;163;192;194;195;296;297;299;304;306;307;309;310;311;372;373;375;404;405;406;416;417;418;464;466;467;468;469;470;476;477;478;484;485;487;488;490;491;500;501;502;508;509;510;512;513;515;536;537;538,64,1
2bb31b69-fcda-4f54-8338-f590944df999,"Before the poker game begins, what is the last action performed?",The cards are reshuffled.,The last action performed before the poker game begins is the person in the striped sweater and blue sleeves shuffling a deck of cards.,8;9;10;20;21;22;24;25;26;72;73;74;161;162;163;192;194;195;296;297;299;304;306;307;309;310;311;372;373;375;404;405;406;416;417;418;464;466;467;468;469;470;476;477;478;484;485;487;488;490;491;500;501;502;508;509;510;512;513;515;536;537;538,64,1
2bb31b69-fcda-4f54-8338-f590944df999,Did the card reshuffling happen before picking the cards?,No,"Yes, the card reshuffling happened before picking the cards.",8;9;10;20;21;22;24;25;26;72;73;74;161;162;163;192;194;195;296;297;299;304;306;307;309;310;311;372;373;375;404;405;406;416;417;418;464;466;467;468;469;470;476;477;478;484;485;487;488;490;491;500;501;502;508;509;510;512;513;515;536;537;538,64,1
2bb31b69-fcda-4f54-8338-f590944df999,Was playing cards done after picking the cards?,Yes,"Yes, playing cards was done after picking the cards.",8;9;10;20;21;22;24;25;26;72;73;74;161;162;163;192;194;195;296;297;299;304;306;307;309;310;311;372;373;375;404;405;406;416;417;418;464;466;467;468;469;470;476;477;478;484;485;487;488;490;491;500;501;502;508;509;510;512;513;515;536;537;538,64,1
2bb31b69-fcda-4f54-8338-f590944df999,What happened just before playing poker cards?,Reshuffled the cards,"A person was seen holding a deck of cards, preparing to deal them.",8;9;10;24;25;26;72;73;74;161;162;163;192;194;195;296;297;299;304;306;307;309;310;311;372;373;375;404;405;406;413;414;415;416;417;418;464;466;467;468;469;470;476;477;478;484;485;487;488;490;491;500;501;502;508;509;510;512;513;515;536;537;538,64,1
2bb31b69-fcda-4f54-8338-f590944df999,What occurs right before reshuffling the cards?,Picked the cards,"The person in the striped sweater is seen holding a stack of cards, possibly preparing to deal or shuffle them.",8;9;10;20;21;22;24;25;26;72;73;74;161;162;163;192;194;195;296;297;299;304;306;307;309;310;311;372;373;375;404;405;406;416;417;418;464;466;467;468;469;470;476;477;478;484;485;487;488;490;491;500;501;502;508;509;510;512;513;515;536;537;538,64,1
2bb31b69-fcda-4f54-8338-f590944df999,What action took place just before picking the cards?,Reshuffled the cards,"Just before picking the cards, the person was holding a stack of cash and a card.",8;9;10;24;25;26;72;73;74;161;162;163;192;194;195;296;297;299;304;306;307;309;310;311;372;373;375;404;405;406;416;417;418;464;466;467;468;469;470;476;477;478;484;485;487;488;490;491;500;501;502;508;509;510;512;513;515;524;526;527;536;537;538,64,1
2bb31b69-fcda-4f54-8338-f590944df999,What environment is presented in the video?,A casual indoor space with a card game being played.,"The video presents a casual indoor environment with a person sitting on a patterned rug, surrounded by various items such as a white cup, a pair of brown boots, and a leopard print bag.",8;9;10;24;25;26;192;194;195;296;297;299;304;306;307;309;310;311;372;373;375;416;417;418;464;466;467;484;485;487;488;490;491;512;513;515;608;609;610;612;613;615;620;622;623;625;626;627;628;630;631;632;633;635;637;638;639;640;641;643;672;673;674,64,1
2bb31b69-fcda-4f54-8338-f590944df999,What sequence of actions is depicted here?,"Selecting, organizing, and using cards in a game is depicted.","The video depicts a sequence of actions involving two individuals playing a card game on a patterned rug. The setting appears to be a casual indoor environment, possibly a living room, with various items scattered around, such as a pair of boots, a pink item, and a white cup. The person on the left is wearing a multicolored sweater and striped socks, while the person on the right is wearing a blue sweater and striped socks. They are both seated on the floor, and the game involves cards being dealt and played in a structured manner, with the cards being organized in piles and sequences on the rug. The video captures the progression of the game, with the players interacting with the cards and each other, suggesting a friendly and relaxed atmosphere.",8;9;10;24;25;26;192;194;195;296;297;299;304;306;307;309;310;311;372;373;375;416;417;418;464;466;467;484;485;487;488;490;491;512;513;515;608;609;610;612;613;615;620;622;623;625;626;627;628;630;631;632;633;635;637;638;639;640;641;643;672;673;674,64,1
2bb31b69-fcda-4f54-8338-f590944df999,How are the participants utilizing the items?,They are using cards for a recreational activity.,The participants are utilizing the items for a card game.,8;9;10;24;25;26;192;194;195;296;297;299;304;306;307;309;310;311;372;373;375;416;417;418;464;466;467;484;485;487;488;490;491;512;513;515;608;609;610;612;613;615;620;622;623;625;626;627;628;630;631;632;633;635;637;638;639;640;641;643;672;673;674,64,1
2bb31b69-fcda-4f54-8338-f590944df999,Is there a competitive game being played in this scene?,Yes.,"Yes, there is a competitive game being played in this scene.",8;9;10;24;25;26;192;194;195;296;297;299;304;306;307;309;310;311;372;373;375;416;417;418;464;466;467;484;485;487;488;490;491;512;513;515;608;609;610;612;613;615;620;622;623;625;626;627;628;630;631;632;633;635;637;638;639;640;641;643;672;673;674,64,1
2bb31b69-fcda-4f54-8338-f590944df999,Has any card been placed face-up on the carpet?,Yes.,"Yes, one card has been placed face-up on the carpet.",8;9;10;24;25;26;192;194;195;296;297;299;304;306;307;309;310;311;372;373;375;416;417;418;464;466;467;484;485;487;488;490;491;512;513;515;608;609;610;612;613;615;620;622;623;625;626;627;628;630;631;632;633;635;637;638;639;640;641;643;672;673;674,64,1
2bb31b69-fcda-4f54-8338-f590944df999,Are there drinks present on the floor beside the players?,Yes.,Yes.,8;9;10;24;25;26;192;194;195;296;297;299;304;306;307;309;310;311;372;373;375;416;417;418;464;466;467;484;485;487;488;490;491;512;513;515;608;609;610;612;613;615;620;622;623;625;626;627;628;630;631;632;633;635;637;638;639;640;641;643;672;673;674,64,1
2bb31b69-fcda-4f54-8338-f590944df999,Is there a document visible on the floor?,Yes.,Yes.,8;9;10;24;25;26;192;194;195;296;297;299;304;306;307;309;310;311;372;373;375;416;417;418;464;466;467;484;485;487;488;490;491;512;513;515;608;609;610;612;613;615;620;622;623;625;626;627;628;630;631;632;633;635;637;638;639;640;641;643;672;673;674,64,1
2bb31b69-fcda-4f54-8338-f590944df999,Are both participants actively selecting cards?,Yes.,"Yes, both participants are actively selecting cards.",8;9;10;24;25;26;192;194;195;296;297;299;304;306;307;372;373;375;416;417;418;464;466;467;484;485;487;488;490;491;512;513;515;600;601;602;608;609;610;612;613;615;620;622;623;625;626;627;628;630;631;632;633;635;637;638;639;640;641;643;672;673;674,64,1
2bb31b69-fcda-4f54-8338-f590944df999,Is the poker game played before reshuffling the cards?,No,"Yes, the poker game was played before reshuffling the cards.",8;9;10;24;25;26;192;194;195;296;297;299;304;306;307;309;310;311;372;373;375;416;417;418;464;466;467;484;485;487;488;490;491;512;513;515;608;609;610;612;613;615;620;622;623;625;626;627;628;630;631;632;633;635;637;638;639;640;641;643;672;673;674,64,1
2bb31b69-fcda-4f54-8338-f590944df999,What action is performed immediately before reshuffling?,Picking the cards,"Immediately before reshuffling, the person in the striped socks is seen holding a stack of cards and appears to be in the process of dealing or organizing them.",8;9;10;24;25;26;192;194;195;296;297;299;304;306;307;309;310;311;372;373;375;416;417;418;464;466;467;484;485;487;488;490;491;512;513;515;608;609;610;612;613;615;620;622;623;625;626;627;628;630;631;632;633;635;637;638;639;640;641;643;672;673;674,64,1
2bb31b69-fcda-4f54-8338-f590944df999,Was the poker card played after the cards were picked?,Yes.,"Yes, the poker card was played after the cards were picked.",8;9;10;24;25;26;192;194;195;296;297;299;304;306;307;309;310;311;372;373;375;416;417;418;464;466;467;484;485;487;488;490;491;512;513;515;608;609;610;612;613;615;620;622;623;625;626;627;628;630;631;632;633;635;637;638;639;640;641;643;672;673;674,64,1
2bb31b69-fcda-4f54-8338-f590944df999,What action occurs before playing the card game?,Separating cards.,"Before playing the card game, the person in the striped sweater and blue sleeves is seen holding a deck of cards and preparing to deal them.",24;25;26;192;194;195;296;297;299;304;306;307;309;310;311;372;373;375;416;417;418;464;466;467;476;477;478;484;485;487;488;490;491;512;513;515;608;609;610;612;613;615;620;622;623;625;626;627;628;630;631;632;633;635;637;638;639;640;641;643;672;673;674,64,1
2bb31b69-fcda-4f54-8338-f590944df999,What is done just before reshuffling the cards?,Picking the cards.,"Just before reshuffling the cards, the person in the striped socks is seen holding a stack of cards and appears to be in the process of either dealing or organizing them.",8;9;10;24;25;26;192;194;195;296;297;299;304;306;307;309;310;311;372;373;375;416;417;418;464;466;467;484;485;487;488;490;491;512;513;515;608;609;610;612;613;615;620;622;623;625;626;627;628;630;631;632;633;635;637;638;639;640;641;643;672;673;674,64,1
2bb31b69-fcda-4f54-8338-f590944df999,What is the main setting of this scene?,The setting is a room where a poker card game is being played.,"The main setting of this scene is a living room with a patterned rug, a leopard print blanket, a pair of brown boots, a white cup with a straw, and a pink item on the floor.",8;9;10;24;25;26;192;194;195;296;297;299;304;306;307;309;310;311;372;373;375;416;417;418;464;466;467;484;485;487;488;490;491;512;513;515;608;609;610;612;613;615;620;622;623;625;626;627;628;630;631;632;633;635;637;638;639;640;641;643;672;673;674,64,1
2bb31b69-fcda-4f54-8338-f590944df999,How many participants are involved in the card game?,There are two participants in the card game.,Two participants are involved in the card game.,8;9;10;24;25;26;192;194;195;296;297;299;304;306;307;309;310;311;372;373;375;416;417;418;464;466;467;484;485;487;488;490;491;512;513;515;608;609;610;612;613;615;620;622;623;625;626;627;628;630;631;632;633;635;637;638;639;640;641;643;672;673;674,64,1
2bb31b69-fcda-4f54-8338-f590944df999,What objects are primarily visible on the table?,Visible objects include poker cards and scattered items.,"The primary objects visible on the table are playing cards, a white plastic cup, and a pair of brown boots.",8;9;10;24;25;26;192;194;195;296;297;299;304;306;307;309;310;311;372;373;375;416;417;418;464;466;467;484;485;487;488;490;491;512;513;515;608;609;610;612;613;615;620;622;623;625;626;627;628;630;631;632;633;635;637;638;639;640;641;643;672;673;674,64,1
2bb31b69-fcda-4f54-8338-f590944df999,Describe the sequence of actions with the poker cards.,"The poker cards are picked up, shuffled, then played in turns.","The sequence of actions with the poker cards involves one person dealing cards from a deck to the other person. The cards are spread out on a patterned rug, and the person dealing the cards is seen handling them with care, ensuring each card is dealt properly. The cards are standard playing cards with a traditional design, featuring numbers and suits. The person receiving the cards is seen holding them in their hands, ready to play or organize them. The environment is casual, with a comfortable and relaxed atmosphere, and the focus is on the card game being played.",8;9;10;24;25;26;192;194;195;296;297;299;304;306;307;309;310;311;372;373;375;416;417;418;464;466;467;484;485;487;488;490;491;512;513;515;608;609;610;612;613;615;620;622;623;625;626;627;628;630;631;632;633;635;637;638;639;640;641;643;672;673;674,64,1
2bb31b69-fcda-4f54-8338-f590944df999,Did I carry out a reshuffle of the poker cards?,Yes.,"Yes, you did.",8;9;10;24;25;26;192;194;195;296;297;299;304;306;307;372;373;375;416;417;418;464;466;467;484;485;487;488;490;491;512;513;515;608;609;610;612;613;615;620;622;623;625;626;627;628;630;631;632;633;635;637;638;639;640;641;643;672;673;674;688;690;691,64,1
2bb31b69-fcda-4f54-8338-f590944df999,Was a complete poker game played in this clip?,Yes.,"No, the clip does not show a complete poker game. It shows a sequence of events where two individuals are engaged in a card game, possibly poker, but the game is not fully played out within the duration of the clip. The focus is on the cards being dealt and the actions of the players, but the game's progression is not shown in its entirety.",8;9;10;24;25;26;192;194;195;296;297;299;304;306;307;309;310;311;372;373;375;416;417;418;464;466;467;484;485;487;488;490;491;512;513;515;608;609;610;612;613;615;620;622;623;625;626;627;628;630;631;632;633;635;637;638;639;640;641;643;672;673;674,64,1
2bb31b69-fcda-4f54-8338-f590944df999,Did the game involve more than two players?,No.,"Yes, the game involved more than two players, as indicated by the presence of multiple hands of cards and the interaction between at least two individuals.",8;9;10;24;25;26;192;194;195;296;297;299;304;306;307;372;373;375;416;417;418;464;466;467;484;485;487;488;490;491;512;513;515;608;609;610;612;613;615;620;622;623;625;626;627;628;630;631;632;633;635;637;638;639;640;641;643;672;673;674;688;690;691,64,1
2bb31b69-fcda-4f54-8338-f590944df999,Did I participate in dealing the cards?,Yes.,"Yes, you participated in dealing the cards.",8;9;10;24;25;26;192;194;195;296;297;299;304;306;307;372;373;375;416;417;418;464;466;467;484;485;487;488;490;491;512;513;515;600;601;602;608;609;610;612;613;615;620;622;623;625;626;627;628;630;631;632;633;635;637;638;639;640;641;643;672;673;674,64,1
2bb31b69-fcda-4f54-8338-f590944df999,"In the video, did the card shuffling happen before playing the game?",Yes.,"Yes, the card shuffling happened before playing the game.",8;9;10;24;25;26;192;194;195;296;297;299;304;306;307;309;310;311;372;373;375;416;417;418;464;466;467;484;485;487;488;490;491;512;513;515;608;609;610;612;613;615;620;622;623;625;626;627;628;630;631;632;633;635;637;638;639;640;641;643;672;673;674,64,1
2bb31b69-fcda-4f54-8338-f590944df999,Did the playing of poker cards occur before reshuffling the cards?,No.,"Yes, the playing of poker cards occurred before reshuffling the cards.",8;9;10;24;25;26;192;194;195;296;297;299;304;306;307;372;373;375;416;417;418;464;466;467;484;485;487;488;490;491;512;513;515;608;609;610;612;613;615;620;622;623;625;626;627;628;630;631;632;633;635;637;638;639;640;641;643;672;673;674;688;690;691,64,1
2bb31b69-fcda-4f54-8338-f590944df999,Did picking the cards happen after playing the card game?,No.,"No, picking the cards happened during the card game.",8;9;10;24;25;26;192;194;195;296;297;299;304;306;307;309;310;311;372;373;375;416;417;418;464;466;467;484;485;487;488;490;491;512;513;515;608;609;610;612;613;615;620;622;623;625;626;627;628;630;631;632;633;635;637;638;639;640;641;643;672;673;674,64,1
2bb31b69-fcda-4f54-8338-f590944df999,What happens just before playing the poker card game in the video?,Reshuffling the cards.,"Just before playing the poker card game, the person in the striped sweater is seen holding a stack of poker chips, indicating that they are preparing for the game.",24;25;26;192;194;195;296;297;299;304;306;307;309;310;311;372;373;375;416;417;418;464;466;467;484;485;487;488;490;491;512;513;515;608;609;610;612;613;615;620;622;623;625;626;627;628;630;631;632;633;635;637;638;639;640;641;643;672;673;674;688;690;691,64,1
2bb31b69-fcda-4f54-8338-f590944df999,What occurs directly before playing the card game?,Separating the cards.,"Directly before playing the card game, the person in the striped sweater is seen holding a stack of cards, possibly preparing to deal or shuffle them.",8;9;10;24;25;26;192;194;195;296;297;299;304;306;307;309;310;311;372;373;375;416;417;418;464;466;467;484;485;487;488;490;491;512;513;515;608;609;610;612;613;615;620;622;623;625;626;627;628;630;631;632;633;635;640;641;643;672;673;674;688;690;691,64,1
2bb31b69-fcda-4f54-8338-f590944df999,"In the video, was the poker card played before they were reshuffled?",No,"Yes, the poker card was played before it was reshuffled.",8;9;10;24;25;26;192;194;195;296;297;299;304;306;307;309;310;311;372;373;375;416;417;418;464;466;467;484;485;487;488;490;491;512;513;515;608;609;610;612;613;615;620;622;623;625;626;627;628;630;631;632;633;635;637;638;639;640;641;643;672;673;674,64,1
2bb31b69-fcda-4f54-8338-f590944df999,"In the clip, was the poker card reshuffled after card separation?",Yes,"Yes, the poker card was reshuffled after card separation.",8;9;10;24;25;26;192;194;195;296;297;299;304;306;307;309;310;311;372;373;375;416;417;418;464;466;467;484;485;487;488;490;491;512;513;515;608;609;610;612;613;615;620;622;623;625;626;627;628;630;631;632;633;635;637;638;639;640;641;643;672;673;674,64,1
2bb31b69-fcda-4f54-8338-f590944df999,What occurs just before playing the poker card in the video?,Reshuffling the cards,"Just before playing the poker card, the person in the video is seen holding a stack of poker cards and a small pile of cash, indicating they are preparing to play.",8;9;10;24;25;26;192;194;195;296;297;299;304;306;307;309;310;311;372;373;375;416;417;418;464;466;467;484;485;487;488;490;491;512;513;515;608;609;610;612;613;615;620;622;623;625;626;627;628;630;631;632;633;635;640;641;643;672;673;674;688;690;691,64,1
2bb31b69-fcda-4f54-8338-f590944df999,"In the video, what event precedes playing the card game?",Separating cards,The event that precedes playing the card game is the person holding a deck of cards and preparing to deal them.,8;9;10;24;25;26;192;194;195;296;297;299;304;306;307;309;310;311;372;373;375;416;417;418;464;466;467;484;485;487;488;490;491;512;513;515;608;609;610;612;613;615;620;622;623;625;626;627;628;630;631;632;633;635;637;638;639;640;641;643;672;673;674,64,1
2bb31b69-fcda-4f54-8338-f590944df999,What does this video clip depict in the room scene?,The video shows a card game session in a room.,"The video clip depicts a casual indoor setting where two individuals are engaged in a card game. The room has a cozy atmosphere with a patterned rug on the floor, a comfortable-looking chair, and various items scattered around, such as a pair of boots, a pink item, and a white cup. The person on the left is wearing a multicolored sweater with blue, pink, and white sleeves, and striped socks, while the person on the right is wearing a blue sweater. They are seated on the floor, and the cards are spread out in front of them. The video captures the progression of the game, with the players handling the cards and interacting with each other.",8;9;10;24;25;26;192;194;195;296;297;299;304;306;307;309;310;311;372;373;375;416;417;418;464;466;467;484;485;487;488;490;491;512;513;515;608;609;610;612;613;615;620;622;623;625;626;627;628;630;631;632;633;635;637;638;639;640;641;643;672;673;674,64,1
2bb31b69-fcda-4f54-8338-f590944df999,What can you infer about the location in the video?,"It is a casual, home-like space with a seated person.","The location in the video appears to be a cozy, lived-in space, possibly a living room or a casual gathering area, with a patterned rug on the floor, a leopard print blanket, and a pink item, possibly clothing, on the floor.",8;9;10;24;25;26;192;194;195;296;297;299;304;306;307;309;310;311;372;373;375;416;417;418;464;466;467;484;485;487;488;490;491;512;513;515;608;609;610;612;613;615;620;622;623;625;626;627;628;630;631;632;633;635;637;638;639;640;641;643;672;673;674,64,1
2bb31b69-fcda-4f54-8338-f590944df999,Do these frames show any specific action with the cards?,"Yes, the cards are being reshuffled by the person.","Yes, the frames show the person in the striped sweater handling the cards, possibly dealing or organizing them.",8;9;10;24;25;26;192;194;195;296;297;299;304;306;307;309;310;311;372;373;375;416;417;418;464;466;467;484;485;487;488;490;491;512;513;515;608;609;610;612;613;615;620;622;623;625;626;627;628;630;631;632;633;635;637;638;639;640;641;643;672;673;674,64,1
2bb31b69-fcda-4f54-8338-f590944df999,Did the scene show a game in progress?,Yes.,"Yes, the scene showed a game in progress with a person holding a deck of cards and another person holding a hand of cards.",8;9;10;24;25;26;192;194;195;296;297;299;304;306;307;309;310;311;372;373;375;416;417;418;464;466;467;484;485;487;488;490;491;512;513;515;608;609;610;612;613;615;620;622;623;625;626;627;628;630;631;632;633;635;637;638;639;640;641;643;672;673;674,64,1
2bb31b69-fcda-4f54-8338-f590944df999,Was there a card shuffle taking place?,Yes.,"Yes, there was a card shuffle taking place.",8;9;10;24;25;26;192;194;195;296;297;299;304;306;307;309;310;311;372;373;375;416;417;418;464;466;467;484;485;487;488;490;491;512;513;515;608;609;610;612;613;615;620;622;623;625;626;627;628;630;631;632;633;635;637;638;639;640;641;643;672;673;674,64,1
2bb31b69-fcda-4f54-8338-f590944df999,Did they play the cards on a traditional table?,No.,"No, they played the cards on a patterned rug.",8;9;10;24;25;26;192;194;195;296;297;299;304;306;307;309;310;311;372;373;375;416;417;418;464;466;467;484;485;487;488;490;491;512;513;515;608;609;610;612;613;615;620;622;623;625;626;627;628;630;631;632;633;635;637;638;639;640;641;643;672;673;674,64,1
2bb31b69-fcda-4f54-8338-f590944df999,Was the person alone in this activity?,No.,"No, the person was not alone in this activity. They were playing a card game with another person who was holding a deck of cards.",8;9;10;24;25;26;192;194;195;296;297;299;304;306;307;309;310;311;372;373;375;416;417;418;464;466;467;484;485;487;488;490;491;512;513;515;608;609;610;612;613;615;620;622;623;625;626;627;628;630;631;632;633;635;637;638;639;640;641;643;672;673;674,64,1
2bb31b69-fcda-4f54-8338-f590944df999,Did the video capture an outdoor event?,No.,"No, the video did not capture an outdoor event. It was an indoor setting.",8;9;10;24;25;26;192;194;195;296;297;299;304;306;307;372;373;375;416;417;418;464;466;467;484;485;487;488;490;491;512;513;515;608;609;610;612;613;615;620;622;623;625;626;627;628;630;631;632;633;635;637;638;639;640;641;643;672;673;674;688;690;691,64,1
2bb31b69-fcda-4f54-8338-f590944df999,What action takes place immediately before the carpet is covered?,Sitting down.,The carpet is covered with playing cards and a stack of money.,24;25;26;192;194;195;296;297;299;304;306;307;309;310;311;372;373;375;416;417;418;464;466;467;484;485;487;488;490;491;512;513;515;608;609;610;612;613;615;620;622;623;625;626;627;628;630;631;632;633;635;637;638;639;640;641;643;672;673;674;688;690;691,64,1
2bb31b69-fcda-4f54-8338-f590944df999,Is the card game played before reshuffling the cards?,No,"Yes, the card game was played before reshuffling the cards.",8;9;10;24;25;26;192;194;195;296;297;299;304;306;307;309;310;311;372;373;375;416;417;418;464;466;467;484;485;487;488;490;491;512;513;515;608;609;610;612;613;615;620;622;623;625;626;627;628;630;631;632;633;635;640;641;643;672;673;674;688;690;691,64,1
2bb31b69-fcda-4f54-8338-f590944df999,Is picking the cards shown before separating them?,Yes,"Yes, the person is shown picking up the cards before separating them into different piles.",8;9;10;24;25;26;192;194;195;296;297;299;304;306;307;372;373;375;416;417;418;464;466;467;484;485;487;488;490;491;512;513;515;608;609;610;612;613;615;620;622;623;625;626;627;628;630;631;632;633;635;637;638;639;640;641;643;672;673;674;688;690;691,64,1
2bb31b69-fcda-4f54-8338-f590944df999,Does separating cards happen before reshuffling?,Yes,"Yes, separating cards happens before reshuffling.",8;9;10;24;25;26;192;194;195;296;297;299;304;306;307;372;373;375;416;417;418;464;466;467;484;485;487;488;490;491;512;513;515;608;609;610;612;613;615;620;622;623;625;626;627;628;630;631;632;633;635;637;638;639;640;641;643;672;673;674;688;690;691,64,1
2bb31b69-fcda-4f54-8338-f590944df999,Is reshuffling the cards shown before playing poker?,Yes,"Yes, the video shows the cards being reshuffled before playing poker.",8;9;10;24;25;26;192;194;195;296;297;299;304;306;307;372;373;375;416;417;418;464;466;467;484;485;487;488;490;491;512;513;515;608;609;610;612;613;615;620;622;623;625;626;627;628;630;631;632;633;635;637;638;639;640;641;643;672;673;674;688;690;691,64,1
2bb31b69-fcda-4f54-8338-f590944df999,Does picking cards occur before playing the card game?,Yes,"Yes, picking cards occurs before playing the card game.",8;9;10;24;25;26;192;194;195;296;297;299;304;306;307;309;310;311;372;373;375;416;417;418;464;466;467;484;485;487;488;490;491;512;513;515;608;609;610;612;613;615;620;622;623;625;626;627;628;630;631;632;633;635;637;638;639;640;641;643;672;673;674,64,1
2bb31b69-fcda-4f54-8338-f590944df999,What is the current setting in the video clip?,A room where a card game is being played.,"The current setting in the video clip is a living room with a person sitting on the floor, surrounded by various items including a leopard print bag, a pink item, a white cup, and a pair of brown boots.",8;9;10;24;25;26;192;194;195;296;297;299;304;306;307;309;310;311;372;373;375;416;417;418;464;466;467;484;485;487;488;490;491;512;513;515;608;609;610;612;613;615;620;622;623;625;626;627;628;630;631;632;633;635;637;638;639;640;641;643;672;673;674,64,1
2bb31b69-fcda-4f54-8338-f590944df999,What objects are central to the scene in the video?,A deck of poker cards.,The central objects in the scene are the playing cards and the patterned rug.,8;9;10;24;25;26;192;194;195;296;297;299;304;306;307;309;310;311;372;373;375;416;417;418;464;466;467;484;485;487;488;490;491;512;513;515;608;609;610;612;613;615;620;622;623;625;626;627;628;630;631;632;633;635;637;638;639;640;641;643;672;673;674,64,1
2bb31b69-fcda-4f54-8338-f590944df999,What is the main focus of the scene?,The act of playing a poker game.,The main focus of the scene is the card game being played by the two individuals.,8;9;10;24;25;26;192;194;195;296;297;299;304;306;307;309;310;311;372;373;375;416;417;418;464;466;467;484;485;487;488;490;491;512;513;515;608;609;610;612;613;615;620;622;623;625;626;627;628;630;631;632;633;635;637;638;639;640;641;643;672;673;674,64,1
2bb31b69-fcda-4f54-8338-f590944df999,Detail the sequence of actions with the cards.,"Cards are being selected, shuffled, and dealt for poker.","The video shows two individuals playing a card game on a patterned rug. The person on the left is holding a deck of cards and appears to be dealing or organizing them. The person on the right is holding a hand of cards and seems to be contemplating their next move. The cards are spread out on the rug, with some face-up and others face-down, indicating an ongoing game. The environment suggests a casual, indoor setting with a comfortable and relaxed atmosphere.",8;9;10;24;25;26;192;194;195;296;297;299;304;306;307;309;310;311;372;373;375;416;417;418;464;466;467;484;485;487;488;490;491;512;513;515;608;609;610;612;613;615;620;622;623;625;626;627;628;630;631;632;633;635;637;638;639;640;641;643;672;673;674,64,1
2bb31b69-fcda-4f54-8338-f590944df999,Does the scene show a poker game in action?,Yes.,"Yes, the scene shows a poker game in action with players dealing cards and examining them.",8;9;10;24;25;26;192;194;195;296;297;299;304;306;307;309;310;311;372;373;375;416;417;418;464;466;467;484;485;487;488;490;491;512;513;515;608;609;610;612;613;615;620;622;623;625;626;627;628;630;631;632;633;635;637;638;639;640;641;643;672;673;674,64,1
2bb31b69-fcda-4f54-8338-f590944df999,Does the video include a moment of card shuffling?,Yes.,"Yes, the video includes a moment of card shuffling.",8;9;10;24;25;26;192;194;195;296;297;299;304;306;307;372;373;375;416;417;418;464;466;467;484;485;487;488;490;491;512;513;515;608;609;610;612;613;615;620;622;623;625;626;627;628;630;631;632;633;635;637;638;639;640;641;643;672;673;674;688;690;691,64,1
2bb31b69-fcda-4f54-8338-f590944df999,Is a card game being organized on a carpet?,Yes.,Yes.,8;9;10;24;25;26;192;194;195;296;297;299;304;306;307;309;310;311;372;373;375;416;417;418;464;466;467;484;485;487;488;490;491;512;513;515;608;609;610;612;613;615;620;622;623;625;626;627;628;630;631;632;633;635;637;638;639;640;641;643;672;673;674,64,1
2bb31b69-fcda-4f54-8338-f590944df999,Does the clip show someone dealing cards?,Yes.,"Yes, the clip shows someone dealing cards.",8;9;10;24;25;26;192;194;195;296;297;299;304;306;307;372;373;375;416;417;418;464;466;467;484;485;487;488;490;491;512;513;515;608;609;610;612;613;615;620;622;623;625;626;627;628;630;631;632;633;635;637;638;639;640;641;643;672;673;674;688;690;691,64,1
2bb31b69-fcda-4f54-8338-f590944df999,Is the lady sitting on the floor while playing cards?,Yes.,Yes.,8;9;10;24;25;26;192;194;195;296;297;299;304;306;307;309;310;311;372;373;375;416;417;418;464;466;467;484;485;487;488;490;491;512;513;515;608;609;610;612;613;615;620;622;623;625;626;627;628;630;631;632;633;635;637;638;639;640;641;643;672;673;674,64,1
2bb31b69-fcda-4f54-8338-f590944df999,Did the card shuffling happen before playing cards?,Yes,"Yes, the card shuffling happened before playing cards.",8;9;10;24;25;26;192;194;195;296;297;299;304;306;307;372;373;375;416;417;418;464;466;467;484;485;487;488;490;491;512;513;515;608;609;610;612;613;615;620;622;623;625;626;627;628;630;631;632;633;635;637;638;639;640;641;643;672;673;674;688;690;691,64,1
2bb31b69-fcda-4f54-8338-f590944df999,Was the room entered before the cards were reshuffled?,Yes,"Yes, the room was entered before the cards were reshuffled.",8;9;10;24;25;26;192;194;195;296;297;299;304;306;307;309;310;311;372;373;375;416;417;418;464;466;467;484;485;487;488;490;491;512;513;515;608;609;610;612;613;615;620;622;623;625;626;627;628;630;631;632;633;635;637;638;639;640;641;643;672;673;674,64,1
2bb31b69-fcda-4f54-8338-f590944df999,Did card shuffling occur before the cards were picked?,No,"Yes, card shuffling occurred before the cards were picked.",8;9;10;24;25;26;192;194;195;296;297;299;304;306;307;372;373;375;416;417;418;464;466;467;484;485;487;488;490;491;512;513;515;608;609;610;612;613;615;620;622;623;625;626;627;628;630;631;632;633;635;637;638;639;640;641;643;672;673;674;688;690;691,64,1
2bb31b69-fcda-4f54-8338-f590944df999,What action is performed right before playing cards?,Reshuffling the cards,The action performed right before playing cards is shuffling the deck.,24;25;26;192;194;195;296;297;299;304;306;307;309;310;311;372;373;375;416;417;418;464;466;467;476;477;478;484;485;487;488;490;491;512;513;515;608;609;610;612;613;615;620;622;623;625;626;627;628;630;631;632;633;635;637;638;639;640;641;643;672;673;674,64,1
2bb31b69-fcda-4f54-8338-f590944df999,What happens just before reshuffling the cards?,Picking up the cards,"Just before reshuffling the cards, the person in the striped socks is seen holding a stack of cards and appears to be in the process of dealing or organizing them.",8;9;10;24;25;26;192;194;195;296;297;299;304;306;307;372;373;375;416;417;418;464;466;467;484;485;487;488;490;491;512;513;515;608;609;610;612;613;615;620;622;623;625;626;627;628;630;631;632;633;635;637;638;639;640;641;643;672;673;674;688;690;691,64,1
2bb31b69-fcda-4f54-8338-f590944df999,What is done immediately before picking up cards?,Entering the room,Drinking from a cup,8;9;10;24;25;26;192;194;195;296;297;299;304;306;307;309;310;311;372;373;375;416;417;418;464;466;467;484;485;487;488;490;491;512;513;515;608;609;610;612;613;615;620;622;623;625;626;627;628;630;631;632;633;635;637;638;639;640;641;643;672;673;674,64,1
2bb31b69-fcda-4f54-8338-f590944df999,What takes place immediately after reshuffling cards?,Playing cards,"After reshuffling cards, the person in the striped socks deals cards from the deck.",8;9;10;24;25;26;192;194;195;296;297;299;304;306;307;309;310;311;372;373;375;416;417;418;464;466;467;484;485;487;488;490;491;512;513;515;608;609;610;612;613;615;620;622;623;625;626;627;628;630;631;632;633;635;640;641;643;672;673;674;688;690;691,64,1
2bb31b69-fcda-4f54-8338-f590944df999,"In the video, is the poker game started before reshuffling the cards?",No,"No, the poker game is not started before reshuffling the cards.",8;9;10;24;25;26;192;194;195;296;297;299;304;306;307;309;310;311;372;373;375;416;417;418;464;466;467;484;485;487;488;490;491;512;513;515;608;609;610;612;613;615;620;622;623;625;626;627;628;630;631;632;633;635;637;638;639;640;641;643;672;673;674,64,1
2bb31b69-fcda-4f54-8338-f590944df999,"In the video, is the poker game initiated before the cards are spread out on the floor?",Yes,"No, the poker game is not initiated before the cards are spread out on the floor. The cards are spread out on the floor before the poker game is initiated.",8;9;10;24;25;26;192;194;195;296;297;299;304;306;307;309;310;311;372;373;375;416;417;418;464;466;467;484;485;487;488;490;491;512;513;515;608;609;610;612;613;615;620;622;623;625;626;627;628;630;631;632;633;635;637;638;639;640;641;643;672;673;674,64,1
2bb31b69-fcda-4f54-8338-f590944df999,What happens just before the cards are reshuffled in the video?,The cards are picked up,"Just before the cards are reshuffled, the person in the striped socks is seen holding a stack of cards and appears to be in the process of dealing or organizing them.",8;9;10;24;25;26;192;194;195;296;297;299;304;306;307;309;310;311;372;373;375;416;417;418;464;466;467;484;485;487;488;490;491;512;513;515;608;609;610;612;613;615;620;622;623;625;626;627;628;630;631;632;633;635;637;638;639;640;641;643;672;673;674,64,1
2bb31b69-fcda-4f54-8338-f590944df999,What happens immediately before the cards are spread out on the floor?,Poker game is played,"Immediately before the cards are spread out on the floor, the person in the striped sweater is seen holding a stack of cards and appears to be in the process of dealing or organizing them.",8;9;10;24;25;26;192;194;195;296;297;299;304;306;307;309;310;311;372;373;375;416;417;418;464;466;467;484;485;487;488;490;491;512;513;515;608;609;610;612;613;615;620;622;623;625;626;627;628;630;631;632;633;635;637;638;639;640;641;643;672;673;674,64,1
2bb31b69-fcda-4f54-8338-f590944df999,What activity is being depicted in this room?,A card game is being played in the room.,The activity depicted in this room is a card game.,8;9;10;24;25;26;192;194;195;296;297;299;304;306;307;309;310;311;372;373;375;416;417;418;464;466;467;484;485;487;488;490;491;512;513;515;608;609;610;612;613;615;620;622;623;625;626;627;628;630;631;632;633;635;637;638;639;640;641;643;672;673;674,64,1
2bb31b69-fcda-4f54-8338-f590944df999,What can you deduce about the space shown?,"It's a lived-in room with a casual, cozy setting.","The space shown appears to be a casual, lived-in room with a cozy and somewhat cluttered atmosphere. There is a person sitting on the floor, engaged in an activity that involves cards, possibly playing a card game. The individual is wearing a multicolored sweater with shades of pink, blue, and white, and striped socks. The floor is covered with a patterned rug, and there are various items scattered around, including a pair of boots, a pink item that could be clothing, and a white cup with a straw.In the background, there is a gray armchair and a black shelf with various items on it, suggesting that this is a personal space, likely a living room or a similar area in a home. The presence of the card game and the casual attire of the person indicate a relaxed and informal setting. The lighting in the room is soft, and the overall ambiance is one of comfort and leisure.",8;9;10;24;25;26;192;194;195;296;297;299;304;306;307;309;310;311;372;373;375;416;417;418;464;466;467;484;485;487;488;490;491;512;513;515;608;609;610;612;613;615;620;622;623;625;626;627;628;630;631;632;633;635;637;638;639;640;641;643;672;673;674,64,1
2bb31b69-fcda-4f54-8338-f590944df999,Where are the players sitting in the scenario?,The players are seated on the floor.,The players are sitting on a patterned rug.,8;9;10;24;25;26;192;194;195;296;297;299;304;306;307;372;373;375;416;417;418;464;466;467;484;485;487;488;490;491;512;513;515;608;609;610;612;613;615;620;622;623;625;626;627;628;630;631;632;633;635;637;638;639;640;641;643;672;673;674;688;690;691,64,1
2bb31b69-fcda-4f54-8338-f590944df999,What are the visible objects associated with the activity?,Playing cards and casual footwear are visible.,"Visible objects associated with the activity include a deck of playing cards, a white plastic cup, a pair of brown boots, a pink cloth, and a leopard print bag.",8;9;10;24;25;26;192;194;195;296;297;299;304;306;307;309;310;311;372;373;375;416;417;418;464;466;467;484;485;487;488;490;491;512;513;515;608;609;610;612;613;615;620;622;623;625;626;627;628;630;631;632;633;635;637;638;639;640;641;643;672;673;674,64,1
2bb31b69-fcda-4f54-8338-f590944df999,Does playing poker occur after picking cards?,Yes,"Yes, playing poker occurs after picking cards.",8;9;10;24;25;26;192;194;195;296;297;299;304;306;307;309;310;311;372;373;375;416;417;418;464;466;467;484;485;487;488;490;491;512;513;515;608;609;610;612;613;615;620;622;623;625;626;627;628;630;631;632;633;635;637;638;639;640;641;643;672;673;674,64,1
2bb31b69-fcda-4f54-8338-f590944df999,Are cards picked before reshuffling?,Yes,"Yes, cards are picked before reshuffling.",8;9;10;24;25;26;192;194;195;296;297;299;304;306;307;372;373;375;416;417;418;464;466;467;484;485;487;488;490;491;512;513;515;608;609;610;612;613;615;620;622;623;625;626;627;628;630;631;632;633;635;637;638;639;640;641;643;672;673;674;688;690;691,64,1
2bb31b69-fcda-4f54-8338-f590944df999,Is the poker card played after reshuffling?,Yes,"Yes, the poker card is played after being reshuffled.",8;9;10;24;25;26;192;194;195;296;297;299;304;306;307;309;310;311;372;373;375;416;417;418;464;466;467;484;485;487;488;490;491;512;513;515;608;609;610;612;613;615;620;622;623;625;626;627;628;630;631;632;633;635;640;641;643;672;673;674;688;690;691,64,1
2bb31b69-fcda-4f54-8338-f590944df999,What happens just before reshuffling the cards?,Picking the cards,"Just before reshuffling the cards, the person in the striped socks is seen holding a stack of cards and appears to be in the process of dealing or organizing them.",8;9;10;24;25;26;192;194;195;296;297;299;304;306;307;372;373;375;416;417;418;464;466;467;484;485;487;488;490;491;512;513;515;608;609;610;612;613;615;620;622;623;625;626;627;628;630;631;632;633;635;637;638;639;640;641;643;672;673;674;688;690;691,64,1
2bb31b69-fcda-4f54-8338-f590944df999,"In the video, is a card picked up before reshuffling the deck?",No,"Yes, a card is picked up before reshuffling the deck.",8;9;10;24;25;26;192;194;195;296;297;299;304;306;307;309;310;311;372;373;375;416;417;418;464;466;467;484;485;487;488;490;491;512;513;515;608;609;610;612;613;615;620;622;623;625;626;627;628;630;631;632;633;635;637;638;639;640;641;643;672;673;674,64,1
2bb31b69-fcda-4f54-8338-f590944df999,"In the video, does playing cards occur before picking any card from the deck?",No,"Yes, playing cards occurs before picking any card from the deck.",8;9;10;24;25;26;192;194;195;296;297;299;304;306;307;309;310;311;372;373;375;416;417;418;464;466;467;484;485;487;488;490;491;512;513;515;608;609;610;612;613;615;620;622;623;625;626;627;628;630;631;632;633;635;637;638;639;640;641;643;672;673;674,64,1
2bb31b69-fcda-4f54-8338-f590944df999,"In the video, what happens before reshuffling the cards?",Picking up the cards,"Before reshuffling the cards, the person in the striped socks is seen holding a stack of cards, possibly preparing to deal or shuffle them.",8;9;10;24;25;26;192;194;195;296;297;299;304;306;307;372;373;375;416;417;418;464;466;467;484;485;487;488;490;491;512;513;515;608;609;610;612;613;615;620;622;623;625;626;627;628;630;631;632;633;635;637;638;639;640;641;643;672;673;674;688;690;691,64,1
2bb31b69-fcda-4f54-8338-f590944df999,What takes place just after the cards are picked up?,Reshuffling the cards,"The cards are spread out on the rug, and the person in the striped socks starts to organize them.",8;9;10;24;25;26;192;194;195;296;297;299;304;306;307;309;310;311;372;373;375;416;417;418;464;466;467;484;485;487;488;490;491;512;513;515;608;609;610;612;613;615;620;622;623;625;626;627;628;630;631;632;633;635;637;638;639;640;641;643;672;673;674,64,1
2bb31b69-fcda-4f54-8338-f590944df999,What is done right after reshuffling the deck?,Playing poker cards,"After reshuffling the deck, the person deals cards from the deck.",8;9;10;24;25;26;192;194;195;296;297;299;304;306;307;372;373;375;416;417;418;464;466;467;484;485;487;488;490;491;512;513;515;608;609;610;612;613;615;620;622;623;625;626;627;628;630;631;632;633;635;637;638;639;640;641;643;672;673;674;688;690;691,64,1
2bb31b69-fcda-4f54-8338-f590944df999,What is the setting of the scene depicted?,The setting is inside a room with two individuals playing poker.,"The scene is set in a cozy living room with a patterned rug, a leopard print blanket, and a gray armchair.",8;9;10;24;25;26;192;194;195;296;297;299;304;306;307;309;310;311;372;373;375;416;417;418;464;466;467;484;485;487;488;490;491;512;513;515;608;609;610;612;613;615;620;622;623;625;626;627;628;630;631;632;633;635;637;638;639;640;641;643;672;673;674,64,1
2bb31b69-fcda-4f54-8338-f590944df999,What objects are prominent in this scene?,Poker cards and hands are prominent in the scene.,"The scene features a person sitting on a patterned rug, engaged in a card game. The individual is wearing a multicolored sweater with shades of pink, blue, and white, and striped socks. They are holding a deck of cards and appear to be dealing or organizing them. The cards are spread out on the rug, with some face-up and others face-down. There are also several stacks of cards and a few loose cards scattered around.In the background, there is a gray armchair, a leopard print bag, and a pink item on the floor. A white cup with a straw is also visible on the rug. The room has a cozy, lived-in feel with various items scattered around, including a pair of boots and a black bag.The person is focused on the cards, suggesting they are either preparing to play or are in the midst of a game. The lighting in the room is soft, and the overall atmosphere is casual and relaxed.",8;9;10;24;25;26;192;194;195;296;297;299;304;306;307;372;373;375;416;417;418;464;466;467;484;485;487;488;490;491;512;513;515;608;609;610;612;613;615;620;622;623;625;626;627;628;630;631;632;633;635;637;638;639;640;641;643;672;673;674;688;690;691,64,1
2bb31b69-fcda-4f54-8338-f590944df999,Is there a card game being played in this video?,Yes.,"Yes, the video shows two individuals playing a card game.",8;9;10;24;25;26;192;194;195;296;297;299;304;306;307;309;310;311;372;373;375;416;417;418;464;466;467;484;485;487;488;490;491;512;513;515;608;609;610;612;613;615;620;622;623;625;626;627;628;630;631;632;633;635;640;641;643;672;673;674;688;690;691,64,1
2bb31b69-fcda-4f54-8338-f590944df999,Does this video show a person dealing cards?,Yes.,"Yes, the video shows a person dealing cards.",8;9;10;24;25;26;192;194;195;296;297;299;304;306;307;309;310;311;372;373;375;416;417;418;464;466;467;484;485;487;488;490;491;512;513;515;608;609;610;612;613;615;620;622;623;625;626;627;628;630;631;632;633;635;637;638;639;640;641;643;672;673;674,64,1
2bb31b69-fcda-4f54-8338-f590944df999,Are the poker cards being reshuffled in this scene?,Yes.,"Yes, the poker cards are being reshuffled in this scene.",8;9;10;24;25;26;192;194;195;296;297;299;304;306;307;372;373;375;416;417;418;464;466;467;484;485;487;488;490;491;512;513;515;608;609;610;612;613;615;620;622;623;625;626;627;628;630;631;632;633;635;637;638;639;640;641;643;672;673;674;688;690;691,64,1
2bb31b69-fcda-4f54-8338-f590944df999,Did the card reshuffling occur before playing poker?,Yes.,"Yes, the card reshuffling occurred before playing poker.",8;9;10;24;25;26;192;194;195;296;297;299;304;306;307;372;373;375;416;417;418;464;466;467;484;485;487;488;490;491;512;513;515;608;609;610;612;613;615;620;622;623;625;626;627;628;630;631;632;633;635;637;638;639;640;641;643;672;673;674;688;690;691,64,1
2bb31b69-fcda-4f54-8338-f590944df999,Do I wear blue sleeves before the lady reads a card?,Yes.,Yes,8;9;10;24;25;26;192;194;195;296;297;299;304;306;307;372;373;375;416;417;418;464;466;467;484;485;487;488;490;491;512;513;515;608;609;610;612;613;615;620;622;623;625;626;627;628;630;631;632;633;635;637;638;639;640;641;643;672;673;674;688;690;691,64,1
2bb31b69-fcda-4f54-8338-f590944df999,Are poker cards spread on the carpet before organizing them into rows?,Yes.,"Yes, poker cards are spread out on the carpet before being organized into rows.",8;9;10;24;25;26;192;194;195;296;297;299;304;306;307;372;373;375;416;417;418;464;466;467;484;485;487;488;490;491;512;513;515;608;609;610;612;613;615;620;622;623;625;626;627;628;630;631;632;633;635;637;638;639;640;641;643;672;673;674;688;690;691,64,1
2bb31b69-fcda-4f54-8338-f590944df999,Is the picking of cards done before reshuffling?,No,"Yes, the picking of cards is done before reshuffling.",8;9;10;24;25;26;192;194;195;296;297;299;304;306;307;372;373;375;416;417;418;464;466;467;484;485;487;488;490;491;512;513;515;608;609;610;612;613;615;620;622;623;625;626;627;628;630;631;632;633;635;637;638;639;640;641;643;672;673;674;688;690;691,64,1
2bb31b69-fcda-4f54-8338-f590944df999,Is playing poker done after reshuffling cards?,Yes,"Yes, playing poker is done after reshuffling cards.",8;9;10;24;25;26;192;194;195;296;297;299;304;306;307;372;373;375;416;417;418;464;466;467;484;485;487;488;490;491;512;513;515;608;609;610;612;613;615;620;622;623;625;626;627;628;630;631;632;633;635;637;638;639;640;641;643;672;673;674;688;690;691,64,1
2bb31b69-fcda-4f54-8338-f590944df999,Does the reshuffling occur before arranging cards on the floor?,Yes,"Yes, the reshuffling occurs before arranging cards on the floor.",8;9;10;24;25;26;192;194;195;296;297;299;304;306;307;309;310;311;372;373;375;416;417;418;464;466;467;484;485;487;488;490;491;512;513;515;608;609;610;612;613;615;620;622;623;625;626;627;628;630;631;632;633;635;637;638;639;640;641;643;672;673;674,64,1
2bb31b69-fcda-4f54-8338-f590944df999,What takes place right before picking cards?,Sitting in the room,"A hand is seen holding a stack of cards, preparing to pick them up.",24;25;26;192;194;195;296;297;299;304;306;307;309;310;311;372;373;375;416;417;418;464;466;467;476;477;478;484;485;487;488;490;491;512;513;515;608;609;610;612;613;615;620;622;623;625;626;627;628;630;631;632;633;635;640;641;643;672;673;674;688;690;691,64,1
2bb31b69-fcda-4f54-8338-f590944df999,What activity is taking place in this clip?,Playing cards with a woman.,The activity taking place in this clip is a card game.,8;9;10;24;25;26;192;194;195;296;297;299;304;306;307;309;310;311;372;373;375;416;417;418;464;466;467;484;485;487;488;490;491;512;513;515;608;609;610;612;613;615;620;622;623;625;626;627;628;630;631;632;633;635;637;638;639;640;641;643;672;673;674,64,1
2bb31b69-fcda-4f54-8338-f590944df999,What is the setting of this scene?,Inside a house.,"The scene is set in a cozy, lived-in room with a person sitting on the floor, surrounded by various items including a patterned rug, a pair of boots, a pink item, and a white cup. The person is engaged in a card game, with a deck of cards spread out in front of them.",8;9;10;24;25;26;192;194;195;296;297;299;304;306;307;309;310;311;372;373;375;416;417;418;464;466;467;484;485;487;488;490;491;512;513;515;608;609;610;612;613;615;620;622;623;625;626;627;628;630;631;632;633;635;637;638;639;640;641;643;672;673;674,64,1
2bb31b69-fcda-4f54-8338-f590944df999,What objects are prominently featured in this clip?,Cards and a carpet.,"The objects prominently featured in this clip include a patterned rug, playing cards, a smartphone, a pair of boots, a pink item, and a white cup.",8;9;10;24;25;26;192;194;195;296;297;299;304;306;307;372;373;375;416;417;418;464;466;467;484;485;487;488;490;491;512;513;515;608;609;610;612;613;615;620;622;623;625;626;627;628;630;631;632;633;635;637;638;639;640;641;643;672;673;674;688;690;691,64,1
2bb31b69-fcda-4f54-8338-f590944df999,What is the atmosphere in this scene?,Casual indoor leisure.,"The atmosphere in this scene appears to be casual and relaxed. The individuals are seated on a patterned rug, engaged in a card game, which suggests a leisurely activity. The presence of a drink and the comfortable attire of the participants contribute to the informal setting. The room is well-lit, and the overall mood seems to be one of enjoyment and social interaction.",8;9;10;24;25;26;192;194;195;296;297;299;304;306;307;309;310;311;372;373;375;416;417;418;464;466;467;484;485;487;488;490;491;512;513;515;608;609;610;612;613;615;620;622;623;625;626;627;628;630;631;632;633;635;637;638;639;640;641;643;672;673;674,64,1
2bb31b69-fcda-4f54-8338-f590944df999,Is there any interaction between the players?,"Yes, they are playing a game together.","Yes, there is interaction between the players as they engage in the card game.",24;25;26;192;194;195;296;297;299;304;306;307;309;310;311;372;373;375;416;417;418;464;466;467;484;485;487;488;490;491;512;513;515;608;609;610;612;613;615;620;622;623;625;626;627;628;630;631;632;633;635;637;638;639;640;641;643;672;673;674;688;690;691,64,1
2bb31b69-fcda-4f54-8338-f590944df999,Can you describe the table setup for the game?,Cards are spread out haphazardly on the carpet.,"The table setup for the game includes a patterned rug, a deck of cards, and a stack of money.",8;9;10;24;25;26;192;194;195;296;297;299;304;306;307;309;310;311;372;373;375;416;417;418;464;466;467;484;485;487;488;490;491;512;513;515;608;609;610;612;613;615;620;622;623;625;626;627;628;630;631;632;633;635;637;638;639;640;641;643;672;673;674,64,1
2bb31b69-fcda-4f54-8338-f590944df999,How are the players seated during the game?,They are sitting cross-legged on the floor.,The players are seated cross-legged on a patterned rug.,8;9;10;24;25;26;192;194;195;296;297;299;304;306;307;309;310;311;372;373;375;416;417;418;464;466;467;484;485;487;488;490;491;512;513;515;608;609;610;612;613;615;620;622;623;625;626;627;628;630;631;632;633;635;637;638;639;640;641;643;672;673;674,64,1
2bb31b69-fcda-4f54-8338-f590944df999,Did the game just start?,"No, it is in progress as cards are already spread out.","It appears that the game has just started. The person in the video is holding a hand of cards and seems to be in the process of either dealing or preparing to play. The cards are spread out on the floor, and there are multiple decks visible, suggesting that the game is in its early stages.",8;9;10;24;25;26;192;194;195;296;297;299;304;306;307;372;373;375;416;417;418;464;466;467;484;485;487;488;490;491;512;513;515;608;609;610;612;613;615;620;622;623;625;626;627;628;630;631;632;633;635;637;638;639;640;641;643;672;673;674;688;690;691,64,1
2bb31b69-fcda-4f54-8338-f590944df999,Did reshuffling the cards happen before playing the poker cards?,Yes.,"Yes, the cards were reshuffled before playing the poker cards.",8;9;10;24;25;26;192;194;195;296;297;299;304;306;307;372;373;375;416;417;418;464;466;467;484;485;487;488;490;491;512;513;515;608;609;610;612;613;615;620;622;623;625;626;627;628;630;631;632;633;635;637;638;639;640;641;643;672;673;674;688;690;691,64,1
2bb31b69-fcda-4f54-8338-f590944df999,Did laying out the cards on the floor occur after sitting down?,Yes.,"Yes, laying out the cards on the floor occurred after sitting down.",8;9;10;24;25;26;192;194;195;296;297;299;304;306;307;309;310;311;372;373;375;416;417;418;464;466;467;484;485;487;488;490;491;512;513;515;608;609;610;612;613;615;620;622;623;625;626;627;628;630;631;632;633;635;637;638;639;640;641;643;672;673;674,64,1
2bb31b69-fcda-4f54-8338-f590944df999,Did the game of cards start after the cards were laid out?,Yes.,"Yes, the game of cards started after the cards were laid out.",8;9;10;24;25;26;192;194;195;296;297;299;304;306;307;309;310;311;372;373;375;416;417;418;464;466;467;484;485;487;488;490;491;512;513;515;608;609;610;612;613;615;620;622;623;625;626;627;628;630;631;632;633;635;637;638;639;640;641;643;672;673;674,64,1
2bb31b69-fcda-4f54-8338-f590944df999,Did I play cards before reshuffling them?,No,"It appears that you played cards before reshuffling them. The video shows a sequence where cards are dealt and arranged in a specific order, which is typical of playing card games. The cards are laid out in a pattern that suggests they were part of a game or a practice session.",8;9;10;24;25;26;192;194;195;296;297;299;304;306;307;372;373;375;416;417;418;464;466;467;484;485;487;488;490;491;512;513;515;608;609;610;612;613;615;620;622;623;625;626;627;628;630;631;632;633;635;637;638;639;640;641;643;672;673;674;688;690;691,64,1
2bb31b69-fcda-4f54-8338-f590944df999,Was the rug visible before I dealt the cards?,Yes,"Yes, the rug was visible before you dealt the cards.",8;9;10;24;25;26;192;194;195;296;297;299;304;306;307;372;373;375;416;417;418;464;466;467;484;485;487;488;490;491;512;513;515;608;609;610;612;613;615;620;622;623;625;626;627;628;630;631;632;633;635;637;638;639;640;641;643;672;673;674;688;690;691,64,1
2bb31b69-fcda-4f54-8338-f590944df999,Did I spread cards on the floor before sitting down?,Yes,"Yes, you spread cards on the floor before sitting down.",8;9;10;24;25;26;192;194;195;296;297;299;304;306;307;309;310;311;372;373;375;416;417;418;464;466;467;484;485;487;488;490;491;512;513;515;608;609;610;612;613;615;620;622;623;625;626;627;628;630;631;632;633;635;637;638;639;640;641;643;672;673;674,64,1
2bb31b69-fcda-4f54-8338-f590944df999,Were cards in my hand before reshuffling?,No,"Yes, before reshuffling, you had cards in your hand.",8;9;10;24;25;26;192;194;195;296;297;299;304;306;307;372;373;375;416;417;418;464;466;467;484;485;487;488;490;491;512;513;515;608;609;610;612;613;615;620;622;623;625;626;627;628;630;631;632;633;635;637;638;639;640;641;643;672;673;674;688;690;691,64,1
2bb31b69-fcda-4f54-8338-f590944df999,Was I seated before the cards were displayed face-up?,Yes,"Yes, you were seated before the cards were displayed face-up.",24;25;26;192;194;195;296;297;299;304;306;307;309;310;311;372;373;375;416;417;418;464;466;467;484;485;487;488;490;491;512;513;515;608;609;610;612;613;615;620;622;623;625;626;627;628;630;631;632;633;635;637;638;639;640;641;643;672;673;674;688;690;691,64,1
2bb31b69-fcda-4f54-8338-f590944df999,What happened just before playing cards?,Reshuffled the cards,"A person was seen holding a smartphone, possibly reading or typing something, and there were some cards scattered on the floor.",8;9;10;24;25;26;192;194;195;296;297;299;304;306;307;309;310;311;372;373;375;416;417;418;464;466;467;484;485;487;488;490;491;512;513;515;608;609;610;612;613;615;620;622;623;625;626;627;628;630;631;632;633;635;640;641;643;672;673;674;688;690;691,64,1
2bb31b69-fcda-4f54-8338-f590944df999,What happened before reshuffling the cards?,Sat in the room,"Before reshuffling the cards, the person was seen holding a stack of cards and preparing to deal them.",8;9;10;24;25;26;192;194;195;296;297;299;304;306;307;372;373;375;416;417;418;464;466;467;484;485;487;488;490;491;512;513;515;608;609;610;612;613;615;620;622;623;625;626;627;628;630;631;632;633;635;637;638;639;640;641;643;672;673;674;688;690;691,64,1
2bb31b69-fcda-4f54-8338-f590944df999,What did I do before spreading cards on the floor?,Reshuffled them,"You were sitting on the floor with a deck of cards in your hands, preparing to play a card game.",8;9;10;24;25;26;192;194;195;296;297;299;304;306;307;309;310;311;372;373;375;416;417;418;464;466;467;484;485;487;488;490;491;512;513;515;608;609;610;612;613;615;620;622;623;625;626;627;628;630;631;632;633;635;640;641;643;672;673;674;688;690;691,64,1
2bb31b69-fcda-4f54-8338-f590944df999,What action took place before sitting down?,Entered the room,"Before sitting down, the person was holding a deck of cards and a drink.",24;25;26;192;194;195;296;297;299;304;306;307;309;310;311;372;373;375;416;417;418;464;466;467;476;477;478;484;485;487;488;490;491;512;513;515;608;609;610;612;613;615;620;622;623;625;626;627;628;630;631;632;633;635;640;641;643;672;673;674;688;690;691,64,1
2bb31b69-fcda-4f54-8338-f590944df999,What activity is being performed in the scene?,Playing cards is the activity.,The activity being performed in the scene is playing cards.,8;9;10;24;25;26;192;194;195;296;297;299;304;306;307;309;310;311;372;373;375;416;417;418;464;466;467;484;485;487;488;490;491;512;513;515;608;609;610;612;613;615;620;622;623;625;626;627;628;630;631;632;633;635;637;638;639;640;641;643;672;673;674,64,1
2bb31b69-fcda-4f54-8338-f590944df999,How many individuals are participating in the activity?,Two individuals are participating.,Two individuals are participating in the activity.,8;9;10;24;25;26;192;194;195;296;297;299;304;306;307;309;310;311;372;373;375;416;417;418;464;466;467;484;485;487;488;490;491;512;513;515;608;609;610;612;613;615;620;622;623;625;626;627;628;630;631;632;633;635;637;638;639;640;641;643;672;673;674,64,1
2bb31b69-fcda-4f54-8338-f590944df999,Can you describe the setting of the video clip?,"The setting is indoors, on the floor with a rug.","The video takes place in a cozy living room with a person sitting on the floor, wearing a multicolored sweater with blue, pink, and white sleeves, black pants, and striped socks. The person is surrounded by various items, including a leopard print bag, a pair of brown boots, a white cup with a straw, and a pink item. The floor is covered with a patterned rug, and there is a gray armchair in the background. The person is engaged in a card game, with a deck of cards spread out in front of them.",8;9;10;24;25;26;192;194;195;296;297;299;304;306;307;309;310;311;372;373;375;416;417;418;464;466;467;484;485;487;488;490;491;512;513;515;608;609;610;612;613;615;620;622;623;625;626;627;628;630;631;632;633;635;637;638;639;640;641;643;672;673;674,64,1
2bb31b69-fcda-4f54-8338-f590944df999,What is the gender composition of the participants?,One male and one female are participating.,"The video shows two participants, one female and one male.",8;9;10;24;25;26;192;194;195;296;297;299;304;306;307;372;373;375;416;417;418;464;466;467;484;485;487;488;490;491;512;513;515;608;609;610;612;613;615;620;622;623;625;626;627;628;630;631;632;633;635;637;638;639;640;641;643;672;673;674;688;690;691,64,1
2bb31b69-fcda-4f54-8338-f590944df999,How are the participants positioned in the clip?,They are sitting on the floor.,"The participants are seated on a patterned rug, with one person holding a deck of cards and the other person's hands visible as they play.",8;9;10;24;25;26;192;194;195;296;297;299;304;306;307;372;373;375;416;417;418;464;466;467;484;485;487;488;490;491;512;513;515;608;609;610;612;613;615;620;622;623;625;626;627;628;630;631;632;633;635;637;638;639;640;641;643;672;673;674;688;690;691,64,1
2bb31b69-fcda-4f54-8338-f590944df999,Describe the interaction between the individuals.,They are engaged in a card game.,"The video depicts a casual and relaxed setting where two individuals are engaged in a card game. The person on the left, dressed in a multicolored sweater with blue, pink, and white sleeves, dark pants, and striped socks, is seated on the floor with their legs crossed. They are holding a deck of cards and appear to be in the process of dealing or organizing them. The person on the right, wearing a blue sweater and light-colored pants, is also seated on the floor, holding a hand of cards and seems to be either waiting for their turn or observing the game.The environment is cozy, with a patterned rug on the floor, a gray armchair, and various items scattered around, including a white cup, a pink object, and a pair of brown boots. The background includes a green plant and a small table with some items on it. The atmosphere is informal, suggesting a friendly and leisurely activity.Throughout the video, the individuals take turns dealing cards and playing, with the person on the left handling the cards more frequently. The cards are standard playing cards, and the game appears to be a casual, non-competitive one. The interaction between the two is friendly and relaxed, with no signs of tension or competitiveness. The video captures a",24;25;26;192;194;195;296;297;299;304;306;307;309;310;311;372;373;375;416;417;418;464;466;467;484;485;487;488;490;491;512;513;515;608;609;610;612;613;615;620;622;623;625;626;627;628;630;631;632;633;635;637;638;639;640;641;643;672;673;674;688;690;691,64,1
2bb31b69-fcda-4f54-8338-f590944df999,Are there any other objects involved in the action?,"Yes, a deck of cards is involved.","Yes, there are other objects involved in the action.",8;9;10;24;25;26;192;194;195;296;297;299;304;306;307;309;310;311;372;373;375;416;417;418;464;466;467;484;485;487;488;490;491;512;513;515;608;609;610;612;613;615;620;622;623;625;626;627;628;630;631;632;633;635;637;638;639;640;641;643;672;673;674,64,1
2bb31b69-fcda-4f54-8338-f590944df999,Is there a competitive activity occurring in the video?,Yes.,"Yes, there is a competitive activity occurring in the video as the individuals are playing a card game.",8;9;10;24;25;26;192;194;195;296;297;299;304;306;307;309;310;311;372;373;375;416;417;418;464;466;467;484;485;487;488;490;491;512;513;515;608;609;610;612;613;615;620;622;623;625;626;627;628;630;631;632;633;635;637;638;639;640;641;643;672;673;674,64,1
2bb31b69-fcda-4f54-8338-f590944df999,Is there a visible winner in the card game?,No.,"No, there is no visible winner in the card game.",8;9;10;24;25;26;192;194;195;296;297;299;304;306;307;309;310;311;372;373;375;416;417;418;464;466;467;484;485;487;488;490;491;512;513;515;608;609;610;612;613;615;620;622;623;625;626;627;628;630;631;632;633;635;637;638;639;640;641;643;672;673;674,64,1
2bb31b69-fcda-4f54-8338-f590944df999,Did I pick up a card before shuffling the deck?,No,"No, you did not pick up a card before shuffling the deck.",8;9;10;24;25;26;192;194;195;296;297;299;304;306;307;309;310;311;372;373;375;416;417;418;464;466;467;484;485;487;488;490;491;512;513;515;608;609;610;612;613;615;620;622;623;625;626;627;628;630;631;632;633;635;640;641;643;672;673;674;688;690;691,64,1
2bb31b69-fcda-4f54-8338-f590944df999,Was the woman seen holding cards before I laid mine on the floor?,Yes,"Yes, the woman was seen holding cards before you laid your cards on the floor.",8;9;10;24;25;26;192;194;195;296;297;299;304;306;307;309;310;311;372;373;375;416;417;418;464;466;467;484;485;487;488;490;491;512;513;515;608;609;610;612;613;615;620;622;623;625;626;627;628;630;631;632;633;635;637;638;639;640;641;643;672;673;674,64,1
2bb31b69-fcda-4f54-8338-f590944df999,Did I deal cards to the woman before sitting down?,No,"Yes, before sitting down, you dealt cards to the woman.",8;9;10;24;25;26;192;194;195;296;297;299;304;306;307;372;373;375;416;417;418;464;466;467;484;485;487;488;490;491;512;513;515;608;609;610;612;613;615;620;622;623;625;626;627;628;630;631;632;633;635;637;638;639;640;641;643;672;673;674;688;690;691,64,1
2bb31b69-fcda-4f54-8338-f590944df999,Did the woman adjust her glasses before smiling at me?,Yes,"Yes, the woman adjusted her glasses before smiling at me.",8;9;10;24;25;26;192;194;195;296;297;299;304;306;307;372;373;375;416;417;418;464;466;467;484;485;487;488;490;491;512;513;515;608;609;610;612;613;615;620;622;623;625;626;627;628;630;631;632;633;635;637;638;639;640;641;643;672;673;674;688;690;691,64,1
2bb31b69-fcda-4f54-8338-f590944df999,Was the woman's sock visible before she crossed her legs?,Yes,"Yes, her sock was visible before she crossed her legs.",8;9;10;24;25;26;192;194;195;296;297;299;304;306;307;372;373;375;416;417;418;464;466;467;484;485;487;488;490;491;512;513;515;608;609;610;612;613;615;620;622;623;625;626;627;628;630;631;632;633;635;637;638;639;640;641;643;672;673;674;688;690;691,64,1
2bb31b69-fcda-4f54-8338-f590944df999,What did the woman do before looking at her hand of cards?,She crossed her legs,She was holding a stack of cards and looking at them.,8;9;10;24;25;26;192;194;195;296;297;299;304;306;307;309;310;311;372;373;375;416;417;418;464;466;467;484;485;487;488;490;491;512;513;515;608;609;610;612;613;615;620;622;623;625;626;627;628;630;631;632;633;635;640;641;643;672;673;674;688;690;691,64,1
2bb31b69-fcda-4f54-8338-f590944df999,What occurred before the woman adjusted her glasses?,She held her cards,"Before the woman adjusted her glasses, she was seen holding a card and looking at it.",8;9;10;24;25;26;192;194;195;296;297;299;304;306;307;372;373;375;416;417;418;464;466;467;484;485;487;488;490;491;512;513;515;608;609;610;612;613;615;620;622;623;625;626;627;628;630;631;632;633;635;637;638;639;640;641;643;672;673;674;688;690;691,64,1
2bb31b69-fcda-4f54-8338-f590944df999,What action took place before I dealt the cards?,I picked up the deck,"Before I dealt the cards, the person was holding a deck of cards and preparing to deal them.",8;9;10;24;25;26;192;194;195;296;297;299;304;306;307;309;310;311;372;373;375;416;417;418;464;466;467;484;485;487;488;490;491;512;513;515;608;609;610;612;613;615;620;622;623;625;626;627;628;630;631;632;633;635;640;641;643;672;673;674;688;690;691,64,1
2bb31b69-fcda-4f54-8338-f590944df999,"In the video, is the poker game started before reshuffling the cards?",No,"No, the poker game is not started before reshuffling the cards.",8;9;10;24;25;26;192;194;195;296;297;299;304;306;307;309;310;311;372;373;375;416;417;418;464;466;467;484;485;487;488;490;491;512;513;515;608;609;610;612;613;615;620;622;623;625;626;627;628;630;631;632;633;635;637;638;639;640;641;643;672;673;674,64,1
2bb31b69-fcda-4f54-8338-f590944df999,"In the sequence, does the lady pick up her cards before the cards are laid out on the floor?",Yes,"No, the lady does not pick up her cards before the cards are laid out on the floor.",8;9;10;24;25;26;192;194;195;296;297;299;304;306;307;309;310;311;372;373;375;416;417;418;464;466;467;484;485;487;488;490;491;512;513;515;608;609;610;612;613;615;620;622;623;625;626;627;628;630;631;632;633;635;637;638;639;640;641;643;672;673;674,64,1
2bb31b69-fcda-4f54-8338-f590944df999,"In the clip, do the cards get scattered on the table before being picked up?",Yes,"No, the cards are not scattered on the table before being picked up. They are neatly arranged in a fan shape on the table.",8;9;10;24;25;26;192;194;195;296;297;299;304;306;307;309;310;311;372;373;375;416;417;418;464;466;467;484;485;487;488;490;491;512;513;515;608;609;610;612;613;615;620;622;623;625;626;627;628;630;631;632;633;635;637;638;639;640;641;643;672;673;674,64,1
2bb31b69-fcda-4f54-8338-f590944df999,Does the video show the lady with cards in hand before the cards are shuffled?,No,"Yes, the video shows the lady with cards in hand before the cards are shuffled.",8;9;10;24;25;26;192;194;195;296;297;299;304;306;307;309;310;311;372;373;375;416;417;418;464;466;467;484;485;487;488;490;491;512;513;515;608;609;610;612;613;615;620;622;623;625;626;627;628;630;631;632;633;635;637;638;639;640;641;643;672;673;674,64,1
2bb31b69-fcda-4f54-8338-f590944df999,What occurs just before the lady picks up her cards?,Cards are laid out on the floor,"Just before the lady picks up her cards, she is seen holding a stack of cards and looking at them, possibly contemplating her next move.",8;9;10;24;25;26;192;194;195;296;297;299;304;306;307;309;310;311;372;373;375;416;417;418;464;466;467;484;485;487;488;490;491;512;513;515;608;609;610;612;613;615;620;622;623;625;626;627;628;630;631;632;633;635;640;641;643;672;673;674;688;690;691,64,1
2bb31b69-fcda-4f54-8338-f590944df999,"In the video, what happens before the cards are reshuffled?",A round of poker is played,"Before the cards are reshuffled, the person in the striped sweater is seen holding a stack of cards, possibly preparing to deal or shuffle them.",8;9;10;24;25;26;192;194;195;296;297;299;304;306;307;309;310;311;372;373;375;416;417;418;464;466;467;484;485;487;488;490;491;512;513;515;608;609;610;612;613;615;620;622;623;625;626;627;628;630;631;632;633;635;637;638;639;640;641;643;672;673;674,64,1
2bb31b69-fcda-4f54-8338-f590944df999,What event happens before the cards get scattered on the table?,The lady picks up her cards,"Before the cards get scattered on the table, the person in the striped sweater is seen holding a stack of cards and appears to be in the process of dealing or organizing them.",8;9;10;24;25;26;192;194;195;296;297;299;304;306;307;309;310;311;372;373;375;416;417;418;464;466;467;484;485;487;488;490;491;512;513;515;608;609;610;612;613;615;620;622;623;625;626;627;628;630;631;632;633;635;637;638;639;640;641;643;672;673;674,64,1
2bb31b69-fcda-4f54-8338-f590944df999,What do we see happening before the cards are laid out on the floor?,Reshuffling of cards,"Before the cards are laid out on the floor, we see a person holding a deck of cards and another person holding a piece of paper.",8;9;10;24;25;26;192;194;195;296;297;299;304;306;307;309;310;311;372;373;375;416;417;418;464;466;467;484;485;487;488;490;491;512;513;515;608;609;610;612;613;615;620;622;623;625;626;627;628;630;631;632;633;635;637;638;639;640;641;643;672;673;674,64,1
2bb31b69-fcda-4f54-8338-f590944df999,What action takes place before the poker game starts?,Cards are reshuffled,"Before the poker game starts, the person in the striped socks shuffles the deck of cards.",24;25;26;192;194;195;296;297;299;304;306;307;309;310;311;372;373;375;416;417;418;464;466;467;476;477;478;484;485;487;488;490;491;512;513;515;608;609;610;612;613;615;620;622;623;625;626;627;628;630;631;632;633;635;637;638;639;640;641;643;672;673;674,64,1
2bb31b69-fcda-4f54-8338-f590944df999,What is the setting of this video clip?,I played cards with a woman inside a house.,"The setting of the video clip is a cozy indoor environment with a person sitting on a patterned rug, surrounded by various items such as a leopard print bag, a pair of boots, and a white cup.",8;9;10;24;25;26;192;194;195;296;297;299;304;306;307;309;310;311;372;373;375;416;417;418;464;466;467;484;485;487;488;490;491;512;513;515;608;609;610;612;613;615;620;622;623;625;626;627;628;630;631;632;633;635;637;638;639;640;641;643;672;673;674,64,1
2bb31b69-fcda-4f54-8338-f590944df999,How many people are involved in the scene?,Two people are involved in the scene.,Two people are involved in the scene.,8;9;10;24;25;26;192;194;195;296;297;299;304;306;307;309;310;311;372;373;375;416;417;418;464;466;467;484;485;487;488;490;491;512;513;515;608;609;610;612;613;615;620;622;623;625;626;627;628;630;631;632;633;635;637;638;639;640;641;643;672;673;674,64,1
2bb31b69-fcda-4f54-8338-f590944df999,Is there a competitive element visible here?,"Yes, the card game implies a competitive interaction.","Yes, there is a competitive element visible in the video. The individuals are engaged in a card game, which typically involves strategy and competition. The person holding the cards is seen making moves and decisions based on the cards they have, which suggests a competitive aspect to the activity.",8;9;10;24;25;26;192;194;195;296;297;299;304;306;307;309;310;311;372;373;375;416;417;418;464;466;467;484;485;487;488;490;491;512;513;515;608;609;610;612;613;615;620;622;623;625;626;627;628;630;631;632;633;635;637;638;639;640;641;643;672;673;674,64,1
2bb31b69-fcda-4f54-8338-f590944df999,Did the individuals rearrange the furniture for playing?,No.,"No, the individuals did not rearrange the furniture for playing.",8;9;10;24;25;26;192;194;195;296;297;299;304;306;307;309;310;311;372;373;375;416;417;418;464;466;467;484;485;487;488;490;491;512;513;515;608;609;610;612;613;615;620;622;623;625;626;627;628;630;631;632;633;635;637;638;639;640;641;643;672;673;674,64,1
2bb31b69-fcda-4f54-8338-f590944df999,Did someone draw a card in the clip?,Yes.,"Yes, someone drew a card in the clip.",8;9;10;24;25;26;192;194;195;296;297;299;304;306;307;372;373;375;416;417;418;464;466;467;484;485;487;488;490;491;512;513;515;608;609;610;612;613;615;620;622;623;625;626;627;628;630;631;632;633;635;637;638;639;640;641;643;672;673;674;688;690;691,64,1
2bb31b69-fcda-4f54-8338-f590944df999,Did the scene involve any form of digital technology?,No.,"No, the scene did not involve any form of digital technology.",8;9;10;24;25;26;192;194;195;296;297;299;304;306;307;372;373;375;416;417;418;464;466;467;484;485;487;488;490;491;512;513;515;608;609;610;612;613;615;620;622;623;625;626;627;628;630;631;632;633;635;637;638;639;640;641;643;672;673;674;688;690;691,64,1
2bb31b69-fcda-4f54-8338-f590944df999,Did the people appear to be outdoors?,No.,"No, the people appeared to be indoors.",8;9;10;24;25;26;192;194;195;296;297;299;304;306;307;372;373;375;416;417;418;464;466;467;484;485;487;488;490;491;512;513;515;608;609;610;612;613;615;620;622;623;625;626;627;628;630;631;632;633;635;637;638;639;640;641;643;672;673;674;688;690;691,64,1
2bb31b69-fcda-4f54-8338-f590944df999,"In the video, did the shoe appear before the card deck on the carpet?",Yes,"No, the shoe appeared after the card deck on the carpet.",8;9;10;24;25;26;192;194;195;296;297;299;304;306;307;309;310;311;372;373;375;416;417;418;464;466;467;484;485;487;488;490;491;512;513;515;608;609;610;612;613;615;620;622;623;625;626;627;628;630;631;632;633;635;637;638;639;640;641;643;672;673;674,64,1
2bb31b69-fcda-4f54-8338-f590944df999,Was the hand holding cards before the bottle was seen?,Yes,"No, the hand holding cards was not mentioned before the bottle was seen.",8;9;10;24;25;26;192;194;195;296;297;299;304;306;307;309;310;311;372;373;375;416;417;418;464;466;467;484;485;487;488;490;491;512;513;515;608;609;610;612;613;615;620;622;623;625;626;627;628;630;631;632;633;635;637;638;639;640;641;643;672;673;674,64,1
2bb31b69-fcda-4f54-8338-f590944df999,"In the clip, did the playing of cards happen before the plant was visible?",No,"Yes, the playing of cards happened before the plant was visible.",8;9;10;24;25;26;192;194;195;296;297;299;304;306;307;309;310;311;372;373;375;416;417;418;464;466;467;484;485;487;488;490;491;512;513;515;608;609;610;612;613;615;620;622;623;625;626;627;628;630;631;632;633;635;637;638;639;640;641;643;672;673;674,64,1
2bb31b69-fcda-4f54-8338-f590944df999,What is shown before the bottle on the left side of the frame?,Cards on the floor,A white cup with a straw is shown before the bottle on the left side of the frame.,8;9;10;24;25;26;192;194;195;296;297;299;304;306;307;309;310;311;372;373;375;416;417;418;464;466;467;484;485;487;488;490;491;512;513;515;608;609;610;612;613;615;620;622;623;625;626;627;628;630;631;632;633;635;637;638;639;640;641;643;672;673;674,64,1
2bb31b69-fcda-4f54-8338-f590944df999,What do you see before the plant in the video's background?,A sofa,"Before the plant in the video's background, there is a blue object on the floor.",8;9;10;24;25;26;192;194;195;296;297;299;304;306;307;372;373;375;416;417;418;464;466;467;484;485;487;488;490;491;512;513;515;608;609;610;612;613;615;620;622;623;625;626;627;628;630;631;632;633;635;637;638;639;640;641;643;672;673;674;688;690;691,64,1
2bb31b69-fcda-4f54-8338-f590944df999,Was the rug straightened before I sat down to play?,No.,"Yes, the rug was straightened before you sat down to play.",8;9;10;24;25;26;192;194;195;296;297;299;304;306;307;372;373;375;416;417;418;464;466;467;484;485;487;488;490;491;512;513;515;608;609;610;612;613;615;620;622;623;625;626;627;628;630;631;632;633;635;637;638;639;640;641;643;672;673;674;688;690;691,64,1
2bb31b69-fcda-4f54-8338-f590944df999,Did I touch my foot before picking more cards from the pile?,No.,"Yes, you touched your foot before picking more cards from the pile.",8;9;10;24;25;26;192;194;195;296;297;299;304;306;307;372;373;375;416;417;418;464;466;467;484;485;487;488;490;491;512;513;515;608;609;610;612;613;615;620;622;623;625;626;627;628;630;631;632;633;635;637;638;639;640;641;643;672;673;674;688;690;691,64,1
2bb31b69-fcda-4f54-8338-f590944df999,Were the cards spread out on the rug before the game started?,No.,"Yes, the cards were spread out on the rug before the game started.",8;9;10;24;25;26;192;194;195;296;297;299;304;306;307;309;310;311;372;373;375;416;417;418;464;466;467;484;485;487;488;490;491;512;513;515;608;609;610;612;613;615;620;622;623;625;626;627;628;630;631;632;633;635;637;638;639;640;641;643;672;673;674,64,1
2bb31b69-fcda-4f54-8338-f590944df999,Did I pick a card from my hand before the woman looked at hers?,Yes.,"Based on the video description, it seems that you did not pick a card from your hand before the woman looked at hers. The sequence of events shows that the woman looked at her cards first, and then you picked a card from your hand.",8;9;10;24;25;26;192;194;195;296;297;299;304;306;307;309;310;311;372;373;375;416;417;418;464;466;467;484;485;487;488;490;491;512;513;515;608;609;610;612;613;615;620;622;623;625;626;627;628;630;631;632;633;635;637;638;639;640;641;643;672;673;674,64,1
2bb31b69-fcda-4f54-8338-f590944df999,What occurs just before I look at my cards?,I pick them up.,"Just before you look at your cards, the person on the right is seen holding a stack of cards, possibly preparing to deal or shuffle them.",8;9;10;24;25;26;192;194;195;296;297;299;304;306;307;309;310;311;372;373;375;416;417;418;464;466;467;484;485;487;488;490;491;512;513;515;608;609;610;612;613;615;620;622;623;625;626;627;628;630;631;632;633;635;640;641;643;672;673;674;688;690;691,64,1
2bb31b69-fcda-4f54-8338-f590944df999,What action takes place before the game begins?,Sitting down on the rug.,"Before the game begins, the person in the striped socks shuffles the deck of cards.",8;9;10;24;25;26;192;194;195;296;297;299;304;306;307;309;310;311;372;373;375;416;417;418;464;466;467;484;485;487;488;490;491;512;513;515;608;609;610;612;613;615;620;622;623;625;626;627;628;630;631;632;633;635;640;641;643;672;673;674;688;690;691,64,1
2bb31b69-fcda-4f54-8338-f590944df999,What happens before more cards are picked from the pile?,Playing a round of cards.,"Before more cards are picked from the pile, the person in the striped socks and blue sweater picks up a card from the pile and examines it.",8;9;10;24;25;26;192;194;195;296;297;299;304;306;307;372;373;375;416;417;418;464;466;467;484;485;487;488;490;491;512;513;515;608;609;610;612;613;615;620;622;623;625;626;627;628;630;631;632;633;635;637;638;639;640;641;643;672;673;674;688;690;691,64,1
2bb31b69-fcda-4f54-8338-f590944df999,What activity takes place in this scene?,Playing cards in the house.,"The scene depicts two individuals engaged in a card game. One person is holding a deck of cards and appears to be dealing or organizing them, while the other person is holding a card and seems to be examining it. The setting is casual, with a patterned rug on the floor and various items scattered around, such as a drink container, a pair of boots, and some papers. The atmosphere suggests a relaxed, informal gathering, possibly at home.",8;9;10;24;25;26;192;194;195;296;297;299;304;306;307;309;310;311;372;373;375;416;417;418;464;466;467;484;485;487;488;490;491;512;513;515;608;609;610;612;613;615;620;622;623;625;626;627;628;630;631;632;633;635;637;638;639;640;641;643;672;673;674,64,1
2bb31b69-fcda-4f54-8338-f590944df999,Where are the individuals in this scene?,Inside a house.,"The individuals are sitting on a patterned rug on the floor in a room with a cozy, lived-in atmosphere.",8;9;10;24;25;26;192;194;195;296;297;299;304;306;307;309;310;311;372;373;375;416;417;418;464;466;467;484;485;487;488;490;491;512;513;515;608;609;610;612;613;615;620;622;623;625;626;627;628;630;631;632;633;635;637;638;639;640;641;643;672;673;674,64,1
2bb31b69-fcda-4f54-8338-f590944df999,What objects are central in this scenario?,Cards on the floor.,The central objects in this scenario are the playing cards and the person's hands.,8;9;10;24;25;26;192;194;195;296;297;299;304;306;307;372;373;375;416;417;418;464;466;467;484;485;487;488;490;491;512;513;515;608;609;610;612;613;615;620;622;623;625;626;627;628;630;631;632;633;635;637;638;639;640;641;643;672;673;674;688;690;691,64,1
2bb31b69-fcda-4f54-8338-f590944df999,How is the room in the clip furnished?,There's a bookshelf and a couch.,"The room is furnished with a gray armchair, a leopard print blanket, and a pink item on the floor.",8;9;10;24;25;26;192;194;195;296;297;299;304;306;307;372;373;375;416;417;418;464;466;467;484;485;487;488;490;491;512;513;515;608;609;610;612;613;615;620;622;623;625;626;627;628;630;631;632;633;635;637;638;639;640;641;643;672;673;674;688;690;691,64,1
2bb31b69-fcda-4f54-8338-f590944df999,What action is the person opposite performing?,Holding and presumably playing cards.,The person opposite is performing a shuffle and deal action with the cards.,8;9;10;24;25;26;192;194;195;296;297;299;304;306;307;309;310;311;372;373;375;416;417;418;464;466;467;484;485;487;488;490;491;512;513;515;608;609;610;612;613;615;620;622;623;625;626;627;628;630;631;632;633;635;637;638;639;640;641;643;672;673;674,64,1
2bb31b69-fcda-4f54-8338-f590944df999,What seems to be the immediate action captured in the frame?,Dealing or picking up cards.,The immediate action captured in the frame is the person in the striped sweater and blue sleeves holding a card and looking at it.,8;9;10;24;25;26;192;194;195;296;297;299;304;306;307;309;310;311;372;373;375;416;417;418;464;466;467;484;485;487;488;490;491;512;513;515;608;609;610;612;613;615;620;622;623;625;626;627;628;630;631;632;633;635;637;638;639;640;641;643;672;673;674,64,1
2bb31b69-fcda-4f54-8338-f590944df999,What can be said about the card game's progression?,It looks mid-game with several cards played.,"The card game's progression is evident through the changing positions of the cards on the mat, with the dealer's hand moving cards around and the player's hand showing a stack of cards, indicating the game's progression.",8;9;10;24;25;26;192;194;195;296;297;299;304;306;307;309;310;311;372;373;375;416;417;418;464;466;467;484;485;487;488;490;491;512;513;515;608;609;610;612;613;615;620;622;623;625;626;627;628;630;631;632;633;635;637;638;639;640;641;643;672;673;674,64,1
2bb31b69-fcda-4f54-8338-f590944df999,Is there a card game occurring?,Yes.,"Yes, there is a card game occurring. The video shows two individuals playing a card game on a patterned rug, with one person dealing cards and the other person holding a stack of cards. The cards are laid out in a specific order, indicating that they are following the rules of the game.",8;9;10;24;25;26;192;194;195;296;297;299;304;306;307;309;310;311;372;373;375;416;417;418;464;466;467;484;485;487;488;490;491;512;513;515;608;609;610;612;613;615;620;622;623;625;626;627;628;630;631;632;633;635;640;641;643;672;673;674;688;690;691,64,1
2bb31b69-fcda-4f54-8338-f590944df999,Is there more than one participant in the game?,Yes.,Yes.,8;9;10;24;25;26;192;194;195;296;297;299;304;306;307;372;373;375;416;417;418;464;466;467;484;485;487;488;490;491;512;513;515;608;609;610;612;613;615;620;622;623;625;626;627;628;630;631;632;633;635;637;638;639;640;641;643;672;673;674;688;690;691,64,1
2bb31b69-fcda-4f54-8338-f590944df999,Have any cards been laid out on the floor?,Yes.,"Yes, there are several cards laid out on the floor.",8;9;10;24;25;26;192;194;195;296;297;299;304;306;307;309;310;311;372;373;375;416;417;418;464;466;467;484;485;487;488;490;491;512;513;515;608;609;610;612;613;615;620;622;623;625;626;627;628;630;631;632;633;635;637;638;639;640;641;643;672;673;674,64,1
2bb31b69-fcda-4f54-8338-f590944df999,Is the activity taking place indoors?,Yes.,Yes.,8;9;10;24;25;26;192;194;195;296;297;299;304;306;307;309;310;311;372;373;375;416;417;418;464;466;467;484;485;487;488;490;491;512;513;515;608;609;610;612;613;615;620;622;623;625;626;627;628;630;631;632;633;635;637;638;639;640;641;643;672;673;674,64,1
2bb31b69-fcda-4f54-8338-f590944df999,Does it appear to be a formal card-playing setting?,No.,"No, it does not appear to be a formal card-playing setting. The environment is casual, with a cozy and lived-in atmosphere.",8;9;10;24;25;26;192;194;195;296;297;299;304;306;307;372;373;375;416;417;418;464;466;467;484;485;487;488;490;491;512;513;515;608;609;610;612;613;615;620;622;623;625;626;627;628;630;631;632;633;635;637;638;639;640;641;643;672;673;674;688;690;691,64,1
2bb31b69-fcda-4f54-8338-f590944df999,Was the rug visible before I started playing cards?,Yes.,"Yes, the rug was visible before you started playing cards.",8;9;10;24;25;26;192;194;195;296;297;299;304;306;307;372;373;375;416;417;418;464;466;467;484;485;487;488;490;491;512;513;515;608;609;610;612;613;615;620;622;623;625;626;627;628;630;631;632;633;635;637;638;639;640;641;643;672;673;674;688;690;691,64,1
2bb31b69-fcda-4f54-8338-f590944df999,Did the plant appear in the frame before the game began?,Yes.,"No, the plant appeared in the frame after the game began.",8;9;10;24;25;26;192;194;195;296;297;299;304;306;307;309;310;311;372;373;375;416;417;418;464;466;467;484;485;487;488;490;491;512;513;515;608;609;610;612;613;615;620;622;623;625;626;627;628;630;631;632;633;635;637;638;639;640;641;643;672;673;674,64,1
2bb31b69-fcda-4f54-8338-f590944df999,What happens before I sit on the floor?,The setting of the room is displayed.,"Before sitting on the floor, you would likely be in a room with a patterned rug, surrounded by various items such as a pair of boots, a pink item, and a white cup. There are also several decks of playing cards scattered around. You would be holding a deck of cards and appear to be in the process of organizing or shuffling them.",8;9;10;24;25;26;192;194;195;296;297;299;304;306;307;309;310;311;372;373;375;416;417;418;464;466;467;484;485;487;488;490;491;512;513;515;608;609;610;612;613;615;620;622;623;625;626;627;628;630;631;632;633;635;637;638;639;640;641;643;672;673;674,64,1
2bb31b69-fcda-4f54-8338-f590944df999,"In the video, does the arrangement of cards on the floor change before a new card is drawn?",No,"No, the arrangement of cards on the floor remains the same before a new card is drawn.",8;9;10;24;25;26;192;194;195;296;297;299;304;306;307;309;310;311;372;373;375;416;417;418;464;466;467;484;485;487;488;490;491;512;513;515;608;609;610;612;613;615;620;622;623;625;626;627;628;630;631;632;633;635;637;638;639;640;641;643;672;673;674,64,1
2bb31b69-fcda-4f54-8338-f590944df999,"In the video, is the heart card shown before a player picks more cards?",Yes,"Yes, the heart card is shown before a player picks more cards.",8;9;10;24;25;26;192;194;195;296;297;299;304;306;307;309;310;311;372;373;375;416;417;418;464;466;467;484;485;487;488;490;491;512;513;515;608;609;610;612;613;615;620;622;623;625;626;627;628;630;631;632;633;635;637;638;639;640;641;643;672;673;674,64,1
2bb31b69-fcda-4f54-8338-f590944df999,Does the woman put down a card before all cards are laid out?,Yes,"No, the woman does not put down a card before all cards are laid out.",8;9;10;24;25;26;192;194;195;296;297;299;304;306;307;309;310;311;372;373;375;416;417;418;464;466;467;484;485;487;488;490;491;512;513;515;608;609;610;612;613;615;620;622;623;625;626;627;628;630;631;632;633;635;637;638;639;640;641;643;672;673;674,64,1
2bb31b69-fcda-4f54-8338-f590944df999,What occurs just before a new card is drawn from the deck?,Players examine their cards,The person in the striped socks shuffles the deck.,8;9;10;24;25;26;192;194;195;296;297;299;304;306;307;309;310;311;372;373;375;416;417;418;464;466;467;484;485;487;488;490;491;512;513;515;608;609;610;612;613;615;620;622;623;625;626;627;628;630;631;632;633;635;637;638;639;640;641;643;672;673;674,64,1
2bb31b69-fcda-4f54-8338-f590944df999,"In the video sequence, what do we see happening before the cards are spread out?",A card is being placed down,"Before the cards are spread out, we see a person holding a deck of cards and another person holding a piece of paper.",8;9;10;24;25;26;192;194;195;296;297;299;304;306;307;309;310;311;372;373;375;416;417;418;464;466;467;484;485;487;488;490;491;512;513;515;608;609;610;612;613;615;620;622;623;625;626;627;628;630;631;632;633;635;637;638;639;640;641;643;672;673;674,64,1
2bb31b69-fcda-4f54-8338-f590944df999,What takes place right before more cards are picked from the deck?,The woman sorts her cards,The person in the striped socks is seen holding a card and examining it closely.,8;9;10;24;25;26;192;194;195;296;297;299;304;306;307;309;310;311;372;373;375;416;417;418;464;466;467;484;485;487;488;490;491;512;513;515;608;609;610;612;613;615;620;622;623;625;626;627;628;630;631;632;633;635;637;638;639;640;641;643;672;673;674,64,1
af400f98-3c57-46ad-acac-eaca6f940180,What location is shown in the video frame?,It shows a road.,The video frame shows a street scene with a person walking.,0;1;3;5;6;7;9;10;11;13;14;15;16;17;19;21;22;23;24;25;26;28;30;31;32;34;35;36;37;38;41;42;43;44;45;47;49;50;51;52;53;55;56;58;59;60;61;62;65;66;67;68;69;70;265;266;267;332;334;335;336;337;338,64,1
af400f98-3c57-46ad-acac-eaca6f940180,Are there other people present in this scene?,"Yes, people are present.","Yes, there are other people present in the scene. The video shows a person in a striped shirt and another person in a patterned dress walking together.",0;1;3;5;6;7;9;10;11;13;14;15;16;17;19;21;22;23;24;25;26;28;30;31;32;34;35;36;37;38;41;42;43;44;45;47;49;50;51;52;53;55;56;58;59;60;61;62;65;66;67;68;69;70;265;266;267;332;334;335;336;337;338,64,1
af400f98-3c57-46ad-acac-eaca6f940180,Is the environment urban or rural?,The environment appears to be urban.,"The environment appears to be rural or semi-urban, as indicated by the presence of a dirt path, the simplicity of the surroundings, and the lack of urban infrastructure.",0;1;3;5;6;7;9;10;11;13;14;15;16;17;19;21;22;23;28;30;31;32;34;35;36;37;38;41;42;43;44;45;47;49;50;51;52;53;55;56;58;59;60;61;62;65;66;67;68;69;70;265;266;267;332;334;335;336;337;338;400;402;403,64,1
af400f98-3c57-46ad-acac-eaca6f940180,Is the road busy or empty?,The road is busy with movement.,The road is empty.,0;1;3;5;6;7;9;10;11;13;14;15;16;17;19;21;22;23;24;25;26;28;30;31;32;34;35;36;37;38;41;42;43;44;45;47;49;50;51;52;53;55;56;58;59;60;61;62;65;66;67;68;69;70;265;266;267;332;334;335;336;337;338,64,1
af400f98-3c57-46ad-acac-eaca6f940180,What is the weather like in the scene?,The weather information is not provided.,"The weather in the scene appears to be clear and dry, as there are no signs of rain or wet conditions.",0;1;3;5;6;7;9;10;11;13;14;15;16;17;19;21;22;23;24;25;26;28;30;31;32;34;35;36;37;38;41;42;43;44;45;47;49;50;51;52;53;55;56;58;59;60;61;62;65;66;67;68;69;70;265;266;267;332;334;335;336;337;338,64,1
af400f98-3c57-46ad-acac-eaca6f940180,Who is walking in this clip?,I am walking along the road.,"The video shows a person walking, but due to the low light and the angle of the shot, it's not possible to identify the person or provide any personal details.",0;1;3;5;6;7;9;10;11;13;14;15;16;17;19;21;22;23;24;25;26;28;30;31;32;34;35;36;37;38;41;42;43;44;45;47;49;50;51;52;53;55;56;58;59;60;61;62;65;66;67;68;69;70;265;266;267;332;334;335;336;337;338,64,1
af400f98-3c57-46ad-acac-eaca6f940180,What is the camera angle capturing?,The camera angle captures from the walker's perspective.,The camera angle is capturing the ground and the lower part of the person's body.,0;1;3;5;6;7;9;10;11;13;14;15;16;17;19;21;22;23;24;25;26;28;30;31;32;34;35;36;37;38;41;42;43;44;45;47;49;50;51;52;53;55;56;58;59;60;61;62;65;66;67;68;69;70;265;266;267;332;334;335;336;337;338,64,1
af400f98-3c57-46ad-acac-eaca6f940180,Is there interaction with the passerby?,No interaction is mentioned or shown.,"No, there is no interaction with the passerby.",0;1;3;5;6;7;9;10;11;13;14;15;16;17;19;21;22;23;24;25;26;28;30;31;32;34;35;36;37;38;41;42;43;44;45;47;49;50;51;52;53;55;56;58;59;60;61;62;65;66;67;68;69;70;265;266;267;332;334;335;336;337;338,64,1
af400f98-3c57-46ad-acac-eaca6f940180,Do any vehicles pass by closely?,"The summary indicates vehicles move past, but closeness isn't specified.","No, there are no vehicles passing by closely.",0;1;3;5;6;7;9;10;11;13;14;15;16;17;19;21;22;23;24;25;26;28;30;31;32;34;35;36;37;38;41;42;43;44;45;47;49;50;51;52;53;55;56;58;59;60;61;62;65;66;67;68;69;70;265;266;267;332;334;335;336;337;338,64,1
af400f98-3c57-46ad-acac-eaca6f940180,Is there an accident occurring in the video?,"No, no accident is mentioned.","No, there is no accident occurring in the video. The video shows a person walking on a dark street, with the camera pointing downwards, and the person's feet and legs are visible. The surroundings are dimly lit, and there are no signs of an accident or any other significant event.",0;1;3;5;6;7;9;10;11;13;14;15;16;17;19;21;22;23;24;25;26;28;30;31;32;34;35;36;37;38;41;42;43;44;45;47;49;50;51;52;53;55;56;58;59;60;61;62;65;66;67;68;69;70;265;266;267;332;334;335;336;337;338,64,1
af400f98-3c57-46ad-acac-eaca6f940180,Is there any construction work shown in the video?,"No, no construction is mentioned.","No, there is no construction work shown in the video.",0;1;3;5;6;7;9;10;11;13;14;15;16;17;19;21;22;23;24;25;26;28;30;31;32;34;35;36;37;38;41;42;43;44;45;47;49;50;51;52;53;55;56;58;59;60;61;62;65;66;67;68;69;70;265;266;267;332;334;335;336;337;338,64,1
af400f98-3c57-46ad-acac-eaca6f940180,Does the video frame show clear skies?,The video frame does not provide this information.,"No, the video frame does not show clear skies.",0;1;3;5;6;7;9;10;11;13;14;15;16;17;19;21;22;23;24;25;26;28;30;31;32;34;35;36;37;38;41;42;43;44;45;47;49;50;51;52;53;55;56;58;59;60;61;62;65;66;67;68;69;70;265;266;267;332;334;335;336;337;338,64,1
af400f98-3c57-46ad-acac-eaca6f940180,What is the main event depicted in this video clip?,A walk on the road with a woman and interactions with passersby.,The main event depicted in this video clip is a nighttime walk.,0;1;3;5;6;7;9;10;11;16;17;19;21;22;23;28;30;31;32;34;35;36;37;38;41;42;43;44;45;47;49;50;51;52;53;55;56;58;59;60;61;62;65;66;67;68;69;70;265;266;267;336;337;338;421;422;423;424;425;426;777;778;779,64,1
af400f98-3c57-46ad-acac-eaca6f940180,Which location is primarily featured in this video clip?,The video clip features a road.,"The video primarily features a dark, possibly nighttime setting with minimal visibility.",0;1;3;5;6;7;9;10;11;16;17;19;21;22;23;28;30;31;32;34;35;36;37;38;41;42;43;44;45;47;49;50;51;52;53;55;56;58;59;60;61;62;65;66;67;68;69;70;265;266;267;336;337;338;421;422;423;424;425;426;777;778;779,64,1
af400f98-3c57-46ad-acac-eaca6f940180,How many main subjects are involved in this video scenario?,"Two main subjects, a man and a woman.",There are two main subjects involved in this video scenario.,0;1;3;5;6;7;9;10;11;16;17;19;21;22;23;28;30;31;32;34;35;36;37;38;41;42;43;44;45;47;49;50;51;52;53;55;56;58;59;60;61;62;65;66;67;68;69;70;265;266;267;336;337;338;421;422;423;424;425;426;777;778;779,64,1
af400f98-3c57-46ad-acac-eaca6f940180,Are there other individuals present in this video scene besides the subjects?,"Yes, there are passersby present.","Yes, there are other individuals present in the video scene. In the final frames, a person wearing red shoes can be seen walking ahead of the subjects.",0;1;3;5;6;7;9;10;11;16;17;19;21;22;23;28;30;31;32;34;35;36;37;38;41;42;43;44;45;47;49;50;51;52;53;55;56;58;59;60;61;62;65;66;67;68;69;70;265;266;267;336;337;338;421;422;423;424;425;426;777;778;779,64,1
af400f98-3c57-46ad-acac-eaca6f940180,What actions are shown in these new frames?,A person is seen walking and reaching out to others.,"The new frames show a person walking on a path. The person is wearing a striped shirt and dark pants. The surroundings include a dirt path with some vegetation on the sides. The person's right hand is visible, holding what appears to be a small object or piece of paper. The lighting suggests it might be evening or a shaded area. The person is moving forward, and the perspective is from a first-person viewpoint, likely from a camera mounted on the person's head or chest.",0;1;3;5;6;7;9;10;11;16;17;19;21;22;23;28;30;31;32;34;35;36;37;38;41;42;43;44;45;47;49;50;51;52;53;55;56;58;59;60;61;62;65;66;67;68;69;70;265;266;267;336;337;338;421;422;423;424;425;426;777;778;779,64,1
af400f98-3c57-46ad-acac-eaca6f940180,Is there any communication depicted in the clip?,"Yes, there is interaction with passersby.","No, there is no communication depicted in the clip.",0;1;3;5;6;7;9;10;11;16;17;19;21;22;23;28;30;31;32;34;35;36;37;38;41;42;43;44;45;47;49;50;51;52;53;55;56;58;59;60;61;62;65;66;67;68;69;70;265;266;267;336;337;338;421;422;423;424;425;426;777;778;779,64,1
af400f98-3c57-46ad-acac-eaca6f940180,Can you describe the physical posture in this frame?,The person's arm is extended forward as if reaching out.,"The person is walking with a relaxed posture, with their arms hanging loosely by their sides.",0;1;3;5;6;7;9;10;11;16;17;19;21;22;23;28;30;31;32;34;35;36;37;38;41;42;43;44;45;47;49;50;51;52;53;55;56;58;59;60;61;62;68;69;70;265;266;267;332;334;335;336;337;338;421;422;423;424;425;426;777;778;779,64,1
af400f98-3c57-46ad-acac-eaca6f940180,Are the movements in the video leisurely or hurried?,They appear leisurely.,"The movements in the video are leisurely, as indicated by the casual pace of walking and the relaxed posture of the person.",0;1;3;5;6;7;9;10;11;16;17;19;21;22;23;28;30;31;32;34;35;36;37;38;41;42;43;44;45;47;49;50;51;52;53;55;56;58;59;60;61;62;68;69;70;265;266;267;332;334;335;336;337;338;421;422;423;424;425;426;777;778;779,64,1
af400f98-3c57-46ad-acac-eaca6f940180,Does the person in the video come into physical contact with others?,It is implied but not visible.,"No, the person in the video does not come into physical contact with others.",0;1;3;5;6;7;9;10;11;16;17;19;21;22;23;28;30;31;32;34;35;36;37;38;41;42;43;44;45;47;49;50;51;52;53;55;56;58;59;60;61;62;65;66;67;68;69;70;265;266;267;336;337;338;421;422;423;424;425;426;777;778;779,64,1
af400f98-3c57-46ad-acac-eaca6f940180,Is the person in the video engaging in a conversation?,Yes.,"No, the person in the video is not engaging in a conversation.",0;1;3;5;6;7;9;10;11;16;17;19;21;22;23;28;30;31;32;34;35;36;37;38;41;42;43;44;45;47;49;50;51;52;53;55;56;58;59;60;61;62;65;66;67;68;69;70;265;266;267;336;337;338;421;422;423;424;425;426;777;778;779,64,1
af400f98-3c57-46ad-acac-eaca6f940180,Does the person walk on a grassy path in the video?,No.,"No, the person walks on a dirt path in the video.",0;1;3;5;6;7;9;10;11;16;17;19;21;22;23;28;30;31;32;34;35;36;37;38;41;42;43;44;45;47;49;50;51;52;53;55;56;58;59;60;61;62;68;69;70;265;266;267;332;334;335;336;337;338;421;422;423;424;425;426;777;778;779,64,1
af400f98-3c57-46ad-acac-eaca6f940180,Does the person in the video interact with more than one passerby?,Yes.,"Yes, the person in the video interacts with more than one passerby, as indicated by the brief moments where the person's hand is seen reaching out towards another individual.",0;1;3;5;6;7;9;10;11;16;17;19;21;22;23;28;30;31;32;34;35;36;37;38;41;42;43;44;45;47;49;50;51;52;53;55;56;58;59;60;61;62;65;66;67;68;69;70;265;266;267;332;334;335;336;337;338;421;422;423;424;425;426,64,1
af400f98-3c57-46ad-acac-eaca6f940180,What is the setting of this video clip?,It's on a road with a person walking and interacting with a woman.,"The setting of the video clip is a dark, possibly nighttime environment with limited visibility.",0;1;3;5;6;7;9;10;11;16;17;19;21;22;23;28;30;31;32;34;35;36;37;38;41;42;43;44;45;47;49;50;51;52;53;55;56;58;59;60;61;62;65;66;67;68;69;70;265;266;267;336;337;338;421;422;423;424;425;426;777;778;779,64,1
af400f98-3c57-46ad-acac-eaca6f940180,Is there any physical contact between the two individuals?,No.,"No, there is no physical contact between the two individuals.",0;1;3;5;6;7;9;10;11;16;17;19;21;22;23;28;30;31;32;34;35;36;37;38;41;42;43;44;45;47;49;50;51;52;53;55;56;58;59;60;61;62;68;69;70;265;266;267;332;334;335;336;337;338;421;422;423;424;425;426;777;778;779,64,1
af400f98-3c57-46ad-acac-eaca6f940180,Did the person in the video stop walking while interacting?,No.,"No, the person in the video continued walking while interacting with the person in the polka dot dress.",0;1;3;5;6;7;9;10;11;16;17;19;21;22;23;28;30;31;32;34;35;36;37;38;41;42;43;44;45;47;49;50;51;52;53;55;56;58;59;60;61;62;65;66;67;68;69;70;265;266;267;336;337;338;421;422;423;424;425;426;777;778;779,64,1
af400f98-3c57-46ad-acac-eaca6f940180,Is the communication friendly and non-threatening?,Yes.,Yes,0;1;3;5;6;7;9;10;11;16;17;19;21;22;23;28;30;31;32;34;35;36;37;38;41;42;43;44;45;47;49;50;51;52;53;55;56;58;59;60;61;62;65;66;67;68;69;70;265;266;267;332;334;335;336;337;338;424;425;426;777;778;779,64,1
af400f98-3c57-46ad-acac-eaca6f940180,"In the video, do I interact with some passersby before walking with the woman on the road?",No,"Yes, in the video, you interact with some passersby before walking with the woman on the road.",0;1;3;5;6;7;9;10;11;16;17;19;21;22;23;28;30;31;32;34;35;36;37;38;41;42;43;44;45;47;49;50;51;52;53;55;56;58;59;60;61;62;68;69;70;265;266;267;332;334;335;336;337;338;421;422;423;424;425;426;777;778;779,64,1
af400f98-3c57-46ad-acac-eaca6f940180,"In the video, do I walk alone on the road before interacting with a woman?",Yes,"Yes, in the video, you walk alone on the road before interacting with a woman.",0;1;3;5;6;7;9;10;11;16;17;19;21;22;23;28;30;31;32;34;35;36;37;38;41;42;43;44;45;47;49;50;51;52;53;55;56;58;59;60;61;62;65;66;67;68;69;70;265;266;267;336;337;338;421;422;423;424;425;426;777;778;779,64,1
af400f98-3c57-46ad-acac-eaca6f940180,What do I do just before interacting with the woman on the road in the video?,Walk alone,"In the video, just before interacting with the woman on the road, you are seen walking along a path with a person wearing a striped shirt and jeans. The surroundings suggest an outdoor setting with vegetation on the sides of the path. The woman is wearing a patterned dress and red shoes. The interaction seems to involve a conversation or an exchange, as indicated by the body language and the direction of the gaze and movement of the individuals.",0;1;3;5;6;7;9;10;11;16;17;19;21;22;23;28;30;31;32;34;35;36;37;38;41;42;43;44;45;47;49;50;51;52;53;55;56;58;59;60;61;62;65;66;67;68;69;70;265;266;267;336;337;338;421;422;423;424;425;426;777;778;779,64,1
20bc995f-c3de-4789-bd7a-34cf1a313b0c,Who is involved in the scene?,A man and some girls.,A man wearing a blue and white striped shirt and a woman in a pink shirt are involved in the scene.,0;1;3;8;9;11;16;17;18;28;29;30;48;49;51;56;57;58;60;61;63;64;65;66;84;85;87;88;89;90;92;94;95;101;102;103;105;106;107;108;109;111;116;117;118;120;121;123;128;129;131;132;133;135;136;137;138;140;141;142;144;145;146,64,1
20bc995f-c3de-4789-bd7a-34cf1a313b0c,What activity is taking place?,Food preparation.,"The video shows a person standing at a food stall, likely preparing or serving food. The individual is wearing a striped shirt and appears to be interacting with the food items on the stall, which include a variety of snacks and drinks. The setting suggests a street food environment, possibly in an urban area, with other people and food stalls visible in the background. The person is seen handling a spoon and a bowl, which indicates they might be serving or mixing ingredients. The lighting is dim, suggesting it could be evening or night.",0;1;3;8;9;11;16;17;18;28;29;30;48;49;51;56;57;58;60;61;63;64;65;66;84;85;87;88;89;90;92;94;95;101;102;103;105;106;107;108;109;111;116;117;118;120;121;123;128;129;131;132;133;135;136;137;138;140;141;142;144;145;146,64,1
20bc995f-c3de-4789-bd7a-34cf1a313b0c,What can be seen on the table in the scene?,Ingredients and cooking utensils.,"The table is cluttered with various items, including a large metal bowl with a mixture of ingredients, a smaller bowl with chopped vegetables, a large pot, and a container with a dark liquid.",0;1;3;8;9;11;16;17;18;28;29;30;48;49;51;56;57;58;60;61;63;64;65;66;84;85;87;88;89;90;92;94;95;101;102;103;105;106;107;108;109;111;116;117;118;120;121;123;128;129;131;132;133;135;136;137;138;140;141;142;144;145;146,64,1
20bc995f-c3de-4789-bd7a-34cf1a313b0c,What is the camera wearer doing with the spoon?,Cooking food.,The camera wearer is using the spoon to scoop food from the large metal plate.,0;1;3;8;9;11;16;17;18;28;29;30;48;49;51;56;57;58;60;61;63;64;65;66;84;85;87;88;89;90;92;94;95;101;102;103;105;106;107;108;109;111;116;117;118;120;121;123;128;129;131;132;133;135;136;137;138;140;141;142;144;145;146,64,1
20bc995f-c3de-4789-bd7a-34cf1a313b0c,What can be assumed about the pace of the activity?,It is fast-paced.,"The activity is fast-paced, with the person moving quickly and efficiently.",0;1;3;8;9;11;16;17;18;28;29;30;48;49;51;56;57;58;60;61;63;64;65;66;84;85;87;88;89;90;92;94;95;101;102;103;105;106;107;108;109;111;116;117;118;120;121;123;128;129;131;132;133;135;136;137;138;140;141;142;144;145;146,64,1
20bc995f-c3de-4789-bd7a-34cf1a313b0c,Does the video show any monetary transaction?,No.,"Yes, the video shows a hand holding a white plastic container, possibly for payment, and a person in a pink shirt is seen holding a mobile phone, which could be used for a transaction.",0;1;3;8;9;11;16;17;18;28;29;30;48;49;51;56;57;58;60;61;63;64;65;66;84;85;87;88;89;90;92;94;95;101;102;103;105;106;107;108;109;111;116;117;118;120;121;123;128;129;131;132;133;135;136;137;138;140;141;142;144;145;146,64,1
20bc995f-c3de-4789-bd7a-34cf1a313b0c,Is the food prepared for a large group?,Yes.,"Yes, the food is prepared for a large group as indicated by the large quantity of food items and the presence of multiple people in the background.",0;1;3;8;9;11;16;17;18;28;29;30;48;49;51;56;57;58;60;61;63;64;65;66;84;85;87;88;89;90;92;94;95;101;102;103;105;106;107;108;109;111;116;117;118;120;121;123;128;129;131;132;133;135;136;137;138;140;141;142;144;145;146,64,1
20bc995f-c3de-4789-bd7a-34cf1a313b0c,Does the camera wearer handle more than one dish?,Yes.,"Yes, the camera wearer handles multiple dishes, including a large metal bowl with a mixture of ingredients and a smaller bowl with a different mixture.",0;1;3;8;9;11;16;17;18;28;29;30;48;49;51;56;57;58;60;61;63;64;65;66;84;85;87;88;89;90;92;94;95;101;102;103;105;106;107;108;109;111;116;117;118;120;121;123;128;129;131;132;133;135;136;137;138;140;141;142;144;145;146,64,1
20bc995f-c3de-4789-bd7a-34cf1a313b0c,What is the setting in this video clip?,A food tent with servings of food.,"The setting in this video clip is a street food stall at night, with various food items and utensils visible.",64;65;66;88;89;90;105;106;107;120;121;123;128;129;131;132;133;135;136;137;138;144;145;146;156;158;159;160;161;162;168;169;170;176;177;178;200;201;202;220;222;223;236;237;239;261;262;263;264;265;266;268;269;270;272;273;274;276;278;279;280;281;282,64,1
20bc995f-c3de-4789-bd7a-34cf1a313b0c,Is the person serving food to more than one person?,Yes.,"Yes, the person serving food is seen interacting with multiple customers, indicating that they are serving food to more than one person.",64;65;66;88;89;90;105;106;107;120;121;123;128;129;131;132;133;135;136;137;138;144;145;146;156;158;159;160;161;162;168;169;170;176;177;178;200;201;202;220;222;223;236;237;239;261;262;263;264;265;266;268;269;270;272;273;274;276;278;279;280;281;282,64,1
20bc995f-c3de-4789-bd7a-34cf1a313b0c,Is there a pot included in the food items being served?,Yes.,Yes.,64;65;66;88;89;90;105;106;107;128;129;131;132;133;135;136;137;138;144;145;146;156;158;159;160;161;162;168;169;170;176;177;178;200;201;202;220;222;223;233;234;235;236;237;239;261;262;263;264;265;266;268;269;270;272;273;274;276;278;279;280;281;282,64,1
20bc995f-c3de-4789-bd7a-34cf1a313b0c,Is the setting of this video during a nighttime event?,Yes.,Yes.,64;65;66;88;89;90;105;106;107;120;121;123;128;129;131;132;133;135;136;137;138;144;145;146;156;158;159;160;161;162;168;169;170;176;177;178;200;201;202;220;222;223;236;237;239;261;262;263;264;265;266;268;269;270;272;273;274;276;278;279;280;281;282,64,1
20bc995f-c3de-4789-bd7a-34cf1a313b0c,Is the food made for a man and some girls before serving food under the tent?,Yes,The video does not provide information about the gender of the individuals involved in the food preparation or serving. It focuses on the food preparation process and the environment of the street food stall.,64;65;66;88;89;90;105;106;107;128;129;131;132;133;135;136;137;138;144;145;146;156;158;159;160;161;162;168;169;170;176;177;178;200;201;202;220;222;223;233;234;235;236;237;239;261;262;263;264;265;266;268;269;270;272;273;274;276;278;279;280;281;282,64,1
20bc995f-c3de-4789-bd7a-34cf1a313b0c,What is the setting of the video clip?,At a roadside food stall.,The setting of the video clip is a kitchen with a black countertop and a white wall.,268;269;270;272;273;274;285;286;287;288;289;291;292;293;294;296;297;298;300;301;303;304;305;306;308;309;310;313;314;315;316;317;319;320;321;322;324;325;326;328;329;330;332;333;334;336;337;338;340;341;342;344;345;346;349;350;351;352;353;354;356;357;358,64,1
20bc995f-c3de-4789-bd7a-34cf1a313b0c,Who is the main person interacting with others in the scene?,A food stall vendor.,The main person interacting with others in the scene is a woman wearing a red top.,268;269;270;272;273;274;276;278;279;285;286;287;288;289;291;292;293;294;296;297;298;300;301;303;304;305;306;308;309;310;313;314;315;316;317;319;320;321;322;324;325;326;328;329;330;332;333;334;336;337;338;340;341;342;344;345;346;349;350;351;352;353;354,64,1
20bc995f-c3de-4789-bd7a-34cf1a313b0c,What type of interaction occurs between the vendor and customers?,Serving food and conversing.,The video shows a vendor interacting with customers by serving them food and engaging in conversation.,268;269;270;272;273;274;276;278;279;285;286;287;288;289;291;292;293;294;296;297;298;300;301;303;304;305;306;308;309;310;313;314;315;316;317;319;320;321;322;324;325;326;328;329;330;332;333;334;336;337;338;340;341;342;344;345;346;349;350;351;352;353;354,64,1
20bc995f-c3de-4789-bd7a-34cf1a313b0c,How is the stall vendor engaging with the customers besides serving food?,Talking with them.,The stall vendor is engaging with customers by actively serving food and interacting with them.,268;269;270;272;273;274;276;278;279;285;286;287;288;289;291;292;293;294;296;297;298;300;301;303;304;305;306;308;309;310;313;314;315;316;317;319;320;321;322;324;325;326;328;329;330;332;333;334;336;337;338;340;341;342;344;345;346;349;350;351;352;353;354,64,1
20bc995f-c3de-4789-bd7a-34cf1a313b0c,Is the vendor wearing gloves while handling food?,No.,"Yes, the vendor is wearing gloves while handling food.",268;269;270;272;273;274;276;278;279;285;286;287;288;289;291;292;293;294;296;297;298;300;301;303;304;305;306;308;309;310;313;314;315;316;317;319;320;321;322;324;325;326;328;329;330;332;333;334;336;337;338;340;341;342;344;345;346;349;350;351;352;353;354,64,1
20bc995f-c3de-4789-bd7a-34cf1a313b0c,Does the video show a customer receiving change after payment?,No.,"Yes, the video shows a customer receiving change after payment.",268;269;270;272;273;274;285;286;287;288;289;291;292;293;294;296;297;298;300;301;303;304;305;306;308;309;310;313;314;315;316;317;319;320;321;322;324;325;326;328;329;330;332;333;334;336;337;338;340;341;342;344;345;346;349;350;351;352;353;354;356;357;358,64,1
20bc995f-c3de-4789-bd7a-34cf1a313b0c,Is there any interaction between the customers in the frame?,No.,"No, there is no interaction between the customers in the frame.",268;269;270;272;273;274;285;286;287;288;289;291;292;293;294;296;297;298;300;301;303;304;305;306;308;309;310;313;314;315;316;317;319;320;321;322;324;325;326;328;329;330;332;333;334;336;337;338;340;341;342;344;345;346;349;350;351;352;353;354;356;357;358,64,1
20bc995f-c3de-4789-bd7a-34cf1a313b0c,Does the stall have a digital payment option displayed?,Yes.,"Yes, the stall has a digital payment option displayed.",268;269;270;272;273;274;285;286;287;288;289;291;292;293;294;296;297;298;300;301;303;304;305;306;308;309;310;313;314;315;316;317;319;320;321;322;324;325;326;328;329;330;332;333;334;336;337;338;340;341;342;344;345;346;349;350;351;352;353;354;356;357;358,64,1
20bc995f-c3de-4789-bd7a-34cf1a313b0c,Does the interaction with woman B happen before serving to woman C?,Yes,"Yes, the interaction with woman B happens before serving to woman C.",268;269;270;272;273;274;285;286;287;288;289;291;292;293;294;296;297;298;300;301;303;304;305;306;308;309;310;313;314;315;316;317;319;320;321;322;324;325;326;328;329;330;332;333;334;336;337;338;340;341;342;344;345;346;349;350;351;352;353;354;356;357;358,64,1
20bc995f-c3de-4789-bd7a-34cf1a313b0c,Do I serve food to a group of people before the roadside food stall scene?,No,"No, the serving of food to a group of people is depicted after the roadside food stall scene.",268;269;270;272;273;274;285;286;287;288;289;291;292;293;294;296;297;298;300;301;303;304;305;306;308;309;310;313;314;315;316;317;319;320;321;322;324;325;326;328;329;330;332;333;334;336;337;338;340;341;342;344;345;346;349;350;351;352;353;354;356;357;358,64,1
20bc995f-c3de-4789-bd7a-34cf1a313b0c,"In the video, did I serve food under the tent before talking to man A at the stand?",No,"No, you did not serve food under the tent before talking to man A at the stand.",268;269;270;272;273;274;285;286;287;288;289;291;292;293;294;296;297;298;300;301;303;304;305;306;308;309;310;313;314;315;316;317;319;320;321;322;324;325;326;328;329;330;332;333;334;336;337;338;340;341;342;344;345;346;349;350;351;352;353;354;356;357;358,64,1
20bc995f-c3de-4789-bd7a-34cf1a313b0c,"In the video, does serving pani puri occur before making food for the man and girls?",Yes,"No, serving pani puri occurs after making food for the man and girls.",268;269;270;272;273;274;285;286;287;288;289;291;292;293;294;296;297;298;300;301;303;304;305;306;308;309;310;313;314;315;316;317;319;320;321;322;324;325;326;328;329;330;332;333;334;336;337;338;340;341;342;344;345;346;349;350;351;352;353;354;356;357;358,64,1
20bc995f-c3de-4789-bd7a-34cf1a313b0c,"What happens before interacting with woman A, B, and C at the roadside stall?",I serve food to a group of people.,"Before interacting with woman A, B, and C at the roadside stall, the person is seen walking towards the stall.",268;269;270;272;273;274;276;278;279;285;286;287;288;289;291;292;293;294;296;297;298;300;301;303;304;305;306;308;309;310;313;314;315;316;317;319;320;321;322;324;325;326;328;329;330;332;333;334;336;337;338;340;341;342;344;345;346;349;350;351;352;353;354,64,1
20bc995f-c3de-4789-bd7a-34cf1a313b0c,Describe the setting of this video clip.,A roadside food stall at night.,The video begins with a scene of a kitchen where a person is preparing food. The kitchen is well-lit and has various utensils and ingredients visible on the counter. The person is seen chopping vegetables on a cutting board. The scene then transitions to a close-up of the person's hands as they mix ingredients in a bowl. The person is wearing a white apron and has short hair. The video then cuts to a shot of a person's hands as they knead dough on a wooden surface. The person is wearing a white shirt and has short hair. The scene then transitions to a shot of a person's hands as they mix ingredients in a bowl. The person is wearing a white apron and has short hair. The video then cuts to a shot of a person's hands as they knead dough on a wooden surface. The person is wearing a white shirt and has short hair. The scene then transitions to a shot of a person's hands as they mix ingredients in a bowl. The person is wearing a white apron and has short hair. The video then cuts to a shot of a person's hands as they knead dough on a wooden surface. The person is wearing a white shirt and has short hair. The scene then transitions to a shot of a,268;269;270;272;273;274;285;286;287;288;289;291;292;293;294;296;297;298;300;301;303;304;305;306;308;309;310;313;314;315;316;317;319;320;321;322;324;325;326;328;329;330;332;333;334;336;337;338;340;341;342;344;345;346;349;350;351;352;353;354;356;357;358,64,1
20bc995f-c3de-4789-bd7a-34cf1a313b0c,Could you summarize the depicted scenario?,A person serving and conversing at a food stall.,"The image provided is a series of black screens with no visible content. There are no objects, people, or any discernible details to describe. The entire image is uniformly black, indicating that there is no visual information to summarize or describe.",268;269;270;272;273;274;276;278;279;280;281;282;285;286;287;288;289;291;292;293;294;296;297;298;300;301;303;304;305;306;308;309;310;313;314;315;316;317;319;320;321;322;324;325;326;328;329;330;332;333;334;336;337;338;340;341;342;413;414;415;416;417;418,64,1
20bc995f-c3de-4789-bd7a-34cf1a313b0c,Did the vendor converse with two individuals?,Yes.,"Yes, the vendor conversed with two individuals.",268;269;270;272;273;274;276;278;279;280;281;282;285;286;287;288;289;291;292;293;294;296;297;298;300;301;303;304;305;306;308;309;310;313;314;315;316;317;319;320;321;322;324;325;326;328;329;330;332;333;334;336;337;338;340;341;342;413;414;415;416;417;418,64,1
20bc995f-c3de-4789-bd7a-34cf1a313b0c,"In the sequence, is food served at the roadside stall before the food tent?",No,"Yes, food is served at the roadside stall before the food tent.",268;269;270;272;273;274;285;286;287;288;289;291;292;293;294;296;297;298;300;301;303;304;305;306;308;309;310;313;314;315;316;317;319;320;321;322;324;325;326;328;329;330;332;333;334;336;337;338;340;341;342;344;345;346;349;350;351;352;353;354;356;357;358,64,1
20bc995f-c3de-4789-bd7a-34cf1a313b0c,What scene is captured in the video clip?,A food stand with cooking in progress.,The video clip captures a scene of a person standing in front of a black background.,268;269;270;272;273;274;276;278;279;285;286;287;288;289;291;292;293;294;296;297;298;300;301;303;304;305;306;308;309;310;313;314;315;316;317;319;320;321;322;324;325;326;328;329;330;332;333;334;336;337;338;340;341;342;344;345;346;349;350;351;352;353;354,64,1
20bc995f-c3de-4789-bd7a-34cf1a313b0c,What's the brief of the depicted scenario?,Food preparation at a stand with a customer waiting.,"The image you've provided appears to be a sequence of frames that are all black. There are no visible objects, people, or any discernible content to describe. If there is supposed to be an image with content, it is not visible in the provided frames. If you have any specific questions about the image or need assistance with something else, feel free to ask!",268;269;270;272;273;274;276;278;279;285;286;287;288;289;291;292;293;294;296;297;298;300;301;303;304;305;306;308;309;310;313;314;315;316;317;319;320;321;322;324;325;326;328;329;330;332;333;334;336;337;338;340;341;342;344;345;346;349;350;351;352;353;354,64,1
20bc995f-c3de-4789-bd7a-34cf1a313b0c,Does the scene capture a customer receiving their order?,No.,"Yes, the scene captures a customer receiving their order.",268;269;270;272;273;274;285;286;287;288;289;291;292;293;294;296;297;298;300;301;303;304;305;306;308;309;310;313;314;315;316;317;319;320;321;322;324;325;326;328;329;330;332;333;334;336;337;338;340;341;342;344;345;346;349;350;351;352;353;354;356;357;358,64,1
20bc995f-c3de-4789-bd7a-34cf1a313b0c,Is there any indication of a payment transaction in the video?,No.,"Yes, there is a glimpse of a credit card reader in the video, suggesting a payment transaction.",268;269;270;272;273;274;285;286;287;288;289;291;292;293;294;296;297;298;300;301;303;304;305;306;308;309;310;313;314;315;316;317;319;320;321;322;324;325;326;328;329;330;332;333;334;336;337;338;340;341;342;344;345;346;349;350;351;352;353;354;356;357;358,64,1
20bc995f-c3de-4789-bd7a-34cf1a313b0c,Does the video show the cook finishing the dish?,No.,"No, the video does not show the cook finishing the dish. It ends with the cook leaving the kitchen area.",268;269;270;272;273;274;285;286;287;288;289;291;292;293;294;296;297;298;300;301;303;304;305;306;308;309;310;313;314;315;316;317;319;320;321;322;324;325;326;328;329;330;332;333;334;336;337;338;340;341;342;344;345;346;349;350;351;352;353;354;356;357;358,64,1
20bc995f-c3de-4789-bd7a-34cf1a313b0c,Is the cook multitasking between cooking and another activity?,Yes.,"No, the cook is not multitasking between cooking and another activity. The video focuses solely on the cooking process.",268;269;270;272;273;274;276;278;279;285;286;287;288;289;291;292;293;294;296;297;298;300;301;303;304;305;306;308;309;310;313;314;315;316;317;319;320;321;322;324;325;326;328;329;330;332;333;334;336;337;338;340;341;342;344;345;346;349;350;351;352;353;354,64,1
20bc995f-c3de-4789-bd7a-34cf1a313b0c,Does the cook appear to be preparing food for more than one person?,Yes.,"Yes, the cook appears to be preparing food for more than one person.",268;269;270;272;273;274;285;286;287;288;289;291;292;293;294;296;297;298;300;301;303;304;305;306;308;309;310;313;314;315;316;317;319;320;321;322;324;325;326;328;329;330;332;333;334;336;337;338;340;341;342;344;345;346;349;350;351;352;353;354;356;357;358,64,1
20bc995f-c3de-4789-bd7a-34cf1a313b0c,Did the discussion with man X and man Y happen before serving woman Z?,No,"No, the discussion with man X and man Y did not happen before serving woman Z.",268;269;270;272;273;274;285;286;287;288;289;291;292;293;294;296;297;298;300;301;303;304;305;306;308;309;310;313;314;315;316;317;319;320;321;322;324;325;326;328;329;330;332;333;334;336;337;338;340;341;342;344;345;346;349;350;351;352;353;354;356;357;358,64,1
20bc995f-c3de-4789-bd7a-34cf1a313b0c,What event happened before the phone conversation?,Serving a different customer,The event that happened before the phone conversation was the person being in a dark room.,268;269;270;272;273;274;285;286;287;288;289;291;292;293;294;296;297;298;300;301;303;304;305;306;308;309;310;313;314;315;316;317;319;320;321;322;324;325;326;328;329;330;332;333;334;336;337;338;340;341;342;344;345;346;349;350;351;352;353;354;356;357;358,64,1
20bc995f-c3de-4789-bd7a-34cf1a313b0c,Was food made for woman A after the interaction with woman B?,Yes,The video caption does not provide information about whether food was made for woman A after the interaction with woman B.,268;269;270;272;273;274;285;286;287;288;289;291;292;293;294;296;297;298;300;301;303;304;305;306;308;309;310;313;314;315;316;317;319;320;321;322;324;325;326;328;329;330;332;333;334;336;337;338;340;341;342;344;345;346;349;350;351;352;353;354;356;357;358,64,1
20bc995f-c3de-4789-bd7a-34cf1a313b0c,Did the phone conversation occur before discussing with man Y?,Yes,The information provided does not specify the sequence of events regarding the phone conversation and discussing with man Y.,268;269;270;272;273;274;276;278;279;285;286;287;288;289;291;292;293;294;296;297;298;300;301;303;304;305;306;308;309;310;313;314;315;316;317;319;320;321;322;324;325;326;328;329;330;332;333;334;336;337;338;340;341;342;344;345;346;349;350;351;352;353;354,64,1
20bc995f-c3de-4789-bd7a-34cf1a313b0c,What is seen happening before making food for man B?,Talked on the phone,"Before making food for man B, a person is seen preparing ingredients and cooking utensils, and then a dish is being served on a plate.",268;269;270;272;273;274;285;286;287;288;289;291;292;293;294;296;297;298;300;301;303;304;305;306;308;309;310;313;314;315;316;317;319;320;321;322;324;325;326;328;329;330;332;333;334;336;337;338;340;341;342;344;345;346;349;350;351;352;353;354;356;357;358,64,1
20bc995f-c3de-4789-bd7a-34cf1a313b0c,What took place just before making food for woman A?,Talked on the phone,A person was seen washing their hands.,268;269;270;272;273;274;285;286;287;288;289;291;292;293;294;296;297;298;300;301;303;304;305;306;308;309;310;313;314;315;316;317;319;320;321;322;324;325;326;328;329;330;332;333;334;336;337;338;340;341;342;344;345;346;349;350;351;352;353;354;356;357;358,64,1
20bc995f-c3de-4789-bd7a-34cf1a313b0c,What is the location of the scene in the video?,The location is at a food stand.,The scene in the video is set in a bustling street market.,268;269;270;272;273;274;285;286;287;288;289;291;292;293;294;296;297;298;300;301;303;304;305;306;308;309;310;313;314;315;316;317;319;320;321;322;324;325;326;328;329;330;332;333;334;336;337;338;340;341;342;344;345;346;349;350;351;352;353;354;356;357;358,64,1
20bc995f-c3de-4789-bd7a-34cf1a313b0c,How many customers are being interacted with?,Three customers are being interacted with.,1,268;269;270;272;273;274;276;278;279;285;286;287;288;289;291;292;293;294;296;297;298;300;301;303;304;305;306;308;309;310;313;314;315;316;317;319;320;321;322;324;325;326;328;329;330;332;333;334;336;337;338;340;341;342;344;345;346;349;350;351;352;353;354,64,1
20bc995f-c3de-4789-bd7a-34cf1a313b0c,Does the frame show the server handing pani puris to a customer?,Yes.,"No, the frame does not show the server handing pani puris to a customer.",268;269;270;272;273;274;276;278;279;285;286;287;288;289;291;292;293;294;296;297;298;300;301;303;304;305;306;308;309;310;313;314;315;316;317;319;320;321;322;324;325;326;328;329;330;332;333;334;336;337;338;340;341;342;344;345;346;349;350;351;352;353;354,64,1
20bc995f-c3de-4789-bd7a-34cf1a313b0c,Is the shown frame depicting an indoor activity?,No.,"Yes, the shown frame depicts an indoor activity.",268;269;270;272;273;274;276;278;279;285;286;287;288;289;291;292;293;294;296;297;298;300;301;303;304;305;306;308;309;310;313;314;315;316;317;319;320;321;322;324;325;326;328;329;330;332;333;334;336;337;338;340;341;342;344;345;346;349;350;351;352;353;354,64,1
20bc995f-c3de-4789-bd7a-34cf1a313b0c,Does the video involve interaction between the server and customers?,Yes.,"No, the video does not involve interaction between the server and customers.",268;269;270;272;273;274;285;286;287;288;289;291;292;293;294;296;297;298;300;301;303;304;305;306;308;309;310;313;314;315;316;317;319;320;321;322;324;325;326;328;329;330;332;333;334;336;337;338;340;341;342;344;345;346;349;350;351;352;353;354;356;357;358,64,1
20bc995f-c3de-4789-bd7a-34cf1a313b0c,Is the phone conversation happening before making food for woman A?,Yes,"Yes, the phone conversation is happening before making food for woman A.",268;269;270;272;273;274;285;286;287;288;289;291;292;293;294;296;297;298;300;301;303;304;305;306;308;309;310;313;314;315;316;317;319;320;321;322;324;325;326;328;329;330;332;333;334;336;337;338;340;341;342;344;345;346;349;350;351;352;353;354;356;357;358,64,1
20bc995f-c3de-4789-bd7a-34cf1a313b0c,Does man Z get served before the phone conversation starts?,No,"No, man Z does not get served before the phone conversation starts.",268;269;270;272;273;274;285;286;287;288;289;291;292;293;294;296;297;298;300;301;303;304;305;306;308;309;310;313;314;315;316;317;319;320;321;322;324;325;326;328;329;330;332;333;334;336;337;338;340;341;342;344;345;346;349;350;351;352;353;354;356;357;358,64,1
20bc995f-c3de-4789-bd7a-34cf1a313b0c,"In the video, is the interaction with man X and Y before the food preparation for woman A and man B?",No,"No, the interaction with man X and Y is after the food preparation for woman A and man B.",268;269;270;272;273;274;276;278;279;285;286;287;288;289;291;292;293;294;296;297;298;300;301;303;304;305;306;308;309;310;313;314;315;316;317;319;320;321;322;324;325;326;328;329;330;332;333;334;336;337;338;340;341;342;344;345;346;349;350;351;352;353;354,64,1
20bc995f-c3de-4789-bd7a-34cf1a313b0c,Do I talk to man Z before making food for woman A and man B?,No.,"It seems like you're asking if you should talk to a person referred to as ""man Z"" before preparing food for two other individuals, ""woman A"" and ""man B."" However, the context of your question is a bit unclear. If you're asking whether you should communicate with man Z before cooking for woman A and man B, the answer would depend on the nature of your relationship with man Z and the purpose of your cooking. If man Z is involved in the situation or needs to be informed about the food preparation, then yes, you should talk to him. Otherwise, it's not necessary. If you could provide more context or clarify your question, I'd be happy to help further.",268;269;270;272;273;274;285;286;287;288;289;291;292;293;294;296;297;298;300;301;303;304;305;306;308;309;310;313;314;315;316;317;319;320;321;322;324;325;326;328;329;330;332;333;334;336;337;338;340;341;342;344;345;346;349;350;351;352;353;354;356;357;358,64,1
20bc995f-c3de-4789-bd7a-34cf1a313b0c,Is the food prepared for woman Z before the interaction with man Z?,Yes.,"Yes, the food is prepared for woman Z before the interaction with man Z.",268;269;270;272;273;274;285;286;287;288;289;291;292;293;294;296;297;298;300;301;303;304;305;306;308;309;310;313;314;315;316;317;319;320;321;322;324;325;326;328;329;330;332;333;334;336;337;338;340;341;342;344;345;346;349;350;351;352;353;354;356;357;358,64,1
20bc995f-c3de-4789-bd7a-34cf1a313b0c,What do I do before making food for woman A and man B?,Talking on the phone.,"Before making food for woman A and man B, you should follow these steps:1. **Plan the Meal**: Decide on the type of meal you want to prepare. Consider their dietary preferences, restrictions, and any specific requests they might have.2. **Gather Ingredients**: Make a list of all the ingredients you will need for the meal. Check if you have everything at home or if you need to go grocery shopping.3. **Prepare the Kitchen**: Clean and organize the kitchen. Wash dishes, wipe down surfaces, and ensure everything is in order.4. **Cooking**: Start cooking the meal. Follow recipes or use your own cooking techniques. Make sure to cook the food to the appropriate temperature and texture.5. **Serve the Meal**: Once the food is ready, serve it on plates or in bowls. Set the table with appropriate utensils and napkins.6. **Clean Up**: After the meal, clean up the kitchen. Wash dishes, clean surfaces, and put away any leftover food.7. **Enjoy the Meal**: If possible, enjoy the meal together with woman A and man B. This can be a great opportunity for conversation and bonding.Remember to be mindful of any dietary restrictions or preferences that might affect the meal preparation.",268;269;270;272;273;274;285;286;287;288;289;291;292;293;294;296;297;298;300;301;303;304;305;306;308;309;310;313;314;315;316;317;319;320;321;322;324;325;326;328;329;330;332;333;334;336;337;338;340;341;342;344;345;346;349;350;351;352;353;354;356;357;358,64,1
20bc995f-c3de-4789-bd7a-34cf1a313b0c,How many individuals does the camera wearer interact with?,Three individuals.,"The camera wearer interacts with at least two individuals, one in a red shirt and another in a white shirt.",268;269;270;272;273;274;276;278;279;285;286;287;288;289;291;292;293;294;296;297;298;300;301;303;304;305;306;308;309;310;313;314;315;316;317;319;320;321;322;324;325;326;328;329;330;332;333;334;336;337;338;340;341;342;344;345;346;349;350;351;352;353;354,64,1
20bc995f-c3de-4789-bd7a-34cf1a313b0c,Are there any objects visible in the scene?,"Yes, food and serving utensils.","No, there are no objects visible in the scene.",268;269;270;272;273;274;285;286;287;288;289;291;292;293;294;296;297;298;300;301;303;304;305;306;308;309;310;313;314;315;316;317;319;320;321;322;324;325;326;328;329;330;332;333;334;336;337;338;340;341;342;344;345;346;349;350;351;352;353;354;356;357;358,64,1
20bc995f-c3de-4789-bd7a-34cf1a313b0c,Is the environment depicted busy or calm?,"Busy, with serving and conversation happening.","The environment depicted is calm, with no visible movement or activity.",268;269;270;272;273;274;276;278;279;285;286;287;288;289;291;292;293;294;296;297;298;300;301;303;304;305;306;308;309;310;313;314;315;316;317;319;320;321;322;324;325;326;328;329;330;332;333;334;336;337;338;340;341;342;344;345;346;349;350;351;352;353;354,64,1
20bc995f-c3de-4789-bd7a-34cf1a313b0c,Did the camera wearer carry out more than one task?,"Yes, serving and conversing.","Yes, the camera wearer carried out more than one task.",268;269;270;272;273;274;276;278;279;285;286;287;288;289;291;292;293;294;296;297;298;300;301;303;304;305;306;308;309;310;313;314;315;316;317;319;320;321;322;324;325;326;328;329;330;332;333;334;336;337;338;340;341;342;344;345;346;349;350;351;352;353;354,64,1
20bc995f-c3de-4789-bd7a-34cf1a313b0c,Did the serving of food appear organized or haphazard?,"Organized, with food laid out.","The serving of food appeared organized, with each dish presented neatly and thoughtfully.",268;269;270;272;273;274;285;286;287;288;289;291;292;293;294;296;297;298;300;301;303;304;305;306;308;309;310;313;314;315;316;317;319;320;321;322;324;325;326;328;329;330;332;333;334;336;337;338;340;341;342;344;345;346;349;350;351;352;353;354;356;357;358,64,1
20bc995f-c3de-4789-bd7a-34cf1a313b0c,Are all men engaged in eating or just conversing?,"Only one is shown eating, others converse.",The video caption does not provide information about the activities of all men. It only mentions that some men are eating while others are conversing.,268;269;270;272;273;274;285;286;287;288;289;291;292;293;294;296;297;298;300;301;303;304;305;306;308;309;310;313;314;315;316;317;319;320;321;322;324;325;326;328;329;330;332;333;334;336;337;338;340;341;342;344;345;346;349;350;351;352;353;354;356;357;358,64,1
20bc995f-c3de-4789-bd7a-34cf1a313b0c,Was there verbal exchange under the tent?,Yes.,"No, there was no verbal exchange under the tent.",268;269;270;272;273;274;285;286;287;288;289;291;292;293;294;296;297;298;300;301;303;304;305;306;308;309;310;313;314;315;316;317;319;320;321;322;324;325;326;328;329;330;332;333;334;336;337;338;340;341;342;344;345;346;349;350;351;352;353;354;356;357;358,64,1
20bc995f-c3de-4789-bd7a-34cf1a313b0c,Is there visible evidence of food being consumed in the frame?,Yes.,"No, there is no visible evidence of food being consumed in the frame.",268;269;270;272;273;274;285;286;287;288;289;291;292;293;294;296;297;298;300;301;303;304;305;306;308;309;310;313;314;315;316;317;319;320;321;322;324;325;326;328;329;330;332;333;334;336;337;338;340;341;342;344;345;346;349;350;351;352;353;354;356;357;358,64,1
20bc995f-c3de-4789-bd7a-34cf1a313b0c,Does the scene suggest any sign of a rush or urgency?,"No, it appears orderly.","No, the scene does not suggest any sign of a rush or urgency.",268;269;270;272;273;274;276;278;279;285;286;287;288;289;291;292;293;294;296;297;298;300;301;303;304;305;306;308;309;310;313;314;315;316;317;319;320;321;322;324;325;326;328;329;330;332;333;334;336;337;338;340;341;342;344;345;346;349;350;351;352;353;354,64,1
20bc995f-c3de-4789-bd7a-34cf1a313b0c,Is the preparation of pani puris shown before serving them to man X and Y?,Yes,"No, the preparation of pani puris is not shown before serving them to man X and Y.",268;269;270;272;273;274;285;286;287;288;289;291;292;293;294;296;297;298;300;301;303;304;305;306;308;309;310;313;314;315;316;317;319;320;321;322;324;325;326;328;329;330;332;333;334;336;337;338;340;341;342;344;345;346;349;350;351;352;353;354;356;357;358,64,1
20bc995f-c3de-4789-bd7a-34cf1a313b0c,Do I talk on the phone prior to serving food under the food tent?,Yes,"No, you do not talk on the phone prior to serving food under the food tent.",268;269;270;272;273;274;285;286;287;288;289;291;292;293;294;296;297;298;300;301;303;304;305;306;308;309;310;313;314;315;316;317;319;320;321;322;324;325;326;328;329;330;332;333;334;336;337;338;340;341;342;344;345;346;349;350;351;352;353;354;356;357;358,64,1
20bc995f-c3de-4789-bd7a-34cf1a313b0c,What occurs just before serving food to man A under the food tent?,Preparing food,"A person is seen holding a plate, possibly preparing to serve food to man A.",268;269;270;272;273;274;285;286;287;288;289;291;292;293;294;296;297;298;300;301;303;304;305;306;308;309;310;313;314;315;316;317;319;320;321;322;324;325;326;328;329;330;332;333;334;336;337;338;340;341;342;344;345;346;349;350;351;352;353;354;356;357;358,64,1
20bc995f-c3de-4789-bd7a-34cf1a313b0c,What activity is taking place at the stall?,A person is serving potato balls and gruel.,"The activity taking place at the stall is the preparation of food, specifically the making of a sandwich.",268;269;270;272;273;274;285;286;287;288;289;291;292;293;294;296;297;298;300;301;303;304;305;306;308;309;310;313;314;315;316;317;319;320;321;322;324;325;326;328;329;330;332;333;334;336;337;338;340;341;342;344;345;346;349;350;351;352;353;354;356;357;358,64,1
20bc995f-c3de-4789-bd7a-34cf1a313b0c,Who is interacting at the food stall?,"A server, a woman, and a girl.",A man and a woman are interacting at the food stall.,268;269;270;272;273;274;276;278;279;285;286;287;288;289;291;292;293;294;296;297;298;300;301;303;304;305;306;308;309;310;313;314;315;316;317;319;320;321;322;324;325;326;328;329;330;332;333;334;336;337;338;340;341;342;344;345;346;349;350;351;352;353;354,64,1
20bc995f-c3de-4789-bd7a-34cf1a313b0c,What type of service is depicted at the stall?,Food service involving potato balls and gruel.,"The service depicted at the stall is a food service, specifically a hot dog stand.",268;269;270;272;273;274;276;278;279;285;286;287;288;289;291;292;293;294;296;297;298;300;301;303;304;305;306;308;309;310;313;314;315;316;317;319;320;321;322;324;325;326;328;329;330;332;333;334;336;337;338;340;341;342;344;345;346;349;350;351;352;353;354,64,1
20bc995f-c3de-4789-bd7a-34cf1a313b0c,Who is preparing the food in the video clip?,The server at the stall.,The video caption does not provide information about the identity of the person preparing the food.,268;269;270;272;273;274;285;286;287;288;289;291;292;293;294;296;297;298;300;301;303;304;305;306;308;309;310;313;314;315;316;317;319;320;321;322;324;325;326;328;329;330;332;333;334;336;337;338;340;341;342;344;345;346;349;350;351;352;353;354;356;357;358,64,1
20bc995f-c3de-4789-bd7a-34cf1a313b0c,What actions can be seen in the frame provided?,Preparing and serving food at the stall.,"The image provided is completely black, and there are no visible actions, objects, or details that can be described. If there is supposed to be an image with content, it is not visible in this frame.",268;269;270;272;273;274;285;286;287;288;289;291;292;293;294;296;297;298;300;301;303;304;305;306;308;309;310;313;314;315;316;317;319;320;321;322;324;325;326;328;329;330;332;333;334;336;337;338;340;341;342;344;345;346;349;350;351;352;353;354;356;357;358,64,1
20bc995f-c3de-4789-bd7a-34cf1a313b0c,Is the food being freshly prepared or pre-packaged?,"Freshly prepared, as seen in the video.","Based on the image, it appears that the food is being freshly prepared. The presence of a person actively cooking, the use of a stove, and the visible ingredients and utensils suggest that the food is being made on the spot rather than being pre-packaged.",268;269;270;272;273;274;285;286;287;288;289;291;292;293;294;296;297;298;300;301;303;304;305;306;308;309;310;313;314;315;316;317;319;320;321;322;324;325;326;328;329;330;332;333;334;336;337;338;340;341;342;344;345;346;349;350;351;352;353;354;356;357;358,64,1
20bc995f-c3de-4789-bd7a-34cf1a313b0c,Does the server use any special tools for serving?,Not evident in the provided frame.,"Yes, the server uses a special tool for serving.",268;269;270;272;273;274;276;278;279;285;286;287;288;289;291;292;293;294;296;297;298;300;301;303;304;305;306;308;309;310;313;314;315;316;317;319;320;321;322;324;325;326;328;329;330;332;333;334;336;337;338;340;341;342;344;345;346;349;350;351;352;353;354,64,1
20bc995f-c3de-4789-bd7a-34cf1a313b0c,Does the video show the server using a foam plate for serving?,Yes.,"Yes, the video shows the server using a foam plate for serving.",268;269;270;272;273;274;276;278;279;285;286;287;288;289;291;292;293;294;296;297;298;300;301;303;304;305;306;308;309;310;313;314;315;316;317;319;320;321;322;324;325;326;328;329;330;332;333;334;336;337;338;340;341;342;344;345;346;349;350;351;352;353;354,64,1
20bc995f-c3de-4789-bd7a-34cf1a313b0c,Can we see any cooking equipment in the video?,"Yes, in the provided frame.","Yes, there is a cooking pot on the stove in the video.",268;269;270;272;273;274;285;286;287;288;289;291;292;293;294;296;297;298;300;301;303;304;305;306;308;309;310;313;314;315;316;317;319;320;321;322;324;325;326;328;329;330;332;333;334;336;337;338;340;341;342;344;345;346;349;350;351;352;353;354;356;357;358,64,1
20bc995f-c3de-4789-bd7a-34cf1a313b0c,Did the serving of potato balls occur before serving gruel?,Yes,"No, the serving of potato balls did not occur before serving gruel.",268;269;270;272;273;274;285;286;287;288;289;291;292;293;294;296;297;298;300;301;303;304;305;306;308;309;310;313;314;315;316;317;319;320;321;322;324;325;326;328;329;330;332;333;334;336;337;338;340;341;342;344;345;346;349;350;351;352;353;354;356;357;358,64,1
20bc995f-c3de-4789-bd7a-34cf1a313b0c,Was the conversation with man E before serving food to the woman Z?,No,The conversation with man E was before serving food to the woman Z.,268;269;270;272;273;274;285;286;287;288;289;291;292;293;294;296;297;298;300;301;303;304;305;306;308;309;310;313;314;315;316;317;319;320;321;322;324;325;326;328;329;330;332;333;334;336;337;338;340;341;342;344;345;346;349;350;351;352;353;354;356;357;358,64,1
20bc995f-c3de-4789-bd7a-34cf1a313b0c,What event occurs just before serving food to man A?,Being under a food tent,The event that occurs just before serving food to man A is the man in the white shirt holding a plate of food.,268;269;270;272;273;274;285;286;287;288;289;291;292;293;294;296;297;298;300;301;303;304;305;306;308;309;310;313;314;315;316;317;319;320;321;322;324;325;326;328;329;330;332;333;334;336;337;338;340;341;342;344;345;346;349;350;351;352;353;354;356;357;358,64,1
20bc995f-c3de-4789-bd7a-34cf1a313b0c,What happens right before serving potato balls?,Interacting with a group of people,"Right before serving potato balls, they are typically deep-fried to achieve a crispy exterior.",268;269;270;272;273;274;285;286;287;288;289;291;292;293;294;296;297;298;300;301;303;304;305;306;308;309;310;313;314;315;316;317;319;320;321;322;324;325;326;328;329;330;332;333;334;336;337;338;340;341;342;344;345;346;349;350;351;352;353;354;356;357;358,64,1
20bc995f-c3de-4789-bd7a-34cf1a313b0c,What event happens before interacting with a group of people?,Being at a stall,"Before interacting with a group of people, the event that happens is walking towards a group of people.",268;269;270;272;273;274;285;286;287;288;289;291;292;293;294;296;297;298;300;301;303;304;305;306;308;309;310;313;314;315;316;317;319;320;321;322;324;325;326;328;329;330;332;333;334;336;337;338;340;341;342;344;345;346;349;350;351;352;353;354;356;357;358,64,1
20bc995f-c3de-4789-bd7a-34cf1a313b0c,Did the serving of potato balls happen before the gruel in foam plates?,No,"Yes, the serving of potato balls happened before the gruel in foam plates.",268;269;270;272;273;274;285;286;287;288;289;291;292;293;294;296;297;298;300;301;303;304;305;306;308;309;310;313;314;315;316;317;319;320;321;322;324;325;326;328;329;330;332;333;334;336;337;338;340;341;342;344;345;346;349;350;351;352;353;354;356;357;358,64,1
20bc995f-c3de-4789-bd7a-34cf1a313b0c,"In the video, is the food tent scene before the interaction with the group of people?",No,"Yes, the food tent scene is before the interaction with the group of people.",268;269;270;272;273;274;285;286;287;288;289;291;292;293;294;296;297;298;300;301;303;304;305;306;308;309;310;313;314;315;316;317;319;320;321;322;324;325;326;328;329;330;332;333;334;336;337;338;340;341;342;344;345;346;349;350;351;352;353;354;356;357;358,64,1
20bc995f-c3de-4789-bd7a-34cf1a313b0c,What do we see happening just before the food stand scene?,Serving at a stall,"Just before the food stand scene, we see a person in a white shirt and dark pants standing near a black cart with a white canopy.",268;269;270;272;273;274;285;286;287;288;289;291;292;293;294;296;297;298;300;301;303;304;305;306;308;309;310;313;314;315;316;317;319;320;321;322;324;325;326;328;329;330;332;333;334;336;337;338;340;341;342;344;345;346;349;350;351;352;353;354;356;357;358,64,1
20bc995f-c3de-4789-bd7a-34cf1a313b0c,What's the setting of the video clip?,Inside a food kiosk.,The setting of the video clip is a kitchen.,268;269;270;272;273;274;285;286;287;288;289;291;292;293;294;296;297;298;300;301;303;304;305;306;308;309;310;313;314;315;316;317;319;320;321;322;324;325;326;328;329;330;332;333;334;336;337;338;340;341;342;344;345;346;349;350;351;352;353;354;356;357;358,64,1
20bc995f-c3de-4789-bd7a-34cf1a313b0c,What is the primary activity occurring?,Food preparation and sales.,The primary activity occurring is the preparation and serving of food.,268;269;270;272;273;274;276;278;279;285;286;287;288;289;291;292;293;294;296;297;298;300;301;303;304;305;306;308;309;310;313;314;315;316;317;319;320;321;322;324;325;326;328;329;330;332;333;334;336;337;338;340;341;342;344;345;346;349;350;351;352;353;354,64,1
20bc995f-c3de-4789-bd7a-34cf1a313b0c,Are there any customers present in the video?,"Yes, a group of people.","No, there are no customers present in the video.",268;269;270;272;273;274;285;286;287;288;289;291;292;293;294;296;297;298;300;301;303;304;305;306;308;309;310;313;314;315;316;317;319;320;321;322;324;325;326;328;329;330;332;333;334;336;337;338;340;341;342;344;345;346;349;350;351;352;353;354;356;357;358,64,1
20bc995f-c3de-4789-bd7a-34cf1a313b0c,What can be seen in the kiosk besides the food?,Food ingredients and cooking utensils.,The kiosk has a digital menu board and a small seating area.,268;269;270;272;273;274;285;286;287;288;289;291;292;293;294;296;297;298;300;301;303;304;305;306;308;309;310;313;314;315;316;317;319;320;321;322;324;325;326;328;329;330;332;333;334;336;337;338;340;341;342;344;345;346;349;350;351;352;353;354;356;357;358,64,1
20bc995f-c3de-4789-bd7a-34cf1a313b0c,What type of food is being sold?,It is not specified.,The video does not provide information about the type of food being sold.,268;269;270;272;273;274;285;286;287;288;289;291;292;293;294;296;297;298;300;301;303;304;305;306;308;309;310;313;314;315;316;317;319;320;321;322;324;325;326;328;329;330;332;333;334;336;337;338;340;341;342;344;345;346;349;350;351;352;353;354;356;357;358,64,1
20bc995f-c3de-4789-bd7a-34cf1a313b0c,Is the food seller working alone?,It's not clear from the clip.,"Yes, the food seller is working alone.",268;269;270;272;273;274;276;278;279;285;286;287;288;289;291;292;293;294;296;297;298;300;301;303;304;305;306;308;309;310;313;314;315;316;317;319;320;321;322;324;325;326;328;329;330;332;333;334;336;337;338;340;341;342;344;345;346;349;350;351;352;353;354,64,1
20bc995f-c3de-4789-bd7a-34cf1a313b0c,Does the video show the exchange of goods for payment?,It is not confirmed.,"No, the video does not show the exchange of goods for payment.",268;269;270;272;273;274;285;286;287;288;289;291;292;293;294;296;297;298;300;301;303;304;305;306;308;309;310;313;314;315;316;317;319;320;321;322;324;325;326;328;329;330;332;333;334;336;337;338;340;341;342;344;345;346;349;350;351;352;353;354;356;357;358,64,1
20bc995f-c3de-4789-bd7a-34cf1a313b0c,Does the video show the food being cooked?,No.,"No, the video does not show the food being cooked. It only shows the food being prepared and served.",268;269;270;272;273;274;285;286;287;288;289;291;292;293;294;296;297;298;300;301;303;304;305;306;308;309;310;313;314;315;316;317;319;320;321;322;324;325;326;328;329;330;332;333;334;336;337;338;340;341;342;344;345;346;349;350;351;352;353;354;356;357;358,64,1
20bc995f-c3de-4789-bd7a-34cf1a313b0c,Does the video show the food being packaged?,"No, it shows it being prepared.","No, the video does not show the food being packaged.",268;269;270;272;273;274;285;286;287;288;289;291;292;293;294;296;297;298;300;301;303;304;305;306;308;309;310;313;314;315;316;317;319;320;321;322;324;325;326;328;329;330;332;333;334;336;337;338;340;341;342;344;345;346;349;350;351;352;353;354;356;357;358,64,1
20bc995f-c3de-4789-bd7a-34cf1a313b0c,Is there any indication of the kiosk's location being outdoors?,No.,"Yes, the kiosk is situated outdoors, as indicated by the presence of a clear sky and the absence of any interior elements.",268;269;270;272;273;274;285;286;287;288;289;291;292;293;294;296;297;298;300;301;303;304;305;306;308;309;310;313;314;315;316;317;319;320;321;322;324;325;326;328;329;330;332;333;334;336;337;338;340;341;342;344;345;346;349;350;351;352;353;354;356;357;358,64,1
20bc995f-c3de-4789-bd7a-34cf1a313b0c,"In the video, is the gruel served after the interaction with the group of people?",Yes,"Yes, the gruel is served after the interaction with the group of people.",268;269;270;272;273;274;285;286;287;288;289;291;292;293;294;296;297;298;300;301;303;304;305;306;308;309;310;313;314;315;316;317;319;320;321;322;324;325;326;328;329;330;332;333;334;336;337;338;340;341;342;344;345;346;349;350;351;352;353;354;356;357;358,64,1
20bc995f-c3de-4789-bd7a-34cf1a313b0c,Was I at the kiosk before serving potato balls and gruel?,No,"No, you were not at the kiosk before serving potato balls and gruel.",268;269;270;272;273;274;285;286;287;288;289;291;292;293;294;296;297;298;300;301;303;304;305;306;308;309;310;313;314;315;316;317;319;320;321;322;324;325;326;328;329;330;332;333;334;336;337;338;340;341;342;344;345;346;349;350;351;352;353;354;356;357;358,64,1
20bc995f-c3de-4789-bd7a-34cf1a313b0c,Did I sell food before I prepared it in the kiosk?,No,"No, you did not sell food before you prepared it in the kiosk.",268;269;270;272;273;274;285;286;287;288;289;291;292;293;294;296;297;298;300;301;303;304;305;306;308;309;310;313;314;315;316;317;319;320;321;322;324;325;326;328;329;330;332;333;334;336;337;338;340;341;342;344;345;346;349;350;351;352;353;354;356;357;358,64,1
20bc995f-c3de-4789-bd7a-34cf1a313b0c,Is the food sold to the group of people after I prepared it?,Yes,The video does not provide information about whether the food was sold to the group of people after it was prepared.,268;269;270;272;273;274;285;286;287;288;289;291;292;293;294;296;297;298;300;301;303;304;305;306;308;309;310;313;314;315;316;317;319;320;321;322;324;325;326;328;329;330;332;333;334;336;337;338;340;341;342;344;345;346;349;350;351;352;353;354;356;357;358,64,1
20bc995f-c3de-4789-bd7a-34cf1a313b0c,What event took place before serving food to a group of people?,Prepared food in the kiosk,A person was seen preparing food in a kitchen.,268;269;270;272;273;274;285;286;287;288;289;291;292;293;294;296;297;298;300;301;303;304;305;306;308;309;310;313;314;315;316;317;319;320;321;322;324;325;326;328;329;330;332;333;334;336;337;338;340;341;342;344;345;346;349;350;351;352;353;354;356;357;358,64,1
20bc995f-c3de-4789-bd7a-34cf1a313b0c,Did I serve gruel before serving potato balls?,No,"No, you did not serve gruel before serving potato balls.",268;269;270;272;273;274;276;278;279;285;286;287;288;289;291;292;293;294;296;297;298;300;301;303;304;305;306;308;309;310;313;314;315;316;317;319;320;321;322;324;325;326;328;329;330;332;333;334;336;337;338;340;341;342;344;345;346;349;350;351;352;353;354,64,1
