video_id,question,answer,pred_answer,retrieve_size,chunk_size
9198b9a4-8d8f-4ba6-9924-4c86982d890a,What task is being performed with vegetables?,Chopping vegetables.,The person is chopping vegetables on a wooden cutting board.,64,1
9198b9a4-8d8f-4ba6-9924-4c86982d890a,What step is being taken with flatbread?,Wrapping sauce in flatbread.,The flatbread is being prepared for use in the dish.,64,1
9198b9a4-8d8f-4ba6-9924-4c86982d890a,What kitchen fixture is being utilized?,Opening a cabinet.,stove,64,1
9198b9a4-8d8f-4ba6-9924-4c86982d890a,What's the overview of the action in the clip?,Preparing ingredients for a meal.,"The video begins with a view of a kitchen counter where various ingredients and utensils are laid out, including a cutting board with a knife, a bowl of vegetables, and a bottle of oil. A person's hands are seen chopping vegetables on the cutting board. The scene transitions to a close-up of the person's hands as they chop red bell peppers on the same cutting board. The kitchen counter is cluttered with items such as a bowl of mixed vegetables, a bottle of oil, and a container of eggs. The person continues to chop the bell peppers into smaller pieces.The video then shows a close-up of the person's hands as they chop red bell peppers on the cutting board. The kitchen counter is cluttered with items such as a bowl of mixed vegetables, a bottle of oil, and a container of eggs. The person continues to chop the bell peppers into smaller pieces. The scene transitions to a wider shot of the kitchen, showing the person standing at the stove stirring a pot of food. The kitchen counter is cluttered with items such as a bowl of mixed vegetables, a bottle of oil, and a container of eggs. The person continues to stir the pot of food.The video continues with a close-up of the person's hands as they chop red bell peppers",64,1
9198b9a4-8d8f-4ba6-9924-4c86982d890a,Does the video show someone chopping vegetables?,Yes.,Yes.,64,1
9198b9a4-8d8f-4ba6-9924-4c86982d890a,Did the individual successfully open a kitchen cabinet?,Yes.,"Yes, the individual successfully opened a kitchen cabinet.",64,1
9198b9a4-8d8f-4ba6-9924-4c86982d890a,Is the flatbread being seasoned with sauce?,Yes.,Yes.,64,1
9198b9a4-8d8f-4ba6-9924-4c86982d890a,Is there an occurrence of food being wrapped?,Yes.,"Yes, there is an occurrence of food being wrapped.",64,1
9198b9a4-8d8f-4ba6-9924-4c86982d890a,Is the person using a knife for cooking tasks?,Yes.,Yes.,64,1
9198b9a4-8d8f-4ba6-9924-4c86982d890a,What is the location in the video clip?,A kitchen.,The location in the video clip is a kitchen.,64,1
9198b9a4-8d8f-4ba6-9924-4c86982d890a,What kitchen activity is underway in the clip?,Cutting vegetables.,"The clip shows the preparation of a meal, including chopping vegetables, cooking a mixture in a pan, and slicing tomatoes.",64,1
9198b9a4-8d8f-4ba6-9924-4c86982d890a,What tool does the person in the video use?,Knives.,The person in the video uses a large knife to chop onions and garlic.,64,1
9198b9a4-8d8f-4ba6-9924-4c86982d890a,What appliance does the person in the video handle?,The heat regulator of the cooker.,The person in the video handles a dishwasher.,64,1
9198b9a4-8d8f-4ba6-9924-4c86982d890a,What part of the kitchen furniture does the person interact with?,Drawers.,"The person interacts with the dishwasher, opening it to reveal a blue dish rack.",64,1
9198b9a4-8d8f-4ba6-9924-4c86982d890a,How is the person controlling the cooking temperature?,Operating the heat regulator.,The person is adjusting the stove's temperature by using the control knobs.,64,1
9198b9a4-8d8f-4ba6-9924-4c86982d890a,What can be inferred from the person's actions with the drawers?,Searching or organizing.,The person is likely searching for a specific item or utensil.,64,1
9198b9a4-8d8f-4ba6-9924-4c86982d890a,Does the clip show any cooking taking place?,"No direct cooking, only preparation.","Yes, the clip shows cooking taking place as the person is seen placing the rolled dough on a griddle and stirring a pot of food on the stove.",64,1
9198b9a4-8d8f-4ba6-9924-4c86982d890a,Did the person successfully cut the vegetables?,Yes.,"Yes, the person successfully cuts the vegetables into smaller pieces.",64,1
9198b9a4-8d8f-4ba6-9924-4c86982d890a,Was the heat regulator adjusted to a specific level?,"Yes, it was operated.","Yes, the heat regulator was adjusted to a specific level, as indicated by the digital display on the stove.",64,1
9198b9a4-8d8f-4ba6-9924-4c86982d890a,Did the person use any other kitchen tools besides knives?,Heat regulator only mentioned.,"Yes, the person used a grater and a spatula.",64,1
9198b9a4-8d8f-4ba6-9924-4c86982d890a,Is the cabinet opened before wrapping the sauce in flat bread?,No,No.,64,1
9198b9a4-8d8f-4ba6-9924-4c86982d890a,Do I cut vegetables before operating the heat regulator on the cooker?,Yes,"Yes, you cut vegetables before operating the heat regulator on the cooker.",64,1
9198b9a4-8d8f-4ba6-9924-4c86982d890a,Is the drawer opened before the vegetables are chopped?,No,Yes.,64,1
9198b9a4-8d8f-4ba6-9924-4c86982d890a,Does wrapping sauce in flat bread happen after cutting vegetables?,Yes,"Yes, wrapping sauce in flat bread happens after cutting vegetables.",64,1
9198b9a4-8d8f-4ba6-9924-4c86982d890a,Do I open the cabinet before chopping the vegetables?,No,"No, you should open the cabinet after chopping the vegetables.",64,1
9198b9a4-8d8f-4ba6-9924-4c86982d890a,What occurs just before wrapping the sauce in flat bread?,Chopping vegetables,The sauce is scooped into the flat bread.,64,1
9198b9a4-8d8f-4ba6-9924-4c86982d890a,What takes place right before operating the heat regulator of the cooker?,Cutting vegetables with knives,"Right before operating the heat regulator of the cooker, the person is seen holding a spatula and a bowl of chopped vegetables, preparing to add them to the pan.",64,1
9198b9a4-8d8f-4ba6-9924-4c86982d890a,What setting is shown in this video clip?,A kitchen.,The video clip shows a kitchen setting.,64,1
9198b9a4-8d8f-4ba6-9924-4c86982d890a,What task is being performed with tomatoes?,Cutting tomatoes.,The tomatoes are being sliced on a wooden cutting board.,64,1
9198b9a4-8d8f-4ba6-9924-4c86982d890a,Is there an electronic device being used in this scene?,"Yes, a mobile phone.",Yes.,64,1
9198b9a4-8d8f-4ba6-9924-4c86982d890a,How is the sauce being utilized in the cooking process?,By spreading it on flatbreads.,"The sauce is being scooped with a slotted spoon and placed into the tortillas, which are then stacked on a black tray.",64,1
9198b9a4-8d8f-4ba6-9924-4c86982d890a,What activity is occurring aside from food preparation?,Operating a mobile phone.,"The person is also seen handling a red container, possibly a spice or seasoning container, and a blue spatula, indicating they are engaged in cooking activities.",64,1
9198b9a4-8d8f-4ba6-9924-4c86982d890a,What manual task is depicted involving food items?,"Cutting vegetables, specifically tomatoes.",The manual task depicted involves slicing a tomato on a wooden cutting board.,64,1
9198b9a4-8d8f-4ba6-9924-4c86982d890a,Is someone chopping vegetables in the video?,Yes.,Yes.,64,1
9198b9a4-8d8f-4ba6-9924-4c86982d890a,Is the sauce being poured into a bowl?,"No, it's being rolled in flatbreads.","No, the sauce is being poured into a pan.",64,1
9198b9a4-8d8f-4ba6-9924-4c86982d890a,Is a cooking activity happening in a bedroom?,"No, it's happening in a kitchen.",no,64,1
9198b9a4-8d8f-4ba6-9924-4c86982d890a,Does the frame capture the act of grilling or frying?,No.,"The frame captures the act of grilling or frying, as the person is seen placing the rolled tortillas on the grill pan and using a spatula to handle them.",64,1
9198b9a4-8d8f-4ba6-9924-4c86982d890a,"In the video, are vegetables cut before the heat regulator is operated?",Yes,"Yes, vegetables are cut before the heat regulator is operated.",64,1
9198b9a4-8d8f-4ba6-9924-4c86982d890a,Does rolling sauce in flatbreads occur after cutting tomatoes?,Yes,"Yes, rolling sauce in flatbreads occurs after cutting tomatoes.",64,1
9198b9a4-8d8f-4ba6-9924-4c86982d890a,Does the opening of the drawers happen before using the mobile phone?,No,"No, the opening of the drawers happens after using the mobile phone.",64,1
9198b9a4-8d8f-4ba6-9924-4c86982d890a,Is the heat regulator operated before rolling sauce in flatbreads?,No,Yes.,64,1
9198b9a4-8d8f-4ba6-9924-4c86982d890a,What occurs just before rolling sauce in flatbreads?,Cutting tomatoes with a knife.,"Just before rolling sauce in flatbreads, the person scoops the sauce with a slotted spoon and places it into the flatbreads.",64,1
9198b9a4-8d8f-4ba6-9924-4c86982d890a,What happens just before operating the heat regulator?,Cutting vegetables with knives.,"Just before operating the heat regulator, the person is seen holding a spatula and a bowl of chopped vegetables, preparing to add them to the pan.",64,1
9198b9a4-8d8f-4ba6-9924-4c86982d890a,What is done just before opening drawers in the kitchen?,Operating the heat regulator of the cooker.,"Just before opening drawers in the kitchen, a hand is seen holding a smartphone.",64,1
9198b9a4-8d8f-4ba6-9924-4c86982d890a,What activity occurs just before operating a mobile phone?,Rolling sauce in flatbreads.,"Just before operating a mobile phone, the person is seen holding a red container and a blue object, possibly a phone case or a small device, and then places the red container on the counter.",64,1
9198b9a4-8d8f-4ba6-9924-4c86982d890a,Is the cabinet opened before the vegetables are chopped?,No,No.,64,1
9198b9a4-8d8f-4ba6-9924-4c86982d890a,Does operating the heat regulator happen after chopping vegetables?,Yes,"Yes, operating the heat regulator happens after chopping vegetables.",64,1
9198b9a4-8d8f-4ba6-9924-4c86982d890a,Is wrapping sauce in flat bread before cutting vegetables?,No,"No, wrapping sauce in flat bread is not mentioned before cutting vegetables.",64,1
9198b9a4-8d8f-4ba6-9924-4c86982d890a,Do I use the mobile phone before opening drawers?,Yes,Yes,64,1
9198b9a4-8d8f-4ba6-9924-4c86982d890a,What happens just before the cabinet is opened in the video?,Chopping vegetables,"The person is seen holding a red container and a blue spatula, preparing to place them inside the cabinet.",64,1
9198b9a4-8d8f-4ba6-9924-4c86982d890a,What occurs immediately before operating the heat regulator?,Cutting vegetables with knives,"Immediately before operating the heat regulator, the person is seen holding a spatula and a bowl of sauce, preparing to add it to the pan.",64,1
9198b9a4-8d8f-4ba6-9924-4c86982d890a,What do I do right before rolling sauce in flat breads?,Cutting tomatoes,"Before rolling sauce in flat breads, you typically prepare the flatbreads by laying them out flat and ensuring they are evenly spaced. You may also have a filling ready, which could be the sauce or another ingredient that you will add to the flatbread before rolling it. In the video, you can see the flatbreads laid out on a baking sheet, and the sauce is being prepared in a pan on the stove. The next step would be to place a portion of the sauce or filling onto the center of each flatbread, fold the sides over the filling, and then roll the flatbread tightly to enclose the filling. This process is often done with care to ensure the filling is securely wrapped inside the flatbread.",64,1
9198b9a4-8d8f-4ba6-9924-4c86982d890a,What action takes place just before using the mobile phone?,Rolling sauce in flat breads,"Just before using the mobile phone, the person is seen holding a red container and a blue spatula, and then placing the red container on the counter.",64,1
9198b9a4-8d8f-4ba6-9924-4c86982d890a,What is done directly before opening drawers in the kitchen?,Operating the heat regulator.,"Directly before opening drawers in the kitchen, the person is seen holding a red spatula and a blue spatula, and there is a close-up of a red container with a blue lid on the counter.",64,1
9198b9a4-8d8f-4ba6-9924-4c86982d890a,What is the setting of the latest video frame?,A kitchen.,"The setting of the latest video frame is a kitchen with a wooden cutting board, a knife, and chopped vegetables.",64,1
9198b9a4-8d8f-4ba6-9924-4c86982d890a,What can be seen on the stove in the video clip?,A pan with shawarma filling and bread.,A pan with a mixture of ingredients and a pot with a brownish stew or sauce can be seen on the stove.,64,1
9198b9a4-8d8f-4ba6-9924-4c86982d890a,How many pans are on the stove in the video?,Two pans.,There are two pans on the stove in the video.,64,1
9198b9a4-8d8f-4ba6-9924-4c86982d890a,What objects are visible on the kitchen counter in the video?,Ingredients and utensils.,"A cutting board with chopped vegetables, a knife, a bowl of chopped tomatoes, a bowl of chopped onions, a bowl of chopped garlic, a bowl of chopped green onions, a bowl of chopped red onions, a bowl of chopped yellow peppers, a bowl of chopped red peppers, a bowl of chopped green peppers, a bowl of chopped yellow squash, a bowl of chopped red squash, a bowl of chopped green squash, a bowl of chopped yellow zucchini, a bowl of chopped red zucchini, a bowl of chopped green zucchini, a bowl of chopped yellow carrots, a bowl of chopped red carrots, a bowl of chopped green carrots, a bowl of chopped yellow bell peppers, a bowl of chopped red bell peppers, a bowl of chopped green bell peppers, a bowl of chopped yellow mushrooms, a bowl of chopped red mushrooms, a bowl of chopped green mushrooms, a bowl of chopped yellow celery, a bowl of chopped red celery, a bowl of chopped green celery, a bowl of chopped yellow onions, a bowl of chopped red onions, a bowl of chopped green onions, a bowl of chopped yellow garlic, a bowl of chopped red garlic, a bowl of chopped green garlic, a bowl of chopped yellow ginger, a bowl of chopped red ginger, a bowl of chopped green",64,1
9198b9a4-8d8f-4ba6-9924-4c86982d890a,What cooking process is happening in the new frames?,Shawarma filling is being prepared.,"In the new frames, the person is preparing to cook the rolled tortillas on the stovetop, with a pan of refried beans and a bowl of mixed vegetables nearby.",64,1
9198b9a4-8d8f-4ba6-9924-4c86982d890a,What action was the cook performing?,Adding bread to the shawarma filling.,"The cook was preparing food, specifically handling tortillas, stirring a pan with a spatula, and chopping vegetables on a cutting board.",64,1
9198b9a4-8d8f-4ba6-9924-4c86982d890a,How is the cook interacting with the food?,By stirring and combining ingredients.,"The cook is actively engaged in the cooking process, handling the food with care and precision.",64,1
9198b9a4-8d8f-4ba6-9924-4c86982d890a,Describe the cook's technique in the video clip.,Carefully scooping and spreading filling onto bread.,"The cook in the video clip demonstrates a methodical and organized approach to preparing a meal. They start by chopping vegetables on a wooden cutting board, including tomatoes, onions, and green herbs, and then proceed to slice a red bell pepper. The cook's hands are seen handling a knife with precision, indicating experience and skill in food preparation. The kitchen is well-equipped with various utensils and ingredients, such as a large metal bowl, a bottle of olive oil, and a container of eggs, suggesting a well-stocked and functional cooking environment. The cook's actions are deliberate and focused, indicating a high level of attention to detail and care in the preparation process. The video also shows the cook using a griddle to cook the vegetables, which are then added to a pan with a brown sauce, indicating a multi-step cooking process. The cook's technique is consistent and efficient, with a clear focus on creating a flavorful and well-prepared dish.",64,1
9198b9a4-8d8f-4ba6-9924-4c86982d890a,Is there more than one dish being cooked simultaneously?,Yes.,Yes.,64,1
9198b9a4-8d8f-4ba6-9924-4c86982d890a,Is the cook wearing any protective gloves in the video?,No.,"No, the cook is not wearing any protective gloves in the video.",64,1
9198b9a4-8d8f-4ba6-9924-4c86982d890a,Does the video capture the addition of toppings to the shawarma?,No.,"Yes, the video captures the addition of toppings to the shawarma, as the person is seen adding chopped tomatoes and other ingredients to the shawarma.",64,1
9198b9a4-8d8f-4ba6-9924-4c86982d890a,Is the mobile phone operated before rolling sauce in flat breads?,No,Yes.,64,1
9198b9a4-8d8f-4ba6-9924-4c86982d890a,Do I cut the tomatoes before preparing the shawarma?,Yes,"Yes, the tomatoes are cut before preparing the shawarma.",64,1
9198b9a4-8d8f-4ba6-9924-4c86982d890a,Is the shawarma prepared before cutting tomatoes?,No,"Yes, the shawarma is prepared before cutting tomatoes.",64,1
9198b9a4-8d8f-4ba6-9924-4c86982d890a,Do I roll sauce in flat breads after cutting tomatoes?,Yes,"Yes, after cutting tomatoes, the video shows the preparation of flatbreads, which are then rolled and placed on a baking tray.",64,1
9198b9a4-8d8f-4ba6-9924-4c86982d890a,Is the mobile phone operated after preparing the shawarma?,Yes,Yes.,64,1
9198b9a4-8d8f-4ba6-9924-4c86982d890a,What action occurs just before I operated the mobile phone?,Rolling sauce in flat breads,The action that occurs just before operating the mobile phone is washing the green vegetables under running water.,64,1
9198b9a4-8d8f-4ba6-9924-4c86982d890a,What do I do before cutting the tomatoes?,"Nothing, it is the first action.","Before cutting the tomatoes, it's important to prepare the workspace and gather the necessary tools. In the video, you can see a cutting board, a knife, and a bowl on the counter. The person is also holding a bowl of chopped tomatoes, suggesting they have already been prepared. Here are the steps you might follow:1. Clean and sanitize your workspace and tools.2. Gather all the ingredients you need, including tomatoes, a cutting board, a knife, and any other vegetables or seasonings you plan to use.3. Wash the tomatoes thoroughly under running water to remove any dirt or pesticides.4. If the tomatoes are still on the vine, gently twist and pull them off.5. Place the tomatoes on the cutting board and use the knife to cut them into halves or quarters, depending on the size and type of tomato.6. Remove the seeds and core from the tomato halves or quarters.7. Place the cut tomatoes into a bowl or container for use in your recipe.Remember to handle the knife carefully to avoid any accidents, and make sure to clean the knife between cuts if necessary.",64,1
9198b9a4-8d8f-4ba6-9924-4c86982d890a,What occurs just before preparing the shawarma?,Operating the mobile phone,The person chops tomatoes and garlic on a wooden cutting board.,64,1
9198b9a4-8d8f-4ba6-9924-4c86982d890a,"In the video, did I open the kitchen drawers before cutting vegetables?",No,"Yes, you opened the kitchen drawers before cutting vegetables.",64,1
9198b9a4-8d8f-4ba6-9924-4c86982d890a,Does the cooking of shawarma happen before regulating the cooker's heat?,Yes,"No, the cooking of shawarma happens after regulating the cooker's heat.",64,1
9198b9a4-8d8f-4ba6-9924-4c86982d890a,"In the video, is the mobile phone operated after the sauce is rolled in flatbreads?",Yes,"Yes, the mobile phone is operated after the sauce is rolled in flatbreads.",64,1
9198b9a4-8d8f-4ba6-9924-4c86982d890a,Is heat regulation done before cutting tomatoes with a knife?,No,"Yes, the person adjusts the stove's heat before cutting the tomatoes.",64,1
9198b9a4-8d8f-4ba6-9924-4c86982d890a,"In the video sequence, what do I do before cooking shawarma?",Cut vegetables,"Before cooking shawarma, the video shows the preparation of ingredients and the cooking process. Here's a step-by-step breakdown:1. **Preparation of Ingredients:**   - The video starts with a close-up of a kitchen counter where various ingredients are laid out, including chopped tomatoes, onions, and green herbs.   - A person is seen chopping vegetables on a wooden cutting board, including tomatoes and green onions.   - The person is also seen handling a bowl of chopped tomatoes and a bowl of chopped onions, indicating the preparation of toppings for the shawarma.2. **Cooking Process:**   - The video transitions to a close-up of a stove where a pan of cooked shawarma is being prepared. The shawarma appears to be seasoned and is being cooked on a flat-top grill.   - The person is seen using a spatula to handle the shawarma, ensuring it is cooked evenly.   - The video shows the shawarma being placed on a flat-top grill, which is a common method for cooking shawarma.3. **Assembly of Shawarma:**   - The video then shows the person assembling the shawarma. They are seen placing the cooked shawarma onto a pita bread, which",64,1
9198b9a4-8d8f-4ba6-9924-4c86982d890a,Describe the setting shown in the video clip.,A kitchen where shawarma is being prepared.,"The video takes place in a well-equipped kitchen with various cooking utensils and ingredients. The kitchen features a wooden countertop, a stainless steel sink, and a wooden cutting board. There are several bowls containing chopped vegetables, a knife, and a cutting board with chopped ingredients. The person in the video is wearing a black shirt and has red nail polish. The kitchen also has a wooden floor and a Christmas tree in the background.",64,1
9198b9a4-8d8f-4ba6-9924-4c86982d890a,What is happening in these new frames?,Shawarma is being filled with ingredients.,"In the new frames, we see a person in a kitchen setting. The person is handling a cutting board with chopped vegetables, including what appears to be tomatoes and green herbs, and is preparing to add them to a pan on the stove. The kitchen is well-equipped with various utensils and ingredients visible on the counter, such as a bowl of chopped onions, a bottle of olive oil, and a container of spices. The person is also seen using a knife to chop the vegetables and then placing the chopped vegetables into a pan with a red sauce, which could be a tomato-based sauce. The scene suggests that the person is in the process of cooking a meal, possibly a dish that involves sautéing vegetables with a sauce. The kitchen environment is tidy and organized, indicating a well-maintained cooking space.",64,1
9198b9a4-8d8f-4ba6-9924-4c86982d890a,Is the person in the video making a meal?,Yes.,Yes.,64,1
9198b9a4-8d8f-4ba6-9924-4c86982d890a,Is the kitchen the main location in these frames?,Yes.,Yes.,64,1
9198b9a4-8d8f-4ba6-9924-4c86982d890a,Does the video capture the moment of grilling meat for the shawarma?,No.,"No, the video does not capture the moment of grilling meat for the shawarma. It focuses on the preparation and cooking of the shawarma, including the assembly of the wraps and the cooking of the meat in a pan.",64,1
9198b9a4-8d8f-4ba6-9924-4c86982d890a,Are spices being added to the food in this clip?,No.,"Yes, spices are being added to the food in this clip.",64,1
9198b9a4-8d8f-4ba6-9924-4c86982d890a,"In the video, is the shawarma filling added to the bread before wrapping it?",Yes,"Yes, the shawarma filling is added to the bread before wrapping it.",64,1
9198b9a4-8d8f-4ba6-9924-4c86982d890a,Does the chopping of vegetables occur before heating the pan?,No,"Yes, the chopping of vegetables occurs before heating the pan.",64,1
9198b9a4-8d8f-4ba6-9924-4c86982d890a,Is the stove turned off before removing the pan from heat?,Yes,Yes.,64,1
9198b9a4-8d8f-4ba6-9924-4c86982d890a,"In the video, is the bread placed on the pan before adding fillings?",Yes,"Yes, the bread is placed on the pan before adding fillings.",64,1
9198b9a4-8d8f-4ba6-9924-4c86982d890a,Is the shawarma served before adding sauce?,No,"Yes, the shawarma is served before adding sauce.",64,1
9198b9a4-8d8f-4ba6-9924-4c86982d890a,What do I do before adding the shawarma filling to the bread?,Chop vegetables,"Before adding the shawarma filling to the bread, you should ensure that the bread is warm and ready to be filled. In the video, the bread is being heated on a griddle or pan. Once the bread is warm, you can proceed to fill it with the shawarma meat, vegetables, and any other desired toppings. The video shows the shawarma being placed inside the bread, and then the person is seen adding more toppings and folding the bread over the filling.",64,1
9198b9a4-8d8f-4ba6-9924-4c86982d890a,What is done before turning off the stove?,Cook shawarma,"Before turning off the stove, the person checks the cooking time and adjusts the heat if necessary.",64,1
9198b9a4-8d8f-4ba6-9924-4c86982d890a,What is the immediate step before serving the shawarma?,Add sauce,The immediate step before serving the shawarma is to place the cooked shawarma on a plate.,64,1
9198b9a4-8d8f-4ba6-9924-4c86982d890a,"In the video, is the sauce added to the flat bread before cutting the tomatoes?",No,"No, the sauce is added to the flat bread after cutting the tomatoes.",64,1
9198b9a4-8d8f-4ba6-9924-4c86982d890a,Does the person operate the mobile phone after rolling the sauce in the flat breads?,Yes,Yes.,64,1
9198b9a4-8d8f-4ba6-9924-4c86982d890a,Is the shawarma prepared before the tomatoes are cut with a knife?,Yes,"Yes, the shawarma is prepared before the tomatoes are cut with a knife.",64,1
9198b9a4-8d8f-4ba6-9924-4c86982d890a,"In the video, does rolling the sauce happen before the shawarma preparation?",No,"No, rolling the sauce happens after the shawarma preparation.",64,1
9198b9a4-8d8f-4ba6-9924-4c86982d890a,Is the flat bread used before operating the mobile phone?,Yes,No.,64,1
9198b9a4-8d8f-4ba6-9924-4c86982d890a,What setting is portrayed in the latest clip?,A kitchen setting.,"The latest clip shows a kitchen setting with a Christmas tree in the background, indicating a festive atmosphere.",64,1
9198b9a4-8d8f-4ba6-9924-4c86982d890a,What activity is featured in the frame?,Preparing shawarma.,The frame features a person chopping vegetables on a wooden cutting board.,64,1
9198b9a4-8d8f-4ba6-9924-4c86982d890a,Is the shawarma preparation process completed in the clip?,No.,"No, the clip ends with the shawarma being prepared on the stovetop, indicating that the process is ongoing.",64,1
9198b9a4-8d8f-4ba6-9924-4c86982d890a,Is there more than one person visible in the kitchen?,No.,"Yes, there is another person visible in the kitchen, wearing a blue shirt and jeans, who is seen holding a smartphone.",64,1
9198b9a4-8d8f-4ba6-9924-4c86982d890a,Does the clip show any cooking appliances being used?,No.,"Yes, the clip shows the cooking process, including the use of a stove and a griddle.",64,1
9198b9a4-8d8f-4ba6-9924-4c86982d890a,Is there any sign of food already cooked in the scene?,No.,"Yes, there is a pan with a brown, chunky mixture on the stove, and a bowl with a colorful mixture of diced vegetables on the counter.",64,1
9198b9a4-8d8f-4ba6-9924-4c86982d890a,Is the person in the frame wearing gloves?,No.,"No, the person is not wearing gloves.",64,1
9198b9a4-8d8f-4ba6-9924-4c86982d890a,"In the video, is the meat added to the shawarma wrap before chopping the herbs?",No,"No, the meat is added to the shawarma wrap after chopping the herbs.",64,1
9198b9a4-8d8f-4ba6-9924-4c86982d890a,"In the video, is the shawarma wrap prepared before the vegetables are chopped?",Yes,"No, the shawarma wrap is not prepared before the vegetables are chopped. The video shows the preparation of the shawarma wrap after the vegetables are chopped.",64,1
9198b9a4-8d8f-4ba6-9924-4c86982d890a,Does chopping herbs happen after the vegetables are mixed in the bowl?,No,"Yes, chopping herbs happens after the vegetables are mixed in the bowl.",64,1
9198b9a4-8d8f-4ba6-9924-4c86982d890a,Is the shawarma meat cooked before the vegetables are cut?,Yes,"Yes, the shawarma meat is cooked before the vegetables are cut.",64,1
9198b9a4-8d8f-4ba6-9924-4c86982d890a,What happens just before the shawarma meat is added to the wrap in the video?,The vegetables are mixed in a bowl,The shawarma meat is placed on a plate next to the stove.,64,1
9198b9a4-8d8f-4ba6-9924-4c86982d890a,What action takes place before the wrap is rolled up in the video?,The meat and vegetables are added to it,"Before the wrap is rolled up, the person places a slice of cheese on top of the filling.",64,1
9198b9a4-8d8f-4ba6-9924-4c86982d890a,"In the video, is the meat placed on the bread before adding vegetables?",No,"No, the meat is placed on the bread after adding vegetables.",64,1
9198b9a4-8d8f-4ba6-9924-4c86982d890a,Is the bread toasted before spreading the meat on it?,No,"No, the bread is not toasted before spreading the meat on it.",64,1
9198b9a4-8d8f-4ba6-9924-4c86982d890a,"In the clip, is the chopping of vegetables shown before the frying of meat?",Yes,"Yes, the chopping of vegetables is shown before the frying of meat.",64,1
9198b9a4-8d8f-4ba6-9924-4c86982d890a,Does the video show adding condiments after the meat is placed on the bread?,Yes,"Yes, the video shows adding condiments after the meat is placed on the bread.",64,1
9198b9a4-8d8f-4ba6-9924-4c86982d890a,What occurs just before the meat is added to the bread in the video?,Vegetables are chopped,The meat is added to the bread just before the video ends.,64,1
9198b9a4-8d8f-4ba6-9924-4c86982d890a,"In the video sequence, what do we see happening before the bread is picked up?",Vegetables being sautéed,"Before the bread is picked up, we see a hand holding a red container, possibly a spice or seasoning container, and a hand holding a knife over a cutting board with chopped vegetables.",64,1
9198b9a4-8d8f-4ba6-9924-4c86982d890a,"Before the chopping of vegetables, what event is shown in the clip?",Preparing other ingredients,"The clip shows a person holding a bowl of vegetables and a knife, preparing to chop them.",64,1
9198b9a4-8d8f-4ba6-9924-4c86982d890a,What does the cook do before adding condiments to the shawarma?,Place meat on the bread,The cook adds chopped tomatoes and chopped green onions to the shawarma.,64,1
9198b9a4-8d8f-4ba6-9924-4c86982d890a,What is the setting of this scene?,A kitchen.,The setting of this scene is a kitchen.,64,1
9198b9a4-8d8f-4ba6-9924-4c86982d890a,What culinary activity is taking place?,Preparing shawarma.,"The video shows the preparation of a meal involving the cooking of tortillas and a vegetable mixture, with a focus on chopping fresh ingredients and cooking them on a stovetop.",64,1
9198b9a4-8d8f-4ba6-9924-4c86982d890a,Which type of cuisine is being worked on?,"Middle Eastern, specifically shawarma.",Mexican cuisine,64,1
9198b9a4-8d8f-4ba6-9924-4c86982d890a,Are any other tasks being carried out besides cooking?,"No, just cooking.","Yes, besides cooking, the person is also chopping fresh herbs on a wooden cutting board and preparing a bowl of chopped tomatoes.",64,1
9198b9a4-8d8f-4ba6-9924-4c86982d890a,Is the kitchen residential or commercial?,It appears residential.,Residential,64,1
9198b9a4-8d8f-4ba6-9924-4c86982d890a,Is any equipment being used in the action?,"Yes, a knife for chopping.","Yes, a blender is being used in the action.",64,1
9198b9a4-8d8f-4ba6-9924-4c86982d890a,Is the person cooking alone or with others?,The clip only shows one person cooking.,The video does not provide information about whether the person is cooking alone or with others.,64,1
9198b9a4-8d8f-4ba6-9924-4c86982d890a,Is there more than one person in this scene?,No.,"Yes, there is another person in the scene who is holding a smartphone.",64,1
9198b9a4-8d8f-4ba6-9924-4c86982d890a,Has the meal been completed in this frame?,No.,"No, the meal has not been completed in this frame. The video shows the preparation of a meal, including the cooking of tortillas and vegetables, but it does not show the final plating or serving of the meal.",64,1
9198b9a4-8d8f-4ba6-9924-4c86982d890a,Is the person in the video cleaning?,No.,"No, the person in the video is not cleaning; they are preparing food.",64,1
9198b9a4-8d8f-4ba6-9924-4c86982d890a,Does this clip show the finished shawarma dish?,No.,"Yes, the clip shows the finished shawarma dish, with the person placing the shawarma rolls on a plate and arranging them on a wooden cutting board.",64,1
9198b9a4-8d8f-4ba6-9924-4c86982d890a,Are there any children present in this video?,No.,"No, there are no children present in this video.",64,1
9198b9a4-8d8f-4ba6-9924-4c86982d890a,"In the video, is the shawarma prepared after I washed the vegetables?",No,"Yes, the shawarma is prepared after the vegetables are washed.",64,1
9198b9a4-8d8f-4ba6-9924-4c86982d890a,"In the video, do I chop the parsley before assembling the shawarma?",Yes,"Yes, in the video, you chop the parsley before assembling the shawarma.",64,1
9198b9a4-8d8f-4ba6-9924-4c86982d890a,Does cutting tomatoes occur before the marinating of meat?,Yes,"Yes, cutting tomatoes occurs before the marinating of meat.",64,1
9198b9a4-8d8f-4ba6-9924-4c86982d890a,"In the clip, is the garlic crushed before the tzatziki sauce is mixed?",Yes,"Yes, the garlic is crushed before the tzatziki sauce is mixed.",64,1
9198b9a4-8d8f-4ba6-9924-4c86982d890a,Is the lettuce shredded after the hummus is spread on the bread?,Yes,"No, the lettuce is not shredded after the hummus is spread on the bread.",64,1
9198b9a4-8d8f-4ba6-9924-4c86982d890a,What happens before I season the shawarma meat?,Chopping onions,"Before seasoning the shawarma meat, the person first prepares the ingredients by chopping vegetables and placing them in a bowl. They then add the chopped vegetables to the shawarma meat in a pan on the stove.",64,1
9198b9a4-8d8f-4ba6-9924-4c86982d890a,What do I do just before wrapping the shawarma?,Adding sauces,"Just before wrapping the shawarma, you should ensure that the meat is well-cooked and possibly slightly browned, as seen in the video. The shawarma is typically served in a pita bread, and it's common to add fresh vegetables like tomatoes, onions, and lettuce, along with a sauce such as tahini or tzatziki. In the video, you can see the shawarma being placed into the pita bread, and it appears that the person is adding fresh ingredients and possibly a sauce before folding the pita bread over the shawarma.",64,1
9198b9a4-8d8f-4ba6-9924-4c86982d890a,What occurs before I put the shawarma on the grill?,Skewing meat,"Before putting the shawarma on the grill, the person is seen preparing the ingredients, including chopping vegetables and placing the shawarma on a grill pan. They also add a mixture of vegetables and sauce to the shawarma.",64,1
9198b9a4-8d8f-4ba6-9924-4c86982d890a,"In the video, what action precedes slicing the cooked shawarma?",Removing from heat,The action that precedes slicing the cooked shawarma is placing the cooked shawarma on a cutting board.,64,1
9198b9a4-8d8f-4ba6-9924-4c86982d890a,What task is completed before garnishing the dish with parsley?,Placing the shawarma on the plate.,"Before garnishing the dish with parsley, the person is seen preparing a bowl of chopped tomatoes and a bowl of chopped green herbs on the counter.",64,1
9198b9a4-8d8f-4ba6-9924-4c86982d890a,"In the kitchen, is shawarma added to the pita before chopping the herbs?",No,"No, shawarma is added to the pita after chopping the herbs.",64,1
9198b9a4-8d8f-4ba6-9924-4c86982d890a,Are the herbs chopped before the shawarma is cooked?,Yes,"Yes, the herbs are chopped before the shawarma is cooked.",64,1
9198b9a4-8d8f-4ba6-9924-4c86982d890a,Is the pita prepared before any cooking starts?,No,"Yes, the pita is prepared before any cooking starts, as it is shown in a plastic container on the counter.",64,1
9198b9a4-8d8f-4ba6-9924-4c86982d890a,Is the pan on the stove before chopping the herbs?,Yes,No.,64,1
9198b9a4-8d8f-4ba6-9924-4c86982d890a,What happens before the pita is filled with shawarma?,Shawarma is cooked.,"Before the pita is filled with shawarma, it is placed on a grill pan to toast it.",64,1
9198b9a4-8d8f-4ba6-9924-4c86982d890a,What is the action performed after placing the pan on the stove?,Cooking shawarma.,"After placing the pan on the stove, the person stirs the contents of the pan with a spatula.",64,1
9198b9a4-8d8f-4ba6-9924-4c86982d890a,What is the setting shown in the video clip?,A kitchen.,The setting shown in the video clip is a kitchen.,64,1
9198b9a4-8d8f-4ba6-9924-4c86982d890a,Which dish is being prepared in this video?,Shawarma.,The dish being prepared in this video is burritos.,64,1
9198b9a4-8d8f-4ba6-9924-4c86982d890a,Are there any decorations visible in the video scene?,"Yes, a Christmas tree.","Yes, a Christmas tree is visible in the background.",64,1
9198b9a4-8d8f-4ba6-9924-4c86982d890a,What appliances are present in the video scene?,A stove and fridge are visible.,"The video shows a stove, a refrigerator, a dishwasher, and a microwave.",64,1
9198b9a4-8d8f-4ba6-9924-4c86982d890a,Is the kitchen depicted as clean or messy?,It appears clean.,The kitchen is depicted as clean and organized.,64,1
9198b9a4-8d8f-4ba6-9924-4c86982d890a,Is any cooking appliance being used in the frames?,The stove is being used.,"Yes, a stove is being used to cook the food.",64,1
9198b9a4-8d8f-4ba6-9924-4c86982d890a,Is there any evidence of recent cooking in the video?,"Yes, a pan is on the stovetop.","Yes, there is evidence of recent cooking in the video. The kitchen counter is cluttered with various cooking utensils and ingredients, and the stove has a pan with a brownish mixture, possibly a sauce or stew.",64,1
9198b9a4-8d8f-4ba6-9924-4c86982d890a,Is food being cooked or assembled?,"Assembled, as shawarma is being prepared.",Yes,64,1
9198b9a4-8d8f-4ba6-9924-4c86982d890a,Does the clip show any ingredient being chopped or sliced?,"No, not depicted in the clip.","Yes, the clip shows a person chopping green herbs on a wooden cutting board and slicing tomatoes on a wooden cutting board.",64,1
9198b9a4-8d8f-4ba6-9924-4c86982d890a,Is there a person visible in the video clip?,No.,"Yes, there is a person visible in the video clip.",64,1
9198b9a4-8d8f-4ba6-9924-4c86982d890a,Does the clip include any festive decorations?,Yes.,"Yes, the clip includes a Christmas tree with lights in the background.",64,1
9198b9a4-8d8f-4ba6-9924-4c86982d890a,Can you see any finished dish in the clip?,No.,"Yes, there is a finished dish of tacos on a plate in the clip.",64,1
9198b9a4-8d8f-4ba6-9924-4c86982d890a,Does the clip show someone doing the dishes?,No.,Yes.,64,1
9198b9a4-8d8f-4ba6-9924-4c86982d890a,Is there any visible flame or food being cooked directly?,No.,"No, there is no visible flame or food being cooked directly.",64,1
9198b9a4-8d8f-4ba6-9924-4c86982d890a,What is the setting of the latest video clip?,The setting is a kitchen.,"The setting of the latest video clip is a kitchen with a wooden floor, a Christmas tree, and various kitchen items on the counter.",64,1
9198b9a4-8d8f-4ba6-9924-4c86982d890a,Describe the activity being carried out.,Cooking or food preparation is being performed.,"The video begins with a view of a kitchen, focusing on a countertop with various ingredients and utensils. A person is seen chopping vegetables on a wooden cutting board, including tomatoes and green onions. The scene transitions to a close-up of the person's hands as they chop the vegetables. The person then places the chopped vegetables into a bowl. The video continues with the person placing the chopped vegetables into a bowl and then moving to a different area of the kitchen, where they are seen holding a bowl of chopped vegetables. The person then moves to a different area of the kitchen, where they are seen holding a bowl of chopped vegetables. The video concludes with the person placing the bowl of chopped vegetables into a container and then moving to a different area of the kitchen, where they are seen holding a bowl of chopped vegetables.",64,1
9198b9a4-8d8f-4ba6-9924-4c86982d890a,Does the person open the refrigerator in the video?,Yes.,Yes.,64,1
9198b9a4-8d8f-4ba6-9924-4c86982d890a,"In the video, is the refrigerator opened before the cheese is retrieved?",Yes,Yes.,64,1
9198b9a4-8d8f-4ba6-9924-4c86982d890a,Is the kitchen light turned on after I enter the room?,No,"Yes, the kitchen light is turned on after you enter the room.",64,1
9198b9a4-8d8f-4ba6-9924-4c86982d890a,Do I start preparing shawarma before setting the ingredients on the counter?,No,"No, you start preparing shawarma after setting the ingredients on the counter.",64,1
9198b9a4-8d8f-4ba6-9924-4c86982d890a,"In the video, is the tree decorated before I begin cooking?",Yes,"Yes, the tree is decorated before the cooking begins.",64,1
9198b9a4-8d8f-4ba6-9924-4c86982d890a,What's the setting of the video clip?,In a kitchen.,The setting of the video clip is a kitchen.,64,1
9198b9a4-8d8f-4ba6-9924-4c86982d890a,What objects are present in this scene?,"Glass cup, glass bowls, steel bowls, whipping cream, flour, eggs, whisker.","In the scene, there is a kitchen setting with various objects present. Here's a list of the objects visible:1. A wooden cutting board with chopped vegetables.2. A knife on the cutting board.3. A bowl of chopped tomatoes.4. A bowl of chopped onions.5. A bowl of chopped green herbs.6. A bowl of chopped red tomatoes.7. A bowl of chopped yellow peppers.8. A bowl of chopped green peppers.9. A bowl of chopped red peppers.10. A bowl of chopped yellow onions.11. A bowl of chopped green onions.12. A bowl of chopped red onions.13. A bowl of chopped yellow tomatoes.14. A bowl of chopped green tomatoes.15. A bowl of chopped red tomatoes.16. A bowl of chopped yellow peppers.17. A bowl of chopped green peppers.18. A bowl of chopped red peppers.19. A bowl of chopped yellow onions.20. A bowl of chopped green onions.21. A bowl of chopped red onions.22. A bowl of chopped yellow tomatoes.23. A bowl of chopped green tomatoes.24. A bowl of chopped red tomatoes.25.",64,1
9198b9a4-8d8f-4ba6-9924-4c86982d890a,What is the main activity taking place?,Baking preparation.,"The main activity is the preparation of a meal, specifically making enchiladas.",64,1
9198b9a4-8d8f-4ba6-9924-4c86982d890a,Are there any kitchen appliances visible?,"Yes, a stove and a sink.","Yes, kitchen appliances such as a stove, refrigerator, and blender are visible.",64,1
9198b9a4-8d8f-4ba6-9924-4c86982d890a,Can you identify the ingredients used?,"Heavy whipping cream, flour, and eggs.","The video shows a variety of ingredients being used in the cooking process. Here are some of the ingredients that can be identified:1. Fresh vegetables: There are chopped tomatoes, green herbs, and possibly onions or shallots.2. Grains: There are grains in a bowl, which could be quinoa or another type of grain.3. Spices and seasonings: Various spices and seasonings are visible in the kitchen, including what appears to be a bottle of hot sauce.4. Dairy products: There are eggs and a carton of milk on the counter.5. Fresh produce: There are lemons, a bowl of vegetables, and a head of lettuce.6. Cooking utensils: A cutting board, knife, and other kitchen tools are used throughout the cooking process.7. Pantry items: There are various pantry items such as canned goods and jars of spices.The video also shows the person preparing a meal, which includes chopping vegetables, cooking with a pan on the stove, and using a blender. The final scene shows the person cracking eggs into a bowl, suggesting that they might be making a dish that includes eggs, such as an omelet or scrambled eggs.",64,1
9198b9a4-8d8f-4ba6-9924-4c86982d890a,What is being prepared in the kitchen?,A baking recipe.,Tortillas are being prepared in the kitchen.,64,1
9198b9a4-8d8f-4ba6-9924-4c86982d890a,What action does the person perform with the eggs?,Cracking and whipping them.,The person cracks the eggs into a bowl.,64,1
9198b9a4-8d8f-4ba6-9924-4c86982d890a,What tool is used for whipping the eggs?,A whisker.,A whisk is used for whipping the eggs.,64,1
9198b9a4-8d8f-4ba6-9924-4c86982d890a,Where are the ingredients placed after being prepared?,In glass and steel bowls.,The ingredients are placed in bowls and containers on the counter.,64,1
9198b9a4-8d8f-4ba6-9924-4c86982d890a,How are the ingredients combined?,Poured into bowls and whipped.,The ingredients are combined by placing them into a bowl and then mixing them with a whisk.,64,1
9198b9a4-8d8f-4ba6-9924-4c86982d890a,Is there an egg crate visible in the scene?,Yes.,Yes.,64,1
9198b9a4-8d8f-4ba6-9924-4c86982d890a,Did the person crack eggs from both a slab and the fridge?,Yes.,"Yes, the person cracked eggs from both a slab and the fridge.",64,1
9198b9a4-8d8f-4ba6-9924-4c86982d890a,Were the flour and whipping cream poured into separate containers?,Yes.,"Yes, the flour and whipping cream were poured into separate containers.",64,1
9198b9a4-8d8f-4ba6-9924-4c86982d890a,Is the heavy whipping cream poured before cracking the eggs?,Yes,"Yes, the heavy whipping cream is poured before cracking the eggs.",64,1
9198b9a4-8d8f-4ba6-9924-4c86982d890a,Is the flour added to the bowl before the eggs are cracked?,Yes,"Yes, the flour is added to the bowl before the eggs are cracked.",64,1
9198b9a4-8d8f-4ba6-9924-4c86982d890a,What did I do just before whipping the eggs in the video?,Crack the eggs into steel bowls,"Just before whipping the eggs, you were seen holding a carton of eggs and a knife, standing in front of a kitchen counter with various ingredients and utensils around. The scene suggests that you were preparing to crack the eggs into a bowl for whisking.",64,1
9198b9a4-8d8f-4ba6-9924-4c86982d890a,What takes place just before flour is poured into a bowl?,Pouring cream into a glass cup,"A hand is seen holding a bowl of flour, preparing to pour it into a bowl.",64,1
9198b9a4-8d8f-4ba6-9924-4c86982d890a,What do we see happening before the egg crate is put in the fridge?,Cracking eggs on the slab,"Before the egg crate is put in the fridge, we see a hand holding a yellow container, possibly a spice or seasoning, and a hand holding a white bowl with a red lid, which might contain a food item.",64,1
9198b9a4-8d8f-4ba6-9924-4c86982d890a,What occurs just before the shawarma preparation in the video?,Taking the egg crate out of the fridge,"The shawarma preparation occurs just after the person is seen holding a container of baby spinach and a bowl of chopped onions, indicating the preparation of ingredients for the shawarma.",64,1
9198b9a4-8d8f-4ba6-9924-4c86982d890a,"In the video, is the egg cracked into the bowl before the cream is poured?",No,"No, the egg is cracked into the bowl after the cream is poured.",64,1
9198b9a4-8d8f-4ba6-9924-4c86982d890a,Does the egg crate go back into the fridge after the eggs are cracked?,Yes,"Yes, the egg crate is placed back into the fridge after the eggs are cracked.",64,1
9198b9a4-8d8f-4ba6-9924-4c86982d890a,"In the video, is the flour poured into the bowl after the egg is cracked?",Yes,"No, the flour is poured into the bowl before the egg is cracked.",64,1
9198b9a4-8d8f-4ba6-9924-4c86982d890a,Does the preparation of shawarma occur before the cream is poured into the cup?,Yes,"Yes, the preparation of shawarma occurs before the cream is poured into the cup.",64,1
9198b9a4-8d8f-4ba6-9924-4c86982d890a,What happens just before the egg crate is put back in the fridge?,The eggs are cracked.,The person picks up a carton of eggs and places it on the counter.,64,1
9198b9a4-8d8f-4ba6-9924-4c86982d890a,What occurs just before the whipping of the egg?,The egg is cracked into the bowl.,"The person is seen holding a bowl of eggs, preparing to crack them into a measuring cup.",64,1
9198b9a4-8d8f-4ba6-9924-4c86982d890a,"In the video, what do we see happening before the flour is poured into the bowl?",The cream is poured into a cup.,"Before the flour is poured into the bowl, we see a hand holding a container of flour over a wooden cutting board, with a knife and other kitchen utensils visible in the background.",64,1
9198b9a4-8d8f-4ba6-9924-4c86982d890a,What happens just before the cream is poured into the cup?,Shawarma is prepared.,The cream is poured into a cup.,64,1
9198b9a4-8d8f-4ba6-9924-4c86982d890a,What is the setting of the video clip?,In a kitchen.,The setting of the video clip is a kitchen.,64,1
9198b9a4-8d8f-4ba6-9924-4c86982d890a,What ingredients are combined in the mixture?,"Egg, cheese, baking soda, cream, sugar, vegetables.","The mixture contains chopped tomatoes, onions, and garlic.",64,1
9198b9a4-8d8f-4ba6-9924-4c86982d890a,What utensil is used to stir the mixture?,A spatula.,A spatula is used to stir the mixture.,64,1
9198b9a4-8d8f-4ba6-9924-4c86982d890a,Where is the dough placed after removal from the fridge?,On a board on a slab in the kitchen.,The dough is placed on a wooden cutting board.,64,1
9198b9a4-8d8f-4ba6-9924-4c86982d890a,What does the person do with the dough and mixture?,Stir the mixture; place dough on board.,"The person places the dough on a cutting board, spreads the mixture on it, and then folds it over the mixture.",64,1
9198b9a4-8d8f-4ba6-9924-4c86982d890a,What preparation is shown in the video clip?,Making some food involving a mixed batter.,"The video clip shows the preparation of a meal, including chopping vegetables, cooking meat, and preparing a bowl of mixed vegetables.",64,1
9198b9a4-8d8f-4ba6-9924-4c86982d890a,What sequence of actions is depicted in the clip?,"Stirring mixture, retrieving, placing dough.","The clip depicts a sequence of actions in a kitchen, starting with a person preparing food on a wooden cutting board, then moving to a stove where they cook the food, and finally, they are seen holding a bowl of food, indicating the completion of the cooking process.",64,1
9198b9a4-8d8f-4ba6-9924-4c86982d890a,Does the person whip cream into the mixture?,Yes.,"No, the person does not whip cream into the mixture.",64,1
9198b9a4-8d8f-4ba6-9924-4c86982d890a,Does the person transfer the mixture to another container?,No.,Yes.,64,1
9198b9a4-8d8f-4ba6-9924-4c86982d890a,Is the dough placed in an oven?,No.,Yes.,64,1
9198b9a4-8d8f-4ba6-9924-4c86982d890a,Does the person knead the dough in the clip?,No.,"No, the person does not knead the dough in the clip.",64,1
9198b9a4-8d8f-4ba6-9924-4c86982d890a,Is there a moment when sugar is added to the mixture?,No (sugar was already added before).,"Yes, there is a moment when sugar is added to the mixture.",64,1
9198b9a4-8d8f-4ba6-9924-4c86982d890a,Was the cream poured into a cup before the eggs were cracked?,Yes,"Yes, the cream was poured into a cup before the eggs were cracked.",64,1
9198b9a4-8d8f-4ba6-9924-4c86982d890a,Was the mixture stirred before the dough was brought out?,Yes,"Yes, the mixture was stirred before the dough was brought out.",64,1
9198b9a4-8d8f-4ba6-9924-4c86982d890a,Did the whipping of eggs happen after the flour was poured?,Yes,"Yes, the whipping of eggs happened after the flour was poured.",64,1
9198b9a4-8d8f-4ba6-9924-4c86982d890a,Is sugar added to the mixture after the egg is whipped?,Yes,"Yes, sugar is added to the mixture after the egg is whipped.",64,1
9198b9a4-8d8f-4ba6-9924-4c86982d890a,What happened before the dough was placed on the board?,Stirring the mixture,"Before the dough was placed on the board, the person was seen holding a bowl of chopped vegetables and a knife, preparing to chop more vegetables.",64,1
9198b9a4-8d8f-4ba6-9924-4c86982d890a,What occurs just before the eggs are whipped?,Cracking eggs into bowls,"A hand is seen holding a carton of eggs, indicating the preparation for the next step in the cooking process.",64,1
9198b9a4-8d8f-4ba6-9924-4c86982d890a,What is done just before cracking eggs from the fridge?,Pouring cream into a cup,"Just before cracking eggs from the fridge, the person is seen holding a carton of eggs and a knife, preparing to crack the eggs into a bowl.",64,1
9198b9a4-8d8f-4ba6-9924-4c86982d890a,What is done right before adding grated cheese to the mixture?,Stirring the mixture,"Right before adding grated cheese to the mixture, the person grates cheese into a bowl and then adds it to the pan.",64,1
9198b9a4-8d8f-4ba6-9924-4c86982d890a,"In the video, does the cheese get grated before the eggs are cracked?",No,"Yes, the cheese is grated before the eggs are cracked.",64,1
9198b9a4-8d8f-4ba6-9924-4c86982d890a,Is the heavy whipping cream poured into a cup after the flour?,Yes,Yes.,64,1
9198b9a4-8d8f-4ba6-9924-4c86982d890a,Does the dough come out of the fridge before the eggs are whipped?,No,"No, the dough comes out of the fridge after the eggs are whisked.",64,1
9198b9a4-8d8f-4ba6-9924-4c86982d890a,"In the video, is the sugar added to the mixture before the vegetables?",Yes,"No, the sugar is added to the mixture after the vegetables.",64,1
9198b9a4-8d8f-4ba6-9924-4c86982d890a,Does the mixture get stirred before the eggs are cracked?,No,"Yes, the mixture is stirred before the eggs are cracked.",64,1
9198b9a4-8d8f-4ba6-9924-4c86982d890a,What happens just before the dough is placed on the board?,The mixture is stirred,The dough is placed on the counter.,64,1
9198b9a4-8d8f-4ba6-9924-4c86982d890a,"In the video sequence, what action is taken before pouring flour into a glass bowl?",Preparing shawarma,"Before pouring flour into a glass bowl, the person is seen holding a glass bowl and a measuring cup, likely preparing to measure and pour ingredients.",64,1
9198b9a4-8d8f-4ba6-9924-4c86982d890a,What occurs just before grating the cheese?,Stirring the mixture,"Just before grating the cheese, the person is seen holding a block of cheese and a grater, preparing to grate it.",64,1
9198b9a4-8d8f-4ba6-9924-4c86982d890a,"In the video, what happens right before whipping the egg?",Cracking the eggs,"Right before whipping the egg, the person is seen holding a carton of eggs and a whisk, preparing to crack the egg into the bowl.",64,1
9198b9a4-8d8f-4ba6-9924-4c86982d890a,What do we see happening before the heavy whipping cream is poured?,Preparing shawarma,"Before the heavy whipping cream is poured, we see a hand holding a container of heavy whipping cream, standing in front of a refrigerator, and then pouring the cream into a bowl.",64,1
9198b9a4-8d8f-4ba6-9924-4c86982d890a,What is the setting of the video clip?,The setting is a kitchen.,The setting of the video clip is a kitchen.,64,1
9198b9a4-8d8f-4ba6-9924-4c86982d890a,What ingredients are being used?,Dough and mixtures in bowls.,"The video shows a variety of ingredients being used, including:1. Fresh vegetables such as tomatoes, green bell peppers, and onions.2. A bowl of chopped vegetables, possibly including tomatoes and green bell peppers.3. A container of baby spinach.4. A bowl of shredded cheese.5. A bowl of chopped green herbs, likely cilantro.6. A bowl of chopped red tomatoes.7. A bowl of chopped green onions.8. A bowl of chopped garlic.9. A bowl of chopped green chilies.10. A bowl of chopped red tomatoes.11. A bowl of chopped green bell peppers.12. A bowl of chopped onions.13. A bowl of chopped cilantro.14. A bowl of chopped green onions.15. A bowl of chopped garlic.16. A bowl of chopped green chilies.17. A bowl of chopped red tomatoes.18. A bowl of chopped green bell peppers.19. A bowl of chopped onions.20. A bowl of chopped cilantro.21. A bowl of chopped green onions.22. A bowl of chopped garlic.23. A bowl of chopped green chilies.24. A bowl of chopped red",64,1
9198b9a4-8d8f-4ba6-9924-4c86982d890a,What equipment is being utilized?,Rolling pin and spatulas.,stove,64,1
9198b9a4-8d8f-4ba6-9924-4c86982d890a,What is the main activity occurring?,Preparing dough and mixtures for baking.,"The main activity is the preparation of a meal, specifically making enchiladas.",64,1
9198b9a4-8d8f-4ba6-9924-4c86982d890a,What task is being performed with the dough?,Rolling the dough with a rolling pin.,The dough is being rolled out and placed on a cutting board.,64,1
9198b9a4-8d8f-4ba6-9924-4c86982d890a,What is being done to the mixtures?,The mixtures are being stirred in steel bowls.,The mixtures are being stirred and cooked.,64,1
9198b9a4-8d8f-4ba6-9924-4c86982d890a,Is the dough being prepared for baking?,Yes.,Yes.,64,1
9198b9a4-8d8f-4ba6-9924-4c86982d890a,Is only one type of spatula being used?,"No, two different spatulas are being used.","No, there are multiple spatulas being used throughout the video.",64,1
9198b9a4-8d8f-4ba6-9924-4c86982d890a,Did the same person handle all tasks shown in the summary?,Yes.,"Yes, the same person is shown handling all tasks throughout the video, from preparing the ingredients to cooking the meal.",64,1
9198b9a4-8d8f-4ba6-9924-4c86982d890a,Is anything being cooked in the clip?,"No, only preparation steps are shown.","Yes, the clip shows a person cooking on a stovetop with a pan of food, and later, a person is seen grating cheese over a bowl of food.",64,1
9198b9a4-8d8f-4ba6-9924-4c86982d890a,Is the dough placed on the board before the mixture is stirred?,No,"No, the dough is placed on the board after the mixture is stirred.",64,1
9198b9a4-8d8f-4ba6-9924-4c86982d890a,Is the doe taken out of the fridge before the rolling pin is used?,Yes,No.,64,1
9198b9a4-8d8f-4ba6-9924-4c86982d890a,What do we see happening before the spatula stirs the mixture in the steel bowls?,The rolling pin rolls on the dough,"Before the spatula stirs the mixture in the steel bowls, we see a close-up of the person's hands holding a spatula, with a bowl of chopped vegetables on the counter.",64,1
9198b9a4-8d8f-4ba6-9924-4c86982d890a,Did I pour heavy whipping cream before cracking eggs?,Yes,"No, you did not pour heavy whipping cream before cracking eggs.",64,1
9198b9a4-8d8f-4ba6-9924-4c86982d890a,Is the dough rolled before stirring mixtures in bowls?,Yes,"Yes, the dough is rolled before stirring mixtures in bowls.",64,1
9198b9a4-8d8f-4ba6-9924-4c86982d890a,Do I place the dough on the board after pouring flour?,Yes,"Yes, after pouring flour, you should place the dough on the board.",64,1
9198b9a4-8d8f-4ba6-9924-4c86982d890a,What happens just before I place the dough on the board?,I bring out the dough from the fridge.,"Just before placing the dough on the board, the person is seen holding a piece of dough and a knife, likely preparing to roll or shape the dough.",64,1
9198b9a4-8d8f-4ba6-9924-4c86982d890a,What is the setting of the video clip?,A kitchen with a board and cooking items.,The setting of the video clip is a kitchen.,64,1
9198b9a4-8d8f-4ba6-9924-4c86982d890a,What object is primarily shown in the scene?,A doe laid out on a mat on a kitchen board.,The scene primarily shows a kitchen with various cooking utensils and ingredients.,64,1
9198b9a4-8d8f-4ba6-9924-4c86982d890a,Which item is used in the scene?,A knife to trim edges of the doe.,"The scene involves a variety of items, including a cutting board, a knife, a bowl of chopped vegetables, a bowl of shredded cheese, a bowl of chopped tomatoes, a bowl of chopped green herbs, a bowl of chopped red onions, a bowl of chopped yellow peppers, a bowl of chopped green peppers, a bowl of chopped red peppers, a bowl of chopped yellow peppers, a bowl of chopped green peppers, a bowl of chopped red peppers, a bowl of chopped yellow peppers, a bowl of chopped green peppers, a bowl of chopped red peppers, a bowl of chopped yellow peppers, a bowl of chopped green peppers, a bowl of chopped red peppers, a bowl of chopped yellow peppers, a bowl of chopped green peppers, a bowl of chopped red peppers, a bowl of chopped yellow peppers, a bowl of chopped green peppers, a bowl of chopped red peppers, a bowl of chopped yellow peppers, a bowl of chopped green peppers, a bowl of chopped red peppers, a bowl of chopped yellow peppers, a bowl of chopped green peppers, a bowl of chopped red peppers, a bowl of chopped yellow peppers, a bowl of chopped green peppers, a bowl of chopped red peppers, a bowl of chopped yellow peppers, a bowl of chopped green peppers, a bowl of chopped red",64,1
9198b9a4-8d8f-4ba6-9924-4c86982d890a,What stage of the process is shown?,Trimming and folding the prepared doe.,"The video shows the preparation stage of the cooking process, including chopping vegetables, cooking meat, and preparing to assemble and cook the enchiladas.",64,1
9198b9a4-8d8f-4ba6-9924-4c86982d890a,Can you describe the main task at hand?,Trimming rough edges of the doe.,"The video begins with a view of a kitchen, focusing on a person preparing food. The person is chopping vegetables on a wooden cutting board, with a bowl of chopped tomatoes and a knife visible. The kitchen is well-lit, and various kitchen utensils and ingredients are scattered around, indicating an active cooking session. The person is wearing a black shirt and has red-painted nails. The scene transitions to the person placing the chopped vegetables into a pan on the stove, which contains a mixture of ingredients, possibly for a stir-fry or sauté. The person then moves to the counter, where a bowl of chopped tomatoes and a knife are placed, and picks up a container of chopped onions. The kitchen is well-equipped with various utensils and ingredients, and the person appears to be in the process of preparing a meal.The video continues with a close-up of the person's hands holding a container of chopped onions, with a wooden cutting board and a knife visible in the background. The person then moves to the stove, where a pan with a mixture of ingredients is placed. The person adds the chopped onions to the pan and stirs the mixture with a spatula. The kitchen is well-lit, and various kitchen utensils and ingredients are scattered around, indicating",64,1
9198b9a4-8d8f-4ba6-9924-4c86982d890a,What preparation step is shown in the clip?,Folding the trimmed doe together.,"The clip shows the preparation of a dish involving sliced tomatoes, chopped onions, and a bowl of mixed vegetables.",64,1
9198b9a4-8d8f-4ba6-9924-4c86982d890a,Did the person use a knife in the video?,Yes.,Yes.,64,1
9198b9a4-8d8f-4ba6-9924-4c86982d890a,Is there any folding action happening?,Yes.,"Yes, there is a folding action happening. The video shows a hand folding a piece of cloth or towel.",64,1
9198b9a4-8d8f-4ba6-9924-4c86982d890a,Did the person complete the trimming action?,Yes.,"Yes, the person completed the trimming action as they are seen holding the trimmed end of the vegetable.",64,1
9198b9a4-8d8f-4ba6-9924-4c86982d890a,Is the dough folded before trimming the rough edges?,No,"Yes, the dough is folded before trimming the rough edges.",64,1
9198b9a4-8d8f-4ba6-9924-4c86982d890a,Does stirring in the steel bowls happen after folding the dough?,No,"Yes, stirring in the steel bowls happens after folding the dough.",64,1
9198b9a4-8d8f-4ba6-9924-4c86982d890a,What occurs just before folding the dough?,Trimming the rough edges with a knife,The dough is placed on a cutting board and a knife is used to cut it into smaller pieces.,64,1
9198b9a4-8d8f-4ba6-9924-4c86982d890a,What happens before stirring mixtures in steel bowls?,Rolling the pin on the dough,"Before stirring mixtures in steel bowls, the person is seen holding a large metal bowl filled with chopped vegetables.",64,1
9198b9a4-8d8f-4ba6-9924-4c86982d890a,Does rolling the dough with a rolling pin happen before trimming its edges?,Yes,"Yes, rolling the dough with a rolling pin happens before trimming its edges.",64,1
9198b9a4-8d8f-4ba6-9924-4c86982d890a,Is the trimmed dough folded before stirring the mixture?,No,Yes.,64,1
9198b9a4-8d8f-4ba6-9924-4c86982d890a,Do I take out the dough from the fridge before preparing mixtures?,Yes,"Yes, the dough is taken out of the fridge before preparing the mixtures.",64,1
9198b9a4-8d8f-4ba6-9924-4c86982d890a,What occurs before folding the trimmed dough?,Trimming the rough edges with a knife,"Before folding the trimmed dough, the person places it on a baking sheet.",64,1
9198b9a4-8d8f-4ba6-9924-4c86982d890a,What is the first thing I do with the dough after taking it out from the fridge?,Placing it on a board,"After taking the dough out from the fridge, the first thing you would typically do is let it come to room temperature. This allows the dough to relax and become more pliable, making it easier to roll out and shape. Once the dough has reached room temperature, you can proceed with the next step in the recipe, which might involve rolling it out, cutting it into shapes, or preparing it for the next step in the cooking process.",64,1
0fa75cb3-c4a0-4232-bdc4-15116ed39d88,What is the setting of the video clip?,It is in an outdoor field.,"The setting of the video clip is a tranquil outdoor area with a pathway, arches, and a view of a landscaped area with palm trees and a body of water.",64,1
0fa75cb3-c4a0-4232-bdc4-15116ed39d88,Is the scene occurring in an urban or rural environment?,Rural environment.,"The scene is occurring in an urban environment, as indicated by the presence of buildings, a well-maintained road, and a structured layout of the area.",64,1
0fa75cb3-c4a0-4232-bdc4-15116ed39d88,What time of day does the scene appear to be set in?,It appears to be set in the evening.,"The scene appears to be set in the evening, as indicated by the low position of the sun near the horizon and the warm, golden light it casts.",64,1
0fa75cb3-c4a0-4232-bdc4-15116ed39d88,How is the subject navigating the outdoor space?,The subject is walking on the field and then heads home.,"The subject is walking along the pathway, moving from one side of the frame to the other, and occasionally stopping to look out over the water.",64,1
0fa75cb3-c4a0-4232-bdc4-15116ed39d88,Can you provide an overview of the action in this clip?,"Subject walks outdoors, across a field, and returns home.","The video begins with a view of an arched entryway leading to a courtyard or garden area. The arches are supported by columns, and there is greenery visible beyond the entrance. The floor appears to be tiled, and there are a few scattered leaves on the ground. The lighting suggests it is daytime, and the sky is clear.As the video progresses, the camera moves forward along the pathway, passing by more greenery and a few trees. The pathway is bordered by a low wall or fence, and there are street lamps along the sides. The architecture and landscaping suggest a well-maintained public or residential area.The camera then moves to a different section of the pathway, where the person in the yellow top and black pants is seen standing near the edge of the pathway, looking out towards the water. The person appears to be taking a moment to enjoy the view. The pathway is bordered by a low wall or fence, and there are street lamps along the sides. The architecture and landscaping suggest a well-maintained public or residential area.The video continues with the person standing near the edge of the pathway, looking out towards the water. The pathway is bordered by a low wall or fence, and there are street lamps along the sides. The architecture and",64,1
0fa75cb3-c4a0-4232-bdc4-15116ed39d88,Does the video show the subject entering a building?,No.,"No, the video does not show the subject entering a building.",64,1
0fa75cb3-c4a0-4232-bdc4-15116ed39d88,Is the subject interacting with other people in the video?,No.,"No, the subject is not interacting with other people in the video.",64,1
0fa75cb3-c4a0-4232-bdc4-15116ed39d88,Does the video capture the subject engaging in a sport?,No.,"No, the video does not capture the subject engaging in a sport.",64,1
0fa75cb3-c4a0-4232-bdc4-15116ed39d88,Is the subject seen leaving the field in the video?,Yes.,"Yes, the subject is seen walking away from the field towards the camera in the video.",64,1
0fa75cb3-c4a0-4232-bdc4-15116ed39d88,Does the video show the subject at home?,"No, just heading home.","No, the video does not show the subject at home. It shows the subject walking along a pathway near a body of water, passing by a building with a distinctive dome-shaped structure, and standing near a large open area with a clear sky.",64,1
0fa75cb3-c4a0-4232-bdc4-15116ed39d88,What is the location of the video clip?,The video clip is in a field with a walkway.,"The video clip is set in a residential area with a pathway leading to a beach, featuring palm trees, a clear sky, and a calm sea.",64,1
0fa75cb3-c4a0-4232-bdc4-15116ed39d88,What activity is shown in the video?,Walking on a walkway and looking around.,"The video shows a person walking along a pathway near a body of water, passing by palm trees and a ""SLOW"" sign.",64,1
0fa75cb3-c4a0-4232-bdc4-15116ed39d88,What time of day does the video depict?,The video depicts evening or dusk.,"The video depicts either dawn or dusk, as indicated by the low position of the sun in the sky and the soft lighting.",64,1
0fa75cb3-c4a0-4232-bdc4-15116ed39d88,What natural features can be seen in the video?,There is a body of water visible.,"The video shows palm trees, a clear sky, and a body of water.",64,1
0fa75cb3-c4a0-4232-bdc4-15116ed39d88,Does the person stop to observe a specific scene?,Yes.,"Yes, the person stops to observe a specific scene.",64,1
0fa75cb3-c4a0-4232-bdc4-15116ed39d88,"In the video, did I look at the scenes before walking on the field?",No,"Yes, you looked at the scenes before walking on the field.",64,1
0fa75cb3-c4a0-4232-bdc4-15116ed39d88,"In the video, was I indoors before going to the field?",No,"Yes, before going to the field, you were indoors.",64,1
0fa75cb3-c4a0-4232-bdc4-15116ed39d88,What happened before I walked on the walkway in the video?,I was in the field,"Before you walked on the walkway in the video, the scene showed a view of a pathway leading towards a garden area with arches and greenery. The pathway was bordered by a stone wall on one side and a sandy area on the other. There were no people visible in the scene. The sky was clear, suggesting it might be daytime. The pathway appeared to be empty, and the overall atmosphere was calm and serene.",64,1
0fa75cb3-c4a0-4232-bdc4-15116ed39d88,What is depicted in the current frame?,It shows a sidewalk lined with palm trees and buildings.,"The current frame shows a view of a sandy area with a clear sky above. There are palm trees on the left side, and a paved path or road is visible on the right. The horizon is visible in the distance, and there are some structures that appear to be buildings or part of a larger complex. The lighting suggests it could be either early morning or late afternoon.",64,1
0fa75cb3-c4a0-4232-bdc4-15116ed39d88,What activity is taking place in these frames?,Walking along a residential sidewalk.,"The frames depict a person walking along a pathway with palm trees, near a body of water. The person is wearing a yellow top and dark pants. The environment appears to be a calm, sunny day with clear skies. The person is seen from behind, moving away from the camera, and the video captures the serene setting with minimal activity.",64,1
0fa75cb3-c4a0-4232-bdc4-15116ed39d88,Does this video show a busy city street?,No.,"No, the video does not show a busy city street. It shows a quiet residential area with a wide, empty road, palm trees, and a few parked cars.",64,1
0fa75cb3-c4a0-4232-bdc4-15116ed39d88,Does the clip capture any interaction with people?,No.,"Yes, the clip captures a person in an orange shirt standing on the sidewalk, looking out towards the water, and later walking along the sidewalk.",64,1
0fa75cb3-c4a0-4232-bdc4-15116ed39d88,Is the person entering a building in this scene?,No.,"No, the person is not entering a building in this scene. They are standing on a pathway near a building with a decorative archway, and the video does not show them entering any building.",64,1
0fa75cb3-c4a0-4232-bdc4-15116ed39d88,Was I in the field after walking on the walkway?,No.,"Yes, after walking on the walkway, you entered the field.",64,1
0fa75cb3-c4a0-4232-bdc4-15116ed39d88,Did I go home before looking at the scenes?,No.,"It seems like you've been describing a series of scenes from a video, possibly taken from a first-person perspective. However, you haven't explicitly stated whether you went home before looking at these scenes. If you're asking whether the person in the video went home before looking at the scenes, I would need more context to provide an accurate answer. The scenes you've described include various outdoor locations, such as a courtyard, a pathway, and a beachfront area, but without additional information, it's not possible to determine if the person went home before engaging with these scenes.",64,1
0fa75cb3-c4a0-4232-bdc4-15116ed39d88,What occurs just before I look at the scenes?,I walk on the walkway.,"The video begins with a view of an empty, well-lit corridor with arched doorways leading outside. The corridor has a tiled floor with some scattered debris, and there is a hanging light fixture on the ceiling. The walls are painted in a light color, and the corridor is flanked by lush green plants and trees, suggesting an outdoor area beyond the arches. The scene transitions to a wider view of the corridor, showing more of the tiled floor and the arches leading to the outdoor area. The corridor is illuminated by natural light coming from the arches. The video then shows a person wearing a bright yellow top and blue pants standing near the arches, looking towards the outdoor area. The person appears to be taking a photo or recording a video. The scene transitions to a view of the outdoor area, which includes a paved walkway, a grassy area, and a body of water in the distance. The sky is clear, and the sun is low on the horizon, indicating either early morning or late evening. The video shows a person standing on the paved walkway, looking towards the body of water. The person is wearing a bright yellow top and blue pants, similar to the person seen earlier in the corridor. The scene transitions to a view of",64,1
0fa75cb3-c4a0-4232-bdc4-15116ed39d88,What do I do before walking on the walkway?,I am in the field.,"Before walking on the walkway, you should ensure that the area is clear of any obstacles or hazards. It's also a good idea to be aware of your surroundings, including any traffic or other pedestrians, and to follow any posted signs or rules for the area. Additionally, if you're wearing sandals, as shown in the video, you should be cautious to avoid slipping on the walkway, especially if it's wet or if there are any uneven surfaces.",64,1
0fa75cb3-c4a0-4232-bdc4-15116ed39d88,Did I walk on the field before looking at the scenes?,Yes,"No, you did not walk on the field before looking at the scenes. The video shows you standing on the sidewalk and then walking along the path, but there is no indication of you walking on the field.",64,1
0fa75cb3-c4a0-4232-bdc4-15116ed39d88,Is the walk on the walkway shown before going home in the video?,Yes,"Yes, the walk on the walkway shown before going home in the video is the first scene.",64,1
0fa75cb3-c4a0-4232-bdc4-15116ed39d88,"In the video, do we see walking through the walkways before walking on the field?",No,"Yes, the video shows walking through the walkways before walking on the field.",64,1
0fa75cb3-c4a0-4232-bdc4-15116ed39d88,Do I walk along the water before walking under the trees as shown in the clip?,Yes,"Yes, the clip shows you walking along the water's edge before walking under the trees.",64,1
0fa75cb3-c4a0-4232-bdc4-15116ed39d88,"In the video sequence, what occurs before walking on the field?",Being outdoors,"Before walking on the field, the person in the video sequence is seen standing on the sidewalk, looking towards the field.",64,1
0fa75cb3-c4a0-4232-bdc4-15116ed39d88,What event takes place before walking under the trees in the clip?,Walking along the water,"Before walking under the trees, the person in the yellow shirt is seen standing on the sidewalk, looking towards the water.",64,1
0fa75cb3-c4a0-4232-bdc4-15116ed39d88,What is the setting of the scenario seen in the video?,A residential area with palm trees and walkways.,"The setting of the scenario is a tranquil residential area with a curved pathway, lush greenery, and a clear sky.",64,1
0fa75cb3-c4a0-4232-bdc4-15116ed39d88,What can be seen in the background of the video frame?,"Houses, streetlights, and a clear sky.","In the background of the video frame, there is a clear sky with a few clouds, palm trees, and a building with a dome-like structure.",64,1
0fa75cb3-c4a0-4232-bdc4-15116ed39d88,What are the dominant features of the environment in this clip?,"Landscaped pathways, streetlamps, and tropical foliage.","The dominant features of the environment in this clip include a series of arches, a pathway, a water body, palm trees, and a clear sky.",64,1
0fa75cb3-c4a0-4232-bdc4-15116ed39d88,Can you characterize the location shown in the video?,A well-maintained suburban neighborhood.,"The video shows an outdoor scene featuring a pathway with arches leading to an open area with greenery and a view of the sky. The pathway is lined with palm trees and has a few scattered leaves on the ground. The architecture includes arches and columns, suggesting a Mediterranean or Middle Eastern style. The sky is clear with a gradient from light to darker blue, indicating either early morning or late afternoon. There are street lamps and a sign indicating a ""slow down"" zone. The area appears to be a public space, possibly a park or a resort area, with a paved walkway and a landscaped environment.",64,1
0fa75cb3-c4a0-4232-bdc4-15116ed39d88,What action is being undertaken in the new frames?,Walking along a residential street.,"In the new frames, a person wearing a yellow top with a floral pattern is seen walking along the pathway. The person is moving towards the camera, and the pathway appears to be a part of a landscaped area with palm trees and a clear sky. The person is the only visible individual in the scene, and the environment looks calm and serene.",64,1
0fa75cb3-c4a0-4232-bdc4-15116ed39d88,Is there any sign of wildlife in the frames provided?,No.,"No, there is no sign of wildlife in the frames provided.",64,1
0fa75cb3-c4a0-4232-bdc4-15116ed39d88,Did the person in the video use any transportation other than walking?,No.,"Yes, the person in the video used a bicycle for transportation.",64,1
0fa75cb3-c4a0-4232-bdc4-15116ed39d88,Does the footage include any sporting activities?,No.,"No, the footage does not include any sporting activities.",64,1
0fa75cb3-c4a0-4232-bdc4-15116ed39d88,"Is the person in the video engaging with the environment, like sitting or touching?",No.,"No, the person in the video is not engaging with the environment in a way that suggests sitting or touching.",64,1
0fa75cb3-c4a0-4232-bdc4-15116ed39d88,Did I tour the park before walking on the walkways?,Yes,"Yes, you toured the park before walking on the walkways.",64,1
0fa75cb3-c4a0-4232-bdc4-15116ed39d88,What do I do before touring the park?,"Nothing, it is the first activity","Before touring the park, it's a good idea to familiarize yourself with the park's layout and attractions. You can check the park's website or visitor center for maps and information about the different areas, such as gardens, walking paths, and any special events or exhibits that might be happening during your visit. It's also a good idea to wear comfortable shoes and clothing, as you'll likely be doing a fair amount of walking. Don't forget to bring water and sunscreen to stay hydrated and protected from the sun. If you plan to take photos, make sure your camera or phone is charged. Lastly, consider bringing a snack or a picnic if you plan to spend a significant amount of time at the park.",64,1
0fa75cb3-c4a0-4232-bdc4-15116ed39d88,Did I walk through the park before going home?,Yes,"It appears that you walked through the park before going home. The video shows you walking along the pathway, passing by palm trees and other park features, and eventually heading towards a residential area.",64,1
0fa75cb3-c4a0-4232-bdc4-15116ed39d88,What environment is depicted in this video clip?,"An outdoor, paved area with street lamps.","The video clip depicts a serene and well-maintained outdoor environment, likely a residential or resort area. It features a covered walkway with arches, lush greenery, palm trees, and a paved pathway. The area is clean and appears to be well-kept, with manicured lawns and a calm atmosphere. The sky is overcast, suggesting it might be early morning or late afternoon. There are no visible people or moving vehicles, which adds to the tranquil ambiance of the setting.",64,1
0fa75cb3-c4a0-4232-bdc4-15116ed39d88,What action am I performing in this clip?,Walking on a pavement outdoors.,"In the clip, you are seen walking along a pathway in a park or garden area. The environment is calm and serene, with well-maintained landscaping and a clear sky. You are wearing a yellow top and dark pants, and you appear to be enjoying a leisurely stroll. The pathway is lined with palm trees and other greenery, and there are benches and lampposts along the way. The lighting suggests it might be early morning or late afternoon, as the shadows are long and the light is soft.",64,1
0fa75cb3-c4a0-4232-bdc4-15116ed39d88,Do I interact with anyone in this video clip?,No.,"Yes, in the final part of the video, you interact with a person who is wearing a yellow top with a pattern and black pants. The person appears to be standing on the sidewalk, and you are seen approaching them from the camera's perspective.",64,1
0fa75cb3-c4a0-4232-bdc4-15116ed39d88,What is the setting of this video clip?,The setting is an outdoor pavement in a residential area.,"The setting of the video clip is a serene outdoor area with a pathway leading towards a garden or park, featuring arches, greenery, and a clear sky.",64,1
0fa75cb3-c4a0-4232-bdc4-15116ed39d88,What time of day is depicted in this frame?,It appears to be twilight or early evening.,"The time of day depicted in this frame is either dawn or dusk, as indicated by the low position of the sun and the soft lighting.",64,1
0fa75cb3-c4a0-4232-bdc4-15116ed39d88,What elements indicate that this is a residential area?,The presence of housing structures and lack of commercial signs.,"The presence of residential buildings, well-maintained lawns, and a calm atmosphere suggest that this is a residential area.",64,1
0fa75cb3-c4a0-4232-bdc4-15116ed39d88,What type of path is the person on in the video?,The person is on a paved walkway.,The person is on a paved path.,64,1
0fa75cb3-c4a0-4232-bdc4-15116ed39d88,Does the scene suggest a leisurely or rushed pace?,The scene suggests a leisurely pace.,"The scene suggests a leisurely pace, as indicated by the person walking along the pathway, the calmness of the surroundings, and the overall tranquil atmosphere.",64,1
0fa75cb3-c4a0-4232-bdc4-15116ed39d88,Does the person interact with any objects in the scene?,No.,"Yes, the person interacts with a sign that reads ""SLOW"" and a green canopy structure.",64,1
0fa75cb3-c4a0-4232-bdc4-15116ed39d88,Is the person traveling with someone else?,No.,"Yes, the person is traveling with someone else, as indicated by the appearance of another individual in the video.",64,1
0fa75cb3-c4a0-4232-bdc4-15116ed39d88,Does the video capture any animals in the scene?,No.,"No, the video does not capture any animals in the scene.",64,1
0fa75cb3-c4a0-4232-bdc4-15116ed39d88,Does the individual seem to be lost or searching for directions?,No.,"The video does not provide clear evidence of the individual being lost or searching for directions. The person is seen walking along the sidewalk, looking around, and interacting with the environment, but there is no explicit indication of confusion or search for directions.",64,1
879dd163-7588-45d1-9466-a5deabc59167,What is depicted in the scene of the video clip?,A person relaxing on a couch holding an e-reader.,"The scene depicts a cozy living room with a beige sofa, a wooden coffee table, and a dining area with chairs and a table. There are decorative elements like a chandelier, curtains, and wall art. A person is seated on the sofa, holding a red wallet and a white tablet, and appears to be reading or interacting with the tablet. The room is well-lit with natural light coming from a window, and there are various items on the coffee table and dining table, including a blue bag and some papers. The person is wearing blue jeans and a light-colored top, and the overall atmosphere is calm and relaxed.",64,1
879dd163-7588-45d1-9466-a5deabc59167,What location is shown in the video clip?,Inside a house.,"The video clip shows a living room with a beige sofa, a wooden shelf, a dining table with chairs, and a chandelier on the ceiling.",64,1
879dd163-7588-45d1-9466-a5deabc59167,Describe the setting where the action takes place.,A living room with a dining area in the background.,"The video takes place in a cozy living room with a beige couch, a wooden shelf, and a dining area with a table and chairs. The room has a warm ambiance with soft lighting, and the walls are adorned with decorative elements. The person is wearing blue jeans and a light-colored top, and they are seated on the couch, holding a red wallet and a white tablet. The room features a chandelier, curtains, and a patterned rug. The person interacts with the tablet, possibly reading or browsing, and the video concludes with the person lying down on the couch, still holding the tablet.",64,1
879dd163-7588-45d1-9466-a5deabc59167,How is the environment arranged in the video clip?,"A cozy arrangement with a couch, curtain, and dining set.","The environment is well-lit with a mix of natural and artificial light, and the furniture is arranged to create a cozy and inviting atmosphere.",64,1
879dd163-7588-45d1-9466-a5deabc59167,What is the subject doing in the video?,Resting and perhaps beginning to read an e-book.,"The subject is lying on a couch, holding a tablet, and reading a book.",64,1
879dd163-7588-45d1-9466-a5deabc59167,Can you provide an overview of the action in this clip?,Leisurely activities involving electronic devices at home.,"The video begins with a view of a living room where a person is seated on a beige sofa. The person is wearing blue jeans and has a red wallet on their lap. The room features a chandelier on the ceiling, a dining table with chairs, and a curtain on the window. The person appears to be looking at the red wallet before placing it on the sofa and reaching for a blue book. They open the book and start reading.The scene transitions to the person still seated on the sofa, now holding the blue book open. The living room setting remains consistent, with the chandelier, dining table, and curtain still visible. The person flips through the pages of the book, occasionally looking up and around the room.The video continues with the person still seated on the sofa, now holding a white tablet displaying text. The living room setting remains unchanged. The person appears to be reading or viewing content on the tablet, occasionally looking up and around the room.The final scene shows the person still seated on the sofa, holding the white tablet. The living room setting remains consistent, with the chandelier, dining table, and curtain still visible. The person appears to be reading or viewing content on the tablet, occasionally looking up and around the room. The video concludes with",64,1
879dd163-7588-45d1-9466-a5deabc59167,Does the video capture the person sitting on the couch?,Yes.,"Yes, the video captures the person sitting on the couch, with their legs crossed and a book in their hands.",64,1
879dd163-7588-45d1-9466-a5deabc59167,Is the person in the video engaged in a strenuous activity?,No.,"No, the person in the video is not engaged in a strenuous activity. They are seen relaxing on a couch, holding a book, and later using a tablet, indicating a leisurely activity.",64,1
879dd163-7588-45d1-9466-a5deabc59167,What is the setting of the scene in the clip?,The setting is inside a house.,"The setting of the scene in the clip is a cozy living room with a beige couch, a wooden shelf, and a dining area with a table and chairs.",64,1
879dd163-7588-45d1-9466-a5deabc59167,Where was the reading activity taking place?,The reading took place on a couch.,The reading activity was taking place in a living room.,64,1
879dd163-7588-45d1-9466-a5deabc59167,What object is prominently featured in the scene?,A tablet is prominently featured.,A white tablet with a blue screen displaying text is prominently featured in the scene.,64,1
879dd163-7588-45d1-9466-a5deabc59167,What is the room's appearance in the video clip?,The room appears to be a living area.,"The room has a modern design with a beige sofa, a wooden shelf, and a dining area with a table and chairs. The walls are adorned with decorative elements, and the floor is tiled.",64,1
879dd163-7588-45d1-9466-a5deabc59167,What activity is the subject engaged in?,The subject is engaged in reading a book.,The subject is engaged in reading a book.,64,1
879dd163-7588-45d1-9466-a5deabc59167,Describe the posture of the person in the action.,The person is sitting with legs up on the couch.,"The person is sitting on a couch with their legs crossed, holding a tablet in their lap, and appears to be reading or interacting with the tablet.",64,1
879dd163-7588-45d1-9466-a5deabc59167,Does the clip show a person reading a physical book?,No.,"No, the clip shows a person reading an e-book on an electronic device.",64,1
879dd163-7588-45d1-9466-a5deabc59167,Is the subject standing while reading?,No.,"No, the subject is sitting on a couch while reading.",64,1
879dd163-7588-45d1-9466-a5deabc59167,Does the video capture multiple people in the room?,No.,"No, the video only shows a single person in the room.",64,1
879dd163-7588-45d1-9466-a5deabc59167,Does the video show a daytime setting?,No.,"No, the video does not show a daytime setting. The lighting in the room is dim, suggesting it is either evening or night.",64,1
879dd163-7588-45d1-9466-a5deabc59167,What setting is shown in the video?,A house interior is shown in the video.,"The video shows a cozy living room setting with a beige couch, a wooden shelf, a dining table with chairs, and a chandelier hanging from the ceiling.",64,1
879dd163-7588-45d1-9466-a5deabc59167,Explain the immediate scene in the video?,The video captures a moment of domestic relaxation.,"The video begins with a view of a living room where a person is seated on a beige couch. The person is wearing blue jeans and has a red and white checkered pillow on their lap. The room features a chandelier on the ceiling, a dining table with chairs in the background, and a wall with a decorative plant. The person appears to be holding a red wallet or small book in their hands.The scene transitions to the person lying on the couch with their legs crossed, still holding the red wallet or small book. The living room setting remains consistent, with the dining table and chairs visible in the background. The person then sits up and places the red wallet or small book on their lap, continuing to hold it.The video progresses with the person now holding a white tablet with a blue screen, which displays text. The living room setting remains unchanged, with the dining table and chairs still visible. The person is now wearing a beige sweater and has a blue and yellow striped pillow on their lap. They are seated on the beige couch with their legs crossed, holding the tablet in their hands.The final scene shows the person still seated on the beige couch, holding the white tablet with a blue screen. The living room setting remains consistent, with the dining table and chairs",64,1
879dd163-7588-45d1-9466-a5deabc59167,Can you describe the motion occurring in the clip?,"There is minimal motion, mainly of holding a tablet.","The video begins with a view of a living room where a person is seated on a beige couch, wearing blue jeans and a light-colored top. The person is holding a red wallet and a white tablet, which they use to read a book. The room features a chandelier, a dining table with chairs, and a curtain. The person flips through the pages of the book, occasionally glancing at the tablet. The scene transitions to the person lying on the couch with their legs crossed, still holding the tablet and book. The living room remains consistent with the previous scene, and the person continues to read the book while occasionally looking at the tablet. The video concludes with the person sitting up on the couch, holding the tablet and book, and looking around the room. The living room setting remains unchanged, with the chandelier, dining table, and curtain still visible. The person then lies down on the couch again, holding the tablet and book, and looks around the room. The video wraps up with the person lying on the couch, holding the tablet and book, and looking around the room.",64,1
879dd163-7588-45d1-9466-a5deabc59167,How would you caption the video's current activity?,Leisure time: Engrossed in digital reading.,"""Relaxing on the couch with a good book, taking a break from the world.""",64,1
879dd163-7588-45d1-9466-a5deabc59167,Does the video show a person standing up?,No.,"No, the video does not show a person standing up. It shows a person lying on a couch and then sitting up.",64,1
879dd163-7588-45d1-9466-a5deabc59167,Is the video capturing outdoor activities?,No.,No.,64,1
879dd163-7588-45d1-9466-a5deabc59167,Does the video depict a social gathering?,No.,"No, the video does not depict a social gathering. It shows a person relaxing in a living room, reading a book, and the environment is calm and quiet, suggesting a personal leisure activity rather than a social event.",64,1
879dd163-7588-45d1-9466-a5deabc59167,Is the individual in the video interacting with others?,No.,"No, the individual in the video is not interacting with others; they are focused on reading a book.",64,1
879dd163-7588-45d1-9466-a5deabc59167,Is the scene taking place in a work environment?,No.,No,64,1
879dd163-7588-45d1-9466-a5deabc59167,What is the main activity depicted in this video scene?,Reading a book on a tablet.,The main activity depicted in this video scene is a person relaxing on a couch and reading a book.,64,1
879dd163-7588-45d1-9466-a5deabc59167,Where is this scene taking place?,Inside a house.,The scene is taking place in a living room.,64,1
879dd163-7588-45d1-9466-a5deabc59167,How is the reader positioned in this scenario?,Relaxed on a couch with feet up.,"The reader is lying on a couch with their legs crossed, holding a tablet in their lap.",64,1
879dd163-7588-45d1-9466-a5deabc59167,Can you describe the posture of the reader in this clip?,The reader is lying back with feet propped up.,The reader is lying on a couch with their legs crossed and feet resting on a blue cushion. They are holding a tablet in their lap and appear to be reading or interacting with the device.,64,1
879dd163-7588-45d1-9466-a5deabc59167,What is the focal point of this particular frame?,The tablet displaying text.,The focal point of this particular frame is the person's legs and the tablet they are holding.,64,1
879dd163-7588-45d1-9466-a5deabc59167,What does the stillness of the frame indicate about the action?,It indicates a calm and stationary activity.,The stillness of the frame indicates a moment of pause or a break in the action.,64,1
879dd163-7588-45d1-9466-a5deabc59167,Does the video show any social interaction?,No.,"No, the video does not show any social interaction. It focuses on the person's interaction with the tablet and the environment around them.",64,1
879dd163-7588-45d1-9466-a5deabc59167,Is the reader changing positions frequently in this clip?,No.,"Yes, the reader is changing positions frequently in this clip.",64,1
879dd163-7588-45d1-9466-a5deabc59167,Does the environment indicate a public or private space?,A private space.,"The environment indicates a private space, likely a living room or a similar domestic setting.",64,1
879dd163-7588-45d1-9466-a5deabc59167,Does the reader make use of any physical book in the scene?,No.,"No, the reader does not make use of any physical book in the scene.",64,1
879dd163-7588-45d1-9466-a5deabc59167,Is there any indication of the reader being disturbed or interrupted?,No.,"No, there is no indication of the reader being disturbed or interrupted. The video shows the person lying on the couch, reading a book, and the scene remains consistent throughout, with no significant changes or interruptions.",64,1
879dd163-7588-45d1-9466-a5deabc59167,What does the video show in the indoor setting?,Someone sitting on a couch using a tablet.,"The video shows a person lying on a couch in a living room, holding a tablet, and reading a book. The room has a dining table with chairs, a chandelier, and a curtain. The person is wearing blue jeans and a light-colored top, and the video captures the person's legs moving and adjusting their position on the couch.",64,1
879dd163-7588-45d1-9466-a5deabc59167,Where is the person located in the video?,The person is on the couch inside a house.,The person is located on a beige couch in a living room.,64,1
879dd163-7588-45d1-9466-a5deabc59167,How is the person positioned in this section of the video?,They are sitting with legs on the couch.,The person is lying on the couch with their legs crossed and holding a tablet.,64,1
879dd163-7588-45d1-9466-a5deabc59167,What is the person doing with their legs in the video?,They are moving their legs on the couch.,The person is seen with their legs crossed and later with their legs stretched out on the couch.,64,1
879dd163-7588-45d1-9466-a5deabc59167,How is the tablet being utilized in the video?,The tablet is being held and read from.,The tablet is being used to read a book.,64,1
879dd163-7588-45d1-9466-a5deabc59167,Is the individual in the video eating?,No.,"No, the individual is not eating in the video.",64,1
879dd163-7588-45d1-9466-a5deabc59167,Does the video show the person lying down on the couch?,No.,Yes.,64,1
879dd163-7588-45d1-9466-a5deabc59167,Is there a pet visible in the video clip?,No.,"No, there is no pet visible in the video clip.",64,1
879dd163-7588-45d1-9466-a5deabc59167,Does the video depict any outdoor scenes?,No.,"No, the video does not depict any outdoor scenes. It remains indoors throughout.",64,1
879dd163-7588-45d1-9466-a5deabc59167,Is the person in the video talking on the phone?,No.,"No, the person in the video is not talking on the phone.",64,1
879dd163-7588-45d1-9466-a5deabc59167,Did I sit on the couch before reading the book on the tablet?,Yes,"Yes, you sat on the couch before reading the book on the tablet.",64,1
879dd163-7588-45d1-9466-a5deabc59167,Did I move my legs on the couch before using the tablet?,Yes,"Yes, before using the tablet, you moved your legs on the couch, crossing them at the ankles and then uncrossing them.",64,1
879dd163-7588-45d1-9466-a5deabc59167,Was I in the house before I sat on the couch?,Yes,"Yes, you were in the house before sitting on the couch. The video shows you entering the room and sitting down, indicating that you were already inside the house.",64,1
879dd163-7588-45d1-9466-a5deabc59167,Did I use the tablet before moving my legs on the couch?,No,"Based on the video, it appears that you were using the tablet while sitting on the couch with your legs crossed. The video shows the tablet in your hands, and later, you are seen with your legs crossed on the couch. The tablet is still in your hands, indicating that you continued to use it after moving your legs.",64,1
879dd163-7588-45d1-9466-a5deabc59167,Was the tablet in my hands before I sat on the couch?,No,"Yes, the tablet was in your hands before you sat on the couch.",64,1
879dd163-7588-45d1-9466-a5deabc59167,What happens just before I read the book on the tablet?,Sitting on the couch.,"Just before reading the book on the tablet, the person is seen lying on a couch with their legs crossed, holding a tablet with a book displayed on the screen. The room is well-lit with a chandelier visible in the background, and there is a dining area with chairs and a table in the background. The person appears to be in a relaxed position, possibly preparing to read or having just finished reading.",64,1
879dd163-7588-45d1-9466-a5deabc59167,What setting is depicted in the provided video clip?,A person sitting on a couch in a house.,"The video depicts a cozy living room setting with a beige sofa, a blue velvet pillow, and a person wearing blue jeans and a light-colored sweater. The room features a dining area with a table and chairs, a chandelier, and a large window with curtains. The person is seen holding a white tablet with a blue screen, which displays text. The video captures the person's legs moving, adjusting their position on the sofa, and the tablet screen changes as they interact with it. The room is well-lit with natural light coming from the window, and the overall atmosphere is calm and relaxed.",64,1
879dd163-7588-45d1-9466-a5deabc59167,What furnishings are visible in the video?,"A couch, chair, and a dining area in the background.","The furnishings visible in the video include a beige sofa, a blue velvet pillow, a wooden shelf, a dining table with chairs, a black chair, a table with a blue tablecloth, and a black ironing board.",64,1
879dd163-7588-45d1-9466-a5deabc59167,Describe the atmosphere of the room shown in the video?,The room appears to be tidy and comfortably lit.,"The room has a cozy and lived-in atmosphere, with a beige couch, a blue velvet pillow, and a dining area with a table and chairs. The lighting is warm, and the space is decorated with curtains, a chandelier, and various household items.",64,1
879dd163-7588-45d1-9466-a5deabc59167,Describe the posture of the individual in the video?,They are seated with their legs up on the couch.,"The individual is lying on a beige couch with their legs crossed, wearing blue jeans and a light-colored top.",64,1
879dd163-7588-45d1-9466-a5deabc59167,Can you summarize the person's behavior in the video?,They are relaxing and using an electronic device.,"The person in the video is seen lounging on a couch, initially with their legs crossed and later with their feet up. They are wearing blue jeans and a light-colored top. The person is holding a tablet with a blue screen, which they interact with by scrolling and tapping. The room has a cozy ambiance with warm lighting, and the person appears relaxed and engaged with the content on the tablet.",64,1
879dd163-7588-45d1-9466-a5deabc59167,Is there any noticeable movement or gesture in the video?,The person raised their hands at some point.,"Yes, there is a noticeable movement or gesture in the video when the person's hand reaches towards the camera, possibly to adjust it or to interact with it.",64,1
879dd163-7588-45d1-9466-a5deabc59167,Did the person in the video adjust their position on the couch?,Not shown in the given frame.,"Yes, the person in the video adjusted their position on the couch by moving their legs and changing their posture.",64,1
879dd163-7588-45d1-9466-a5deabc59167,Is the individual in the video communicating with someone else?,"No, not visibly.","No, the individual in the video is not communicating with someone else; the video focuses on their interaction with the tablet and their surroundings.",64,1
879dd163-7588-45d1-9466-a5deabc59167,Does the video indicate that the person is multitasking?,"No, they appear focused on the tablet.","Yes, the video indicates that the person is multitasking.",64,1
879dd163-7588-45d1-9466-a5deabc59167,Is the person standing up at any point in the video?,"No, they are seated throughout.","No, the person remains seated on the couch throughout the video.",64,1
879dd163-7588-45d1-9466-a5deabc59167,Did I move my legs on the couch before using the tablet?,Yes,"Yes, before using the tablet, you moved your legs on the couch.",64,1
879dd163-7588-45d1-9466-a5deabc59167,Did I raise my hands before sitting on the couch?,No,"No, you did not raise your hands before sitting on the couch. The video shows you sitting on the couch with your legs crossed and holding a tablet, but there is no indication of raising your hands.",64,1
879dd163-7588-45d1-9466-a5deabc59167,Was I sitting on the couch before raising my hands?,Yes,"Yes, you were sitting on the couch before raising your hands.",64,1
879dd163-7588-45d1-9466-a5deabc59167,Did I use the tablet after sitting on the couch?,Yes,"Yes, you used the tablet after sitting on the couch. In the video, you are seen holding the tablet in your hands while sitting on the couch, and later, you are lying down on the couch with the tablet resting on your lap.",64,1
879dd163-7588-45d1-9466-a5deabc59167,What did I do just before using the tablet in the house?,Sat on the couch,"Based on the video, it appears that you were sitting on the couch with your legs crossed, holding a tablet in your lap. You were likely using the tablet for reading or browsing before the video started.",64,1
879dd163-7588-45d1-9466-a5deabc59167,What did I do just before raising my hands?,Used the tablet,"Just before raising your hands, you were holding a white tablet with a blue screen, which appears to be an e-reader. You were seated on a couch with your legs crossed, and there was a blue velvet pillow and a striped pillow on the couch. The room had a dining area in the background with a table and chairs, and there was a lamp on a side table. The lighting in the room was warm, suggesting it might be evening or the room is dimly lit.",64,1
879dd163-7588-45d1-9466-a5deabc59167,Is the tablet used after sitting on the couch as shown in the clip?,Yes,"Yes, the tablet is used after sitting on the couch as shown in the clip.",64,1
879dd163-7588-45d1-9466-a5deabc59167,"In the video, is the tablet picked up before legs are placed on the couch?",Yes,"No, the tablet is picked up after the legs are placed on the couch.",64,1
879dd163-7588-45d1-9466-a5deabc59167,Does sitting on the couch happen after raising hands in the sequence?,No,"Yes, sitting on the couch happens after raising hands in the sequence.",64,1
879dd163-7588-45d1-9466-a5deabc59167,What is the setting of the video clip?,The setting is inside a house.,"The setting of the video clip is a cozy living room with a beige sofa, a wooden shelf, and a dining area with a table and chairs.",64,1
879dd163-7588-45d1-9466-a5deabc59167,Where is the person situated in this scene?,The person is sitting on the couch.,The person is sitting on a beige couch in a living room.,64,1
879dd163-7588-45d1-9466-a5deabc59167,What object is the person interacting with?,The person is holding and using a tablet.,The person is interacting with a white tablet.,64,1
879dd163-7588-45d1-9466-a5deabc59167,Describe the person's posture in the video.,The person is reclined with feet up on the couch.,"The person is lying on a beige couch with their legs crossed, wearing blue jeans and a light-colored top.",64,1
879dd163-7588-45d1-9466-a5deabc59167,Is the person reading a book on the tablet?,Yes.,"Yes, the person is reading a book on the tablet.",64,1
879dd163-7588-45d1-9466-a5deabc59167,Does the scene show an interaction with digital technology?,Yes.,"Yes, the scene shows an interaction with digital technology as the person is holding a tablet displaying text.",64,1
879dd163-7588-45d1-9466-a5deabc59167,Is the individual standing while using the tablet?,No.,No.,64,1
879dd163-7588-45d1-9466-a5deabc59167,Has the person positioned themselves comfortably for tablet use?,Yes.,"Yes, the person has positioned themselves comfortably for tablet use by lying on the couch with their legs up and the tablet propped on their lap.",64,1
879dd163-7588-45d1-9466-a5deabc59167,Does the video show the person watching TV?,No.,"No, the video does not show the person watching TV. It focuses on the person reading a book on an e-reader.",64,1
879dd163-7588-45d1-9466-a5deabc59167,"In the video, did I use the tablet before sitting on the couch?",No,"Yes, you used the tablet before sitting on the couch. The video shows you holding the tablet and interacting with it before you settled down on the couch.",64,1
879dd163-7588-45d1-9466-a5deabc59167,Did I raise my hands before holding the tablet?,No,"Yes, you raised your hands before holding the tablet.",64,1
879dd163-7588-45d1-9466-a5deabc59167,"In the video, was I already seated on the couch before using the tablet?",Yes,"Yes, you were already seated on the couch before using the tablet.",64,1
879dd163-7588-45d1-9466-a5deabc59167,Was the tablet in my hand before I used it?,Yes,"Yes, the tablet was in your hand before you used it.",64,1
879dd163-7588-45d1-9466-a5deabc59167,What occurs just before I hold the tablet in the video?,I sit on the couch,"Just before holding the tablet, the person is seen lying on the couch with their legs crossed, holding a blue pillow, and wearing blue jeans and a beige sweater.",64,1
879dd163-7588-45d1-9466-a5deabc59167,What action takes place before using the tablet?,I hold the tablet,"Before using the tablet, the person adjusts their position on the couch, places a blue pillow under their legs, and adjusts their clothing.",64,1
879dd163-7588-45d1-9466-a5deabc59167,"In the video, did I move my legs on the couch before using the tablet?",Yes,"Yes, in the video, you moved your legs on the couch before using the tablet.",64,1
879dd163-7588-45d1-9466-a5deabc59167,"In the video, is the tablet held before raising hands?",Yes,"Yes, the tablet is held before raising hands.",64,1
879dd163-7588-45d1-9466-a5deabc59167,"In the video, does sitting on the couch happen before moving legs on the couch?",Yes,"Yes, sitting on the couch happens before moving legs on the couch.",64,1
879dd163-7588-45d1-9466-a5deabc59167,What happens before I use the tablet in the video?,I sit on the couch and move my legs,"Before using the tablet in the video, the person is seen lying on a couch with their legs crossed, holding a tablet in their lap. The room is well-lit with a chandelier on the ceiling, and there is a dining area in the background with chairs and a table. The person appears to be in a relaxed position, possibly reading or browsing on the tablet.",64,1
879dd163-7588-45d1-9466-a5deabc59167,What action is performed just before raising hands in the video?,Using the tablet,"Just before raising hands, the person is seen adjusting their position on the couch.",64,1
879dd163-7588-45d1-9466-a5deabc59167,What do I do right before moving my legs on the couch?,I sit on the couch,"The video shows a person lying on a couch with their legs crossed, holding a tablet with a book displayed on the screen. The person appears to be in a relaxed position, possibly reading or watching something on the tablet. The scene is set in a living room with a dining area in the background. The person then moves their legs, uncrossing them and placing the tablet on their lap.",64,1
879dd163-7588-45d1-9466-a5deabc59167,"In the video, what takes place prior to holding the tablet?",I sit on the couch,"Before holding the tablet, the person is seen lying on the couch with their legs crossed, wearing blue jeans and a beige sweater, and holding a blue velvet pillow.",64,1
879dd163-7588-45d1-9466-a5deabc59167,What is the depicted scenario in this video frame?,A person sitting on a couch using a tablet.,"The video depicts a person sitting on a beige couch in a living room, with their legs crossed and a white tablet displaying text in their lap. The room has a modern decor with a chandelier on the ceiling, a dining area with a table and chairs in the background, and a dark-colored sofa with a patterned cushion. The person is wearing blue jeans and a light-colored top, and there is a blue velvet pillow on the couch. The scene suggests a relaxed, indoor setting, possibly in the evening given the lighting.",64,1
879dd163-7588-45d1-9466-a5deabc59167,Can you summarize the environment in the video clip?,The environment is a cozy living room with a person on the couch.,"The video takes place in a cozy living room with a beige sofa, a blue velvet throw pillow, and a person wearing blue jeans and a light-colored sweater. The room features a dining area with a table and chairs, a chandelier on the ceiling, and a large window with curtains. The person is seen holding a white tablet with a blue screen, which they interact with throughout the video. The environment is warm and inviting, with a mix of modern and traditional decor elements.",64,1
879dd163-7588-45d1-9466-a5deabc59167,Offer a caption for the ongoing activity in the video?,Enjoying digital content from the comfort of the couch.,"""Relaxing at home with a good book, taking a break to stretch and enjoy the surroundings.""",64,1
879dd163-7588-45d1-9466-a5deabc59167,Is the person in the video standing up?,No.,"No, the person in the video is not standing up; they are lying on a couch.",64,1
879dd163-7588-45d1-9466-a5deabc59167,Does the video capture the individual walking around?,No.,"No, the video does not capture the individual walking around; it focuses on the person lying on the couch and reading a book.",64,1
879dd163-7588-45d1-9466-a5deabc59167,Is there a group of people in the video clip?,No.,"No, there is only one person visible in the video clip.",64,1
879dd163-7588-45d1-9466-a5deabc59167,Does the frame show the person cooking in the kitchen?,No.,"No, the frame does not show the person cooking in the kitchen.",64,1
879dd163-7588-45d1-9466-a5deabc59167,Is the person in the video engaging in a conversation?,No.,"No, the person in the video is not engaging in a conversation.",64,1
879dd163-7588-45d1-9466-a5deabc59167,Did I sit on the couch before using the tablet?,Yes.,"Yes, you sat on the couch before using the tablet.",64,1
879dd163-7588-45d1-9466-a5deabc59167,Did I hold the tablet before sitting on the couch?,No.,"Yes, you held the tablet before sitting on the couch.",64,1
879dd163-7588-45d1-9466-a5deabc59167,Did I sit down after picking up the tablet?,Yes.,"Yes, you sat down on the couch after picking up the tablet.",64,1
879dd163-7588-45d1-9466-a5deabc59167,"In the video, what do I do just before sitting on the couch?",There is no information on actions prior.,"Just before sitting on the couch, the person is seen standing up from a chair, adjusting their clothing, and then sitting down on the couch with their legs crossed.",64,1
879dd163-7588-45d1-9466-a5deabc59167,"In the sequence, what happens before I use the tablet?",I hold the tablet.,"Before using the tablet, the person is seen lying on a couch with their legs crossed, holding a book in their lap. The room is well-lit with a chandelier on the ceiling, and there is a dining area in the background with chairs and a table. The person appears to be in a relaxed position, possibly reading or about to read the book.",64,1
879dd163-7588-45d1-9466-a5deabc59167,Does the action of sitting on the couch happen before using the tablet?,Yes,"Yes, the action of sitting on the couch happens before using the tablet.",64,1
879dd163-7588-45d1-9466-a5deabc59167,Does raising hands occur before sitting on the couch?,No,"No, raising hands occurs after sitting on the couch.",64,1
879dd163-7588-45d1-9466-a5deabc59167,Is using the tablet done after sitting on the couch?,Yes,"Yes, using the tablet is done after sitting on the couch.",64,1
879dd163-7588-45d1-9466-a5deabc59167,What happens before using the tablet?,Sitting on the couch and holding the tablet,"Before using the tablet, the person is seen lying on a couch with their legs crossed, wearing blue jeans and a light-colored top. They are holding a blue pillow and a red wallet. The room has a dining area with a table and chairs, and a kitchen counter with a bottle on it. The person then sits up and reaches for the tablet, which is on their lap.",64,1
879dd163-7588-45d1-9466-a5deabc59167,What occurs just before raising hands?,Using the tablet,"Just before raising hands, the person is seen lying on the couch with their legs crossed, holding a white tablet displaying text.",64,1
cbfeb6c8-ec1f-4884-bcbf-14d7764c4a36,What environment surrounds the individual in the video?,An apartment setting.,"The individual is surrounded by a wooden desk, a wooden floor, and a wooden cabinet in the background.",64,1
cbfeb6c8-ec1f-4884-bcbf-14d7764c4a36,What activity is taking place in this particular setting?,Writing in a book with a pen.,The activity taking place in this setting is studying or taking notes.,64,1
cbfeb6c8-ec1f-4884-bcbf-14d7764c4a36,Was the person depicted cooking in the kitchen?,No.,"No, the person was not cooking in the kitchen. The video shows a person sitting at a desk, writing in a notebook, and studying or taking notes.",64,1
cbfeb6c8-ec1f-4884-bcbf-14d7764c4a36,Did any outdoor activity occur in this video?,No.,"No, there were no outdoor activities observed in this video. The video focuses on a person studying at a desk with books and a notebook.",64,1
cbfeb6c8-ec1f-4884-bcbf-14d7764c4a36,Was the individual standing while performing the task?,No.,No.,64,1
cbfeb6c8-ec1f-4884-bcbf-14d7764c4a36,Is there any verbal communication happening in this scene?,No.,"No, there is no verbal communication happening in this scene. The video shows a person writing in a notebook, with another person's hand visible, possibly holding a book or another notebook. There is no indication of any verbal interaction between the individuals.",64,1
cbfeb6c8-ec1f-4884-bcbf-14d7764c4a36,Does the video show someone reading a book?,No.,"No, the video does not show someone reading a book. It shows a person writing in a notebook.",64,1
cbfeb6c8-ec1f-4884-bcbf-14d7764c4a36,What location is shown in the video?,A room with a table.,The video shows a person sitting at a wooden desk with a book and a notebook.,64,1
cbfeb6c8-ec1f-4884-bcbf-14d7764c4a36,What activity is being done in the clip?,Writing in a notebook.,"The person in the clip is engaged in writing or studying, as evidenced by the open book and notebook on the desk.",64,1
cbfeb6c8-ec1f-4884-bcbf-14d7764c4a36,What object is being used to write?,A pen.,A blue pen is being used to write.,64,1
cbfeb6c8-ec1f-4884-bcbf-14d7764c4a36,What item is on the table besides the notebook?,Opened books.,There is a book with text and diagrams on the table.,64,1
cbfeb6c8-ec1f-4884-bcbf-14d7764c4a36,Is the notebook on a flat surface?,"Yes, on a table.",Yes.,64,1
cbfeb6c8-ec1f-4884-bcbf-14d7764c4a36,What color is the pen being used?,Blue.,The pen being used is blue.,64,1
cbfeb6c8-ec1f-4884-bcbf-14d7764c4a36,Is the person using both hands to write?,"Yes, one to hold and one to write.","No, the person is using only their right hand to write.",64,1
cbfeb6c8-ec1f-4884-bcbf-14d7764c4a36,Has the pen made contact with the paper?,Yes.,"Yes, the pen is actively writing on the paper.",64,1
cbfeb6c8-ec1f-4884-bcbf-14d7764c4a36,Is there a book on the table?,Yes.,Yes.,64,1
cbfeb6c8-ec1f-4884-bcbf-14d7764c4a36,"In the video, do I flip the book page before writing on it?",No,"Yes, in the video, you flip the book page before writing on it.",64,1
cbfeb6c8-ec1f-4884-bcbf-14d7764c4a36,"In the video, do I write with a pen after sitting at the table?",Yes,"Yes, in the video, you are seen writing with a pen after sitting at the table.",64,1
cbfeb6c8-ec1f-4884-bcbf-14d7764c4a36,Does the writing occur before closing the notebook?,Yes,"Yes, the writing occurs before closing the notebook.",64,1
cbfeb6c8-ec1f-4884-bcbf-14d7764c4a36,Do I start writing before opening the book?,No,"No, you start writing after opening the book.",64,1
cbfeb6c8-ec1f-4884-bcbf-14d7764c4a36,"Before closing the notebook, what event occurs in the video?",Writing on it,"Before closing the notebook, the person pauses their writing, places the notebook down, and reaches for the textbook.",64,1
cbfeb6c8-ec1f-4884-bcbf-14d7764c4a36,What is done prior to sitting at the table in the video?,Entering the room,"Before sitting at the table, the person is seen holding a book and a pen, suggesting they are about to start studying or writing.",64,1
cbfeb6c8-ec1f-4884-bcbf-14d7764c4a36,What is the setting of the scene in the video clip?,In an apartment.,"The setting of the scene in the video clip is a study or work environment with a wooden desk, a person wearing a green top, and a notebook with a spiral binding.",64,1
cbfeb6c8-ec1f-4884-bcbf-14d7764c4a36,Who is present in this clip?,A woman writing and another woman interacting with her.,"In the clip, there is a person sitting at a desk and writing in a notebook. The person is wearing a green top and has a bracelet on their wrist. There is also a book open on the desk, which appears to be a textbook or study material. The person seems to be engaged in studying or taking notes.",64,1
cbfeb6c8-ec1f-4884-bcbf-14d7764c4a36,What objects are noticeable in the video?,A book and a pen.,"The video shows a person sitting at a wooden desk, a spiral-bound notebook, a pen, a book with printed text, and a wooden chair.",64,1
cbfeb6c8-ec1f-4884-bcbf-14d7764c4a36,What activities are being performed?,Writing in a book and interacting.,"The person in the video appears to be engaged in studying or working on homework. They are using a notebook and a textbook, and are writing or taking notes with a pen. The setting suggests a focused and studious environment, possibly at home or in a classroom.",64,1
cbfeb6c8-ec1f-4884-bcbf-14d7764c4a36,How can we describe the movement in the clip?,Gentle and focused on writing.,"The movement in the clip is minimal, with the person's hands moving slightly as they write and turn pages.",64,1
cbfeb6c8-ec1f-4884-bcbf-14d7764c4a36,Does the individual write with her right hand?,Yes.,"Yes, the individual writes with her right hand.",64,1
cbfeb6c8-ec1f-4884-bcbf-14d7764c4a36,Is there another person besides the one writing?,Yes.,"Yes, there is another person standing in the background wearing dark shoes.",64,1
cbfeb6c8-ec1f-4884-bcbf-14d7764c4a36,Is the setting a public place?,No.,No,64,1
cbfeb6c8-ec1f-4884-bcbf-14d7764c4a36,Do we see any electronic devices being used?,No.,"No, there are no electronic devices visible in the video.",64,1
cbfeb6c8-ec1f-4884-bcbf-14d7764c4a36,What happens before picking up the pen in the video?,Sitting at the table,"Before picking up the pen, the person is seen resting their hand on the notebook.",64,1
cbfeb6c8-ec1f-4884-bcbf-14d7764c4a36,"In the video, does the interaction with woman A happen before writing in the notebook?",No,"No, the interaction with woman A happens after writing in the notebook.",64,1
cbfeb6c8-ec1f-4884-bcbf-14d7764c4a36,Is the book opened before picking up the pen?,Yes,"Yes, the book is opened before picking up the pen.",64,1
cbfeb6c8-ec1f-4884-bcbf-14d7764c4a36,What is the main activity depicted in the video clip?,Writing in a book with a pen.,The main activity depicted in the video clip is a person studying or taking notes.,64,1
cbfeb6c8-ec1f-4884-bcbf-14d7764c4a36,Where is the individual situated in the video clip?,In a room.,The individual is seated at a wooden desk.,64,1
cbfeb6c8-ec1f-4884-bcbf-14d7764c4a36,What object is being utilized in the video clip?,A pen.,A pen is being utilized in the video clip.,64,1
cbfeb6c8-ec1f-4884-bcbf-14d7764c4a36,Does the video show someone studying?,Yes.,"Yes, the video shows a person studying, as indicated by the open book and notebook with handwritten notes.",64,1
cbfeb6c8-ec1f-4884-bcbf-14d7764c4a36,Is the person in the video writing with their left hand?,No.,"No, the person in the video is writing with their right hand.",64,1
cbfeb6c8-ec1f-4884-bcbf-14d7764c4a36,Does the video show a person writing on multiple pages?,Yes.,"Yes, the video shows the person writing on multiple pages, including a spiral notebook and a larger book.",64,1
cbfeb6c8-ec1f-4884-bcbf-14d7764c4a36,Is pen picked up before writing on the book as shown in the clip?,Yes,"Yes, the pen is picked up before writing on the book as shown in the clip.",64,1
cbfeb6c8-ec1f-4884-bcbf-14d7764c4a36,Does writing in the book happen after entering the apartment?,Yes,"Yes, writing in the book happens after entering the apartment.",64,1
cbfeb6c8-ec1f-4884-bcbf-14d7764c4a36,Is the person at the table before writing in the notebook?,Yes,Yes.,64,1
cbfeb6c8-ec1f-4884-bcbf-14d7764c4a36,Does the person use a pen after sitting at the table?,Yes,Yes.,64,1
cbfeb6c8-ec1f-4884-bcbf-14d7764c4a36,Is the person in the apartment before using the pen?,Yes,Yes.,64,1
cbfeb6c8-ec1f-4884-bcbf-14d7764c4a36,What happens just before writing in the notebook in the video?,Sitting at the table,"Just before writing in the notebook, the person flips through the pages of the notebook, possibly to find a suitable section or to review previous notes.",64,1
cbfeb6c8-ec1f-4884-bcbf-14d7764c4a36,"In the video sequence, what do we see occurring before sitting at the table?",Being in a room,"Before sitting at the table, we see a person's hands adjusting their position and reaching for the notebook, indicating they are about to start writing.",64,1
cbfeb6c8-ec1f-4884-bcbf-14d7764c4a36,What location is shown in the video clip?,An indoor location.,"The video shows a person sitting at a wooden desk with a book and a notebook, suggesting a study or work environment.",64,1
cbfeb6c8-ec1f-4884-bcbf-14d7764c4a36,What activity is depicted in this scene?,Writing in a book.,"The scene depicts a person engaged in studying or taking notes. They are using a pen to write in a notebook, which is open on a wooden desk. There is also a textbook or workbook with printed text and diagrams visible on the desk, suggesting that the person is likely following along with the material to take notes or complete exercises. The setting appears to be a study or work environment, and the person is focused on their task.",64,1
cbfeb6c8-ec1f-4884-bcbf-14d7764c4a36,Can you caption the person's activity in this clip?,Writing diligently in a notebook.,"The person in the video is engaged in a study session, working through a textbook and taking notes in a notebook. They are using a pen to write and appear to be focused on their work. The setting suggests a quiet, indoor environment, possibly a home or a study room. The person is dressed in a green top and has a patterned fabric draped over their shoulders, which could be a shawl or a decorative cloth. The desk is wooden, and there are additional books and papers visible, indicating a well-stocked study area. The person's hands are visible, showing that they are actively writing and turning pages in the book.",64,1
cbfeb6c8-ec1f-4884-bcbf-14d7764c4a36,Is there a pen being used for writing in the video?,Yes.,Yes.,64,1
cbfeb6c8-ec1f-4884-bcbf-14d7764c4a36,Does the clip show a person wearing a watch?,Yes.,Yes.,64,1
cbfeb6c8-ec1f-4884-bcbf-14d7764c4a36,Does the video include any dialogue or conversation?,"No, it only depicts writing activity.","No, the video does not include any dialogue or conversation.",64,1
cbfeb6c8-ec1f-4884-bcbf-14d7764c4a36,"In the video, does opening the book happen before writing with a pen?",Yes,"No, the person is seen writing with a pen before opening the book.",64,1
cbfeb6c8-ec1f-4884-bcbf-14d7764c4a36,Is the pen picked up after turning the page as shown in the clip?,No,"Yes, the pen is picked up after turning the page as shown in the clip.",64,1
cbfeb6c8-ec1f-4884-bcbf-14d7764c4a36,What occurs just before starting to write in the book?,Opening the book,"Just before starting to write in the book, the person flips through the pages, possibly to find a suitable section or to review previous notes.",64,1
cbfeb6c8-ec1f-4884-bcbf-14d7764c4a36,Is the writing in the book shown after being indoor in the clip?,Yes,"Yes, the writing in the book shown after being indoor in the clip is legible.",64,1
cbfeb6c8-ec1f-4884-bcbf-14d7764c4a36,Which room is the person located in while writing?,The person is in a room.,The person is located in a room with a wooden floor and a bookshelf filled with books and papers.,64,1
cbfeb6c8-ec1f-4884-bcbf-14d7764c4a36,Is the person using any tools for writing?,"Yes, the person is using a pen.","Yes, the person is using a blue pen for writing.",64,1
cbfeb6c8-ec1f-4884-bcbf-14d7764c4a36,Can you describe the setting of the action in the clip?,The action occurs in a room at a desk.,"The setting of the action in the clip is a wooden desk with a person sitting at it, wearing a green and yellow patterned top and a pinkish garment underneath. The person is engaged in studying or writing, with a notebook and a textbook open in front of them. The desk is cluttered with various items, including books and papers, and the person is using a blue pen to write in the notebook.",64,1
cbfeb6c8-ec1f-4884-bcbf-14d7764c4a36,What is the writing tool visible in the frame?,A pen is visible in the frame.,The writing tool visible in the frame is a blue pen.,64,1
cbfeb6c8-ec1f-4884-bcbf-14d7764c4a36,Is the person sitting at a desk in the video?,Yes.,Yes.,64,1
cbfeb6c8-ec1f-4884-bcbf-14d7764c4a36,Does the person sit down after opening the book?,Yes,Yes.,64,1
cbfeb6c8-ec1f-4884-bcbf-14d7764c4a36,Is the book closed before the person starts writing?,No,"Yes, the book is closed before the person starts writing.",64,1
cbfeb6c8-ec1f-4884-bcbf-14d7764c4a36,What action is taken before the person caps the pen?,The person finishes writing.,"Before the person caps the pen, they are seen writing in the notebook.",64,1
cbfeb6c8-ec1f-4884-bcbf-14d7764c4a36,Is the pen placed in the book before writing?,No,"Yes, the pen is placed in the book before writing.",64,1
cbfeb6c8-ec1f-4884-bcbf-14d7764c4a36,Does the book close before the pen is picked up?,No,"No, the book remains open before the pen is picked up.",64,1
cbfeb6c8-ec1f-4884-bcbf-14d7764c4a36,Is the cap of the pen removed after starting to write?,No,Yes.,64,1
cbfeb6c8-ec1f-4884-bcbf-14d7764c4a36,Does the hand turn the page before picking up the pen?,No,"Yes, the hand turns the page before picking up the pen.",64,1
cbfeb6c8-ec1f-4884-bcbf-14d7764c4a36,Is the pen visible in the scene before writing begins?,Yes,"Yes, the pen is visible in the scene before writing begins.",64,1
cbfeb6c8-ec1f-4884-bcbf-14d7764c4a36,What do we see happening before the hand appears in the frame?,The book is open,"Before the hand appears in the frame, we see a person sitting at a wooden desk with a notebook and a textbook.",64,1
cbfeb6c8-ec1f-4884-bcbf-14d7764c4a36,What happens just before the pen touches the paper?,The hand moves towards the paper,"The pen is poised above the paper, ready to write.",64,1
cbfeb6c8-ec1f-4884-bcbf-14d7764c4a36,"In the video sequence, what action is performed before turning the page?",Writing on the current page,"Before turning the page, the person is seen writing in the notebook with a blue pen.",64,1
cbfeb6c8-ec1f-4884-bcbf-14d7764c4a36,"In the video, what is done just before the hand finished writing?",Moving the pen across the paper,"Just before the hand finished writing, the person was seen pointing at the notebook, possibly indicating a pause or a moment of reflection.",64,1
cbfeb6c8-ec1f-4884-bcbf-14d7764c4a36,What does the brief of the depicted scenario show?,The scenario shows a person writing in a book in an apartment.,"The brief of the depicted scenario shows a person engaged in studying or working on a task, with a focus on writing and note-taking.",64,1
cbfeb6c8-ec1f-4884-bcbf-14d7764c4a36,What is the setting of this video clip?,"The setting is indoors, in a well-lit apartment.","The setting of the video clip is a study or work environment, with a wooden desk, a person wearing a green and yellow patterned top, and a bookshelf in the background.",64,1
cbfeb6c8-ec1f-4884-bcbf-14d7764c4a36,Does the video capture the person stopping their writing at any point?,No.,"Yes, the video captures the person stopping their writing at one point to flip through the pages of the book.",64,1
cbfeb6c8-ec1f-4884-bcbf-14d7764c4a36,Is the individual in the video using their left hand to write?,"No, they are using their right hand.","No, the individual is using their right hand to write.",64,1
cbfeb6c8-ec1f-4884-bcbf-14d7764c4a36,Is there another person present in the scene assisting the writer?,"No, the person is writing alone.","No, there is no indication of another person assisting the writer in the scene.",64,1
cbfeb6c8-ec1f-4884-bcbf-14d7764c4a36,"In the video, do I write in the book before holding the pen?",No,"No, you hold the pen before writing in the book.",64,1
cbfeb6c8-ec1f-4884-bcbf-14d7764c4a36,Is the pen in my right hand before I start writing in the book?,Yes,"Yes, the pen is in your right hand before you start writing in the book.",64,1
cbfeb6c8-ec1f-4884-bcbf-14d7764c4a36,"In the sequence, do I open the book before writing on it?",Yes,"Yes, in the sequence, you open the book before writing on it.",64,1
cbfeb6c8-ec1f-4884-bcbf-14d7764c4a36,"In the clip, do I wear a green shirt before writing in the book?",Yes,"Yes, in the clip, you are seen wearing a green shirt before writing in the book.",64,1
cbfeb6c8-ec1f-4884-bcbf-14d7764c4a36,What occurs just before holding the pen in my right hand?,I am wearing a green shirt,"Just before holding the pen in my right hand, I am seen holding the pen in my left hand, pointing at something on the page, and then placing the pen down.",64,1
cbfeb6c8-ec1f-4884-bcbf-14d7764c4a36,Is the book opened before the pen is held in the right hand?,Yes,"Yes, the book is opened before the pen is held in the right hand.",64,1
cbfeb6c8-ec1f-4884-bcbf-14d7764c4a36,Is the hand placed on the book after the pen is picked up?,Yes,Yes.,64,1
cbfeb6c8-ec1f-4884-bcbf-14d7764c4a36,What happens just before the pen starts writing?,The pen is held in the right hand,"The pen is poised above the notebook, ready to start writing.",64,1
cbfeb6c8-ec1f-4884-bcbf-14d7764c4a36,What is visible before the wrist with a bracelet appears?,The hand holding the pen,A hand holding a pen is visible before the wrist with a bracelet appears.,64,1
cbfeb6c8-ec1f-4884-bcbf-14d7764c4a36,What do we see happening before the hand touches the book?,The book and pen are visible,"Before the hand touches the book, we see the person's hands resting on the desk, with one hand holding a pen and the other hand resting on the notebook.",64,1
cbfeb6c8-ec1f-4884-bcbf-14d7764c4a36,What takes place before the pen is seen in the video?,The apartment and the book are seen,"Before the pen is seen, the person is seen writing in a notebook.",64,1
cbfeb6c8-ec1f-4884-bcbf-14d7764c4a36,What is the setting of the video?,In an apartment.,"The setting of the video is a study or work environment with a wooden desk, a person wearing a green and yellow patterned top, and a bookshelf in the background.",64,1
cbfeb6c8-ec1f-4884-bcbf-14d7764c4a36,What activity does the video show?,Writing in a book.,"The video shows a person studying or working on a task, using a notebook and a textbook.",64,1
cbfeb6c8-ec1f-4884-bcbf-14d7764c4a36,Which hand is used for writing in the video?,The right hand.,The right hand is used for writing in the video.,64,1
cbfeb6c8-ec1f-4884-bcbf-14d7764c4a36,What type of pen is being used?,A ballpoint pen.,A blue pen is being used.,64,1
cbfeb6c8-ec1f-4884-bcbf-14d7764c4a36,What object is being used in the action?,A pen.,A pen is being used in the action.,64,1
cbfeb6c8-ec1f-4884-bcbf-14d7764c4a36,Is the writing action fluent or hesitant?,Fluent.,The writing action is fluent.,64,1
cbfeb6c8-ec1f-4884-bcbf-14d7764c4a36,Which direction is the pen moving?,Left to right.,The pen is moving from the top to the bottom of the page.,64,1
cbfeb6c8-ec1f-4884-bcbf-14d7764c4a36,Is the person sitting on a cushion?,Yes.,Yes.,64,1
cbfeb6c8-ec1f-4884-bcbf-14d7764c4a36,Does the video show page-turning?,No.,"Yes, the video shows page-turning as the person flips through the pages of the notebook and the textbook.",64,1
cbfeb6c8-ec1f-4884-bcbf-14d7764c4a36,Is the person wearing any wrist accessories?,Yes.,"Yes, the person is wearing a bracelet on their left wrist.",64,1
cbfeb6c8-ec1f-4884-bcbf-14d7764c4a36,Did the writing happen in a different location than the apartment?,No,"No, the writing happened in the same apartment, as indicated by the consistent background and the person's attire.",64,1
cbfeb6c8-ec1f-4884-bcbf-14d7764c4a36,Did the use of right hand occur before writing in the book?,No,"Yes, the right hand was used to turn the pages of the book before writing in it.",64,1
cbfeb6c8-ec1f-4884-bcbf-14d7764c4a36,Was there a pen used after the book was opened?,Yes,Yes.,64,1
cbfeb6c8-ec1f-4884-bcbf-14d7764c4a36,Did any writing in the book occur without the use of a pen?,No,"No, the video only shows the person writing in the book with a pen.",64,1
cbfeb6c8-ec1f-4884-bcbf-14d7764c4a36,Was the book closed before writing commenced?,Yes,"Yes, the book was closed before writing commenced.",64,1
cbfeb6c8-ec1f-4884-bcbf-14d7764c4a36,What happened before the writing started?,The book was opened,"Before the writing started, the person was sitting at a desk with a book open in front of them. They were holding a pen and a notebook, and it appears they were either reading or preparing to write. The person was wearing a green top and a bracelet on their left wrist. The desk had a wooden surface, and there were some papers and a book with a colorful cover on the right side of the desk. The person's hands were resting on the desk, and they were looking at the book.",64,1
cbfeb6c8-ec1f-4884-bcbf-14d7764c4a36,Does the writing in the book occur before changing the page?,Yes,"Yes, the writing in the book occurs before changing the page.",64,1
cbfeb6c8-ec1f-4884-bcbf-14d7764c4a36,Does the page turn happen before writing with the pen?,No,"Yes, the page turn happens before writing with the pen.",64,1
cbfeb6c8-ec1f-4884-bcbf-14d7764c4a36,What occurs just before changing to a new page in the video?,I finish writing,"Just before changing to a new page, the person pauses their writing, looks at the book, and then flips the page.",64,1
cbfeb6c8-ec1f-4884-bcbf-14d7764c4a36,What do I do before sitting down to write in the video?,I enter the room,"Before sitting down to write in the video, the person is seen holding a book and a pen, indicating they are about to start writing or studying.",64,1
cbfeb6c8-ec1f-4884-bcbf-14d7764c4a36,What is the setting of the scene in the video clip?,The setting is inside a room.,"The setting of the scene in the video clip is a study or work environment with a wooden desk, a bookshelf with various items, and a person wearing a green patterned top and a pinkish garment.",64,1
cbfeb6c8-ec1f-4884-bcbf-14d7764c4a36,What objects are present in the video clip?,A book and a pen are present.,"The video clip shows a person sitting at a wooden desk with a notebook, a pen, a book with a colorful cover, and a wooden cabinet with books and papers.",64,1
cbfeb6c8-ec1f-4884-bcbf-14d7764c4a36,Can you describe the action the person is performing?,The person is flipping through pages and writing.,"The person is sitting at a wooden desk, engaged in studying or writing. They are holding a pen and writing in a spiral notebook. The notebook is open to a page with printed text and lines for writing. The person is wearing a green long-sleeved shirt and a pinkish-purple garment underneath. They are also wearing a bracelet on their left wrist. The desk has a wooden surface and is cluttered with various items, including a textbook, a pen, and a notebook. The person is focused on their work, occasionally glancing at the textbook and writing in the notebook.",64,1
cbfeb6c8-ec1f-4884-bcbf-14d7764c4a36,Does the video show the person closing the book?,No.,"Yes, the video shows the person closing the book and placing it on the desk.",64,1
cbfeb6c8-ec1f-4884-bcbf-14d7764c4a36,Is the person using a pencil to write?,No.,"No, the person is using a blue pen to write.",64,1
cbfeb6c8-ec1f-4884-bcbf-14d7764c4a36,Does the video capture the person turning off the light?,No.,"Yes, the video captures the person turning off the light.",64,1
cbfeb6c8-ec1f-4884-bcbf-14d7764c4a36,Does the video show the person taking notes from another text?,No.,"Yes, the video shows the person taking notes from another text, as indicated by the person's hand pointing to a specific page in the book and the subsequent action of writing in the notebook.",64,1
cbfeb6c8-ec1f-4884-bcbf-14d7764c4a36,"In the video, is the book closed before writing begins?",Yes,"Yes, the book is closed before writing begins.",64,1
cbfeb6c8-ec1f-4884-bcbf-14d7764c4a36,Does turning the page happen after writing with the pen?,Yes,"Yes, turning the page happens after writing with the pen.",64,1
cbfeb6c8-ec1f-4884-bcbf-14d7764c4a36,"In the video, is the pen picked up before the book is opened?",No,"No, the pen is picked up after the book is opened.",64,1
cbfeb6c8-ec1f-4884-bcbf-14d7764c4a36,Does the writing occur before sitting down in the chair?,No,"No, the writing occurs after sitting down in the chair.",64,1
cbfeb6c8-ec1f-4884-bcbf-14d7764c4a36,"In the video sequence, what occurs before the person starts writing?",The book is opened,"Before the person starts writing, they are seen holding a pen and looking at the notebook, possibly reviewing the content or planning what to write.",64,1
cbfeb6c8-ec1f-4884-bcbf-14d7764c4a36,What action takes place before the book is closed?,The person stops writing,"Before the book is closed, the person flips through the pages, pointing at specific sections, and then closes the book.",64,1
cbfeb6c8-ec1f-4884-bcbf-14d7764c4a36,"In the video, is the book closed after the writing is done?",Yes,"Yes, the book is closed after the writing is done.",64,1
cbfeb6c8-ec1f-4884-bcbf-14d7764c4a36,"In the video, is there writing on the book's cover before the person writes inside?",Yes,"No, the book's cover is blank before the person starts writing inside.",64,1
cbfeb6c8-ec1f-4884-bcbf-14d7764c4a36,What is done before the pen cap is removed?,The person prepares to write,"Before the pen cap is removed, the person is seen writing in a notebook.",64,1
cbfeb6c8-ec1f-4884-bcbf-14d7764c4a36,What activity is displayed in the provided image?,Writing in a book.,"The image displays a person engaged in studying or working on a task, as evidenced by the open book, notebook, and pen on the desk. The person is wearing a green patterned top and a pinkish garment, possibly a skirt or pants. The setting appears to be a study or work environment, with a wooden desk and a chair. The person is actively writing or taking notes in the notebook, and there is a book with a colorful cover on the desk, suggesting that they might be referencing it. The lighting in the room is natural, indicating daytime.",64,1
cbfeb6c8-ec1f-4884-bcbf-14d7764c4a36,Describe the setting where the depicted activity takes place.,In a room.,"The setting is a well-lit room with a wooden desk, a wooden chair, and a wooden floor. The desk has a wooden bookshelf with various books and papers, and the person is wearing a green patterned top and a pinkish-brown skirt.",64,1
cbfeb6c8-ec1f-4884-bcbf-14d7764c4a36,What object is being used in conjunction with the book?,A pen.,A blue pen is being used in conjunction with the book.,64,1
cbfeb6c8-ec1f-4884-bcbf-14d7764c4a36,How is the person holding the pen in the frame?,With their right hand.,The person is holding the pen in their right hand.,64,1
cbfeb6c8-ec1f-4884-bcbf-14d7764c4a36,What part of the room is visible in the clip?,"Only the table area, specifics of the room are not visible.","The room has wooden flooring and a wooden desk with various items on it, including a book with a yellow cover and a blue bookmark.",64,1
cbfeb6c8-ec1f-4884-bcbf-14d7764c4a36,Is the person writing with their left hand?,No.,"No, the person is writing with their right hand.",64,1
cbfeb6c8-ec1f-4884-bcbf-14d7764c4a36,Is the person writing on the last page of the book?,"No, there are more pages visible.","No, the person is not writing on the last page of the book. The video shows the person flipping through the pages of the book, indicating they are not writing on the last page.",64,1
cbfeb6c8-ec1f-4884-bcbf-14d7764c4a36,Can we assume the writer is in a public space?,"No, it appears to be a private space.","No, the environment suggests a private setting, likely a home or personal study area.",64,1
cbfeb6c8-ec1f-4884-bcbf-14d7764c4a36,"In the video, does turning the page happen before writing begins?",No,"Yes, turning the page happens before writing begins.",64,1
cbfeb6c8-ec1f-4884-bcbf-14d7764c4a36,Is the book opened after the pen is held in the hand?,Yes,Yes.,64,1
cbfeb6c8-ec1f-4884-bcbf-14d7764c4a36,"In the video, does writing in the book happen before closing the book?",Yes,"Yes, writing in the book happens before closing the book.",64,1
cbfeb6c8-ec1f-4884-bcbf-14d7764c4a36,"In the video sequence, what do we see occurring just before turning the page?",Writing on the previous page,"Just before turning the page, the person is seen holding a yellow book with a blue cover, which appears to be a textbook or study material.",64,1
cbfeb6c8-ec1f-4884-bcbf-14d7764c4a36,What action takes place immediately before the pen touches the paper?,Holding the pen above the book,"The person's hand is seen holding the pen above the paper, ready to write.",64,1
cbfeb6c8-ec1f-4884-bcbf-14d7764c4a36,"In the video, what happens right before the book is opened?",Sitting down,"Right before the book is opened, the person is seen holding a pen and pointing at the book, indicating they are about to start reading or writing.",64,1
cbfeb6c8-ec1f-4884-bcbf-14d7764c4a36,Did I write in the book before turning the page?,Yes,"Yes, you wrote in the book before turning the page.",64,1
cbfeb6c8-ec1f-4884-bcbf-14d7764c4a36,Is the book already opened before I start writing?,Yes,"Yes, the book is already opened before you start writing.",64,1
cbfeb6c8-ec1f-4884-bcbf-14d7764c4a36,Did I place my left hand on the page before writing with the pen?,Yes,"Yes, you placed your left hand on the page before writing with the pen.",64,1
cbfeb6c8-ec1f-4884-bcbf-14d7764c4a36,What happens before I use the pen to write?,Opening the book,"Before using the pen to write, you first open the notebook to a blank page.",64,1
cbfeb6c8-ec1f-4884-bcbf-14d7764c4a36,"Before closing the book, what action is performed?",Turning the page,"Before closing the book, the person flips through the pages, pauses to write on a separate sheet of paper, and then returns to the book to continue writing.",64,1
cbfeb6c8-ec1f-4884-bcbf-14d7764c4a36,What is the setting of this video clip?,"The setting is indoors, at a desk.","The setting of the video clip is a study or work environment, with a wooden desk, a bookshelf filled with books, and a person wearing a green patterned top and a pinkish-brown skirt.",64,1
cbfeb6c8-ec1f-4884-bcbf-14d7764c4a36,What objects are present in this scene?,"A book, a pen, and a desk.","In the scene, there are several objects present:1. A desk with a wooden surface.2. An open book with text and diagrams, which appears to be a textbook or educational material.3. A spiral-bound notebook with lined pages, which is being used for writing.4. A pen, which is being used to write in the notebook.5. A person wearing a green top with a pattern and a pinkish garment underneath, possibly a dress or a skirt.6. A chair with a black backrest and armrests.7. A shelf with various items, including books and what appears to be a yellow box.8. A yellow box with text on it, which could be a container or a book.9. A blue pen cap, which is placed on the desk.The person is engaged in writing or studying, as indicated by the open notebook and the pen in hand. The setting suggests a study or work environment.",64,1
cbfeb6c8-ec1f-4884-bcbf-14d7764c4a36,Is the person writing with their right hand?,Yes.,Yes.,64,1
cbfeb6c8-ec1f-4884-bcbf-14d7764c4a36,Is the notebook placed on the person's lap?,No.,"No, the notebook is placed on the desk.",64,1
cbfeb6c8-ec1f-4884-bcbf-14d7764c4a36,Does this video show any electronic devices being used?,No.,"No, the video does not show any electronic devices being used.",64,1
cbfeb6c8-ec1f-4884-bcbf-14d7764c4a36,Is the person seated while writing in the book?,Yes.,Yes.,64,1
cbfeb6c8-ec1f-4884-bcbf-14d7764c4a36,Do I sit down before beginning to write?,Yes,"Yes, you sit down before beginning to write.",64,1
cbfeb6c8-ec1f-4884-bcbf-14d7764c4a36,What happens before the book is opened?,I sit down at the desk.,"Before the book is opened, the person is seen writing in a notebook with a blue pen.",64,1
cbfeb6c8-ec1f-4884-bcbf-14d7764c4a36,Did I close the book before starting to write?,No,"Yes, you closed the book before starting to write.",64,1
cbfeb6c8-ec1f-4884-bcbf-14d7764c4a36,Was I seated while writing in the book?,Yes,"Yes, you were seated while writing in the book.",64,1
cbfeb6c8-ec1f-4884-bcbf-14d7764c4a36,Did I turn the page after finishing writing?,No,"Yes, you turned the page after finishing writing.",64,1
cbfeb6c8-ec1f-4884-bcbf-14d7764c4a36,Was the pen put down before closing the book?,No,"Yes, the pen was put down before closing the book.",64,1
cbfeb6c8-ec1f-4884-bcbf-14d7764c4a36,Did I write on the left page before the right one?,No,"Yes, you wrote on the left page before the right one. The video shows you writing on the left page first, and then turning to the right page to continue writing.",64,1
cbfeb6c8-ec1f-4884-bcbf-14d7764c4a36,What is the setting of the scene in this video clip?,"The setting is indoors, with a person writing in a notebook.","The setting of the scene in this video clip is a study or work environment, with a wooden desk, a bookshelf filled with books, and a person wearing a green patterned top and a pinkish-brown skirt.",64,1
cbfeb6c8-ec1f-4884-bcbf-14d7764c4a36,What activity is being performed in the scene?,Writing on a notebook with a pen.,The activity being performed in the scene is studying or taking notes.,64,1
cbfeb6c8-ec1f-4884-bcbf-14d7764c4a36,What can we deduce about the person's task in the video?,The person is engaged in a writing activity.,"Based on the video, we can deduce that the person is engaged in a study or homework session, as evidenced by the open textbook, the notebook with handwritten notes, and the pen used for writing. The person is focused on their work, as indicated by their hand movements and the stationary position of the notebook and pen. The presence of the textbook and the organized notes suggest that the person is likely studying a subject that requires reading and note-taking, such as a science or mathematics subject.",64,1
cbfeb6c8-ec1f-4884-bcbf-14d7764c4a36,Describe the motion taking place in these frames?,The movement of the hand while writing.,"The video depicts a person engaged in studying or writing at a wooden desk. The individual is wearing a green long-sleeved shirt and a pinkish garment underneath. They are holding a blue pen and are seen writing in a spiral notebook. The notebook is open to a page with printed text, which appears to be a study guide or textbook. The person is also holding a yellow book with a colorful cover, which they occasionally glance at while writing.The desk is cluttered with various items, including another open book with printed text, a stack of books, and some papers. The person's hands are visible, with one hand holding the blue pen and the other hand either writing or gesturing. The person's movements are focused and deliberate, indicating concentration on the task at hand.The video captures the person's engagement with the study materials, showing them writing, reading, and interacting with the books. The lighting in the room is natural, suggesting daytime, and the overall atmosphere is one of focused study.",64,1
cbfeb6c8-ec1f-4884-bcbf-14d7764c4a36,Does the person stop writing at any point in the video?,No.,"Yes, the person stops writing at one point in the video, as indicated by the scene where the person is seen holding the notebook and pen, but not actively writing.",64,1
cbfeb6c8-ec1f-4884-bcbf-14d7764c4a36,Is there any use of electronic devices in these frames?,No.,"No, there is no use of electronic devices in these frames. The person is engaged in writing and reading from physical notebooks and books.",64,1
cbfeb6c8-ec1f-4884-bcbf-14d7764c4a36,"In the video sequence, what do we see happening before writing with the pen?",Sitting at the desk,"Before writing with the pen, we see the person flipping through the pages of the notebook, pointing at certain sections, and then writing on the pages.",64,1
cbfeb6c8-ec1f-4884-bcbf-14d7764c4a36,What occurs just before opening the notebook in the video?,Sitting at the desk,"Just before opening the notebook, the person is seen holding a pen and pointing at the notebook, possibly indicating where to start writing or referring to a specific section.",64,1
cbfeb6c8-ec1f-4884-bcbf-14d7764c4a36,"In the video, does using the pen happen after sitting at the desk?",Yes,"Yes, using the pen happens after sitting at the desk.",64,1
cbfeb6c8-ec1f-4884-bcbf-14d7764c4a36,What action precedes putting down the pen on the desk?,Writing in the book,The action that precedes putting down the pen on the desk is the person turning the page of the notebook.,64,1
cbfeb6c8-ec1f-4884-bcbf-14d7764c4a36,What is done just before the writing starts in the video?,Picking up the pen,"Just before the writing starts, the person is seen flipping through the pages of the notebook, possibly to find a suitable page or to organize their thoughts.",64,1
cbfeb6c8-ec1f-4884-bcbf-14d7764c4a36,Which action is depicted in this frame?,Writing in a book with a pen.,"The frame shows a person writing in a notebook with a pen. The person appears to be focused on their work, with their hand holding the pen poised over the paper, ready to write. The setting looks like a study or work environment, with books and other materials visible in the background.",64,1
cbfeb6c8-ec1f-4884-bcbf-14d7764c4a36,Describe the surroundings visible in this frame.,"Indoors, likely a desk or table.","The video begins with a person sitting at a wooden desk, engaged in writing in a spiral-bound notebook. The person is wearing a green long-sleeved shirt and a pinkish garment underneath. The desk is cluttered with various items, including a large book with a yellow cover, a pen, and a notebook with a blue cover. The person is holding a blue pen and appears to be writing or taking notes. The background shows a wooden shelf with books and other items, indicating a study or work environment.The scene develops as the person continues to write in the spiral-bound notebook, which is open to a page with handwritten text. The person is still wearing the green long-sleeved shirt and the pinkish garment. The desk remains cluttered with the same items, and the background shows the wooden shelf with books and other items. The person occasionally looks up from the notebook, possibly to think or to organize their thoughts.The video wraps up with the person still seated at the wooden desk, holding the blue pen and looking at the notebook. The person then closes the notebook and places it on the desk. The person then picks up the large book with a yellow cover and begins to flip through its pages. The background remains consistent with the wooden shelf and other items.",64,1
cbfeb6c8-ec1f-4884-bcbf-14d7764c4a36,Can you specify the object being used by the person?,A pen.,The person is using a blue pen to write in a notebook.,64,1
cbfeb6c8-ec1f-4884-bcbf-14d7764c4a36,Did the interaction occur in an outdoor location?,No.,No.,64,1
cbfeb6c8-ec1f-4884-bcbf-14d7764c4a36,Is the person predominantly engaged in a physical activity?,No.,"No, the person is predominantly engaged in writing and studying.",64,1
cbfeb6c8-ec1f-4884-bcbf-14d7764c4a36,"In the video, does writing in the notebook occur before conversing with a woman?",Yes.,"Yes, writing in the notebook occurs before conversing with a woman.",64,1
cbfeb6c8-ec1f-4884-bcbf-14d7764c4a36,"In the video, does the conversation with a woman happen before being in an apartment?",No.,"No, the conversation with a woman happens after being in an apartment.",64,1
cbfeb6c8-ec1f-4884-bcbf-14d7764c4a36,Is the pen used before entering the apartment as shown in the clip?,No.,"No, the pen used before entering the apartment is not shown in the clip.",64,1
cbfeb6c8-ec1f-4884-bcbf-14d7764c4a36,"In the video sequence, what do we see happening before conversing with woman X?",Being in an apartment.,"Before conversing with woman X, we see a person sitting at a desk with a notebook and a pen, writing or taking notes.",64,1
cbfeb6c8-ec1f-4884-bcbf-14d7764c4a36,What happens right before using a pen on the book?,Being indoors.,The person flips through the pages of the book.,64,1
cbfeb6c8-ec1f-4884-bcbf-14d7764c4a36,"In the video, what occurs directly before the pen is picked up?",Being indoors.,"Directly before the pen is picked up, the person is seen writing in a notebook.",64,1
cbfeb6c8-ec1f-4884-bcbf-14d7764c4a36,What happens before the conversation with woman X in the video?,Writing on a book,"Before the conversation with woman X, the person is seen writing in a notebook, flipping through pages, and pointing at something on the page.",64,1
6baa36c1-e4d0-4dbd-97b2-dff48ecf796e,What environments surround the individual scrapping the wall?,An outdoor setting with a ladder near a wooden fence.,"The individual is surrounded by a residential area with a lawn, trees, and a house with a window and a porch.",64,1
6baa36c1-e4d0-4dbd-97b2-dff48ecf796e,What tool is utilized for scrapping in the scene?,A scraper is used.,A metal scraper is utilized for scrapping in the scene.,64,1
6baa36c1-e4d0-4dbd-97b2-dff48ecf796e,Is the individual standing on the ground or elevated while scrapping?,The individual is elevated on a ladder.,"The individual is elevated while scrapping, as indicated by the ladder being used to reach the window frame.",64,1
6baa36c1-e4d0-4dbd-97b2-dff48ecf796e,What is the purpose of using a ladder in this scenario?,To reach higher areas of the wall for scrapping.,The ladder is used to reach higher areas of the window frame for scraping off the old paint.,64,1
6baa36c1-e4d0-4dbd-97b2-dff48ecf796e,How does the individual prepare to scrape the wall?,The individual prepares by stretching out a ladder.,The individual prepares to scrape the wall by holding a metal scraper and focusing on the area where the paint is peeling off.,64,1
6baa36c1-e4d0-4dbd-97b2-dff48ecf796e,Does the video show a person using a ladder?,Yes.,"Yes, the video shows a person using a ladder to reach the window and scrape off the remaining paint.",64,1
6baa36c1-e4d0-4dbd-97b2-dff48ecf796e,Is the wall being scraped in the video?,Yes.,Yes.,64,1
6baa36c1-e4d0-4dbd-97b2-dff48ecf796e,Does the scene involve stretching a ladder before scrapping?,Yes.,"Yes, the scene involves stretching a ladder before scrapping.",64,1
6baa36c1-e4d0-4dbd-97b2-dff48ecf796e,Does the individual scrap the wall without any tools?,No.,"No, the individual uses a metal scraper to remove the paint from the wall.",64,1
6baa36c1-e4d0-4dbd-97b2-dff48ecf796e,What location is depicted in this video clip?,The video clip depicts an outdoor scene with a wall.,"The video clip depicts a garage or workshop area with bicycles, tools, and a workbench, and then transitions to an outdoor scene with a house, a bird feeder, and a lawn.",64,1
6baa36c1-e4d0-4dbd-97b2-dff48ecf796e,How does the environment appear in the video clip?,The environment appears to be a porch or exterior of a building.,The environment appears to be a residential area with trees and a house visible in the background.,64,1
6baa36c1-e4d0-4dbd-97b2-dff48ecf796e,What structure can be observed in this video clip?,A wall with white paint is observed in this video clip.,The structure observed in the video clip is a garage with a white exterior and a window.,64,1
6baa36c1-e4d0-4dbd-97b2-dff48ecf796e,How is the exterior space utilized in the video action?,The exterior space provides a background for removal of an object.,"The exterior space is utilized for gardening, as evidenced by the presence of a garden hose and a hose reel.",64,1
6baa36c1-e4d0-4dbd-97b2-dff48ecf796e,Is the object completely removed from the wall in the video?,Yes,"No, the object is not completely removed from the wall in the video. The person is seen holding the object and examining it closely, but it is not removed from the wall.",64,1
6baa36c1-e4d0-4dbd-97b2-dff48ecf796e,Does the video clip show a wall being painted?,No,"Yes, the video clip shows a wall being painted.",64,1
6baa36c1-e4d0-4dbd-97b2-dff48ecf796e,"In the video, is the wall outdoors?",Yes,"No, the wall is indoors.",64,1
6baa36c1-e4d0-4dbd-97b2-dff48ecf796e,"In the video, is the ladder stretched before scraping the wall?",Yes,"Yes, the ladder is stretched before scraping the wall.",64,1
6baa36c1-e4d0-4dbd-97b2-dff48ecf796e,What happens just before the wall is scraped in the video?,The ladder is stretched,"A hand wearing a blue sleeve and a watch is seen holding a metal scraper, preparing to scrape the wall.",64,1
6baa36c1-e4d0-4dbd-97b2-dff48ecf796e,What exterior work is being performed?,Scraping a wall and smoothing a surface.,"The exterior work being performed involves scraping off old paint from a window frame and surrounding area, using a putty knife to remove the paint, and then smoothing the surface with a sanding block.",64,1
6baa36c1-e4d0-4dbd-97b2-dff48ecf796e,Where is the activity taking place?,Outside a house.,The activity is taking place in a garage or workshop area.,64,1
6baa36c1-e4d0-4dbd-97b2-dff48ecf796e,Which tools are being used for the exterior tasks?,A scraper and a planer.,"The tools being used for the exterior tasks include a red and black paint roller, a paint tray, and a paintbrush.",64,1
6baa36c1-e4d0-4dbd-97b2-dff48ecf796e,Can you describe the sequence of work shown?,"Scraping first, then planing.","The video begins with a view of a garage or workshop area, showing bicycles, tools, and a workbench. The camera then pans to show a person's hand holding a tool, possibly a scraper or a paint roller, and proceeds to scrape or smooth the surface of a wooden beam or column. The person is wearing a blue long-sleeve shirt and a watch on their left wrist. The background includes a window and a view of the outdoors with trees and a house visible.The scene transitions to a close-up of the person's hand using the tool on the wooden surface, which appears to be part of a window frame or a similar structure. The person continues to scrape or smooth the surface, removing layers of old paint or material. The background shows a window with a view of the outdoors, including trees and a house.The video then shows a close-up of the person's hand holding a paint roller and applying a new coat of paint to the wooden surface. The person is wearing a blue long-sleeve shirt and a watch on their left wrist. The background includes a window with a view of the outdoors, including trees and a house. The person continues to apply paint to the wooden surface, which appears to be part of a window frame or a similar structure",64,1
6baa36c1-e4d0-4dbd-97b2-dff48ecf796e,Does the video show painting work being done?,No.,"Yes, the video shows painting work being done, as indicated by the person's actions of scraping off old paint and preparing the surface for new paint.",64,1
6baa36c1-e4d0-4dbd-97b2-dff48ecf796e,Is there any smoothing of surfaces portrayed?,Yes.,"Yes, the video shows the person smoothing out the surfaces with a tool, likely to prepare them for painting or to remove any rough patches.",64,1
6baa36c1-e4d0-4dbd-97b2-dff48ecf796e,Does the scene capture window installation?,No.,"Yes, the scene captures window installation.",64,1
6baa36c1-e4d0-4dbd-97b2-dff48ecf796e,Does the clip depict interior renovation?,No.,No.,64,1
6baa36c1-e4d0-4dbd-97b2-dff48ecf796e,Does smoothing the surface occur before scraping the wall?,No,"No, smoothing the surface occurs after scraping the wall.",64,1
6baa36c1-e4d0-4dbd-97b2-dff48ecf796e,Is the removal of plaster seen before the scraping action?,Yes,"Yes, the removal of plaster is seen before the scraping action.",64,1
6baa36c1-e4d0-4dbd-97b2-dff48ecf796e,Does the planer touch the surface after the wall is scrapped?,Yes,"Yes, the planer touches the surface after the wall is scrapped.",64,1
6baa36c1-e4d0-4dbd-97b2-dff48ecf796e,"In the video, is the ladder stretched before scraping the wall?",Yes,"Yes, the ladder is stretched before scraping the wall.",64,1
6baa36c1-e4d0-4dbd-97b2-dff48ecf796e,Does the smoothing of the surface occur after scraping the wall?,Yes,"Yes, the smoothing of the surface occurs after scraping the wall.",64,1
6baa36c1-e4d0-4dbd-97b2-dff48ecf796e,Is something removed from the wall before stretching the ladder?,No,"Yes, a piece of wood is removed from the wall before stretching the ladder.",64,1
6baa36c1-e4d0-4dbd-97b2-dff48ecf796e,"In the clip, is the ladder stretched after smoothing the surface?",No,"Yes, the ladder is stretched after smoothing the surface.",64,1
6baa36c1-e4d0-4dbd-97b2-dff48ecf796e,What can be seen happening before smoothing the surface?,Scraping the wall,"Before smoothing the surface, the person is seen scraping off the old paint with a putty knife.",64,1
6baa36c1-e4d0-4dbd-97b2-dff48ecf796e,"In the video, what happens before stretching the ladder?","Nothing, it is the first action","Before stretching the ladder, the person is seen holding a ladder and preparing to stretch it.",64,1
6baa36c1-e4d0-4dbd-97b2-dff48ecf796e,What is the setting of the video clip?,Outside a house.,"The setting of the video clip is a garage or workshop area with bicycles, tools, and a window.",64,1
6baa36c1-e4d0-4dbd-97b2-dff48ecf796e,What task is being performed in the video clip?,Smoothing and scraping a surface.,The task being performed in the video clip is scraping off old paint from a window frame.,64,1
6baa36c1-e4d0-4dbd-97b2-dff48ecf796e,What tools are being used in the video clip?,A planer and a scraper.,"The tools being used in the video clip include a red-handled putty knife, a gray-handled putty knife, and a red-handled paint roller.",64,1
6baa36c1-e4d0-4dbd-97b2-dff48ecf796e,What is the condition of the surface being worked on?,It is a rough surface.,The surface being worked on is peeling and has remnants of old paint.,64,1
6baa36c1-e4d0-4dbd-97b2-dff48ecf796e,What is the first action taken on the surface in the clip?,Smoothing it with a planer.,The first action taken on the surface is scraping off the old paint with a red-handled putty knife.,64,1
6baa36c1-e4d0-4dbd-97b2-dff48ecf796e,What is the progression of work on the surface in the clip?,From smoothing to scraping.,"The progression of work on the surface in the clip is from scraping off old paint to smoothing out the surface, indicating a step-by-step process of preparation for painting.",64,1
6baa36c1-e4d0-4dbd-97b2-dff48ecf796e,How is the condition of the surface changing in the clip?,Becoming smoother and cleaner.,"The surface is being stripped of its old paint, revealing a lighter, possibly bare or previously painted surface underneath.",64,1
6baa36c1-e4d0-4dbd-97b2-dff48ecf796e,Does the person use a planer on the surface?,Yes.,"Yes, the person uses a planer on the surface.",64,1
6baa36c1-e4d0-4dbd-97b2-dff48ecf796e,Is there an action of scraping visible in the new frames?,Yes.,"Yes, there is an action of scraping visible in the new frames.",64,1
6baa36c1-e4d0-4dbd-97b2-dff48ecf796e,Does the clip show the complete smoothing of the surface?,No.,"No, the clip does not show the complete smoothing of the surface. It shows the person's hands smoothing out the surface with a tool, but the video ends before the complete process is shown.",64,1
6baa36c1-e4d0-4dbd-97b2-dff48ecf796e,"In the video, is the surface scrapped before it is smoothened with a planer?",No,"Yes, the surface is first scraped with a red-handled putty knife before it is smoothened with a planer.",64,1
6baa36c1-e4d0-4dbd-97b2-dff48ecf796e,"In the sequence, is the planer used before the scraper?",Yes,"No, the planer is used after the scraper.",64,1
6baa36c1-e4d0-4dbd-97b2-dff48ecf796e,What occurs right before the planer is used on the surface?,"Nothing, it's the first action","Right before the planer is used on the surface, the person inspects the surface with the planer, possibly checking for any remaining paint or debris.",64,1
6baa36c1-e4d0-4dbd-97b2-dff48ecf796e,Did I remove something from the wall before scraping the wall?,Yes,"Yes, before scraping the wall, you removed a piece of material from the wall.",64,1
6baa36c1-e4d0-4dbd-97b2-dff48ecf796e,Is the surface smoothened with a planer before scraping with a scraper?,Yes,"Yes, the surface is smoothened with a planer before scraping with a scraper.",64,1
6baa36c1-e4d0-4dbd-97b2-dff48ecf796e,Do I smoothen the surface with a planer before removing something from the wall?,No,"Yes, it is common practice to smooth the surface with a planer before removing something from the wall. Planing helps to create a clean, even surface which can make the removal process easier and prevent damage to the surrounding area. It also ensures that the material being removed is done so cleanly, without leaving behind rough edges or splinters.",64,1
6baa36c1-e4d0-4dbd-97b2-dff48ecf796e,Is the wall scraped with a scraper before using a planer in one sequence?,No,Yes.,64,1
6baa36c1-e4d0-4dbd-97b2-dff48ecf796e,What setting is shown in the video clip?,An outdoor scene with window frame paint removal.,"The video clip shows a garage with bicycles, tools, and a window, and then transitions to a residential area with a house, a car, and a garden.",64,1
6baa36c1-e4d0-4dbd-97b2-dff48ecf796e,Describe the environment shown in the clip.,"An outside area, likely a building's exterior.","The video begins with a view of a garage or workshop area, featuring a concrete floor scattered with leaves and debris. There are two bicycles leaning against the wall, one with a blue frame and the other with a white frame. The wall is adorned with various tools and items, including a red toolbox, a whiteboard with writing, and a window with a view of the outside. The garage door is open, revealing a car parked outside. The person in the video is wearing a blue long-sleeve shirt and a watch on their left wrist. They are seen scraping off old paint from a wooden surface, using a red and black scraping tool. The person then picks up a red and black paint scraper and continues to scrape off the old paint. The background shows a green lawn and a tree. The person then picks up a red and black paint scraper and continues to scrape off the old paint. The background shows a green lawn and a tree. The person then picks up a red and black paint scraper and continues to scrape off the old paint. The background shows a green lawn and a tree. The person then picks up a red and black paint scraper and continues to scrape off the old paint. The background shows a green lawn and a tree. The person then picks up a",64,1
6baa36c1-e4d0-4dbd-97b2-dff48ecf796e,What tool is being used in the current action?,A paint scraper is being used in the action.,A gray and black scraping tool is being used in the current action.,64,1
6baa36c1-e4d0-4dbd-97b2-dff48ecf796e,How is the paint being removed in this scene?,The paint is being manually scraped off.,The paint is being removed using a putty knife.,64,1
6baa36c1-e4d0-4dbd-97b2-dff48ecf796e,Does the video show a paint removal process?,Yes.,"Yes, the video shows a paint removal process.",64,1
6baa36c1-e4d0-4dbd-97b2-dff48ecf796e,Is the person successfully removing paint from a window frame?,Yes.,"Yes, the person is successfully removing paint from a window frame using a putty knife.",64,1
6baa36c1-e4d0-4dbd-97b2-dff48ecf796e,Does the scene take place indoors?,No.,No.,64,1
6baa36c1-e4d0-4dbd-97b2-dff48ecf796e,Is the surface smoothed with a planer before scraping with a scraper?,Yes,"Yes, the surface is smoothed with a planer before scraping with a scraper.",64,1
6baa36c1-e4d0-4dbd-97b2-dff48ecf796e,Does the removal of paint on the window frame happen after smoothing a surface?,Yes,"Yes, the removal of paint on the window frame happens after smoothing a surface.",64,1
6baa36c1-e4d0-4dbd-97b2-dff48ecf796e,Is the paint scraper used before the planer on any surface?,No,"Yes, the paint scraper is used on the window sill before the planer is used on the window frame.",64,1
6baa36c1-e4d0-4dbd-97b2-dff48ecf796e,Is the surface smoothed after removing paint from the window frame?,No,"Yes, the surface is smoothed after removing paint from the window frame.",64,1
6baa36c1-e4d0-4dbd-97b2-dff48ecf796e,What happens just before using the scraper on the surface?,Smoothing the surface with a planer,"Just before using the scraper, the person removes the old paint from the surface.",64,1
6baa36c1-e4d0-4dbd-97b2-dff48ecf796e,What is done just prior to smoothing a surface?,"Nothing, it's the first action.",A hand is seen scraping off old paint or material from the surface.,64,1
6baa36c1-e4d0-4dbd-97b2-dff48ecf796e,What action takes place before using the paint scraper?,Smoothing and scraping a surface,"Before using the paint scraper, the person removes the old paint from the window frame.",64,1
6baa36c1-e4d0-4dbd-97b2-dff48ecf796e,What is the first action performed outside the house?,Smoothing a surface with a planer,The first action performed outside the house is scraping off old paint from the window frame.,64,1
6baa36c1-e4d0-4dbd-97b2-dff48ecf796e,Did I scrape the wall before smoothing the surface with a planer?,Yes.,"Yes, you scraped the wall before smoothing the surface with a planer.",64,1
6baa36c1-e4d0-4dbd-97b2-dff48ecf796e,Did I smooth the surface with a planer before removing paint from the window frame?,Yes.,"Yes, you smoothed the surface with a planer before removing paint from the window frame.",64,1
6baa36c1-e4d0-4dbd-97b2-dff48ecf796e,What do I do before removing paint from the window frame?,Scrape the wall and smooth a surface.,"Before removing paint from the window frame, it's important to prepare the area and ensure you have the necessary tools and materials. Here are some steps you can take:1. **Cover the Surrounding Area**: Use drop cloths or plastic sheets to cover the surrounding surfaces to protect them from paint drips and dust.2. **Remove Hardware**: If there are any hardware items such as hinges, locks, or handles, remove them to prevent damage during the scraping process.3. **Remove Loose Paint**: Use a putty knife or a scraper to gently remove any loose or flaking paint. This will make the scraping process easier and more efficient.4. **Use a Primer**: If you plan to paint the frame again, it's a good idea to apply a primer first to ensure the new paint adheres properly.5. **Clean the Surface**: Once the loose paint is removed, clean the surface with a damp cloth to remove any dust or debris.6. **Apply a Paint Remover**: If there's stubborn paint that won't come off easily, you can use a paint remover. Follow the instructions on the product carefully and take necessary safety precautions.7. **Scrape Carefully**: Use a paint scraper or a putty knife to carefully scrape off",64,1
6baa36c1-e4d0-4dbd-97b2-dff48ecf796e,What is the setting of the video clip?,The setting is outside near a window.,"The setting of the video clip is a garage or workshop area with bicycles, tools, and a window.",64,1
6baa36c1-e4d0-4dbd-97b2-dff48ecf796e,What tool is being used on the window?,A scraper is being used.,A putty knife is being used on the window.,64,1
6baa36c1-e4d0-4dbd-97b2-dff48ecf796e,Does the video show paint being scraped off?,Yes.,"Yes, the video shows paint being scraped off the window frame.",64,1
6baa36c1-e4d0-4dbd-97b2-dff48ecf796e,Is the window frame being refinished?,Yes.,"Yes, the window frame is being refinished.",64,1
6baa36c1-e4d0-4dbd-97b2-dff48ecf796e,Is a tool being used for paint removal?,Yes.,Yes.,64,1
6baa36c1-e4d0-4dbd-97b2-dff48ecf796e,Is the person working on interior maintenance?,No.,No.,64,1
6baa36c1-e4d0-4dbd-97b2-dff48ecf796e,Is the window frame being replaced?,No.,"Yes, the window frame is being replaced.",64,1
6baa36c1-e4d0-4dbd-97b2-dff48ecf796e,Is the window opened before the paint is scraped?,Yes,"No, the window is not opened before the paint is scraped.",64,1
6baa36c1-e4d0-4dbd-97b2-dff48ecf796e,Does the hand touch the window frame before using the scraper?,Yes,"Yes, the hand touches the window frame before using the scraper.",64,1
6baa36c1-e4d0-4dbd-97b2-dff48ecf796e,Is the paint on the window frame removed before the hand is visible?,No,"Yes, the paint on the window frame is removed before the hand is visible, as indicated by the bare wood surface.",64,1
6baa36c1-e4d0-4dbd-97b2-dff48ecf796e,Does the window frame appear before the scraper is in motion?,Yes,"Yes, the window frame appears before the scraper is in motion.",64,1
6baa36c1-e4d0-4dbd-97b2-dff48ecf796e,Is the paint removed from the window frame before using the planer?,No,"Yes, the paint is removed from the window frame before using the planer.",64,1
6baa36c1-e4d0-4dbd-97b2-dff48ecf796e,Does the surface smoothing with a planer occur before the scraping?,Yes,"No, the surface smoothing with a planer occurs after the scraping.",64,1
6baa36c1-e4d0-4dbd-97b2-dff48ecf796e,Is the scraping of the surface completed before removing paint on the window frame?,No,"No, the scraping of the surface is ongoing, and the person is still scraping the surface of the window frame.",64,1
6baa36c1-e4d0-4dbd-97b2-dff48ecf796e,What occurs just before scraping the surface?,Smoothening with a planer,"Just before scraping the surface, the person removes the old paint with a putty knife.",64,1
6baa36c1-e4d0-4dbd-97b2-dff48ecf796e,What is the main activity taking place outside the house?,Smoothing and scraping surfaces.,The main activity is the person scraping off old paint from the window frame.,64,1
6baa36c1-e4d0-4dbd-97b2-dff48ecf796e,Where is the scene set?,Outside a house.,The scene is set in a garage or workshop area with a window and a ladder visible in the background.,64,1
6baa36c1-e4d0-4dbd-97b2-dff48ecf796e,What tools are being used in this scene?,A planer and a scraper.,"The tools being used in this scene include a red-handled putty knife, a gray-handled putty knife, and a red-handled paint scraper.",64,1
6baa36c1-e4d0-4dbd-97b2-dff48ecf796e,How can you describe the area in which the activity occurs?,It's a woodworking area outside the house.,"The area is a cluttered garage with various tools and items scattered around, including a ladder, a red-handled tool, and a black object on the ground.",64,1
6baa36c1-e4d0-4dbd-97b2-dff48ecf796e,What actions are being performed in this video clip?,Smoothing with a planer and scraping with a scraper.,"The video clip shows a person engaged in a home improvement or maintenance task. The individual is scraping off old paint or material from a window frame using a putty knife. The actions include scraping, removing debris, and possibly preparing the surface for repainting or further work. The person is wearing a blue long-sleeve shirt and a watch on their left wrist. The environment appears to be a residential area with a lawn and a house in the background. The focus is on the methodical process of the scraping task, with the person's hands and the tool being the main subjects of the video.",64,1
6baa36c1-e4d0-4dbd-97b2-dff48ecf796e,What is the focus of the activity in these frames?,Wood surface maintenance.,"The focus of the activity is on the window frame, where the person is scraping off old paint and preparing the surface for new paint.",64,1
6baa36c1-e4d0-4dbd-97b2-dff48ecf796e,What is the sequence of actions performed outside?,"First smoothening, then scraping surfaces.","The sequence of actions performed outside includes scraping off old paint, smoothing the surface, and applying a new coat of paint.",64,1
6baa36c1-e4d0-4dbd-97b2-dff48ecf796e,How does the person handle the tools in the video?,With precision and care for the task.,"The person handles the tools with care, ensuring they are used effectively for the task at hand.",64,1
6baa36c1-e4d0-4dbd-97b2-dff48ecf796e,What are the visible results of the actions in this clip?,Smooth surfaces and wood shavings scattered.,"The visible results of the actions in this clip include the removal of old paint and the preparation of the surface for new paint or another finish. The person is scraping off layers of old paint from the window frame and the surrounding area, which is a preparatory step for repainting or applying another coating. The accumulation of paint shavings on the ground and the window sill indicates the thoroughness of the scraping process.",64,1
6baa36c1-e4d0-4dbd-97b2-dff48ecf796e,Does the video show the use of a woodworking planer?,Yes,"Yes, the video shows the use of a woodworking planer to smooth out the surface of the wood.",64,1
6baa36c1-e4d0-4dbd-97b2-dff48ecf796e,Is the person scraping a wooden surface?,Yes,Yes.,64,1
6baa36c1-e4d0-4dbd-97b2-dff48ecf796e,Are the actions performed indoor?,No,yes,64,1
6baa36c1-e4d0-4dbd-97b2-dff48ecf796e,Does the activity involve painting or staining?,No,"The activity involves scraping off old paint or stain, but there is no clear indication of painting or staining in the video.",64,1
6baa36c1-e4d0-4dbd-97b2-dff48ecf796e,Is the person wearing any safety gear?,No,"No, the person is not wearing any safety gear.",64,1
6baa36c1-e4d0-4dbd-97b2-dff48ecf796e,Was the window frame scraped before it was planed?,No,"Yes, the window frame was scraped before it was planed, as indicated by the presence of scraped paint and wood shavings.",64,1
6baa36c1-e4d0-4dbd-97b2-dff48ecf796e,Did the scraping of a surface happen after smoothening it?,Yes,"Yes, the scraping of a surface happened after smoothening it.",64,1
6baa36c1-e4d0-4dbd-97b2-dff48ecf796e,What happens just before the scraper is used on the window frame?,The surface is smoothened with a planer,"Just before the scraper is used on the window frame, the person is seen holding a red-handled putty knife and a gray-handled putty knife, preparing to scrape off the old paint.",64,1
6baa36c1-e4d0-4dbd-97b2-dff48ecf796e,What is the action taken just prior to the planer being used in the video?,There is no action shown before the planer is used,The action taken just prior to the planer being used is scraping off the old paint with a putty knife.,64,1
6baa36c1-e4d0-4dbd-97b2-dff48ecf796e,Was the surface planed before the scraping of paint on the window frame?,Yes,"Yes, the surface was planed before the scraping of paint on the window frame.",64,1
6baa36c1-e4d0-4dbd-97b2-dff48ecf796e,Was the window frame scraped before planing the surface?,No,"Yes, the window frame was scraped before planing the surface.",64,1
6baa36c1-e4d0-4dbd-97b2-dff48ecf796e,Was the window frame scraped first before using any tools?,No,"Yes, the window frame was scraped first before using any tools.",64,1
6baa36c1-e4d0-4dbd-97b2-dff48ecf796e,What's the brief of the depicted scenario?,A person scrapes a surface outside a house.,"The video depicts a person engaged in the process of scraping off old paint from a window frame. The individual is using a putty knife to remove the peeling paint, which is a common step in preparation for repainting or refinishing the window frame. The surrounding area is outdoors, with a view of a residential setting, and the person is wearing a blue long-sleeve shirt. The focus is on the methodical and careful removal of the paint, showing the texture and layers of the old paint being scraped away. The video captures the repetitive action of scraping and the accumulation of removed paint on the ground and the window sill.",64,1
6baa36c1-e4d0-4dbd-97b2-dff48ecf796e,What can be inferred about the location in the video clip?,It's a residential outdoor area by a window.,The location appears to be a residential area with a house and a yard visible in the background.,64,1
6baa36c1-e4d0-4dbd-97b2-dff48ecf796e,How would you describe the environment surrounding the action?,It appears to be tranquil and domestic.,"The environment surrounding the action is a residential area with a lawn, trees, and a house visible in the background.",64,1
6baa36c1-e4d0-4dbd-97b2-dff48ecf796e,Is the person in the video using a tool for scraping?,Yes.,Yes.,64,1
6baa36c1-e4d0-4dbd-97b2-dff48ecf796e,Is the scraping happening indoors?,No.,No.,64,1
6baa36c1-e4d0-4dbd-97b2-dff48ecf796e,Does the footage show the completion of the scraping task?,No.,"No, the footage does not show the completion of the scraping task. The person continues to scrape the window frame, and the video ends with the person still engaged in the scraping process.",64,1
6baa36c1-e4d0-4dbd-97b2-dff48ecf796e,Is the person wearing gloves while scraping?,No.,"No, the person is not wearing gloves while scraping.",64,1
6baa36c1-e4d0-4dbd-97b2-dff48ecf796e,Did I smoothen the surface with a planer before scraping it with a scraper?,Yes,"Yes, you first used a planer to smooth the surface before scraping it with a scraper.",64,1
6baa36c1-e4d0-4dbd-97b2-dff48ecf796e,What occurs just before I scrape the surface with the scraper?,Smoothening with a planer,"Just before scraping the surface with the scraper, the person is seen holding the scraper and pointing at the area to be scraped, indicating the next step in the process.",64,1
6baa36c1-e4d0-4dbd-97b2-dff48ecf796e,Is the scraping of the window frame after smoothing the surface?,Yes,"Yes, the scraping of the window frame is after smoothing the surface.",64,1
6baa36c1-e4d0-4dbd-97b2-dff48ecf796e,What happens just before the window frame is scraped?,The surface is smoothened with a planer,The person steps back to assess the work before proceeding to scrape the frame.,64,1
6baa36c1-e4d0-4dbd-97b2-dff48ecf796e,What occurs right before the surface is smoothened?,The paint is removed with a scraper,"Right before the surface is smoothened, the person uses a putty knife to scrape off the remaining paint and plaster from the window frame.",64,1
6baa36c1-e4d0-4dbd-97b2-dff48ecf796e,Can you describe the setting in the video?,The setting is outdoor by the side of a house.,"The video takes place in a garage or workshop area with a concrete floor and various tools and objects scattered around. The walls are painted light green, and there is a window with a view of the outside. The person is wearing a blue long-sleeve shirt and a watch on their left wrist. The video shows the person scraping off old paint from a wooden surface, with a focus on the texture and color of the paint being removed. The background includes a window with a view of the outside, a ladder, and some plants. The person is using a tool to scrape off the paint, and the video captures the process from different angles, including a close-up of the person's hands and the tool. The video also shows the person's feet and the surrounding area, including a red car and some trees in the background.",64,1
6baa36c1-e4d0-4dbd-97b2-dff48ecf796e,Does the person succeed in scraping off the material?,Yes.,"Yes, the person successfully scrapes off the material, as indicated by the removal of the material from the surface.",64,1
6baa36c1-e4d0-4dbd-97b2-dff48ecf796e,Is the scraping being done on an interior wall?,No.,No.,64,1
6baa36c1-e4d0-4dbd-97b2-dff48ecf796e,Is the person using any tool other than a scraper?,No.,"Yes, the person is also using a red-handled tool, possibly a putty knife or a similar instrument, to scrape and smooth the surface.",64,1
6baa36c1-e4d0-4dbd-97b2-dff48ecf796e,Does the scrapping of the surface start before walking outside the house?,No,"Yes, the scrapping of the surface starts before walking outside the house.",64,1
6baa36c1-e4d0-4dbd-97b2-dff48ecf796e,"In the video, is the scraper used on the lower part of the wall before the upper part?",No,"Yes, the scraper is used on the lower part of the wall before the upper part.",64,1
6baa36c1-e4d0-4dbd-97b2-dff48ecf796e,Is the paint removal near the window sill done after removing paint near the flower pot?,Yes,"Yes, the paint removal near the window sill is shown after the paint removal near the flower pot.",64,1
6baa36c1-e4d0-4dbd-97b2-dff48ecf796e,What action occurs just before the paint near the flower pot is scraped off?,Scraping near the window sill,The paint near the flower pot is scraped off.,64,1
6baa36c1-e4d0-4dbd-97b2-dff48ecf796e,Is the planer used before the scraper?,Yes,"No, the planer is used after the scraper.",64,1
6baa36c1-e4d0-4dbd-97b2-dff48ecf796e,Is the scraping done before smoothing the surface?,No,"Yes, the scraping is done before smoothing the surface.",64,1
6baa36c1-e4d0-4dbd-97b2-dff48ecf796e,Does the planing occur after the scraping?,No,"Yes, the planing occurs after the scraping.",64,1
6baa36c1-e4d0-4dbd-97b2-dff48ecf796e,What happens before the scraping begins?,Smoothing with a planer,"Before the scraping begins, the person is seen holding a red-handled putty knife and pointing at the area to be scraped.",64,1
6baa36c1-e4d0-4dbd-97b2-dff48ecf796e,What task is being carried out outside the house?,Smoothening a surface with a planer and scraping.,The task being carried out is scraping off old paint from the window frame.,64,1
6baa36c1-e4d0-4dbd-97b2-dff48ecf796e,What tools are used in the latest frames for the outdoor task?,A planer and a scraper.,"In the latest frames, a person is using a red and black tool, possibly a paint roller or a similar device, to apply a substance to the window frame.",64,1
6baa36c1-e4d0-4dbd-97b2-dff48ecf796e,Describe the surroundings where the task takes place.,"Outside a house, likely a work area with debris.","The surroundings include a grassy area with trees, a house with a brick wall, and a window with a colorful pot on the sill.",64,1
6baa36c1-e4d0-4dbd-97b2-dff48ecf796e,What process is demonstrated in the recent video footage?,Woodworking involving smoothing and scraping actions.,"The recent video footage demonstrates the process of scraping off old paint from a wooden surface, using a putty knife to remove the remaining paint, and then smoothing the surface with a sanding block.",64,1
6baa36c1-e4d0-4dbd-97b2-dff48ecf796e,What is the likely purpose of the actions shown in the clip?,"Preparing a wooden surface, possibly for painting or finishing.","The likely purpose of the actions shown in the clip is to prepare the window frame for painting or to clean it. The person is scraping off old paint or adhesive, which is a common step before applying a new coat of paint or other finishes.",64,1
6baa36c1-e4d0-4dbd-97b2-dff48ecf796e,Describe the sequential actions taken by the individual.,"First, using a planer for smoothing, then a scraper.","The video begins with a view of a garage interior, showing a bicycle leaning against the wall, a workbench with various tools, and a window with a view of the outside. The person, wearing a blue long-sleeve shirt and a watch, is seen scraping off old paint from a wooden surface using a putty knife. The focus is on the meticulous removal of the paint, with the person's hands and the tool being the main subjects. The background includes a window with a view of the outside, a garden, and a house. The person continues to scrape off the paint, revealing the bare wood underneath. The video progresses with the person still scraping off the paint, with the background showing a window with a view of the outside, a garden, and a house. The person's hands and the tool are the main subjects, with the focus on the meticulous removal of the paint. The video wraps up with the person still scraping off the paint, with the background showing a window with a view of the outside, a garden, and a house. The person's hands and the tool are the main subjects, with the focus on the meticulous removal of the paint.",64,1
6baa36c1-e4d0-4dbd-97b2-dff48ecf796e,Has the person completed the smoothening task?,Yes.,"No, the person is still in the process of smoothing the surface of the window frame.",64,1
6baa36c1-e4d0-4dbd-97b2-dff48ecf796e,Does the individual use more than one tool?,Yes.,"Yes, the individual uses a red-handled putty knife and a gray-handled putty knife.",64,1
6baa36c1-e4d0-4dbd-97b2-dff48ecf796e,Is the work performed indoors in the latest frames?,"No, it's outside.",No.,64,1
6baa36c1-e4d0-4dbd-97b2-dff48ecf796e,Have any painting actions been depicted in the summary?,"No, only smoothening and scraping are shown.","Yes, the summary mentions that the person is scraping off old paint from the window frame and window sill, and then using a paint roller to apply a new coat of paint.",64,1
6baa36c1-e4d0-4dbd-97b2-dff48ecf796e,"In the video, is scraping done before smoothing with a planer?",No,"Yes, scraping is done before smoothing with a planer.",64,1
6baa36c1-e4d0-4dbd-97b2-dff48ecf796e,Is the surface scraped after the house exterior is shown?,Yes,Yes.,64,1
6baa36c1-e4d0-4dbd-97b2-dff48ecf796e,What is seen happening before any tool is used on the surface?,Outside of the house shown,"Before any tool is used on the surface, the person inspects the area with their hands.",64,1
6baa36c1-e4d0-4dbd-97b2-dff48ecf796e,"In the sequence, is the scraper used before the planer?",No,"Yes, the scraper is used before the planer.",64,1
6baa36c1-e4d0-4dbd-97b2-dff48ecf796e,Does the scraping happen outdoors?,Yes,Yes.,64,1
6baa36c1-e4d0-4dbd-97b2-dff48ecf796e,Is the surface scraped after it is smoothened?,Yes,Yes.,64,1
6baa36c1-e4d0-4dbd-97b2-dff48ecf796e,Is the scraping performed before standing up?,No,"Yes, the scraping is performed before standing up.",64,1
6baa36c1-e4d0-4dbd-97b2-dff48ecf796e,What is done before using the scraper in the video?,Smoothening the surface with a planer,"Before using the scraper, the person removes the old paint from the window frame.",64,1
6baa36c1-e4d0-4dbd-97b2-dff48ecf796e,What happens just before the second scraping action?,The first scraping action,The person removes the scraping tool from the frame and places it on the ground.,64,1
6baa36c1-e4d0-4dbd-97b2-dff48ecf796e,What occurs just before the surface is smoothened?,Going outside the house,"Just before the surface is smoothened, the person uses a red and black sanding tool to sand the surface, removing any rough patches or imperfections.",64,1
6baa36c1-e4d0-4dbd-97b2-dff48ecf796e,What is the setting of the video clip?,"The setting is outdoors, with a person removing unwanted cover.","The setting of the video clip is a garage or workshop area with a window, a ladder, and a partially painted wall.",64,1
6baa36c1-e4d0-4dbd-97b2-dff48ecf796e,What is the main focus of the video clip?,The main focus is on a person removing a cover from a surface.,The main focus of the video clip is the person's hands as they work on scraping off old paint from a wooden surface.,64,1
6baa36c1-e4d0-4dbd-97b2-dff48ecf796e,What is the person doing with their hand?,They are rubbing waste off with their hand.,The person is using their hand to scrape off the remaining paint from the window frame.,64,1
6baa36c1-e4d0-4dbd-97b2-dff48ecf796e,What action follows rubbing the waste?,The person climbs a ladder.,The action that follows rubbing the waste is scraping off the remaining paint with a putty knife.,64,1
6baa36c1-e4d0-4dbd-97b2-dff48ecf796e,What tool is the person using in the action?,The person is using a scraper or a similar tool.,The person is using a red-handled putty knife.,64,1
6baa36c1-e4d0-4dbd-97b2-dff48ecf796e,Did the person climb a ladder in the video?,Yes.,"Yes, the person climbed a ladder to reach the upper part of the window frame.",64,1
6baa36c1-e4d0-4dbd-97b2-dff48ecf796e,Does the video show the person successfully removing the cover?,Yes.,"Yes, the video shows the person successfully removing the cover, as indicated by the final scene where the person is seen holding the removed cover and continuing to scrape off the remaining paint.",64,1
6baa36c1-e4d0-4dbd-97b2-dff48ecf796e,Was the task performed indoors?,No.,No.,64,1
6baa36c1-e4d0-4dbd-97b2-dff48ecf796e,Did I smoothen the surface with a planer before scraping it with a scraper?,Yes.,"Yes, you used a planer to smoothen the surface before scraping it with a scraper.",64,1
6baa36c1-e4d0-4dbd-97b2-dff48ecf796e,Did I climb the ladder before rubbing waste with my hand?,No.,"Yes, you climbed the ladder before rubbing waste with your hand.",64,1
6baa36c1-e4d0-4dbd-97b2-dff48ecf796e,Did the removal of unwanted cover happen before climbing the ladder?,No.,"Yes, the removal of unwanted cover happened before climbing the ladder, as indicated by the person's hand reaching up to remove the cover.",64,1
6baa36c1-e4d0-4dbd-97b2-dff48ecf796e,Did I scrape the surface before smoothening it with a planer?,No.,"Yes, you scraped the surface before smoothening it with a planer.",64,1
6baa36c1-e4d0-4dbd-97b2-dff48ecf796e,Did the drawing a planer happen after climbing the ladder?,No.,"Yes, the drawing a planer happened after climbing the ladder.",64,1
6baa36c1-e4d0-4dbd-97b2-dff48ecf796e,What takes place immediately before drawing a planer across the surface?,Being outside the house.,A hand holding a red-handled planer is seen preparing to draw it across the surface.,64,1
6baa36c1-e4d0-4dbd-97b2-dff48ecf796e,What do I do before rubbing waste with my hand?,Being outside.,"Before rubbing waste with your hand, it's important to ensure that your hands are clean and dry. If you have been handling materials or tools, you may want to wash your hands to remove any dirt, dust, or chemicals that could transfer to the waste. Additionally, if the waste is sharp or potentially hazardous, it's advisable to wear protective gloves to prevent cuts or injuries. Once your hands are clean and protected, you can proceed to rub the waste gently to remove any loose particles or debris.",64,1
6baa36c1-e4d0-4dbd-97b2-dff48ecf796e,Did I scrape the surface before using a planer?,No,"Yes, you scraped the surface before using a planer.",64,1
6baa36c1-e4d0-4dbd-97b2-dff48ecf796e,Did the planer use happen after the ladder climbing?,No,"Yes, the planer use happened after the ladder climbing.",64,1
6baa36c1-e4d0-4dbd-97b2-dff48ecf796e,Was the surface scraped after using the planer?,Yes,"Yes, the surface was scraped after using the planer.",64,1
6baa36c1-e4d0-4dbd-97b2-dff48ecf796e,Was the waste rubbed off before I climbed the ladder?,Yes,"Yes, the waste was rubbed off before climbing the ladder.",64,1
6baa36c1-e4d0-4dbd-97b2-dff48ecf796e,What happens just before I scrape the surface?,Smoothening with a planer,I pick up the scraping tool,64,1
6baa36c1-e4d0-4dbd-97b2-dff48ecf796e,What event occurs before using the planer?,Climbing the ladder,"Before using the planer, the person removes the old paint from the window frame.",64,1
6baa36c1-e4d0-4dbd-97b2-dff48ecf796e,What is the focus of the video's depicted scenario?,Removing unwanted cover from wood surface.,"The focus of the video is on the meticulous process of scraping off old paint from a wooden surface, emphasizing the careful and methodical nature of the work.",64,1
6baa36c1-e4d0-4dbd-97b2-dff48ecf796e,Describe the setting shown in the video clip.,"Outside, near a window with a wood surface.","The video begins with a view of a garage or workshop area, featuring a concrete floor scattered with leaves and debris. There are two bicycles leaning against the wall, and various tools and items are visible on the shelves and around the room. The camera then pans to show a window with a view of a residential area outside. The person in the video is wearing a blue long-sleeve shirt and a watch on their left wrist. They are holding a red-handled tool, possibly a scraper or a putty knife, and are scraping or smoothing the surface of a wooden beam or column. The background shows a window with a view of a residential area, including a house and a tree-lined yard. The person continues to work on the wooden surface, focusing on the area around the window. The video then shows a close-up of the person's hands as they work on the wooden surface, with the background showing a window with a view of a residential area, including a house and a tree-lined yard. The person is wearing a blue long-sleeve shirt and a watch on their left wrist. They are holding a red-handled tool, possibly a scraper or a putty knife, and are scraping or smoothing the surface of a wooden beam or column. The video then shows",64,1
6baa36c1-e4d0-4dbd-97b2-dff48ecf796e,What can be observed about the environment in the clip?,"It's outdoors, possibly at a residential location.","The environment in the clip includes a residential setting with a lawn, trees, and a house visible in the background. The sky is overcast, suggesting it might be a cloudy day.",64,1
6baa36c1-e4d0-4dbd-97b2-dff48ecf796e,Narrate the activity captured in this clip.,"Holding a scraper, staring at, and scraping a wood surface.","The video begins with a view of a garage interior, showing a workbench, tools, and a bicycle. The camera then pans out to reveal a person standing in the doorway, with a car visible in the background. The person is wearing a blue long-sleeve shirt and a watch on their left wrist. The scene transitions to a close-up of the person's hands as they use a tool to scrape off old paint from a wooden surface, likely a window frame. The person's hands are methodically removing the paint, revealing the bare wood underneath. The video continues with a close-up of the person's hands as they continue to scrape off the old paint from the wooden surface. The person's hands are methodically removing the paint, revealing the bare wood underneath. The video then shows a wider view of the person's hands as they continue to scrape off the old paint from the wooden surface. The person's hands are methodically removing the paint, revealing the bare wood underneath. The video concludes with a close-up of the person's hands as they continue to scrape off the old paint from the wooden surface. The person's hands are methodically removing the paint, revealing the bare wood underneath.",64,1
6baa36c1-e4d0-4dbd-97b2-dff48ecf796e,Can you provide a caption for the action taking place?,Scraping Away: Unveiling the Wood Beneath.,The person is scraping off old paint from the window frame using a putty knife.,64,1
6baa36c1-e4d0-4dbd-97b2-dff48ecf796e,Did the individual successfully remove some of the unwanted cover?,Yes.,"Yes, the individual successfully removed some of the unwanted cover, as indicated by the peeling paint and the use of a putty knife.",64,1
6baa36c1-e4d0-4dbd-97b2-dff48ecf796e,Is the person using a tool to work on the surface?,Yes.,Yes.,64,1
6baa36c1-e4d0-4dbd-97b2-dff48ecf796e,Has the person been carefully examining the wood surface?,Yes.,"Yes, the person has been carefully examining the wood surface, as indicated by the close-up shots of the person's hands and the wood.",64,1
6baa36c1-e4d0-4dbd-97b2-dff48ecf796e,Is the work being performed close to a window?,Yes.,Yes.,64,1
6baa36c1-e4d0-4dbd-97b2-dff48ecf796e,Did I rub waste with my hand before climbing the ladder?,Yes.,"Yes, you rubbed waste with your hand before climbing the ladder.",64,1
6baa36c1-e4d0-4dbd-97b2-dff48ecf796e,Is the unwanted cover removed after I stare at the wood surface?,No.,"Yes, the unwanted cover is removed after you stare at the wood surface.",64,1
6baa36c1-e4d0-4dbd-97b2-dff48ecf796e,Do I hold the scraper before removing the unwanted cover?,No.,"Yes, you hold the scraper before removing the unwanted cover.",64,1
6baa36c1-e4d0-4dbd-97b2-dff48ecf796e,Am I outside when I stare at the wood surface?,Yes.,"Yes, you are outside when you stare at the wood surface.",64,1
6baa36c1-e4d0-4dbd-97b2-dff48ecf796e,What happens just before I hold the scraper?,Staring at the wood surface.,"Just before holding the scraper, the person is seen holding a red-handled tool, likely a putty knife or a similar scraping tool, and is in the process of scraping off old paint or material from a wooden surface.",64,1
6baa36c1-e4d0-4dbd-97b2-dff48ecf796e,Did I smooth the surface with a planer before scraping it with a scraper?,Yes,"Yes, you first used a planer to smooth the surface before scraping it with a scraper.",64,1
6baa36c1-e4d0-4dbd-97b2-dff48ecf796e,Did I rub waste with my hand before climbing the ladder?,Yes,"Yes, you rubbed waste with your hand before climbing the ladder.",64,1
6baa36c1-e4d0-4dbd-97b2-dff48ecf796e,Did I climb the ladder before removing the unwanted cover from the surface?,Yes,"Yes, you climbed the ladder before removing the unwanted cover from the surface.",64,1
6baa36c1-e4d0-4dbd-97b2-dff48ecf796e,What is the setting depicted in the video clip?,It is an outdoor setting surrounding a window frame.,The setting depicted in the video clip is a garage or workshop area with various tools and items scattered around.,64,1
6baa36c1-e4d0-4dbd-97b2-dff48ecf796e,What is the state of the window frame in the scene?,The window frame is in the process of being scraped.,The window frame has peeling paint and is undergoing renovation.,64,1
6baa36c1-e4d0-4dbd-97b2-dff48ecf796e,Describe the immediate environment around the window frame.,There's discarded material on the ground near the window frame.,"The window frame is surrounded by a greenish wall, with a ladder leaning against it and a pile of debris on the ground.",64,1
6baa36c1-e4d0-4dbd-97b2-dff48ecf796e,What can be inferred about the surface condition in the scene?,"The surface likely needed maintenance, as it's being scraped.","The surface condition in the scene is rough and unfinished, with visible patches of bare wood and areas where the paint has been stripped off.",64,1
6baa36c1-e4d0-4dbd-97b2-dff48ecf796e,Are there any signs of ongoing construction or repair in the video?,"Yes, the scraping indicates repair or renovation work.","Yes, there are signs of ongoing construction or repair in the video, such as the presence of a ladder, a pile of debris, and the person's actions of scraping and smoothing the wall.",64,1
6baa36c1-e4d0-4dbd-97b2-dff48ecf796e,What action is the person performing in the new frames?,The person is scraping the surface of a window frame.,The person is scraping off the remaining paint from the window frame.,64,1
6baa36c1-e4d0-4dbd-97b2-dff48ecf796e,How is the person preparing the window frame?,By removing unwanted cover and rubbing the surface.,The person is scraping off the old paint from the window frame using a putty knife.,64,1
6baa36c1-e4d0-4dbd-97b2-dff48ecf796e,What maintenance task can be seen happening around a window?,Scraping off old paint or material from the window frame.,The maintenance task happening around the window is scraping off old paint from the window frame.,64,1
6baa36c1-e4d0-4dbd-97b2-dff48ecf796e,Has the protective cover been removed from the window surface?,Yes.,"Yes, the protective cover has been removed from the window surface.",64,1
6baa36c1-e4d0-4dbd-97b2-dff48ecf796e,Is there any sign of the person completing the scraping action?,"No, the person is still holding the scraper.","Yes, there is a glimpse of the person's hand and arm, wearing a blue long-sleeve shirt and a watch, completing the scraping action.",64,1
6baa36c1-e4d0-4dbd-97b2-dff48ecf796e,Does the footage show a fully renovated window frame?,"No, the window is still being worked on.","No, the footage shows a partially renovated window frame with some areas still showing peeling paint.",64,1
6baa36c1-e4d0-4dbd-97b2-dff48ecf796e,Did the person in the video fully rub the surface?,"No, only part of the surface has been rubbed.","Yes, the person in the video fully rubbed the surface, as indicated by the video showing the person's hands rubbing the surface thoroughly.",64,1
6baa36c1-e4d0-4dbd-97b2-dff48ecf796e,Has all the discarded material been cleared from the ground?,"No, the material is still on the ground.","No, the ground around the window shows scattered pieces of the removed material.",64,1
6baa36c1-e4d0-4dbd-97b2-dff48ecf796e,"In the video, does staring at the wood surface occur before removing the unwanted cover?",No,"Yes, staring at the wood surface occurs before removing the unwanted cover.",64,1
6baa36c1-e4d0-4dbd-97b2-dff48ecf796e,Is the wood surface rubbed after removing the unwanted cover?,Yes,"Yes, the wood surface is rubbed after removing the unwanted cover.",64,1
6baa36c1-e4d0-4dbd-97b2-dff48ecf796e,"In the video, does holding the scraper happen before rubbing the surface?",Yes,"Yes, holding the scraper happens before rubbing the surface.",64,1
6baa36c1-e4d0-4dbd-97b2-dff48ecf796e,What happens just before rubbing the wood surface in the video?,Removing unwanted cover,"Just before rubbing the wood surface, the person is seen holding a red-handled sanding tool and a black sanding block, preparing to smooth out the rough edges of the wood.",64,1
6baa36c1-e4d0-4dbd-97b2-dff48ecf796e,What happens just before removing the unwanted cover in the video?,Staring at the wood surface.,"Just before removing the unwanted cover, the person is seen holding a red-handled tool, possibly a scraper or a putty knife, and is about to scrape off the remaining white paint or plaster from the window frame.",64,1
6baa36c1-e4d0-4dbd-97b2-dff48ecf796e,Did rubbing the surface happen before staring at the wood surface?,No,"No, rubbing the surface happened after staring at the wood surface.",64,1
6baa36c1-e4d0-4dbd-97b2-dff48ecf796e,Was the ladder climbed before removing the unwanted cover?,Yes,"Yes, the ladder was climbed before removing the unwanted cover.",64,1
6baa36c1-e4d0-4dbd-97b2-dff48ecf796e,Was the unwanted cover removed after rubbing waste with hand?,Yes,"Yes, the unwanted cover was removed after rubbing waste with hand.",64,1
6baa36c1-e4d0-4dbd-97b2-dff48ecf796e,Did staring at the wood surface happen before holding the scraper?,No,"Yes, staring at the wood surface happened before holding the scraper.",64,1
6baa36c1-e4d0-4dbd-97b2-dff48ecf796e,What is done after staring at the wood surface?,Holding the scraper,"After staring at the wood surface, the person uses a red-handled putty knife to scrape off the remaining paint.",64,1
6baa36c1-e4d0-4dbd-97b2-dff48ecf796e,What is the overall setting of the video clip?,"Outside, near a building with unwanted cover being removed.",The overall setting of the video clip is a garage or workshop area with a focus on a window frame where the person is scraping off old paint.,64,1
6baa36c1-e4d0-4dbd-97b2-dff48ecf796e,What's the main focus of the scene?,A person cleaning an area by a building.,"The main focus of the scene is the person's hands as they work on the wooden surface, using a tool to scrape off the old paint.",64,1
6baa36c1-e4d0-4dbd-97b2-dff48ecf796e,What kind of location is shown in the video?,An outdoor location by a building.,The video shows a garage or workshop area with various tools and items scattered around.,64,1
6baa36c1-e4d0-4dbd-97b2-dff48ecf796e,What task is being performed in the frames?,Scraping off unwanted cover from a surface.,"The frames depict a person engaged in the task of scraping off old paint from a wooden surface, likely as part of a home improvement or renovation project.",64,1
6baa36c1-e4d0-4dbd-97b2-dff48ecf796e,Can you detail the activity taking place?,A person removing a covering layer from a window.,"The video begins with a view of a garage or workshop area, featuring a variety of tools and items scattered around. There are bicycles leaning against the wall, a workbench, and a pegboard with various tools hanging on it. The floor is covered with leaves and debris, indicating an outdoor or semi-outdoor setting. The camera then pans to show a person's hand holding a red-handled tool, likely a scraper or putty knife, and scraping off old paint or plaster from a wooden surface. The person is wearing a blue long-sleeve shirt and a watch on their left wrist.The scene transitions to a close-up of the person's hands as they continue to scrape off the old material from the wooden surface. The background shows a window with a view of a residential area, and the person is focused on the task at hand. The camera then shifts to show the person's hands holding a red-handled tool, likely a scraper or putty knife, and scraping off old paint or plaster from a wooden surface. The person is wearing a blue long-sleeve shirt and a watch on their left wrist.The video continues with a close-up of the person's hands as they continue to scrape off the old material from the wooden surface. The background shows a",64,1
6baa36c1-e4d0-4dbd-97b2-dff48ecf796e,What is the immediate action captured?,A hand using a tool to clean a window.,"The immediate action captured is the person's hand holding a red-handled putty knife, scraping off the old paint from the window frame.",64,1
6baa36c1-e4d0-4dbd-97b2-dff48ecf796e,What is the implication of the depicted movement?,Preparation or cleaning of a building's exterior.,"The depicted movement implies that the person is actively engaged in the process of scraping off the old paint from the window frame, indicating a renovation or maintenance activity.",64,1
6baa36c1-e4d0-4dbd-97b2-dff48ecf796e,Did the camera wearer completely remove the unwanted cover?,No.,"Yes, the camera wearer completely removed the unwanted cover.",64,1
6baa36c1-e4d0-4dbd-97b2-dff48ecf796e,Did the video contain any interaction with another person?,"No, it only shows a person working alone.","Yes, the video shows a hand reaching out towards the camera, possibly indicating interaction with another person or the camera itself.",64,1
6baa36c1-e4d0-4dbd-97b2-dff48ecf796e,Does the frame convey the completion of the task?,"No, the task appears to be in progress.","No, the frame does not convey the completion of the task.",64,1
6baa36c1-e4d0-4dbd-97b2-dff48ecf796e,Did the rubbing of the surface happen before walking outside?,No,"Yes, the rubbing of the surface happened before walking outside.",64,1
6baa36c1-e4d0-4dbd-97b2-dff48ecf796e,Is the scraper held after removing unwanted cover from the surface?,Yes,Yes.,64,1
6baa36c1-e4d0-4dbd-97b2-dff48ecf796e,Does the unwanted cover get removed before the surface is rubbed?,Yes,"Yes, the unwanted cover is removed before the surface is rubbed.",64,1
6baa36c1-e4d0-4dbd-97b2-dff48ecf796e,Did walking outside occur before holding the scraper?,Yes,"No, walking outside occurred after holding the scraper.",64,1
6baa36c1-e4d0-4dbd-97b2-dff48ecf796e,What happens before the surface is rubbed?,Unwanted cover is removed.,"Before the surface is rubbed, the person is seen holding a red-handled tool, likely a sanding block, and preparing to smooth out the rough surface.",64,1
6baa36c1-e4d0-4dbd-97b2-dff48ecf796e,What occurs just before the scraper is held?,The surface is rubbed.,A hand wearing a watch appears to adjust or hold the scraper.,64,1
6baa36c1-e4d0-4dbd-97b2-dff48ecf796e,What takes place just before removing unwanted cover?,Being outside.,"Just before removing unwanted cover, the person is seen holding a red-handled tool, likely a scraper or putty knife, and is in the process of scraping off the old, peeling paint or plaster from the window frame.",64,1
6baa36c1-e4d0-4dbd-97b2-dff48ecf796e,What action occurs before the unwanted cover is removed a second time?,Holding the scraper.,"Before the unwanted cover is removed a second time, the person uses a red-handled putty knife to scrape off the remaining white paint from the window frame.",64,1
6baa36c1-e4d0-4dbd-97b2-dff48ecf796e,Did I stare at the wood surface before removing the unwanted cover?,No,"Yes, you stared at the wood surface before removing the unwanted cover.",64,1
6baa36c1-e4d0-4dbd-97b2-dff48ecf796e,Did I rub the surface after removing the unwanted cover?,Yes,"Yes, after removing the unwanted cover, the person rubbed the surface to smooth it out.",64,1
6baa36c1-e4d0-4dbd-97b2-dff48ecf796e,Did I remove the unwanted cover before walking outside?,Yes,"Yes, you removed the unwanted cover before walking outside.",64,1
6baa36c1-e4d0-4dbd-97b2-dff48ecf796e,What happened before I held the scraper?,Removed unwanted cover and stared at the surface,"Before holding the scraper, the person was scraping off the old paint from the window frame.",64,1
6baa36c1-e4d0-4dbd-97b2-dff48ecf796e,What occurred just before walking outside?,Removed the unwanted cover,The person was scraping off the old paint from the window frame.,64,1
6baa36c1-e4d0-4dbd-97b2-dff48ecf796e,What takes place right before removing the unwanted cover?,"Nothing, it's the initial action","Right before removing the unwanted cover, the person is seen holding a red-handled tool, possibly a scraper or a putty knife, and is in the process of scraping off the old, peeling paint or plaster from the window frame.",64,1
6baa36c1-e4d0-4dbd-97b2-dff48ecf796e,What action occurred immediately before rubbing the surface?,Removed unwanted cover,The action that occurred immediately before rubbing the surface was scraping off the old paint with a putty knife.,64,1
e58207f1-84ec-424b-a997-ff64a57eb13b,What is the setting of the video clip?,The setting is inside a house.,"The setting of the video clip is a modern office or workspace with large windows, a couch, a lamp, and a whiteboard.",64,1
e58207f1-84ec-424b-a997-ff64a57eb13b,What activity occurs in the scene?,Walking around and checking items.,"A person is seen walking through the room, passing by a whiteboard with the word ""Fuego"" written on it, and then sitting on a couch to read a book.",64,1
e58207f1-84ec-424b-a997-ff64a57eb13b,Are there multiple people in the video?,"Yes, two people are present.","Yes, there are multiple people in the video, including a person in a black hoodie and shorts, another person in a black jacket and white pants, and a person in a black hoodie and sunglasses.",64,1
e58207f1-84ec-424b-a997-ff64a57eb13b,Did I exit the house during the video?,No.,"No, the video does not show you exiting the house. It appears to be a continuous tour of the interior spaces of the house, with various rooms and areas being shown.",64,1
e58207f1-84ec-424b-a997-ff64a57eb13b,Did I ignore any rooms while checking?,No.,"It appears that you have not mentioned any specific rooms being ignored in your description. You've provided a detailed overview of various spaces, including what seems to be a living area, hallway, and possibly a bedroom or office area. If there were any rooms you did not mention, they would not be considered ignored, as you have not provided a complete list of all rooms.",64,1
e58207f1-84ec-424b-a997-ff64a57eb13b,Did the interaction with the other person seem hostile?,No.,no,64,1
e58207f1-84ec-424b-a997-ff64a57eb13b,Did I find anything unusual in the items?,The video does not indicate that.,"It seems like you've provided a series of images that appear to be taken from a video, possibly showcasing different rooms or areas within a building. The images are somewhat blurry and taken from various angles, which makes it difficult to identify specific items or determine if anything is unusual without more context.From what I can see, the images include various interior spaces with furniture, decor, and possibly some personal items. There are no clear indications of anything unusual in the items themselves, as they seem to be typical for a residential or office setting. However, without a clearer view or more information, it's challenging to provide a detailed analysis. If there's something specific you're curious about or would like to know more about, please let me know, and I'll do my best to assist you.",64,1
e58207f1-84ec-424b-a997-ff64a57eb13b,What setting is introduced in this video clip?,An interior of a house.,"The video introduces a modern office or workspace setting with large windows, a couch, and a lamp.",64,1
e58207f1-84ec-424b-a997-ff64a57eb13b,What objects are central to the scene in this video?,A magazine and a woman.,"The central objects in the scene are the couch, lamp, and the person wearing a black jacket.",64,1
e58207f1-84ec-424b-a997-ff64a57eb13b,Describe the layout of the room shown.,Room with large windows and modern lighting.,"The room is spacious with large windows allowing ample natural light. It features a modern design with a mix of neutral and vibrant colors. The floor is a combination of dark and light tones, and there are several pieces of furniture, including a sofa, chairs, and a coffee table. The walls are adorned with framed pictures and a large, colorful abstract painting. There is a lamp on a side table, and a potted plant adds a touch of greenery. The room also has a cozy corner with a small table and a chair, creating a comfortable reading or relaxation spot.",64,1
e58207f1-84ec-424b-a997-ff64a57eb13b,What activity dominates this scene?,Reading and interacting with another person.,"The activity that dominates this scene is the person walking through the room, as indicated by the repeated frames of the person walking and the consistent background.",64,1
e58207f1-84ec-424b-a997-ff64a57eb13b,What is the relationship between the primary elements in this scene?,They involve engagement with reading material and human interaction.,"The primary elements in this scene are the lamp, the couch, and the person. The lamp is positioned on the left side of the couch, providing light to the area. The person is seated on the couch, facing the lamp, and appears to be engaged in an activity that requires light, such as reading or working on a device. The relationship between these elements suggests a comfortable and functional living space where the person can relax and perform tasks.",64,1
e58207f1-84ec-424b-a997-ff64a57eb13b,What action am I performing in these frames?,Holding and looking at a magazine.,"In the frames provided, it appears that you are moving through a modern indoor space, possibly an office or a commercial building. You are seen walking past various pieces of furniture, such as sofas and chairs, and passing by decorative elements like plants and lamps. The environment is well-lit with natural light coming through large windows. You are also seen interacting with a magazine or brochure, flipping through its pages as you continue to walk. The sequence of frames suggests a casual, unhurried movement through the space.",64,1
e58207f1-84ec-424b-a997-ff64a57eb13b,What activity follows holding the magazine?,Looking at the magazine.,The person flips through the pages of the magazine.,64,1
e58207f1-84ec-424b-a997-ff64a57eb13b,Did I hold the magazine before walking around the house?,No,"Yes, you held the magazine before walking around the house.",64,1
e58207f1-84ec-424b-a997-ff64a57eb13b,Did I look at the magazine before walking around with another person?,Yes,"No, you did not look at the magazine before walking around with another person.",64,1
e58207f1-84ec-424b-a997-ff64a57eb13b,Was the magazine held after checking on items in the house?,No,"Yes, the magazine was held after checking on items in the house.",64,1
e58207f1-84ec-424b-a997-ff64a57eb13b,What do I do just before interacting with the woman?,Holding the magazine,"Just before interacting with the woman, you are seen walking through a modern office space with large windows, a glass wall, and various office furniture. You pass by a desk with a computer and a lamp, and then you enter a room with a glass door. Inside the room, there is a person sitting on a couch, and you approach them.",64,1
e58207f1-84ec-424b-a997-ff64a57eb13b,What action is performed just before I check on items?,Walking around the house,"The action performed just before ""I check on items"" is ""I walk towards the door.""",64,1
e58207f1-84ec-424b-a997-ff64a57eb13b,What happens right before I hold the magazine?,Walking with another person,"Right before holding the magazine, the person is seen sitting on a couch in a well-lit room with large windows, holding a magazine with a cover image of a person and the text ""Upgrade Your Hair Color with These Tools."" The person is wearing a black jacket and has a lanyard around their neck. The room has a modern aesthetic with a glass coffee table, a lamp, and a large window that offers a view of greenery outside. The person appears to be in a relaxed posture, possibly reading or about to read the magazine.",64,1
e58207f1-84ec-424b-a997-ff64a57eb13b,What is done immediately before walking around the house?,Being inside the house,"Before walking around the house, the person is seen sitting on a couch, holding a magazine, and then standing up to walk around the house.",64,1
e58207f1-84ec-424b-a997-ff64a57eb13b,What does the environment indicate about the video's setting?,"The video is set in a modern, well-lit living space.","The environment indicates a modern, well-lit interior space, possibly an office or a lounge area, with a mix of natural and artificial lighting, and a variety of furniture and decor elements.",64,1
e58207f1-84ec-424b-a997-ff64a57eb13b,What activity is being undertaken in the living area?,Reading and interacting with another person.,The person is flipping through a magazine.,64,1
e58207f1-84ec-424b-a997-ff64a57eb13b,Describe the indoor setting captured in the video.,"A living room with a TV unit, books, and seating areas.","The video showcases a modern, well-lit indoor space with large windows allowing natural light to flood the room. The room is furnished with comfortable seating options, including sofas and chairs, and features a glass coffee table with a magazine on it. The decor includes a mix of contemporary and minimalist elements, with a large abstract wall art piece adding a pop of color to the otherwise neutral palette. The space is clean and organized, with a few decorative items like potted plants and a vase adding a touch of warmth. The floor is a mix of carpeted and tiled areas, and the ceiling has exposed ductwork, contributing to the modern aesthetic.",64,1
e58207f1-84ec-424b-a997-ff64a57eb13b,What items in the room indicate leisure activities?,A television and books suggest leisure or relaxation.,The presence of a magazine on the coffee table and a person reading it indicates leisure activities.,64,1
e58207f1-84ec-424b-a997-ff64a57eb13b,What furnishings can be observed in the video scene?,"A TV stand, shelves, and magazines can be seen.","The video scene includes a beige sofa, a white floor lamp, a white rug, a white coffee table, a white chair, a white couch, a white lamp, a white pillow, a white pillow, a white pillow, a white pillow, a white pillow, a white pillow, a white pillow, a white pillow, a white pillow, a white pillow, a white pillow, a white pillow, a white pillow, a white pillow, a white pillow, a white pillow, a white pillow, a white pillow, a white pillow, a white pillow, a white pillow, a white pillow, a white pillow, a white pillow, a white pillow, a white pillow, a white pillow, a white pillow, a white pillow, a white pillow, a white pillow, a white pillow, a white pillow, a white pillow, a white pillow, a white pillow, a white pillow, a white pillow, a white pillow, a white pillow, a white pillow, a white pillow, a white pillow, a white pillow, a white pillow, a white pillow, a white pillow, a white pillow, a white pillow, a white pillow, a white pillow, a white pillow, a white pillow, a white pillow, a white pillow, a white",64,1
e58207f1-84ec-424b-a997-ff64a57eb13b,What actions are performed by the individual regarding the books?,The individual is turning the pages and reading a book.,"The individual is seen flipping through the pages of a magazine and a book, and at one point, they are holding a book with a cover that reads ""JLO TURNS 50.""",64,1
e58207f1-84ec-424b-a997-ff64a57eb13b,How does the person engage with the media in the room?,The person seems to ignore the TV and focuses on the book.,The person engages with the media by flipping through a magazine and reading it.,64,1
e58207f1-84ec-424b-a997-ff64a57eb13b,Did the person read a book in the video?,Yes.,"Yes, the person in the video is seen reading a magazine.",64,1
e58207f1-84ec-424b-a997-ff64a57eb13b,Did the individual change the page of the book at least once?,Yes.,"Yes, the individual turned the page of the book at least once.",64,1
e58207f1-84ec-424b-a997-ff64a57eb13b,Did the person have an interaction with someone in the room?,Yes.,"Yes, the person interacts with someone in the room by handing them a magazine.",64,1
e58207f1-84ec-424b-a997-ff64a57eb13b,"In the video, is the magazine held before turning book pages?",Yes.,"Yes, the magazine is held before turning book pages.",64,1
e58207f1-84ec-424b-a997-ff64a57eb13b,Is the book read after interacting with a woman?,No.,"No, the book is read after the woman leaves the frame.",64,1
e58207f1-84ec-424b-a997-ff64a57eb13b,"In the video, does looking around occur before holding the magazine?",No.,"Yes, looking around occurs before holding the magazine.",64,1
e58207f1-84ec-424b-a997-ff64a57eb13b,What is done just before interacting with a woman?,Looking at the magazine.,"Just before interacting with a woman, the person is seen holding a magazine and flipping through its pages.",64,1
e58207f1-84ec-424b-a997-ff64a57eb13b,What occurs just before turning book pages?,Looking around.,"Just before turning book pages, the person is seen holding a magazine with the headline ""JLO TURNS 50"" and flipping through its pages.",64,1
e58207f1-84ec-424b-a997-ff64a57eb13b,What is performed just before reading a book?,Turning book pages.,The person is seen adjusting their position on the couch and picking up a magazine to read.,64,1
e58207f1-84ec-424b-a997-ff64a57eb13b,"In the video sequence, what is done before interacting with a different woman?",Reading a book.,"Before interacting with a different woman, the person in the video sequence is seen reading a magazine.",64,1
e58207f1-84ec-424b-a997-ff64a57eb13b,Did I walk around the house before holding the magazine?,Yes.,"Yes, you walked around the house before holding the magazine.",64,1
e58207f1-84ec-424b-a997-ff64a57eb13b,Was the magazine held before reading a book?,Yes.,"No, the magazine was held before reading a magazine.",64,1
e58207f1-84ec-424b-a997-ff64a57eb13b,Did reading a book happen before walking around the house?,No.,"No, reading a book did not happen before walking around the house. The video shows the person walking around the house before picking up a book.",64,1
e58207f1-84ec-424b-a997-ff64a57eb13b,What occurs just before reading a book?,Turn book pages.,"Just before reading a book, the person is seen sitting on a couch, holding a magazine, and flipping through its pages.",64,1
e58207f1-84ec-424b-a997-ff64a57eb13b,What action takes place before walking around the house?,No preceding action mentioned.,"Before walking around the house, the person is seen sitting on a couch, holding a magazine, and looking at it.",64,1
e58207f1-84ec-424b-a997-ff64a57eb13b,What is the location setting in this video clip?,Inside a house.,"The location setting in this video clip is a modern, well-lit interior space with large windows, a glass wall, and a mix of furniture including sofas, chairs, and a glass coffee table. The decor includes a lamp, a vase with flowers, and a magazine on the table. The room has a contemporary feel with a neutral color palette and natural light coming in from the windows.",64,1
e58207f1-84ec-424b-a997-ff64a57eb13b,Describe the atmosphere of the scene.,"A casual, indoor environment.","The scene is set in a modern, well-lit room with large windows that allow ample natural light to fill the space. The room features a mix of contemporary and minimalist design elements, with a combination of neutral and vibrant colors. The furniture includes a comfortable-looking sofa, a glass coffee table, and a few decorative items such as plants and books. The floor is a mix of carpeted and tiled areas, adding to the room's cozy yet stylish ambiance. The overall atmosphere is inviting and relaxed, with a touch of sophistication.",64,1
e58207f1-84ec-424b-a997-ff64a57eb13b,What is the relationship between the participants in the video?,They appear to be acquaintances.,The video does not provide information about the relationship between the participants.,64,1
e58207f1-84ec-424b-a997-ff64a57eb13b,Did the characters engage in any recreational activity?,"Yes, they read magazines.","Yes, the characters engaged in recreational activities such as reading a magazine and using a coffee maker.",64,1
e58207f1-84ec-424b-a997-ff64a57eb13b,Did the characters sit down for a formal meeting?,No.,"No, the characters did not sit down for a formal meeting. The video shows a casual setting with people sitting on couches and chairs, and one person reading a magazine.",64,1
e58207f1-84ec-424b-a997-ff64a57eb13b,Are the characters in the video clip outdoors?,No.,"No, the characters in the video clip are indoors.",64,1
e58207f1-84ec-424b-a997-ff64a57eb13b,Is there any sign of an argument happening in the video?,No.,"No, there is no sign of an argument happening in the video. The video shows a person walking through a room, interacting with a magazine, and then walking out of the frame. The environment appears to be a casual, indoor setting with no indication of conflict or distress.",64,1
e58207f1-84ec-424b-a997-ff64a57eb13b,Did the characters watch television in the clip?,No.,"No, the characters did not watch television in the clip.",64,1
e58207f1-84ec-424b-a997-ff64a57eb13b,Is there any physical activity performed by the characters?,No.,"No, there is no physical activity performed by the characters in the video.",64,1
e58207f1-84ec-424b-a997-ff64a57eb13b,Does reading a book happen before talking to the woman?,Yes.,"No, reading a book happens after talking to the woman.",64,1
e58207f1-84ec-424b-a997-ff64a57eb13b,Is looking around done before turning book pages?,Yes.,"Yes, looking around is done before turning book pages.",64,1
e58207f1-84ec-424b-a997-ff64a57eb13b,What occurs just before reading the magazines?,Talking to each other.,The person is seen holding a magazine and flipping through its pages.,64,1
e58207f1-84ec-424b-a997-ff64a57eb13b,What takes place immediately before looking around?,Turning book pages.,A person is seen walking through a hallway with a magazine in hand.,64,1
e58207f1-84ec-424b-a997-ff64a57eb13b,What action is performed just before talking to each other?,Looking around.,"The person in the black hoodie and shorts is seen sitting on the couch, holding a magazine, and flipping through its pages.",64,1
e58207f1-84ec-424b-a997-ff64a57eb13b,Did I look around before holding the magazine?,No.,"Yes, before holding the magazine, the person looked around the room, which appears to be a modern, well-lit space with a glass coffee table, a couch, and a television on a stand. There are also some decorative items and a potted plant visible in the room.",64,1
e58207f1-84ec-424b-a997-ff64a57eb13b,What activities were performed in the room?,Reading a magazine and making coffee.,"The video shows a person sitting on a couch, flipping through a magazine, and later standing up to look out the window. The room is well-lit with natural light, and there are various pieces of furniture such as a couch, a coffee table, and a lamp. The person appears to be engaged in a relaxed activity, possibly reading or browsing through the magazine.",64,1
e58207f1-84ec-424b-a997-ff64a57eb13b,Describe the environment where the actions occurred.,"A room with a seated person, magazine, and phone.","The video takes place in a modern, well-lit office or commercial space with large windows allowing ample natural light. The environment is characterized by a combination of industrial and contemporary design elements, including exposed ductwork on the ceiling, sleek furniture, and minimalist decor. The color palette is neutral, with whites, grays, and blacks dominating the space, creating a clean and professional atmosphere. The office features a mix of seating options, such as sofas and chairs, arranged to facilitate collaboration and comfort. There are also decorative elements like potted plants and framed artwork, adding a touch of warmth and personality to the space. The floor is a polished concrete, reflecting the light and enhancing the spacious feel of the room. The office is equipped with modern amenities, including a television mounted on the wall and a glass partition that offers a view of the outdoor area. The overall impression is of a dynamic, professional environment designed to foster productivity and creativity.",64,1
e58207f1-84ec-424b-a997-ff64a57eb13b,What devices were used in the scenario?,A magazine and a phone.,"The video shows a person using a smartphone, a tablet, and a laptop.",64,1
e58207f1-84ec-424b-a997-ff64a57eb13b,What was the person doing with the magazine?,The person was reading the magazine.,The person was flipping through the pages of the magazine.,64,1
e58207f1-84ec-424b-a997-ff64a57eb13b,What activity followed reading the magazine?,The person operated the phone.,Making coffee,64,1
e58207f1-84ec-424b-a997-ff64a57eb13b,Did the person remain seated throughout?,"No, they got up to make coffee.","No, the person was not seated throughout the video. They were seen standing, walking, and sitting in different areas of the room.",64,1
e58207f1-84ec-424b-a997-ff64a57eb13b,Did the person leave the room?,"No, the actions happened in the room.","Yes, the person left the room and is seen walking away from the camera towards the end of the video.",64,1
e58207f1-84ec-424b-a997-ff64a57eb13b,Did the person use a laptop?,"No, the person used a phone.","No, the person did not use a laptop. The video shows them interacting with a magazine and a coffee maker, but there is no indication of using a laptop.",64,1
e58207f1-84ec-424b-a997-ff64a57eb13b,Did I talk to the woman before reading the magazine?,Yes,"The video does not provide information about whether you talked to the woman before reading the magazine. The scenes show you sitting on a couch, looking at a magazine, and then standing up to walk away.",64,1
e58207f1-84ec-424b-a997-ff64a57eb13b,Did I read the magazine before making coffee?,Yes,"The video shows a person sitting on a couch, flipping through a magazine, and then moving towards a coffee maker to make coffee. It does not explicitly state whether the person read the magazine before making coffee, but it does show them engaging with the magazine while sitting on the couch before they proceed to make coffee.",64,1
e58207f1-84ec-424b-a997-ff64a57eb13b,Did I operate the phone before talking to the woman?,No,The video does not provide information about whether you operated the phone before talking to the woman.,64,1
e58207f1-84ec-424b-a997-ff64a57eb13b,Did I make coffee before sitting in the room?,No,"Yes, you made coffee before sitting in the room.",64,1
e58207f1-84ec-424b-a997-ff64a57eb13b,Did I make coffee before reading a magazine?,No,"The video does not provide clear evidence of you making coffee before reading a magazine. It shows you sitting on a couch with a magazine in front of you, but it does not show any coffee-making process.",64,1
e58207f1-84ec-424b-a997-ff64a57eb13b,Did I interact with the woman before reading the book?,Yes,"No, you did not interact with the woman before reading the book. The video shows you sitting on a couch in a living room, looking at a magazine, and then the scene transitions to you standing up and walking towards the camera, but there is no interaction with the woman mentioned in the provided video frames.",64,1
e58207f1-84ec-424b-a997-ff64a57eb13b,Was the magazine read before interacting with the woman?,No,"No, the magazine was not read before interacting with the woman.",64,1
e58207f1-84ec-424b-a997-ff64a57eb13b,Was the phone operated before making coffee?,Yes,The video does not provide information about whether the phone was operated before making coffee.,64,1
e58207f1-84ec-424b-a997-ff64a57eb13b,What occurs just before I make coffee?,Operate the phone,"The video shows a person sitting on a couch in a modern, well-lit room with large windows, looking at a magazine. The person then stands up and walks towards a kitchen area where a coffee maker is placed on a countertop. They open the cabinet above the coffee maker and retrieve a box of coffee. The person then opens the box and takes out a coffee pod, placing it into the coffee maker. They turn on the coffee maker and wait for the coffee to brew. The scene transitions to the person holding a magazine with a cover that reads ""REMOVES MAKEUP"" and ""IMPROVES SKIN,"" suggesting they might be reading it while waiting for the coffee. The video concludes with the person sitting on the couch again, this time with a bowl of snacks on their lap, and the camera angle shifts to show a view of the kitchen and living area, including a refrigerator stocked with various items and a bowl of fruit on the counter.",64,1
e58207f1-84ec-424b-a997-ff64a57eb13b,What do I do before reading the magazine?,Talk to the woman,"Before reading the magazine, you would typically sit down in a comfortable position, perhaps on the couch or chair provided in the room. You might also place a drink or snack on the coffee table for convenience while you read. Make sure you have a good light source, either natural light from the windows or artificial light from the lamps, to ensure the text is easily readable.",64,1
e58207f1-84ec-424b-a997-ff64a57eb13b,What is done just before looking around?,Turn book pages,Looking at a magazine,64,1
e58207f1-84ec-424b-a997-ff64a57eb13b,What action takes place before reading the book?,Look around,"Before reading the book, the person is seen holding a magazine and flipping through its pages.",64,1
e58207f1-84ec-424b-a997-ff64a57eb13b,Describe the setting where the activity is taking place.,The activity is in an indoor room with modern furnishings.,"The activity is taking place in a modern, well-lit room with large windows, a glass coffee table, and a comfortable couch. The room has a cozy and inviting atmosphere, with a mix of natural and artificial lighting.",64,1
e58207f1-84ec-424b-a997-ff64a57eb13b,Identify the furniture used by the individuals in the clip.,Chairs are used for seating during the card game.,"The individuals in the clip are seen using various pieces of furniture, including sofas, chairs, and tables. They are also seen interacting with items such as magazines, a remote control, and a bowl.",64,1
e58207f1-84ec-424b-a997-ff64a57eb13b,Did the individual participate in a recreational game?,Yes.,"Yes, the individual participated in a recreational game, as indicated by the presence of a board game on the table.",64,1
e58207f1-84ec-424b-a997-ff64a57eb13b,Was there any interaction with another person during the game?,Yes.,"Yes, there was a brief interaction with another person who entered the frame while the game was in progress.",64,1
e58207f1-84ec-424b-a997-ff64a57eb13b,Does the setting include contemporary room decor?,Yes.,Yes.,64,1
e58207f1-84ec-424b-a997-ff64a57eb13b,Name one activity that is clearly not happening in this scene.,Cooking food is clearly not happening in this scene.,"Based on the video, one activity that is clearly not happening in this scene is a game of Jenga, as the Jenga box is visible on the table but there are no pieces being moved or removed from the tower.",64,1
e58207f1-84ec-424b-a997-ff64a57eb13b,What parallel activity accompanies the main action in this clip?,A discussion with another person accompanies the main action.,The parallel activity accompanying the main action is the person flipping through a magazine while seated on the couch.,64,1
e58207f1-84ec-424b-a997-ff64a57eb13b,Is there a creative or construction-related task shown?,"Yes, arranging wooden bricks can be considered a construction-related task.","No, there is no creative or construction-related task shown in the video.",64,1
e58207f1-84ec-424b-a997-ff64a57eb13b,Does the video show any form of artistic painting?,No.,"No, the video does not show any form of artistic painting. It focuses on showcasing the interior of a modern office space and the activities of the individuals within it.",64,1
e58207f1-84ec-424b-a997-ff64a57eb13b,Is there a solo performance happening in the video?,No.,"No, there is no solo performance happening in the video. The video features a person in a black hoodie and sunglasses interacting with a magazine, a person in a black shirt and shorts sitting on a couch, and a person in a black hoodie and sunglasses sitting on a couch. There are also scenes of a person in a black shirt and shorts sitting on a couch, a person in a black hoodie and sunglasses sitting on a couch, and a person in a black hoodie and sunglasses sitting on a couch.",64,1
e58207f1-84ec-424b-a997-ff64a57eb13b,Did I interact with Lady A after I sat on the chair?,Yes.,"No, you did not interact with Lady A after sitting on the chair. The video shows you sitting on the chair and then the scene transitions to a different setting where you are seen sitting on a couch with a magazine and a cup in front of you.",64,1
e58207f1-84ec-424b-a997-ff64a57eb13b,What happens just before I sit on the chair?,Entering the room.,"Just before sitting on the chair, the person is seen standing and holding a smartphone, and then they sit down on the chair.",64,1
e58207f1-84ec-424b-a997-ff64a57eb13b,What did I engage in right before sitting in a room?,I did not engage in anything; I was already seated.,"You were sitting in a room with a large window, a lamp, and a couch.",64,1
e58207f1-84ec-424b-a997-ff64a57eb13b,Where is this scene set?,In a room with another person.,"The scene is set in a modern office or workspace with large windows, a high ceiling with exposed ductwork, and a mix of seating areas with sofas and chairs.",64,1
e58207f1-84ec-424b-a997-ff64a57eb13b,What are the main elements present in this scenario?,A Jenga game and two individuals.,"The video showcases a modern, well-lit interior space with large windows allowing natural light to fill the room. The room features a mix of contemporary and minimalist design elements, including a glass coffee table, a comfortable sofa, and a variety of decorative items such as potted plants and framed artwork. The color palette is neutral, with whites, grays, and subtle pops of color from the decor. The person in the video is seen interacting with the environment, moving around the room, and engaging with the items on the table, such as a magazine or a book. The overall atmosphere is calm and inviting, with a focus on relaxation and leisure.",64,1
e58207f1-84ec-424b-a997-ff64a57eb13b,What can be observed on the table in the video?,A Jenga tower and blocks.,"The table has a magazine with the title ""JENGA"" and a box of Jenga blocks.",64,1
e58207f1-84ec-424b-a997-ff64a57eb13b,Who is actively participating in the game shown in the video?,The person in the frame and another woman.,The person in the black hoodie with the green lanyard is actively participating in the game shown in the video.,64,1
e58207f1-84ec-424b-a997-ff64a57eb13b,How is the game of Jenga progressing in the clip?,Blocks are being stacked atop the tower.,"The game of Jenga is progressing with the person actively participating by removing and placing blocks, and the stack is visibly tall and precarious.",64,1
e58207f1-84ec-424b-a997-ff64a57eb13b,What is the consequence of the actions performed with the Jenga blocks?,The Jenga tower is becoming taller.,"The consequence of the actions performed with the Jenga blocks is that the stack collapses, indicating that the person has made a mistake or lost their balance while playing.",64,1
e58207f1-84ec-424b-a997-ff64a57eb13b,What action precedes placing a block atop the Jenga tower?,Removing a block from the Jenga tower.,The action that precedes placing a block atop the Jenga tower is picking up a block from the box.,64,1
e58207f1-84ec-424b-a997-ff64a57eb13b,Does the video show a Jenga tower on a glass table?,Yes.,Yes.,64,1
e58207f1-84ec-424b-a997-ff64a57eb13b,Are the Jenga blocks being carefully handled?,Yes.,"Yes, the Jenga blocks are being carefully handled.",64,1
e58207f1-84ec-424b-a997-ff64a57eb13b,Is the Jenga tower intact at this moment in the video?,Yes.,"Yes, the Jenga tower is intact at this moment in the video.",64,1
e58207f1-84ec-424b-a997-ff64a57eb13b,What action occurred just before placing the blocks atop the Jenga tower?,Took Jenga blocks from the tower,"Just before placing the blocks atop the Jenga tower, the person was seen holding a box of Jenga blocks.",64,1
e58207f1-84ec-424b-a997-ff64a57eb13b,What happened just before taking Jenga blocks from the tower?,Played game of Jenga,"The person was sitting on the couch, holding a smartphone, and looking at a magazine.",64,1
e58207f1-84ec-424b-a997-ff64a57eb13b,Did I arrange wooden bricks before playing a card game?,No,"The video does not show you arranging wooden bricks before playing a card game. It does show you sitting on a couch with a deck of cards in hand, suggesting you are about to play a card game.",64,1
e58207f1-84ec-424b-a997-ff64a57eb13b,Did I sit on a chair before talking to a lady?,Yes,"No, you did not sit on a chair before talking to a lady. The sequence of events in the video does not include sitting on a chair before engaging with someone.",64,1
e58207f1-84ec-424b-a997-ff64a57eb13b,What activities are occurring inside the house?,Two individuals are playing Jenga.,"The video shows a person sitting on a couch, reading a magazine, and another person walking through the house. There is also a person sitting on a couch with a stack of magazines in front of them, and another person sitting on a couch with a stack of magazines and a bowl of snacks.",64,1
e58207f1-84ec-424b-a997-ff64a57eb13b,What is on the table between the participants?,A Jenga tower is on the table.,There is a glass coffee table between the participants.,64,1
e58207f1-84ec-424b-a997-ff64a57eb13b,How are the participants utilizing the wooden blocks?,They are carefully pulling blocks from the Jenga tower.,The participants are utilizing the wooden blocks to play a game of Jenga.,64,1
e58207f1-84ec-424b-a997-ff64a57eb13b,Is the Jenga tower still standing?,Yes.,"Yes, the Jenga tower is still standing.",64,1
e58207f1-84ec-424b-a997-ff64a57eb13b,Has a Jenga block just been successfully moved?,Yes.,"The video shows a person sitting on a couch with a Jenga game in front of them. The game board is visible, and there are several Jenga blocks on it. The person appears to be in the process of playing the game, as indicated by their hand reaching towards the game board. However, the video does not provide a clear indication of whether a Jenga block has just been successfully moved or not. The focus is on the person's actions and the game itself, but the outcome of the specific move is not shown.",64,1
e58207f1-84ec-424b-a997-ff64a57eb13b,Are the participants seated during the game?,Yes.,"Yes, the participants are seated during the game.",64,1
e58207f1-84ec-424b-a997-ff64a57eb13b,Is there a game being played on the floor?,No.,Yes.,64,1
e58207f1-84ec-424b-a997-ff64a57eb13b,Does the frame display a competitive match in progress?,Yes.,"No, the frame does not display a competitive match in progress.",64,1
e58207f1-84ec-424b-a997-ff64a57eb13b,Did I sit on the chairs before playing Jenga?,Yes.,The video does not show you sitting on the chairs before playing Jenga. It shows you sitting on a couch and then on a chair while playing Jenga.,64,1
e58207f1-84ec-424b-a997-ff64a57eb13b,Did I take Jenga blocks from the tower before adding to its top?,Yes.,"The video shows a person sitting on a couch with a Jenga game in front of them. The game appears to be in progress, with some blocks already removed from the tower. The person is seen reaching for a block from the top of the tower, suggesting they are in the process of adding to the tower rather than removing blocks from the top.",64,1
e58207f1-84ec-424b-a997-ff64a57eb13b,Did the Jenga game happen before relaxing on the chairs?,No.,"Yes, the Jenga game happened before the person relaxed on the chairs.",64,1
e58207f1-84ec-424b-a997-ff64a57eb13b,Was placing blocks atop the Jenga tower before taking blocks from it?,No.,The video shows a person placing blocks atop the Jenga tower before taking blocks from it.,64,1
e58207f1-84ec-424b-a997-ff64a57eb13b,What occurs just before placing the blocks atop the Jenga tower?,Taking Jenga blocks from the tower.,"Just before placing the blocks atop the Jenga tower, the person is seen holding a smartphone and a box of crackers.",64,1
e58207f1-84ec-424b-a997-ff64a57eb13b,What happens just before sitting on the chairs to play?,Entering the room.,"Just before sitting on the chairs to play, the person is seen holding a box of crackers.",64,1
e58207f1-84ec-424b-a997-ff64a57eb13b,Did the game start before arranging wooden bricks on a block?,No,"No, the game did not start before arranging wooden bricks on a block.",64,1
e58207f1-84ec-424b-a997-ff64a57eb13b,What is the setting of the current video clip?,The setting is inside a house.,"The setting of the current video clip is a modern office or workspace with a high ceiling, exposed ductwork, and large windows that allow natural light to flood the space.",64,1
e58207f1-84ec-424b-a997-ff64a57eb13b,Describe the occupants in the house in the video.,"There are multiple individuals, both men and women.","The video features a person wearing a black jacket and a green lanyard, another person in a black hoodie and shorts, and a person in a black hoodie and white shorts.",64,1
e58207f1-84ec-424b-a997-ff64a57eb13b,What were the individuals doing with wood in the video?,They were arranging pieces of wood.,The individuals were playing a game of Jenga.,64,1
e58207f1-84ec-424b-a997-ff64a57eb13b,What type of interaction occurred among the individuals?,They interacted with each other.,"The video shows individuals interacting with each other in a casual and relaxed manner, with one person sitting on a couch and another person standing nearby. The environment suggests a social or communal space where people are engaged in conversation or leisure activities.",64,1
e58207f1-84ec-424b-a997-ff64a57eb13b,Are the people stationary or moving about in the clip?,They are moving about the space.,"The people are moving about in the clip, as indicated by the changing positions and actions of the individuals.",64,1
e58207f1-84ec-424b-a997-ff64a57eb13b,Is the Jenga game played before arranging wood pieces?,Yes.,"No, the Jenga game is not played before arranging wood pieces. The video shows the person arranging wood pieces on the table before playing the Jenga game.",64,1
e58207f1-84ec-424b-a997-ff64a57eb13b,Does sitting on chairs happen before interacting with each other?,Yes.,"Yes, sitting on chairs happens before interacting with each other.",64,1
e58207f1-84ec-424b-a997-ff64a57eb13b,Is the wood arrangement completed before the Jenga tower is built?,No.,"No, the wood arrangement is not completed before the Jenga tower is built.",64,1
e58207f1-84ec-424b-a997-ff64a57eb13b,What happens before arranging the wood pieces?,Playing Jenga.,"Before arranging the wood pieces, the person is seen holding a box of crackers and a bowl of snacks, suggesting they are preparing for a snack break or a casual gathering.",64,1
e58207f1-84ec-424b-a997-ff64a57eb13b,What takes place before the Jenga block is touched?,Sitting down.,"Before the Jenga block is touched, the person is seen sitting on the couch, holding a smartphone, and looking at a magazine.",64,1
e58207f1-84ec-424b-a997-ff64a57eb13b,Did the Jenga game occur before sitting on the chairs?,No.,"Yes, the Jenga game occurred before sitting on the chairs.",64,1
e58207f1-84ec-424b-a997-ff64a57eb13b,Was taking Jenga blocks from the tower after sitting on the chairs?,Yes.,The video shows a person sitting on a chair and then taking a Jenga block from the tower. The sequence of events suggests that the person was sitting on the chair before they started taking the Jenga block.,64,1
e58207f1-84ec-424b-a997-ff64a57eb13b,What happened just before placing blocks atop the Jenga tower?,Taking Jenga blocks from the tower.,"The person was seen holding a box of Jenga blocks, preparing to place them on the tower.",64,1
e58207f1-84ec-424b-a997-ff64a57eb13b,What happens before arranging the pieces of wood?,Playing the Jenga wooden blocks game.,"Before arranging the pieces of wood, the person is seen holding a box of Jenga, which is a game involving wooden blocks.",64,1
e58207f1-84ec-424b-a997-ff64a57eb13b,What is the setting of the video clip?,An office.,"The setting of the video clip is a modern office or workspace with large windows, a high ceiling with exposed ductwork, and a mix of seating options including sofas and chairs.",64,1
e58207f1-84ec-424b-a997-ff64a57eb13b,What activities are taking place in the clip?,Talking to a person and using a phone.,"The clip shows a person sitting on a couch, reading a magazine, and later interacting with a smartphone. The environment is a modern, well-lit room with large windows, a glass coffee table, and a comfortable seating area. The person is wearing a black jacket and has a green lanyard around their neck. The room has a cozy and relaxed atmosphere, with natural light coming in from the windows.",64,1
e58207f1-84ec-424b-a997-ff64a57eb13b,What is the primary action in the recent frames?,Engaging in a discussion and using the phone.,The primary action in the recent frames is the person playing with a Jenga game.,64,1
e58207f1-84ec-424b-a997-ff64a57eb13b,What technology is in use in the action?,A phone.,"The video shows a person using a smartphone, which is a piece of technology.",64,1
e58207f1-84ec-424b-a997-ff64a57eb13b,Is the person alone in the scene?,No.,"No, there are other people present in the scene, including a person in a black hoodie and another person in a white shirt.",64,1
e58207f1-84ec-424b-a997-ff64a57eb13b,Did I interact with others after being at the office?,Yes,"Yes, you interacted with others after being at the office. You were seen walking through a hallway, passing by a person who was seated, and then you entered a room where another person was seated. You also interacted with someone who was standing near a desk, and later, you were seen sitting on a couch in a different room, interacting with someone who was seated on a chair.",64,1
e58207f1-84ec-424b-a997-ff64a57eb13b,Did the office scene occur before the house activities?,Yes,"No, the office scene occurred after the house activities.",64,1
e58207f1-84ec-424b-a997-ff64a57eb13b,What happened right before I was at the office?,I was in the house,"It seems like you were at a different location before arriving at the office. The video shows a sequence of scenes that suggest you were at a different place, possibly a home or a different office, where you were engaged in activities such as reading a magazine, using a smartphone, and interacting with someone. The scenes include a cozy room with a couch, a coffee table, and a person sitting on the couch. There's also a view of a kitchen area with a refrigerator and a countertop. The video ends with a scene showing a person standing in a room with a television and a couch, suggesting a living room or a lounge area. The person appears to be interacting with someone off-camera, possibly engaging in a conversation or a shared activity.",64,1
e58207f1-84ec-424b-a997-ff64a57eb13b,Did I play Jenga before arranging pieces of wood?,Yes.,"The video does not provide information about whether you played Jenga before arranging pieces of wood. It only shows a person sitting on a couch with a Jenga game in front of them, suggesting they might be about to play or have just finished playing.",64,1
e58207f1-84ec-424b-a997-ff64a57eb13b,Did I use the phone before playing Jenga?,No.,"The video does not provide information about whether you used the phone before playing Jenga. It shows you sitting on a couch with a Jenga box in front of you, but it does not mention any phone usage.",64,1
e58207f1-84ec-424b-a997-ff64a57eb13b,Was I at the office before playing with the Jenga blocks?,Yes.,"Yes, you were at the office before playing with the Jenga blocks.",64,1
89a95cd8-ca13-4edf-807e-d62138fd30e0,Describe the environment displayed in the video clip.,The video depicts a kitchen scenario.,"The video takes place in a kitchen with a black countertop and white tiled walls. The kitchen is equipped with various appliances and utensils, including a stainless steel mixer grinder, a plastic container with a yellow lid, and a large plastic container with a floral design. There are also several bags of ingredients, such as a bag of lentils and a bag of flour, as well as a blue cutting board and a yellow container. The kitchen also features a window with a view of the outside. The video shows a person stirring a mixture in a bowl and then placing the bowl on the countertop. The person then reaches for a plastic container with a yellow lid and pours its contents into the bowl. The video concludes with the person stirring the mixture in the bowl.",64,1
89a95cd8-ca13-4edf-807e-d62138fd30e0,Identify the items being interacted with in the video clip.,Flour and onions are being used with water and a knife.,"In the video, the following items are being interacted with:1. A stainless steel container with a purple base.2. A large plastic container with a yellow lid, containing flour.3. A blue cutting board.4. A small blue cup.5. A large plastic container with a floral design, containing flour.6. A stainless steel container with a purple base.7. A white container with a yellow lid, containing utensils.8. A yellow container with a yellow lid, containing utensils.9. A white container with a yellow lid, containing utensils.10. A stainless steel container with a purple base.11. A large plastic container with a floral design, containing flour.12. A stainless steel container with a purple base.13. A large plastic container with a floral design, containing flour.14. A stainless steel container with a purple base.15. A large plastic container with a floral design, containing flour.16. A stainless steel container with a purple base.17. A large plastic container with a floral design, containing flour.18. A stainless steel container with a purple base.19. A large plastic container with a floral design, containing flour.20",64,1
89a95cd8-ca13-4edf-807e-d62138fd30e0,What's the main activity in the scene?,"The main activity is preparing ingredients, mixing and chopping.","The main activity in the scene is the preparation of ingredients for cooking, including pouring flour into a bowl and organizing kitchen utensils.",64,1
89a95cd8-ca13-4edf-807e-d62138fd30e0,What objects are present in the scene related to the activity?,"Container of flour, a knife, and mixed dough are noticeable.","The scene includes a pot of water, a container of flour, a blue cup, a purple container, a metal container, a white container with a yellow lid, a blue cutting board, a purple container, a white container with a yellow lid, a metal container, a white container with a yellow lid, a blue cutting board, a purple container, a white container with a yellow lid, a metal container, a white container with a yellow lid, a blue cutting board, a purple container, a white container with a yellow lid, a metal container, a white container with a yellow lid, a blue cutting board, a purple container, a white container with a yellow lid, a metal container, a white container with a yellow lid, a blue cutting board, a purple container, a white container with a yellow lid, a metal container, a white container with a yellow lid, a blue cutting board, a purple container, a white container with a yellow lid, a metal container, a white container with a yellow lid, a blue cutting board, a purple container, a white container with a yellow lid, a metal container, a white container with a yellow lid, a blue cutting board, a purple container, a white container with a yellow lid, a metal container",64,1
89a95cd8-ca13-4edf-807e-d62138fd30e0,Did the person use a knife on the onions?,Yes.,"Yes, the person used a knife on the onions.",64,1
89a95cd8-ca13-4edf-807e-d62138fd30e0,Was water added to the flour in the video?,Yes.,"Yes, water was added to the flour in the video.",64,1
89a95cd8-ca13-4edf-807e-d62138fd30e0,Did the preparation seem to be for baking?,"No, more likely for cooking.","Yes, the preparation seems to be for baking, as indicated by the use of flour and the presence of a cookbook.",64,1
89a95cd8-ca13-4edf-807e-d62138fd30e0,Describe the environment where the cooking is taking place.,The cooking is taking place in a kitchen.,"The cooking is taking place in a kitchen with a tiled wall, a window, and a black countertop. There are various kitchen utensils and containers on the counter, including a metal container, a plastic container with a yellow lid, and a bag of chickpeas. The stove has two pots on it, one with chickpeas and the other empty. The kitchen also has a sink, a microwave, and a refrigerator.",64,1
89a95cd8-ca13-4edf-807e-d62138fd30e0,What step is being performed with the pan?,Oil is being poured into the pan.,"The pan is being used to cook or heat something, as indicated by the hand pouring oil into it.",64,1
89a95cd8-ca13-4edf-807e-d62138fd30e0,Are there any other objects visible associated with cooking?,"Yes, there are kitchen utensils and containers.","Yes, there are other objects visible associated with cooking, such as a container of chickpeas, a blue cutting board, and a pink container.",64,1
89a95cd8-ca13-4edf-807e-d62138fd30e0,Are there any ingredients ready to be cooked?,"Yes, there are chopped ingredients on the cutting board.","Yes, there are ingredients ready to be cooked, including chickpeas and onions.",64,1
89a95cd8-ca13-4edf-807e-d62138fd30e0,What is implied by the action of pouring oil in the pan?,The person is preparing to cook or fry food.,The action of pouring oil in the pan implies that cooking is about to begin.,64,1
89a95cd8-ca13-4edf-807e-d62138fd30e0,What will likely happen next in the cooking process?,The food will be added to the heated oil for cooking.,"The next step in the cooking process will likely involve adding ingredients to the pot on the stove, as suggested by the presence of the pot with beans and the hand holding a container, possibly to add more ingredients or to stir the contents.",64,1
89a95cd8-ca13-4edf-807e-d62138fd30e0,Did the person start cooking as soon as the video began?,No.,"No, the person first organized the kitchen area before starting to cook.",64,1
89a95cd8-ca13-4edf-807e-d62138fd30e0,Has the person used any kitchen utensils yet?,Yes.,"Yes, the person has used kitchen utensils such as a spoon and a spatula.",64,1
89a95cd8-ca13-4edf-807e-d62138fd30e0,Is the person cooking unattended or seen in the frame?,"The person is unattended, not seen in the frame.","The person is seen in the frame, actively engaged in cooking.",64,1
89a95cd8-ca13-4edf-807e-d62138fd30e0,Has the heat been turned on under the pan yet?,No.,The video does not provide information about whether the heat has been turned on under the pan.,64,1
89a95cd8-ca13-4edf-807e-d62138fd30e0,"In the video, does mixing flour with water happen before cutting onions?",Yes.,"No, mixing flour with water happens after cutting onions.",64,1
89a95cd8-ca13-4edf-807e-d62138fd30e0,Is cooking the food shown before opening the door in the video?,Yes.,"No, the video does not show cooking the food before opening the door; it shows the food being cooked and then the door being opened.",64,1
89a95cd8-ca13-4edf-807e-d62138fd30e0,"In the video, does pouring oil in the pan occur after cutting onions?",Yes.,"Yes, pouring oil in the pan occurs after cutting onions.",64,1
89a95cd8-ca13-4edf-807e-d62138fd30e0,"In the video, is oil poured into the pan before cooking the food?",No.,"Yes, oil is poured into the pan before cooking the food.",64,1
89a95cd8-ca13-4edf-807e-d62138fd30e0,What is the setting of the video clip?,The setting is a kitchen.,The setting of the video clip is a kitchen.,64,1
89a95cd8-ca13-4edf-807e-d62138fd30e0,What tasks are being performed in the scene?,"Cooking food, cleaning the counter, rolling dough.","The scene shows a person washing dishes, cooking beans, and preparing a meal with vegetables.",64,1
89a95cd8-ca13-4edf-807e-d62138fd30e0,Can you caption the cleaning action in the clip?,Tidying up the kitchen counter.,"The clip shows a person cleaning the kitchen, starting with washing dishes in the sink, then wiping down the countertop and cabinets. The person is seen using a sponge and cleaning solution to scrub the surfaces. The kitchen appears to be well-equipped with various utensils and appliances, and the person is methodically cleaning each area, ensuring everything is spotless.",64,1
89a95cd8-ca13-4edf-807e-d62138fd30e0,How is the dough being prepared?,The dough is being rolled.,The dough is being prepared by mixing ingredients in a bowl and then kneading it on a countertop.,64,1
89a95cd8-ca13-4edf-807e-d62138fd30e0,Does the video show someone cooking?,Yes.,"Yes, the video shows someone cooking, as indicated by the person stirring a pot on the stove and adding ingredients like chopped vegetables and beans.",64,1
89a95cd8-ca13-4edf-807e-d62138fd30e0,Is the counter being cleaned in the video?,Yes.,Yes.,64,1
89a95cd8-ca13-4edf-807e-d62138fd30e0,Is there a scene of rolling dough in the video?,Yes.,Yes.,64,1
89a95cd8-ca13-4edf-807e-d62138fd30e0,Does rolling the dough happen before cleaning the counter?,No,"No, rolling the dough happens after cleaning the counter.",64,1
89a95cd8-ca13-4edf-807e-d62138fd30e0,Is the food cooked after I clean the counter?,Yes,"Yes, the food is cooked after the counter is cleaned.",64,1
89a95cd8-ca13-4edf-807e-d62138fd30e0,"Before the food is cooked, what do I do?",In the kitchen.,"Before the food is cooked, it is typically washed and prepared. In the video, we see a person washing beans under running water in a kitchen sink. The beans are then placed into a pot on the stove, which is a common step in preparing them for cooking. The person also handles a cutting board with chopped vegetables, indicating that they are preparing ingredients for cooking. The next step would likely involve chopping or mixing the vegetables, depending on the recipe being followed, and then cooking the beans and vegetables together or separately, depending on the dish being prepared.",64,1
89a95cd8-ca13-4edf-807e-d62138fd30e0,What occurs just before I clean the counter?,Cook food.,"The video shows a person stirring a pot on the stove, then moving away from the stove area.",64,1
89a95cd8-ca13-4edf-807e-d62138fd30e0,"In the video, what takes place right before rolling the dough?",Clean the counter.,"Right before rolling the dough, the video shows a hand holding a bowl of dough, indicating preparation for the next step in the cooking process.",64,1
89a95cd8-ca13-4edf-807e-d62138fd30e0,"In the video, does the mixing of flour with water happen before cutting the onions?",Yes,"No, the mixing of flour with water happens after the onions are cut.",64,1
89a95cd8-ca13-4edf-807e-d62138fd30e0,What is the setting of the video clip?,"Inside a house, in the kitchen.",The setting of the video clip is a kitchen.,64,1
89a95cd8-ca13-4edf-807e-d62138fd30e0,What activity is depicted in the scene?,Making dough for cooking.,"The scene depicts a person cooking, specifically preparing a meal involving chickpeas and vegetables.",64,1
89a95cd8-ca13-4edf-807e-d62138fd30e0,What tools are being utilized in the scene?,"Hands, rolling pin, flour container.","Various kitchen utensils and appliances are being utilized, including a pressure cooker, a metal pot, a colander, a blue container, a metal container, a blue cutting board, and a metal pan.",64,1
89a95cd8-ca13-4edf-807e-d62138fd30e0,Where specifically is the dough preparation taking place?,On a newspaper-covered surface.,The dough preparation is taking place on a tiled kitchen counter.,64,1
89a95cd8-ca13-4edf-807e-d62138fd30e0,What is the immediate environment around the dough-making area?,Nearby kitchen appliances and utensils.,"The immediate environment around the dough-making area includes a tiled wall with a window, a countertop with various kitchen items, and a stove with a pot of beans.",64,1
89a95cd8-ca13-4edf-807e-d62138fd30e0,What is the main action taking place in these frames?,The dough is being rolled out.,"The main action is the preparation of a meal, involving cooking beans and stirring a mixture in a pot.",64,1
89a95cd8-ca13-4edf-807e-d62138fd30e0,What action precedes the rolling of the dough?,Dipping the dough in flour.,The action of placing the dough on the blue cutting board precedes the rolling of the dough.,64,1
89a95cd8-ca13-4edf-807e-d62138fd30e0,How is the dough initially shaped?,It is shaped by hand.,The dough is initially shaped by hand.,64,1
89a95cd8-ca13-4edf-807e-d62138fd30e0,What is the purpose of the flour in the dough rolling process?,To prevent sticking to the rolling pin.,"The flour is used to coat the dough pieces, likely to prevent sticking during the rolling process.",64,1
89a95cd8-ca13-4edf-807e-d62138fd30e0,What may likely be the next step after rolling the dough?,Cutting or shaping the dough for cooking.,"The next step after rolling the dough is likely to be cutting it into smaller pieces or shapes, as the video shows the dough being rolled out and then cut into smaller pieces.",64,1
89a95cd8-ca13-4edf-807e-d62138fd30e0,Did the person use a rolling pin in the video?,Yes.,Yes.,64,1
89a95cd8-ca13-4edf-807e-d62138fd30e0,Did the dough-making happen on a bare countertop?,No.,"No, the dough-making happened on a countertop with a newspaper spread out on it.",64,1
89a95cd8-ca13-4edf-807e-d62138fd30e0,Was an electrical appliance used to roll the dough?,No.,Yes.,64,1
89a95cd8-ca13-4edf-807e-d62138fd30e0,Did the person complete the dough rolling in one try?,"Not specified, unclear.","No, the person rolled the dough multiple times, indicating a process of preparation.",64,1
89a95cd8-ca13-4edf-807e-d62138fd30e0,Is the flour container closed in the scene?,Yes.,"No, the flour container is open in the scene.",64,1
89a95cd8-ca13-4edf-807e-d62138fd30e0,"In the video, is the dough rolled with hands before it's dipped in flour?",Yes,"No, the dough is not rolled with hands before it's dipped in flour.",64,1
89a95cd8-ca13-4edf-807e-d62138fd30e0,Is the food cooked before the counter is cleaned?,Yes,Yes.,64,1
89a95cd8-ca13-4edf-807e-d62138fd30e0,Does the dough rolling with a rolling pin happen after hand rolling?,Yes,"Yes, the dough rolling with a rolling pin happens after hand rolling.",64,1
89a95cd8-ca13-4edf-807e-d62138fd30e0,Is the counter cleaned before the dough is rolled with hands?,Yes,Yes.,64,1
89a95cd8-ca13-4edf-807e-d62138fd30e0,"In the video, is the rolling pin used before the dough is dipped in flour?",Yes,"No, the rolling pin is not used before the dough is dipped in flour.",64,1
89a95cd8-ca13-4edf-807e-d62138fd30e0,What is done just before the dough is dipped in flour?,Roll dough with hands,"A hand is seen holding a bowl of chopped green vegetables, likely to be added to the dough.",64,1
89a95cd8-ca13-4edf-807e-d62138fd30e0,What action is performed before cleaning the counter?,Cook food,"Before cleaning the counter, the person covers the pot with a lid and places it on the stove.",64,1
89a95cd8-ca13-4edf-807e-d62138fd30e0,What activity happens before the dough is rolled with hands?,Nothing is specified before hand rolling,"Before the dough is rolled with hands, it is placed on a blue cutting board and flattened with a rolling pin.",64,1
89a95cd8-ca13-4edf-807e-d62138fd30e0,Was the counter cleaned after cooking food?,Yes,"Yes, the counter was cleaned after cooking food.",64,1
89a95cd8-ca13-4edf-807e-d62138fd30e0,Did I roll the dough before dipping it in flour?,No,The video does not show the dough being rolled before dipping it in flour. It only shows the dough being placed on a surface and then being dipped into a container of flour.,64,1
89a95cd8-ca13-4edf-807e-d62138fd30e0,Did I roll dough with hands before rolling it with a rolling pin?,Yes,The video does not show you rolling dough with hands before using a rolling pin. It only shows the use of a rolling pin to flatten the dough.,64,1
89a95cd8-ca13-4edf-807e-d62138fd30e0,What happens right before I dip the dough in flour?,Rolling the dough with hands,"Right before dipping the dough in flour, the video shows a hand holding a small container of flour, preparing to add it to the pot of beans on the stove.",64,1
89a95cd8-ca13-4edf-807e-d62138fd30e0,What action occurs just before I roll the dough with a rolling pin?,Dipping dough in flour,"Just before rolling the dough with a rolling pin, the dough is placed on a surface, likely a countertop or a table, and is prepared for rolling.",64,1
89a95cd8-ca13-4edf-807e-d62138fd30e0,What do I do just before pouring oil in the pan?,Open the door,"Just before pouring oil into the pan, you would typically heat the pan over the stove to a suitable temperature for cooking. This is often done by turning on the stove to a medium or high heat setting, depending on the recipe you are following. Once the pan is heated, you can then pour the oil into it, allowing it to spread evenly across the surface of the pan.",64,1
89a95cd8-ca13-4edf-807e-d62138fd30e0,What takes place immediately before I clean the counter?,Cook food,"The video shows a person stirring a pot on the stove, then moving away from the stove and towards the sink area.",64,1
89a95cd8-ca13-4edf-807e-d62138fd30e0,What location is shown in this video clip?,The kitchen.,The video clip shows a kitchen.,64,1
89a95cd8-ca13-4edf-807e-d62138fd30e0,What task is being performed in this scene?,Making dough.,The scene shows a person washing dishes in the kitchen.,64,1
89a95cd8-ca13-4edf-807e-d62138fd30e0,What is the setting of this clip?,A kitchen counter.,The setting of this clip is a kitchen.,64,1
89a95cd8-ca13-4edf-807e-d62138fd30e0,What cooking action is taking place?,Rolling dough with a roller.,"The cooking action involves stirring a mixture in a pot on the stove, adding ingredients like chopped vegetables and beans, and then mixing them together.",64,1
89a95cd8-ca13-4edf-807e-d62138fd30e0,Does the frame capture using a rolling pin?,Yes.,"Yes, the frame captures the use of a rolling pin.",64,1
89a95cd8-ca13-4edf-807e-d62138fd30e0,Is dough being prepared in this scene?,Yes.,"Yes, dough is being prepared in this scene.",64,1
89a95cd8-ca13-4edf-807e-d62138fd30e0,Are there ingredients visible on the kitchen counter?,Yes.,"Yes, there are ingredients visible on the kitchen counter, including a bowl of chopped green vegetables and a container of flour.",64,1
89a95cd8-ca13-4edf-807e-d62138fd30e0,"In the video, is the dough cut before it's rolled with hands?",No,"Yes, the dough is cut before it's rolled with hands.",64,1
89a95cd8-ca13-4edf-807e-d62138fd30e0,Does the dipping of dough in flour happen after using the rolling pin?,No,"Yes, the dipping of dough in flour happens after using the rolling pin.",64,1
89a95cd8-ca13-4edf-807e-d62138fd30e0,Does rolling the dough with hands happen before cutting the dough?,Yes,"Yes, rolling the dough with hands happens before cutting the dough.",64,1
89a95cd8-ca13-4edf-807e-d62138fd30e0,Is the dough rolled with a roller after being dipped in flour?,Yes,Yes.,64,1
89a95cd8-ca13-4edf-807e-d62138fd30e0,What occurs just before rolling dough with a roller in the video?,The dough is cut,"Just before rolling dough with a roller, the video shows a hand holding a blue cutting board with chopped green vegetables, likely preparing to add them to the pot.",64,1
89a95cd8-ca13-4edf-807e-d62138fd30e0,"In the video sequence, what happens before rolling dough with hands?","Nothing, it's the first action","Before rolling dough with hands, the video shows a hand holding a blue cutting board with chopped green vegetables, indicating the preparation of ingredients for cooking.",64,1
89a95cd8-ca13-4edf-807e-d62138fd30e0,What is done just before cutting the dough?,The dough is rolled with hands,"Just before cutting the dough, a hand is seen holding a blue cutting board and a knife, preparing to cut the dough.",64,1
89a95cd8-ca13-4edf-807e-d62138fd30e0,Did I clean the counter before rolling the dough?,Yes,"Yes, the counter was cleaned before rolling the dough.",64,1
89a95cd8-ca13-4edf-807e-d62138fd30e0,Was the dough cut before being rolled?,Yes,"Yes, the dough was cut before being rolled.",64,1
89a95cd8-ca13-4edf-807e-d62138fd30e0,Did I dip the dough in flour before using the rolling pin?,Yes,"Yes, you dipped the dough in flour before using the rolling pin.",64,1
89a95cd8-ca13-4edf-807e-d62138fd30e0,Did I cook food after rolling the dough with my hands?,No,"Yes, after rolling the dough with your hands, you placed it on a tray and cooked it in the oven.",64,1
89a95cd8-ca13-4edf-807e-d62138fd30e0,Was the counter cleaned after the dough was cut?,No,Yes.,64,1
89a95cd8-ca13-4edf-807e-d62138fd30e0,What do I do before rolling the dough with a roller?,Cut the dough,"Before rolling the dough with a roller, you should first ensure that the dough is well-kneaded and smooth. If the dough is still sticky, you can lightly dust it with flour to prevent sticking. Then, place the dough on a clean, dry surface, such as a floured countertop or a piece of parchment paper. If you are using a rolling pin, make sure it is clean and dry as well. Start rolling the dough from the center outward, applying gentle to moderate pressure, and roll it back and forth to achieve an even thickness. It's important to keep the surface beneath the dough floured or covered with a damp cloth to prevent the dough from sticking. If you are using a rolling mat, place the mat on a clean, dry surface and roll the dough on top of it.",64,1
89a95cd8-ca13-4edf-807e-d62138fd30e0,What occurs just before cutting the dough?,Rolling dough with hands,"Just before cutting the dough, the person is seen holding a blue cutting board and a knife, preparing to cut the dough.",64,1
89a95cd8-ca13-4edf-807e-d62138fd30e0,What do I do before cleaning the counter?,Cook food,"Before cleaning the counter, you should first gather all the items that need to be cleaned and organized. In the video, we see a variety of kitchen utensils, containers, and appliances scattered around the kitchen. You should start by picking up any loose items and placing them in appropriate storage areas, such as cabinets or drawers. Next, you should wipe down the surfaces of the counter and stove with a damp cloth to remove any food residue or spills. After that, you can clean the utensils and containers using soap and water, and then dry them before putting them away. Finally, you can organize the items on the counter and put them back in their designated places to maintain a tidy and functional kitchen space.",64,1
89a95cd8-ca13-4edf-807e-d62138fd30e0,Describe the main activity occurring in this section of video.,Food preparation for a meal.,"The main activity in this section of the video is the preparation of a meal, specifically involving the cooking of chickpeas and the preparation of dough.",64,1
89a95cd8-ca13-4edf-807e-d62138fd30e0,What is the current culinary action captured here?,Ready to cook flatbread on the pan.,"The video captures the process of cooking, specifically the preparation of a dish involving chickpeas and vegetables.",64,1
89a95cd8-ca13-4edf-807e-d62138fd30e0,Did the person successfully slice the cucumber?,Yes.,"Yes, the person successfully slices the cucumber into thin pieces.",64,1
89a95cd8-ca13-4edf-807e-d62138fd30e0,Has the lemon been placed on the cucumber slices?,Yes.,"No, the lemon has not been placed on the cucumber slices.",64,1
89a95cd8-ca13-4edf-807e-d62138fd30e0,Describe the setting in this video clip.,A kitchen with a person cooking roti on a stove.,"The video begins with a close-up of a kitchen counter where a pot of water is boiling on a stove. A hand is seen stirring the pot, and a container of chickpeas is placed on the counter. The kitchen is cluttered with various utensils and containers. The scene transitions to a wider shot of the kitchen, showing a person holding a book and a container of chickpeas, with a window and a tiled wall in the background. The person moves towards a refrigerator and a dining table, then walks out of the frame. The video then shows a close-up of a kitchen counter with a pot of chickpeas and a container of chickpeas on the counter. The person is seen stirring the chickpeas and then walking out of the frame. The scene transitions to a wider shot of the kitchen, showing a cluttered counter with various utensils and containers, and a window in the background. The person is seen walking out of the frame. The video then shows a close-up of a kitchen counter with a pot of chickpeas and a container of chickpeas on the counter. The person is seen stirring the chickpeas and then walking out of the frame. The scene transitions to a wider shot of the kitchen, showing a cluttered",64,1
89a95cd8-ca13-4edf-807e-d62138fd30e0,What is the visual focal point of this scene?,The pan with the roti being roasted.,The visual focal point of this scene is the black countertop with various kitchen items and the window with a view of the outside.,64,1
89a95cd8-ca13-4edf-807e-d62138fd30e0,Where is the roti being placed after roasting?,In a pot next to the stove.,The roti is being placed on a plate.,64,1
89a95cd8-ca13-4edf-807e-d62138fd30e0,What kitchen equipment is being utilized in this action?,A frying pan and a stove.,"The kitchen equipment being utilized includes a gas stove, a frying pan, a pot, a rolling pin, and a cutting board.",64,1
89a95cd8-ca13-4edf-807e-d62138fd30e0,Does the clip show a person flipping the roti?,No.,Yes.,64,1
89a95cd8-ca13-4edf-807e-d62138fd30e0,Is the roti being taken out of the pan in this frame?,Yes.,Yes.,64,1
89a95cd8-ca13-4edf-807e-d62138fd30e0,Does the clip involve any baking activity?,No.,"Yes, the clip involves baking activity as it shows dough being rolled out on a countertop and a bowl of dough being placed on a baking tray.",64,1
89a95cd8-ca13-4edf-807e-d62138fd30e0,Is there another person assisting with the cooking?,No.,"Yes, another person is seen assisting with the cooking by holding a bowl of chopped vegetables.",64,1
89a95cd8-ca13-4edf-807e-d62138fd30e0,Was the flat bread prepared before the roti was roasted?,Yes,"Yes, the flat bread was prepared before the roti was roasted.",64,1
89a95cd8-ca13-4edf-807e-d62138fd30e0,Did I put the roasted roti in the pot before cutting the cucumber?,No,"No, you did not put the roasted roti in the pot before cutting the cucumber. The video shows the roasted roti being placed in the pot after the cucumber is cut.",64,1
89a95cd8-ca13-4edf-807e-d62138fd30e0,Did I roast the roti after preparing the flat bread?,Yes,"Yes, you roasted the roti after preparing the flat bread.",64,1
89a95cd8-ca13-4edf-807e-d62138fd30e0,What cooking method is used for tortillas?,They are placed in a hot pot.,The cooking method used for tortillas is frying them in a pan.,64,1
89a95cd8-ca13-4edf-807e-d62138fd30e0,Is the person wearing oven mitts?,No.,"No, the person is not wearing oven mitts.",64,1
89a95cd8-ca13-4edf-807e-d62138fd30e0,"In the video, is the pot closed after the roti is put inside?",Yes,Yes.,64,1
89a95cd8-ca13-4edf-807e-d62138fd30e0,Did I use a spatula to roast the roti before placing it in the pot?,Yes,"Yes, you used a spatula to roast the roti before placing it in the pot.",64,1
89a95cd8-ca13-4edf-807e-d62138fd30e0,What activity is shown just before the roti comes in contact with the pan?,The roti is picked up,The activity shown just before the roti comes in contact with the pan is the person using a spatula to spread the roti on the pan.,64,1
2bb31b69-fcda-4f54-8338-f590944df999,What activity is depicted in this snapshot?,A card game is being played.,"The snapshot depicts a person sitting on the floor in a room with a patterned rug, surrounded by various items including a pair of boots, a pair of socks, and some papers. The person is holding a smartphone and appears to be interacting with it, possibly taking a photo or video of the scene. The room has a cozy feel with a potted plant, a chair, and a shelf with various objects in the background. The person is wearing a colorful sweater and glasses, and seems to be engaged in a casual, relaxed activity.",64,1
2bb31b69-fcda-4f54-8338-f590944df999,Where is this scene likely taking place?,"The scene is indoors, possibly in a living room.",The scene is likely taking place in a living room or a similar domestic space.,64,1
2bb31b69-fcda-4f54-8338-f590944df999,What objects are present in this setting?,"Cards, a piece of paper, and a plant.","In the setting shown in the video, there are several objects present:1. A patterned rug on the floor.2. A person sitting on the floor, wearing a multicolored sweater, dark pants, and light-colored socks.3. A pair of brown boots.4. A black electronic device, possibly a smartphone or a remote control.5. A clear plastic bag with some items inside.6. A piece of paper or a booklet with text on it.7. A potted plant in the background.8. A gray armchair.9. A shelf with various items on it.10. A pair of glasses on the person's face.11. A pair of white and blue striped socks.12. A pair of white and red playing cards.13. A pair of white and black playing cards.14. A pair of white and blue playing cards.15. A pair of white and red playing cards.16. A pair of white and black playing cards.17. A pair of white and blue playing cards.18. A pair of white and red playing cards.19. A pair of white and black playing cards.20. A pair of white and blue playing cards.",64,1
2bb31b69-fcda-4f54-8338-f590944df999,How is the room furnished?,"With a couch, a rug, and various personal items.","The room is furnished with a gray armchair, a white shelf with various items, a potted plant, and a patterned rug.",64,1
2bb31b69-fcda-4f54-8338-f590944df999,What is the approximate time of day in this scene?,It's not discernible from this image.,"The scene appears to be set during the evening or night, as indicated by the dim lighting and the presence of artificial light sources.",64,1
2bb31b69-fcda-4f54-8338-f590944df999,What action is being performed with the cards?,The cards are being reshuffled.,The cards are being shuffled and dealt.,64,1
2bb31b69-fcda-4f54-8338-f590944df999,What is the person across doing?,The person is holding and possibly organizing cards.,"The person across is holding a smartphone with a blue screen, possibly showing a message or a video.",64,1
2bb31b69-fcda-4f54-8338-f590944df999,What follow-up activity to shuffling is likely?,Dealing the cards to players.,dealing,64,1
2bb31b69-fcda-4f54-8338-f590944df999,Is there more than one participant in the card activity?,Yes.,Yes.,64,1
2bb31b69-fcda-4f54-8338-f590944df999,Is any reading material involved in the activity?,"Yes, there's a piece of paper being held.","Yes, there is a piece of paper with text on it that is being held by one of the individuals, suggesting that it might be involved in the activity.",64,1
2bb31b69-fcda-4f54-8338-f590944df999,Are any electronic devices being used in the game?,No visible electronic devices are used.,"No, there are no electronic devices being used in the game.",64,1
2bb31b69-fcda-4f54-8338-f590944df999,Has any card been laid out on the floor?,"No, they're being held or shuffled.","Yes, there is a card laid out on the floor.",64,1
2bb31b69-fcda-4f54-8338-f590944df999,What activity is taking place in the room?,Playing poker.,The activity taking place in the room is a card game.,64,1
2bb31b69-fcda-4f54-8338-f590944df999,What is the setting of this clip?,"Indoors, in a room.","The setting of the clip is a cozy living room with a patterned rug, a comfortable chair, and a potted plant.",64,1
2bb31b69-fcda-4f54-8338-f590944df999,What objects are visible in the scene?,"Cards, a carpet, and furniture.","In the scene, there is a person sitting on a patterned rug, a smartphone displaying a blue screen, a pair of boots, a pair of socks, a piece of paper, and a plant in the background.",64,1
2bb31b69-fcda-4f54-8338-f590944df999,Describe the atmosphere of the room.,Casual and leisurely.,"The room has a cozy and lived-in atmosphere, with a patterned rug on the floor, a comfortable chair, and a potted plant adding a touch of greenery.",64,1
2bb31b69-fcda-4f54-8338-f590944df999,What precedes the dealing of cards in poker?,Reshuffling the cards.,The dealing of cards in poker precedes the betting round.,64,1
2bb31b69-fcda-4f54-8338-f590944df999,Did someone shuffle cards in this video?,Yes.,"Yes, in the video, a person is seen shuffling a deck of cards.",64,1
2bb31b69-fcda-4f54-8338-f590944df999,Is the room set up for a large gathering?,No.,"No, the room is not set up for a large gathering. It is a casual setting with a few items scattered around, indicating a relaxed and informal atmosphere.",64,1
2bb31b69-fcda-4f54-8338-f590944df999,Are the individuals standing in this video?,No.,"No, the individuals are not standing in this video. They are sitting on the floor.",64,1
2bb31b69-fcda-4f54-8338-f590944df999,Was the deck reshuffled before playing the cards?,Yes.,"Yes, the deck was shuffled before playing the cards.",64,1
2bb31b69-fcda-4f54-8338-f590944df999,What occurs just before picking up the cards?,The cards are spread on floor.,"Just before picking up the cards, the person in the striped sweater is seen holding a piece of paper and appears to be reading or examining it.",64,1
2bb31b69-fcda-4f54-8338-f590944df999,What action occurs before the deck is seen in a unified stack?,Separate the cards.,"Before the deck is seen in a unified stack, the person in the striped sweater is seen holding a small stack of cards and then spreading them out on the rug.",64,1
2bb31b69-fcda-4f54-8338-f590944df999,What is visible before I separate cards?,Floor and unorganized cards.,hand,64,1
2bb31b69-fcda-4f54-8338-f590944df999,What is the setting of the current video clip?,A room with two people playing cards.,"The setting of the current video clip is a living room with a patterned rug, a blue armchair, and a potted plant.",64,1
2bb31b69-fcda-4f54-8338-f590944df999,What objects are prominent in the video scene?,"Playing cards, a phone, and a paper.","A patterned rug, a pair of boots, a pair of socks, a smartphone, a piece of paper, and a plant are prominent in the video scene.",64,1
2bb31b69-fcda-4f54-8338-f590944df999,How would you characterize the atmosphere in the video?,Casual and leisurely.,"The atmosphere in the video is casual and relaxed, with a focus on the interaction between the individuals and the activity of card handling.",64,1
2bb31b69-fcda-4f54-8338-f590944df999,What actions are being performed in the video clip?,"Shuffling, picking, and playing cards.","The video shows a person sitting on the floor with a patterned rug, wearing a multicolored sweater and striped socks. They are interacting with a smartphone, which displays a blue screen with a circular loading icon. The person is also handling a pair of brown boots and a small white object, possibly a piece of paper or a card. The background includes a living room setting with a gray armchair, a potted plant, and a white shelf with various items. The person appears to be engaged in a casual activity, possibly organizing or examining the items in their hands.",64,1
2bb31b69-fcda-4f54-8338-f590944df999,Did the individuals reshuffle the cards in the video?,Yes.,"Yes, the individuals reshuffled the cards in the video.",64,1
2bb31b69-fcda-4f54-8338-f590944df999,Was a phone used during the gameplay?,Yes.,"Yes, a phone was used during the gameplay.",64,1
2bb31b69-fcda-4f54-8338-f590944df999,Was a new game started in the video clip?,Yes.,"Yes, a new game was started in the video clip.",64,1
2bb31b69-fcda-4f54-8338-f590944df999,Did the scene capture any form of disagreement?,No.,"No, the scene did not capture any form of disagreement.",64,1
2bb31b69-fcda-4f54-8338-f590944df999,"In the video, is the poker game started before the cards are reshuffled?",No.,"No, the poker game is not started before the cards are reshuffled.",64,1
2bb31b69-fcda-4f54-8338-f590944df999,Is the deck spread out on the floor after picking a card?,Yes.,Yes.,64,1
2bb31b69-fcda-4f54-8338-f590944df999,Does the card shuffling happen before sitting on the floor?,No.,"No, the card shuffling happens after sitting on the floor.",64,1
2bb31b69-fcda-4f54-8338-f590944df999,"In the video, is the card game initiated before sitting with the lady?",No.,"No, the card game is not initiated before sitting with the lady. The video begins with the person sitting on the floor with the lady, and the card game is played from that point.",64,1
2bb31b69-fcda-4f54-8338-f590944df999,What happens before the poker game is played in the video?,Cards are picked.,"Before the poker game is played, the person in the colorful sweater and striped socks is seen sitting on the floor, holding a deck of cards and a smartphone. They are surrounded by various items, including a pair of boots, a pair of socks, and some papers. The person appears to be preparing for the game, possibly organizing the cards and reviewing the rules or instructions on the smartphone.",64,1
2bb31b69-fcda-4f54-8338-f590944df999,What occurs right before reshuffling the cards?,I sit with the lady.,A hand reaches for the deck of cards.,64,1
2bb31b69-fcda-4f54-8338-f590944df999,What is done just before spreading the cards on the floor?,Cards are picked.,"Just before spreading the cards on the floor, the person in the striped sweater is seen holding a smartphone and looking at it.",64,1
2bb31b69-fcda-4f54-8338-f590944df999,"In the video, did I play cards before shuffling them?",No.,"Yes, you played cards before shuffling them.",64,1
2bb31b69-fcda-4f54-8338-f590944df999,"In the video, did I shuffle the cards before picking them?",Yes.,"Yes, in the video, you can see the cards being shuffled before being picked up.",64,1
2bb31b69-fcda-4f54-8338-f590944df999,What is the action before reshuffling the cards in the video?,Separating the cards.,The action before reshuffling the cards is the person in the striped sweater and blue sleeves holding a smartphone and looking at it.,64,1
2bb31b69-fcda-4f54-8338-f590944df999,What is the setting of the video?,A room with two people playing poker.,"The video is set in a cozy living room with a patterned rug, a white shelf, a gray armchair, and a potted plant.",64,1
2bb31b69-fcda-4f54-8338-f590944df999,What objects are present in the scene?,"Cards, a tablecloth, and personal items on the floor.","The scene includes a person sitting on a patterned rug, a smartphone displaying a blue screen, a pair of boots, a pair of socks, a pair of slippers, a pair of shoes, a pair of sandals, a pair of flip flops, a pair of slippers, a pair of socks, a pair of slippers, a pair of socks, a pair of slippers, a pair of socks, a pair of slippers, a pair of socks, a pair of slippers, a pair of socks, a pair of slippers, a pair of socks, a pair of slippers, a pair of socks, a pair of slippers, a pair of socks, a pair of slippers, a pair of socks, a pair of slippers, a pair of socks, a pair of slippers, a pair of socks, a pair of slippers, a pair of socks, a pair of slippers, a pair of socks, a pair of slippers, a pair of socks, a pair of slippers, a pair of socks, a pair of slippers, a pair of socks, a pair of slippers, a pair of socks, a pair of slippers, a pair of socks, a pair of slippers,",64,1
2bb31b69-fcda-4f54-8338-f590944df999,What is the main focus of the camera?,The poker game and the players' actions.,The main focus of the camera is the person's hands as they shuffle and deal the cards.,64,1
2bb31b69-fcda-4f54-8338-f590944df999,What stage of the game is shown?,"The preparation phase, shuffling and dealing cards.","The video shows the players in the middle of a card game, with cards being dealt and placed on the mat.",64,1
2bb31b69-fcda-4f54-8338-f590944df999,Capture the essence of the action in a short phrase.,An intense poker game in progress.,Two people playing a card game on a patterned rug.,64,1
2bb31b69-fcda-4f54-8338-f590944df999,Did the person shuffle the cards more than once?,Yes.,"Yes, the person shuffled the cards multiple times.",64,1
2bb31b69-fcda-4f54-8338-f590944df999,Is there another activity besides poker being portrayed?,No.,"Yes, there is another activity portrayed, which is the person drinking from a cup.",64,1
2bb31b69-fcda-4f54-8338-f590944df999,Are both players sitting on chairs?,"No, they are sitting on the floor.","No, both players are sitting on the floor.",64,1
2bb31b69-fcda-4f54-8338-f590944df999,"In the video, is the card reshuffling performed before picking the cards?",No,"Yes, the card reshuffling is performed before picking the cards.",64,1
2bb31b69-fcda-4f54-8338-f590944df999,Is the lady X present in the room before I reshuffle the cards?,Yes,"No, the lady X is not present in the room before you reshuffle the cards.",64,1
2bb31b69-fcda-4f54-8338-f590944df999,Do I play the cards before lady X picks her phone?,No,"The video shows a sequence of events where a person is playing cards with another individual. The person playing cards is seen dealing and handling the cards, while the other individual is engaged in the game. The person who is not playing cards is also seen interacting with their phone at various points during the video. The exact timing of when the person playing cards stops to pick up their phone is not specified in the video description, but it is clear that the person playing cards continues to handle the cards before picking up their phone.",64,1
2bb31b69-fcda-4f54-8338-f590944df999,Are the cards picked before they are played?,Yes,"Yes, the cards are picked before they are played.",64,1
2bb31b69-fcda-4f54-8338-f590944df999,What happens just before the cards are played in the video?,The cards are reshuffled.,"Just before the cards are played, the person in the striped sweater shuffles the deck and deals the cards.",64,1
2bb31b69-fcda-4f54-8338-f590944df999,What do we see happening just before the cards are picked?,The cards are reshuffled.,"Just before the cards are picked, the person in the striped sweater is seen holding a deck of cards, and the person in the blue sweater is seen holding a smartphone.",64,1
2bb31b69-fcda-4f54-8338-f590944df999,What action takes place before reshuffling the cards?,The cards are picked.,"Before reshuffling the cards, the person in the striped sweater picks up a stack of cards and places them on the mat.",64,1
2bb31b69-fcda-4f54-8338-f590944df999,"Before the poker game begins, what is the last action performed?",The cards are reshuffled.,The last action performed before the poker game begins is the person in the striped sweater shuffling the deck of cards.,64,1
2bb31b69-fcda-4f54-8338-f590944df999,Did the card reshuffling happen before picking the cards?,No,"Yes, the card reshuffling happened before picking the cards.",64,1
2bb31b69-fcda-4f54-8338-f590944df999,Was playing cards done after picking the cards?,Yes,"Yes, playing cards was done after picking the cards.",64,1
2bb31b69-fcda-4f54-8338-f590944df999,What happened just before playing poker cards?,Reshuffled the cards,"The person was sitting on the floor, holding a smartphone, and then placed it down to pick up a deck of cards.",64,1
2bb31b69-fcda-4f54-8338-f590944df999,What occurs right before reshuffling the cards?,Picked the cards,A hand reaches out to pick up a stack of cards from the mat.,64,1
2bb31b69-fcda-4f54-8338-f590944df999,What action took place just before picking the cards?,Reshuffled the cards,The person in the striped sweater and blue jeans was seen picking up a pair of shoes.,64,1
2bb31b69-fcda-4f54-8338-f590944df999,What environment is presented in the video?,A casual indoor space with a card game being played.,"The video presents a casual indoor environment with a person sitting on a patterned rug, surrounded by various items such as a plant, a chair, and a shelf with books and other objects.",64,1
2bb31b69-fcda-4f54-8338-f590944df999,What sequence of actions is depicted here?,"Selecting, organizing, and using cards in a game is depicted.","The video depicts a sequence of actions involving two individuals sitting on a patterned rug in a room with a casual, lived-in atmosphere. The person on the left is wearing a colorful striped sweater and dark pants, while the person on the right is wearing a blue top and dark pants. They are engaged in an activity that involves handling cards and money.The sequence of actions includes:1. The person on the left is seen handling a deck of cards and some money, possibly counting or organizing them.2. The person on the right is also handling cards and money, and at one point, they are seen holding a smartphone.3. The person on the left is seen reaching for something on the floor, possibly a piece of clothing or a bag.4. The person on the right is seen extending their hand towards the person on the left, possibly offering or showing something.5. The person on the left is seen standing up and moving around the room, while the person on the right remains seated.6. The person on the left is seen sitting back down, still handling cards and money.7. The person on the right is seen extending their hand towards the person on the left, possibly offering or showing something.8. The person on the left is seen reaching",64,1
2bb31b69-fcda-4f54-8338-f590944df999,How are the participants utilizing the items?,They are using cards for a recreational activity.,"The participants are utilizing the items for a card game, with one person holding a smartphone, another person holding a deck of cards, and a third person holding a stack of cash.",64,1
2bb31b69-fcda-4f54-8338-f590944df999,Is there a competitive game being played in this scene?,Yes.,"Yes, there is a competitive game being played in this scene.",64,1
2bb31b69-fcda-4f54-8338-f590944df999,Has any card been placed face-up on the carpet?,Yes.,"Yes, a card with a heart symbol has been placed face-up on the carpet.",64,1
2bb31b69-fcda-4f54-8338-f590944df999,Are there drinks present on the floor beside the players?,Yes.,"Yes, there is a drink present on the floor beside the players.",64,1
2bb31b69-fcda-4f54-8338-f590944df999,Is there a document visible on the floor?,Yes.,Yes.,64,1
2bb31b69-fcda-4f54-8338-f590944df999,Are both participants actively selecting cards?,Yes.,"Yes, both participants are actively selecting cards.",64,1
2bb31b69-fcda-4f54-8338-f590944df999,Is the poker game played before reshuffling the cards?,No,"Yes, the poker game was played before reshuffling the cards.",64,1
2bb31b69-fcda-4f54-8338-f590944df999,What action is performed immediately before reshuffling?,Picking the cards,"Immediately before reshuffling, the person in the striped sweater picks up a stack of cards and places them on the mat.",64,1
2bb31b69-fcda-4f54-8338-f590944df999,Was the poker card played after the cards were picked?,Yes.,"Yes, the poker card was played after the cards were picked.",64,1
2bb31b69-fcda-4f54-8338-f590944df999,What action occurs before playing the card game?,Separating cards.,"Before playing the card game, the person in the striped sweater and blue sleeves is seen holding a smartphone, possibly checking something on the screen, and then placing it down.",64,1
2bb31b69-fcda-4f54-8338-f590944df999,What is done just before reshuffling the cards?,Picking the cards.,"Just before reshuffling the cards, the person in the striped sweater is seen holding a smartphone, possibly checking something on the screen.",64,1
2bb31b69-fcda-4f54-8338-f590944df999,What is the main setting of this scene?,The setting is a room where a poker card game is being played.,"The main setting of this scene is a living room with a patterned rug, a couch, a chair, and a potted plant.",64,1
2bb31b69-fcda-4f54-8338-f590944df999,How many participants are involved in the card game?,There are two participants in the card game.,Two participants are involved in the card game.,64,1
2bb31b69-fcda-4f54-8338-f590944df999,What objects are primarily visible on the table?,Visible objects include poker cards and scattered items.,"The primary objects visible on the table are playing cards, a smartphone, and a piece of paper.",64,1
2bb31b69-fcda-4f54-8338-f590944df999,Describe the sequence of actions with the poker cards.,"The poker cards are picked up, shuffled, then played in turns.","The sequence of actions with the poker cards involves one person dealing the cards while the other person observes and occasionally interacts with the cards. The cards are spread out on a patterned rug, and the person dealing the cards is seen handling them with care, ensuring they are fanned out and visible to the other person. The cards are standard playing cards with a traditional design, featuring numbers and suits. The person dealing the cards appears to be focused on the task, while the other person watches attentively, possibly waiting for their turn to play or to receive the cards.",64,1
2bb31b69-fcda-4f54-8338-f590944df999,Did I carry out a reshuffle of the poker cards?,Yes.,"Yes, you did carry out a reshuffle of the poker cards.",64,1
2bb31b69-fcda-4f54-8338-f590944df999,Was a complete poker game played in this clip?,Yes.,"No, a complete poker game was not played in this clip. The video shows a person shuffling a deck of cards, but the game itself is not played. The cards are not dealt, and there is no indication of a poker game being played.",64,1
2bb31b69-fcda-4f54-8338-f590944df999,Did the game involve more than two players?,No.,"Yes, the game involved more than two players.",64,1
2bb31b69-fcda-4f54-8338-f590944df999,Did I participate in dealing the cards?,Yes.,"Yes, you did participate in dealing the cards. In the video, you can be seen holding a deck of cards and dealing them out on the table.",64,1
2bb31b69-fcda-4f54-8338-f590944df999,"In the video, did the card shuffling happen before playing the game?",Yes.,"Yes, the card shuffling happened before playing the game.",64,1
2bb31b69-fcda-4f54-8338-f590944df999,Did the playing of poker cards occur before reshuffling the cards?,No.,"Yes, the playing of poker cards occurred before reshuffling the cards.",64,1
2bb31b69-fcda-4f54-8338-f590944df999,Did picking the cards happen after playing the card game?,No.,"No, picking the cards happened before playing the card game.",64,1
2bb31b69-fcda-4f54-8338-f590944df999,What happens just before playing the poker card game in the video?,Reshuffling the cards.,"Just before playing the poker card game, the person in the striped sweater is seen holding a deck of cards and a smartphone, and the person in the blue sweater is holding a deck of cards.",64,1
2bb31b69-fcda-4f54-8338-f590944df999,What occurs directly before playing the card game?,Separating the cards.,"Directly before playing the card game, the person in the striped sweater is seen holding a deck of cards and a smartphone, and the person in the blue sweater is seen holding a deck of cards.",64,1
2bb31b69-fcda-4f54-8338-f590944df999,"In the video, was the poker card played before they were reshuffled?",No,"Yes, the poker card was played before it was reshuffled.",64,1
2bb31b69-fcda-4f54-8338-f590944df999,"In the clip, was the poker card reshuffled after card separation?",Yes,"Yes, the poker card was reshuffled after card separation.",64,1
2bb31b69-fcda-4f54-8338-f590944df999,What occurs just before playing the poker card in the video?,Reshuffling the cards,"Just before playing the poker card, the person in the striped sweater is seen holding a stack of poker cards, preparing to deal.",64,1
2bb31b69-fcda-4f54-8338-f590944df999,"In the video, what event precedes playing the card game?",Separating cards,"The event that precedes playing the card game is the person in the striped sweater and blue sleeves sitting on the floor, holding a deck of cards and preparing to play.",64,1
2bb31b69-fcda-4f54-8338-f590944df999,What does this video clip depict in the room scene?,The video shows a card game session in a room.,"The video clip depicts a casual indoor setting where two individuals are engaged in a card game. The room has a cozy atmosphere with a patterned rug on the floor, a comfortable-looking chair, and a potted plant in the background. The person on the left is wearing a multicolored sweater and striped socks, and is holding a deck of cards. The person on the right is partially visible, wearing a blue top, and is also holding a deck of cards. They are seated on the floor, and there are some papers and a plastic bag on the rug, suggesting a relaxed and informal setting. The lighting is warm, and the overall mood appears to be friendly and leisurely.",64,1
2bb31b69-fcda-4f54-8338-f590944df999,What can you infer about the location in the video?,"It is a casual, home-like space with a seated person.","The location in the video appears to be a living room or a similar domestic space, as indicated by the presence of a sofa, a chair, and a rug.",64,1
2bb31b69-fcda-4f54-8338-f590944df999,Do these frames show any specific action with the cards?,"Yes, the cards are being reshuffled by the person.","Yes, the frames show the individuals handling the cards, with one person dealing cards and the other person receiving them. The cards are spread out on the mat, and there are also some cards being held by the individuals, indicating that they are in the middle of a card game.",64,1
2bb31b69-fcda-4f54-8338-f590944df999,Did the scene show a game in progress?,Yes.,"Yes, the scene showed a game in progress with the person in the striped sweater dealing cards and the other person holding a stack of cards.",64,1
2bb31b69-fcda-4f54-8338-f590944df999,Was there a card shuffle taking place?,Yes.,"Yes, there was a card shuffle taking place.",64,1
2bb31b69-fcda-4f54-8338-f590944df999,Did they play the cards on a traditional table?,No.,"No, they played the cards on a patterned rug.",64,1
2bb31b69-fcda-4f54-8338-f590944df999,Was the person alone in this activity?,No.,"No, the person was not alone in this activity. There was another person present who was holding a smartphone and later joined in the card game.",64,1
2bb31b69-fcda-4f54-8338-f590944df999,Did the video capture an outdoor event?,No.,"No, the video did not capture an outdoor event. It was set in a living room with a person sitting on the floor.",64,1
2bb31b69-fcda-4f54-8338-f590944df999,What action takes place immediately before the carpet is covered?,Sitting down.,The carpet is covered immediately before the person in the striped sweater and blue sleeves is seen sitting on the floor.,64,1
2bb31b69-fcda-4f54-8338-f590944df999,Is the card game played before reshuffling the cards?,No,"Yes, the card game was played before reshuffling the cards.",64,1
2bb31b69-fcda-4f54-8338-f590944df999,Is picking the cards shown before separating them?,Yes,"Yes, the cards are shown before being separated.",64,1
2bb31b69-fcda-4f54-8338-f590944df999,Does separating cards happen before reshuffling?,Yes,"Yes, separating cards happens before reshuffling.",64,1
2bb31b69-fcda-4f54-8338-f590944df999,Is reshuffling the cards shown before playing poker?,Yes,"Yes, the video shows the cards being reshuffled before playing poker.",64,1
2bb31b69-fcda-4f54-8338-f590944df999,Does picking cards occur before playing the card game?,Yes,"Yes, picking cards occurs before playing the card game.",64,1
2bb31b69-fcda-4f54-8338-f590944df999,What is the current setting in the video clip?,A room where a card game is being played.,"The current setting in the video clip is a living room with a person sitting on the floor, holding a deck of cards and a drink, with a patterned rug, a plant, and a blue chair in the background.",64,1
2bb31b69-fcda-4f54-8338-f590944df999,What objects are central to the scene in the video?,A deck of poker cards.,"The central objects in the scene are the playing cards, the smartphone, and the person's hands.",64,1
2bb31b69-fcda-4f54-8338-f590944df999,What is the main focus of the scene?,The act of playing a poker game.,The main focus of the scene is the person in the colorful sweater and striped socks who is playing cards.,64,1
2bb31b69-fcda-4f54-8338-f590944df999,Detail the sequence of actions with the cards.,"Cards are being selected, shuffled, and dealt for poker.","The video shows a sequence of actions involving playing cards. Initially, a person is seen sitting on the floor with a patterned rug, holding a deck of cards. They are wearing a multicolored sweater and striped socks. The person is seen shuffling the cards and then dealing them out into a pattern on the rug. The cards are spread out in a fan shape, and the person appears to be organizing them.As the video progresses, another person joins the scene, also sitting on the floor with a similar patterned rug. This person is wearing a blue sweater and striped socks. They are seen holding a deck of cards and interacting with the cards on the rug, possibly organizing or preparing to play a card game.The cards are predominantly standard playing cards with a white back design, featuring black and red symbols. The person in the blue sweater is seen dealing cards into a specific pattern on the rug, while the person in the multicolored sweater is seen handling cards as well, possibly preparing to play or organize the game.The environment includes a living room setting with a couch, a chair, and various items scattered around, such as a white cup, a pair of boots, and some papers. The lighting is indoor, and the overall atmosphere is casual and relaxed,",64,1
2bb31b69-fcda-4f54-8338-f590944df999,Does the scene show a poker game in action?,Yes.,"Yes, the scene shows a poker game in action with players dealing cards and examining them.",64,1
2bb31b69-fcda-4f54-8338-f590944df999,Does the video include a moment of card shuffling?,Yes.,"Yes, the video includes a moment of card shuffling, as indicated by the person's hand moving the cards around.",64,1
2bb31b69-fcda-4f54-8338-f590944df999,Is a card game being organized on a carpet?,Yes.,Yes.,64,1
2bb31b69-fcda-4f54-8338-f590944df999,Does the clip show someone dealing cards?,Yes.,"Yes, the clip shows someone dealing cards.",64,1
2bb31b69-fcda-4f54-8338-f590944df999,Is the lady sitting on the floor while playing cards?,Yes.,Yes.,64,1
2bb31b69-fcda-4f54-8338-f590944df999,Did the card shuffling happen before playing cards?,Yes,"Yes, the card shuffling happened before playing cards.",64,1
2bb31b69-fcda-4f54-8338-f590944df999,Was the room entered before the cards were reshuffled?,Yes,"Yes, the room was entered before the cards were reshuffled.",64,1
2bb31b69-fcda-4f54-8338-f590944df999,Did card shuffling occur before the cards were picked?,No,"Yes, card shuffling occurred before the cards were picked.",64,1
2bb31b69-fcda-4f54-8338-f590944df999,What action is performed right before playing cards?,Reshuffling the cards,The action performed right before playing cards is shuffling the deck.,64,1
2bb31b69-fcda-4f54-8338-f590944df999,What happens just before reshuffling the cards?,Picking up the cards,"Just before reshuffling the cards, the person in the striped sweater is seen holding a stack of cards and a white cup, and the person in the blue sweater is seen holding a stack of cards.",64,1
2bb31b69-fcda-4f54-8338-f590944df999,What is done immediately before picking up cards?,Entering the room,Drinking from a cup,64,1
2bb31b69-fcda-4f54-8338-f590944df999,What takes place immediately after reshuffling cards?,Playing cards,"After reshuffling cards, the person in the striped sweater deals cards to the other person.",64,1
2bb31b69-fcda-4f54-8338-f590944df999,"In the video, is the poker game started before reshuffling the cards?",No,"No, the poker game is not started before reshuffling the cards.",64,1
2bb31b69-fcda-4f54-8338-f590944df999,"In the video, is the poker game initiated before the cards are spread out on the floor?",Yes,"No, the poker game is not initiated before the cards are spread out on the floor. The cards are spread out on the floor before the poker game begins.",64,1
2bb31b69-fcda-4f54-8338-f590944df999,What happens just before the cards are reshuffled in the video?,The cards are picked up,"Just before the cards are reshuffled, the person in the striped sweater is seen holding a stack of cards and a white cup, and the person in the blue sweater is seen holding a stack of cards.",64,1
2bb31b69-fcda-4f54-8338-f590944df999,What happens immediately before the cards are spread out on the floor?,Poker game is played,"Immediately before the cards are spread out on the floor, the person in the striped sweater is seen holding a stack of cards and appears to be in the process of dealing or organizing them.",64,1
2bb31b69-fcda-4f54-8338-f590944df999,What activity is being depicted in this room?,A card game is being played in the room.,The activity depicted in this room is playing cards.,64,1
2bb31b69-fcda-4f54-8338-f590944df999,What can you deduce about the space shown?,"It's a lived-in room with a casual, cozy setting.","The space shown appears to be a living room or a casual indoor area. There is a patterned rug on the floor, which is a common decorative element in living rooms. The room contains a variety of items that suggest a lived-in and somewhat cluttered space. There is a couch with a patterned throw blanket, a chair, and a potted plant, which contribute to a cozy atmosphere. The presence of a person sitting on the floor with a deck of cards and some papers indicates that this might be a space for leisure activities such as playing cards or board games. The lighting is warm, and the overall ambiance is casual and comfortable.",64,1
2bb31b69-fcda-4f54-8338-f590944df999,Where are the players sitting in the scenario?,The players are seated on the floor.,The players are sitting on a patterned rug on the floor.,64,1
2bb31b69-fcda-4f54-8338-f590944df999,What are the visible objects associated with the activity?,Playing cards and casual footwear are visible.,"Visible objects associated with the activity include a smartphone, a pair of boots, a pair of socks, a pair of glasses, a plant, and a piece of paper.",64,1
2bb31b69-fcda-4f54-8338-f590944df999,Does playing poker occur after picking cards?,Yes,"Yes, playing poker occurs after picking cards.",64,1
2bb31b69-fcda-4f54-8338-f590944df999,Are cards picked before reshuffling?,Yes,"Yes, cards are picked before reshuffling.",64,1
2bb31b69-fcda-4f54-8338-f590944df999,Is the poker card played after reshuffling?,Yes,"Yes, the poker card is played after being reshuffled.",64,1
2bb31b69-fcda-4f54-8338-f590944df999,What happens just before reshuffling the cards?,Picking the cards,"Just before reshuffling the cards, the person in the striped sweater and blue sleeves is seen holding a stack of cards and gesturing with their hands, possibly discussing the game or making a decision.",64,1
2bb31b69-fcda-4f54-8338-f590944df999,"In the video, is a card picked up before reshuffling the deck?",No,"Yes, a card is picked up before reshuffling the deck.",64,1
2bb31b69-fcda-4f54-8338-f590944df999,"In the video, does playing cards occur before picking any card from the deck?",No,"Yes, playing cards occurs before picking any card from the deck.",64,1
2bb31b69-fcda-4f54-8338-f590944df999,"In the video, what happens before reshuffling the cards?",Picking up the cards,"Before reshuffling the cards, the person in the striped sweater is seen holding a stack of cards and gesturing with their hands, possibly discussing the game or making a decision.",64,1
2bb31b69-fcda-4f54-8338-f590944df999,What takes place just after the cards are picked up?,Reshuffling the cards,"The cards are spread out on the rug, and the person in the striped sweater picks up a card from the spread.",64,1
2bb31b69-fcda-4f54-8338-f590944df999,What is done right after reshuffling the deck?,Playing poker cards,"After reshuffling the deck, the person deals cards from the deck.",64,1
2bb31b69-fcda-4f54-8338-f590944df999,What is the setting of the scene depicted?,The setting is inside a room with two individuals playing poker.,"The scene is set in a cozy living room with a patterned rug, a white shelf, a gray armchair, and a potted plant.",64,1
2bb31b69-fcda-4f54-8338-f590944df999,What objects are prominent in this scene?,Poker cards and hands are prominent in the scene.,"In the scene, there are several objects that stand out prominently:1. **Rug**: A large, patterned rug covers the floor, providing a colorful and textured base for the activities taking place.2. **Card Deck**: A deck of playing cards is visible, with some cards being dealt or arranged on the rug.3. **Phone**: A smartphone is being held by one of the individuals, displaying a blue screen with a circular loading icon, indicating that it is in use.4. **Shoes**: A pair of boots and a pair of slippers are scattered around the rug, suggesting a casual and relaxed environment.5. **Plant**: A potted plant is placed in the background, adding a touch of greenery to the room.6. **Furniture**: A gray armchair and a white shelf are visible, providing seating and storage options.7. **Paper**: A piece of paper with text on it is placed on the rug, possibly related to the activity or game being played.8. **Cup**: A white cup is also present, which might be used for drinking or as part of the game.9. **Legs and Feet**: The legs and feet of the individuals are visible, indicating that they are seated on the",64,1
2bb31b69-fcda-4f54-8338-f590944df999,Is there a card game being played in this video?,Yes.,"Yes, the video shows a card game being played. The individuals are seen handling cards, and there are multiple decks of cards spread out on the rug.",64,1
2bb31b69-fcda-4f54-8338-f590944df999,Does this video show a person dealing cards?,Yes.,"Yes, the video shows a person dealing cards as part of a card game.",64,1
2bb31b69-fcda-4f54-8338-f590944df999,Are the poker cards being reshuffled in this scene?,Yes.,"Yes, the poker cards are being reshuffled in this scene.",64,1
2bb31b69-fcda-4f54-8338-f590944df999,Did the card reshuffling occur before playing poker?,Yes.,"Yes, the card reshuffling occurred before playing poker.",64,1
2bb31b69-fcda-4f54-8338-f590944df999,Do I wear blue sleeves before the lady reads a card?,Yes.,"Yes, you wear blue sleeves before the lady reads a card.",64,1
2bb31b69-fcda-4f54-8338-f590944df999,Are poker cards spread on the carpet before organizing them into rows?,Yes.,"Yes, poker cards are spread out on the carpet before being organized into rows.",64,1
2bb31b69-fcda-4f54-8338-f590944df999,Is the picking of cards done before reshuffling?,No,"Yes, the picking of cards is done before reshuffling.",64,1
2bb31b69-fcda-4f54-8338-f590944df999,Is playing poker done after reshuffling cards?,Yes,"Yes, playing poker is done after reshuffling cards.",64,1
2bb31b69-fcda-4f54-8338-f590944df999,Does the reshuffling occur before arranging cards on the floor?,Yes,"Yes, the reshuffling occurs before arranging cards on the floor.",64,1
2bb31b69-fcda-4f54-8338-f590944df999,What takes place right before picking cards?,Sitting in the room,"A hand is seen holding a smartphone with a blue screen, possibly showing a game or app.",64,1
2bb31b69-fcda-4f54-8338-f590944df999,What activity is taking place in this clip?,Playing cards with a woman.,The activity taking place in this clip is a card game.,64,1
2bb31b69-fcda-4f54-8338-f590944df999,What is the setting of this scene?,Inside a house.,"The setting of this scene is a cozy living room with a patterned rug, a couch, a chair, and a potted plant.",64,1
2bb31b69-fcda-4f54-8338-f590944df999,What objects are prominently featured in this clip?,Cards and a carpet.,"The objects prominently featured in this clip include a smartphone, a pair of boots, a pair of socks, a piece of paper, and playing cards.",64,1
2bb31b69-fcda-4f54-8338-f590944df999,What is the atmosphere in this scene?,Casual indoor leisure.,"The atmosphere in this scene appears to be casual and relaxed. The individuals are engaged in a leisure activity, likely playing cards, as indicated by the presence of a deck of cards and the focused attention on the game. The setting is a home environment with personal items scattered around, suggesting a comfortable and informal gathering. The person in the foreground is wearing a colorful, striped sweater and glasses, and seems to be concentrating on the game. The lighting is warm and ambient, contributing to the cozy atmosphere.",64,1
2bb31b69-fcda-4f54-8338-f590944df999,Is there any interaction between the players?,"Yes, they are playing a game together.","Yes, there is interaction between the players as they engage in the card game.",64,1
2bb31b69-fcda-4f54-8338-f590944df999,Can you describe the table setup for the game?,Cards are spread out haphazardly on the carpet.,"The table setup for the game includes a patterned rug, a deck of cards, and a stack of money.",64,1
2bb31b69-fcda-4f54-8338-f590944df999,How are the players seated during the game?,They are sitting cross-legged on the floor.,The players are seated cross-legged on a patterned rug.,64,1
2bb31b69-fcda-4f54-8338-f590944df999,Did the game just start?,"No, it is in progress as cards are already spread out.","It appears that the game is in progress, as there are multiple decks of cards spread out on the floor and at least one person is actively engaged in playing. The exact stage of the game is not clear from the images provided, but it seems that the players are in the middle of a round or a hand.",64,1
2bb31b69-fcda-4f54-8338-f590944df999,Did reshuffling the cards happen before playing the poker cards?,Yes.,"Yes, the cards were reshuffled before playing the poker cards.",64,1
2bb31b69-fcda-4f54-8338-f590944df999,Did laying out the cards on the floor occur after sitting down?,Yes.,"Yes, laying out the cards on the floor occurred after sitting down.",64,1
2bb31b69-fcda-4f54-8338-f590944df999,Did the game of cards start after the cards were laid out?,Yes.,"Yes, the game of cards started after the cards were laid out.",64,1
2bb31b69-fcda-4f54-8338-f590944df999,Did I play cards before reshuffling them?,No,"It appears that you played cards before reshuffling them. The video shows a sequence where cards are dealt, and then later, the cards are being shuffled again. This suggests that a game was played and then the cards were reshuffled for another round or to start a new game.",64,1
2bb31b69-fcda-4f54-8338-f590944df999,Was the rug visible before I dealt the cards?,Yes,"Yes, the rug was visible before you dealt the cards.",64,1
2bb31b69-fcda-4f54-8338-f590944df999,Did I spread cards on the floor before sitting down?,Yes,"Yes, you spread cards on the floor before sitting down.",64,1
2bb31b69-fcda-4f54-8338-f590944df999,Were cards in my hand before reshuffling?,No,"Yes, before reshuffling, you had cards in your hand.",64,1
2bb31b69-fcda-4f54-8338-f590944df999,Was I seated before the cards were displayed face-up?,Yes,"Yes, you were seated before the cards were displayed face-up.",64,1
2bb31b69-fcda-4f54-8338-f590944df999,What happened just before playing cards?,Reshuffled the cards,"The person was sitting on the floor, holding a smartphone, and then placed it down to pick up a deck of cards.",64,1
2bb31b69-fcda-4f54-8338-f590944df999,What happened before reshuffling the cards?,Sat in the room,"Before reshuffling the cards, the person was seen holding a deck of cards and preparing to deal or shuffle them.",64,1
2bb31b69-fcda-4f54-8338-f590944df999,What did I do before spreading cards on the floor?,Reshuffled them,"Before spreading cards on the floor, you were sitting on the floor with a deck of cards in hand, seemingly preparing to play a card game. You were also holding a smartphone displaying a circular loading icon, which suggests you might have been checking something on the phone before starting the game.",64,1
2bb31b69-fcda-4f54-8338-f590944df999,What action took place before sitting down?,Entered the room,"Before sitting down, the person was standing and holding a smartphone.",64,1
2bb31b69-fcda-4f54-8338-f590944df999,What activity is being performed in the scene?,Playing cards is the activity.,The activity being performed in the scene is playing cards.,64,1
2bb31b69-fcda-4f54-8338-f590944df999,How many individuals are participating in the activity?,Two individuals are participating.,Two individuals are participating in the activity.,64,1
2bb31b69-fcda-4f54-8338-f590944df999,Can you describe the setting of the video clip?,"The setting is indoors, on the floor with a rug.","The video takes place in a cozy living room with a patterned rug, a white shelf with various items, a gray armchair, and a potted plant. The room is cluttered with items like a pair of boots, a pink bag, and a white cup.",64,1
2bb31b69-fcda-4f54-8338-f590944df999,What is the gender composition of the participants?,One male and one female are participating.,"The video shows two participants, one female and one male.",64,1
2bb31b69-fcda-4f54-8338-f590944df999,How are the participants positioned in the clip?,They are sitting on the floor.,"The participants are seated on the floor, with one person holding a smartphone and the other person holding a deck of cards.",64,1
2bb31b69-fcda-4f54-8338-f590944df999,Describe the interaction between the individuals.,They are engaged in a card game.,"The video depicts a casual indoor setting where two individuals are engaged in a card game. The person on the left, wearing a multicolored sweater and striped socks, is seated on the floor with a patterned rug beneath them. They are holding a deck of cards and appear to be dealing or organizing them. The person on the right, dressed in a blue top and dark pants, is also seated on the floor, holding a smartphone and interacting with the cards. The environment includes a living room with a couch, a chair, and various items scattered around, such as a pink cup, a pair of boots, and some papers. The interaction between the individuals involves card handling, possibly discussing the game, and the use of a smartphone, which might be for communication or game-related purposes. The atmosphere is relaxed and informal, suggesting a friendly or familial relationship between the two.",64,1
2bb31b69-fcda-4f54-8338-f590944df999,Are there any other objects involved in the action?,"Yes, a deck of cards is involved.","Yes, there are other objects involved in the action. The person is holding a smartphone, and there are stacks of cash and playing cards on the mat.",64,1
2bb31b69-fcda-4f54-8338-f590944df999,Is there a competitive activity occurring in the video?,Yes.,"Yes, there is a competitive activity occurring in the video as the individuals are playing a card game.",64,1
2bb31b69-fcda-4f54-8338-f590944df999,Is there a visible winner in the card game?,No.,"No, there is no visible winner in the card game as the video only shows the progression of the game.",64,1
2bb31b69-fcda-4f54-8338-f590944df999,Did I pick up a card before shuffling the deck?,No,"The video does not provide information about you picking up a card before shuffling the deck. It shows a person shuffling a deck of cards, but it does not mention any interaction with the cards by someone else.",64,1
2bb31b69-fcda-4f54-8338-f590944df999,Was the woman seen holding cards before I laid mine on the floor?,Yes,"Yes, the woman was seen holding cards before you laid your cards on the floor.",64,1
2bb31b69-fcda-4f54-8338-f590944df999,Did I deal cards to the woman before sitting down?,No,"Yes, before sitting down, you dealt cards to the woman.",64,1
2bb31b69-fcda-4f54-8338-f590944df999,Did the woman adjust her glasses before smiling at me?,Yes,"Yes, the woman adjusted her glasses before smiling at the camera.",64,1
2bb31b69-fcda-4f54-8338-f590944df999,Was the woman's sock visible before she crossed her legs?,Yes,"Yes, the woman's sock was visible before she crossed her legs.",64,1
2bb31b69-fcda-4f54-8338-f590944df999,What did the woman do before looking at her hand of cards?,She crossed her legs,She was holding a cup and looking at the cards in her hand.,64,1
2bb31b69-fcda-4f54-8338-f590944df999,What occurred before the woman adjusted her glasses?,She held her cards,"Before the woman adjusted her glasses, she was sitting on the floor with a patterned rug, holding a smartphone, and interacting with someone off-camera.",64,1
2bb31b69-fcda-4f54-8338-f590944df999,What action took place before I dealt the cards?,I picked up the deck,"Before dealing the cards, the person was holding a smartphone and looking at it, possibly checking something on the screen.",64,1
2bb31b69-fcda-4f54-8338-f590944df999,"In the video, is the poker game started before reshuffling the cards?",No,"No, the poker game is not started before reshuffling the cards.",64,1
2bb31b69-fcda-4f54-8338-f590944df999,"In the sequence, does the lady pick up her cards before the cards are laid out on the floor?",Yes,"No, the lady does not pick up her cards before the cards are laid out on the floor.",64,1
2bb31b69-fcda-4f54-8338-f590944df999,"In the clip, do the cards get scattered on the table before being picked up?",Yes,"Yes, the cards are scattered on the table before being picked up.",64,1
2bb31b69-fcda-4f54-8338-f590944df999,Does the video show the lady with cards in hand before the cards are shuffled?,No,"Yes, the video shows the lady with cards in hand before the cards are shuffled.",64,1
2bb31b69-fcda-4f54-8338-f590944df999,What occurs just before the lady picks up her cards?,Cards are laid out on the floor,"Just before the lady picks up her cards, she is seen holding a smartphone and looking at it while sitting on the floor.",64,1
2bb31b69-fcda-4f54-8338-f590944df999,"In the video, what happens before the cards are reshuffled?",A round of poker is played,"Before the cards are reshuffled, the person in the striped sweater is seen holding a smartphone, possibly checking something on the screen, while the other person is seen holding a deck of cards, seemingly preparing to shuffle them.",64,1
2bb31b69-fcda-4f54-8338-f590944df999,What event happens before the cards get scattered on the table?,The lady picks up her cards,"Before the cards get scattered on the table, the person in the striped sweater is seen holding a deck of cards and appears to be in the process of dealing or shuffling them.",64,1
2bb31b69-fcda-4f54-8338-f590944df999,What do we see happening before the cards are laid out on the floor?,Reshuffling of cards,"Before the cards are laid out on the floor, we see a person holding a smartphone displaying a circular loading icon, indicating that they are either waiting for something to load or are in the process of loading something.",64,1
2bb31b69-fcda-4f54-8338-f590944df999,What action takes place before the poker game starts?,Cards are reshuffled,"Before the poker game starts, the person in the striped sweater shuffles the deck of cards and deals them out.",64,1
2bb31b69-fcda-4f54-8338-f590944df999,What is the setting of this video clip?,I played cards with a woman inside a house.,"The setting of the video clip is a cozy living room with a patterned rug, a white shelf with various items, a green plant, and a gray armchair.",64,1
2bb31b69-fcda-4f54-8338-f590944df999,How many people are involved in the scene?,Two people are involved in the scene.,There are two people involved in the scene.,64,1
2bb31b69-fcda-4f54-8338-f590944df999,Is there a competitive element visible here?,"Yes, the card game implies a competitive interaction.","Yes, there is a competitive element visible in the video. The individuals are engaged in a card game, which typically involves strategy and competition. They are seen organizing their cards, making moves, and possibly competing against each other to win the game.",64,1
2bb31b69-fcda-4f54-8338-f590944df999,Did the individuals rearrange the furniture for playing?,No.,"Yes, the individuals rearranged the furniture to create space for playing.",64,1
2bb31b69-fcda-4f54-8338-f590944df999,Did someone draw a card in the clip?,Yes.,"Yes, someone drew a card in the clip.",64,1
2bb31b69-fcda-4f54-8338-f590944df999,Did the scene involve any form of digital technology?,No.,"Yes, the scene involved a smartphone being used by one of the individuals.",64,1
2bb31b69-fcda-4f54-8338-f590944df999,Did the people appear to be outdoors?,No.,"No, the people appeared to be indoors.",64,1
2bb31b69-fcda-4f54-8338-f590944df999,"In the video, did the shoe appear before the card deck on the carpet?",Yes,"No, the shoe appeared after the card deck on the carpet.",64,1
2bb31b69-fcda-4f54-8338-f590944df999,Was the hand holding cards before the bottle was seen?,Yes,"Yes, the hand holding cards was visible before the bottle was seen.",64,1
2bb31b69-fcda-4f54-8338-f590944df999,"In the clip, did the playing of cards happen before the plant was visible?",No,"No, the playing of cards did not happen before the plant was visible. The plant was visible in the background while the cards were being played.",64,1
2bb31b69-fcda-4f54-8338-f590944df999,What is shown before the bottle on the left side of the frame?,Cards on the floor,A colorful rug with intricate patterns is shown before the bottle on the left side of the frame.,64,1
2bb31b69-fcda-4f54-8338-f590944df999,What do you see before the plant in the video's background?,A sofa,"Before the plant in the video's background, there is a gray armchair and a black shelf with various items on it.",64,1
2bb31b69-fcda-4f54-8338-f590944df999,Was the rug straightened before I sat down to play?,No.,"Yes, the rug was straightened before you sat down to play.",64,1
2bb31b69-fcda-4f54-8338-f590944df999,Did I touch my foot before picking more cards from the pile?,No.,"Yes, you touched your foot before picking more cards from the pile.",64,1
2bb31b69-fcda-4f54-8338-f590944df999,Were the cards spread out on the rug before the game started?,No.,"Yes, the cards were spread out on the rug before the game started.",64,1
2bb31b69-fcda-4f54-8338-f590944df999,Did I pick a card from my hand before the woman looked at hers?,Yes.,The video does not provide information about you picking a card from your hand before the woman looked at hers. The focus is on the card game and the interactions between the players.,64,1
2bb31b69-fcda-4f54-8338-f590944df999,What occurs just before I look at my cards?,I pick them up.,"Just before looking at my cards, the person in the video is seen holding a smartphone, possibly checking something on the screen.",64,1
2bb31b69-fcda-4f54-8338-f590944df999,What action takes place before the game begins?,Sitting down on the rug.,"Before the game begins, the person in the striped sweater shuffles the deck of cards and deals them out.",64,1
2bb31b69-fcda-4f54-8338-f590944df999,What happens before more cards are picked from the pile?,Playing a round of cards.,"Before more cards are picked from the pile, the person in the striped sweater picks up a card from the pile and examines it.",64,1
2bb31b69-fcda-4f54-8338-f590944df999,What activity takes place in this scene?,Playing cards in the house.,"The scene depicts two individuals engaged in a card game. One person is holding a smartphone, possibly recording the game or looking up rules, while the other is handling the cards. They are seated on a patterned rug in a casual indoor setting with a couch, a potted plant, and various household items in the background. The atmosphere appears relaxed and recreational, suggesting a leisurely activity among friends or family.",64,1
2bb31b69-fcda-4f54-8338-f590944df999,Where are the individuals in this scene?,Inside a house.,The individuals are in a living room.,64,1
2bb31b69-fcda-4f54-8338-f590944df999,What objects are central in this scenario?,Cards on the floor.,The central objects in this scenario are the playing cards and the smartphone.,64,1
2bb31b69-fcda-4f54-8338-f590944df999,How is the room in the clip furnished?,There's a bookshelf and a couch.,"The room is furnished with a gray armchair, a patterned rug, and a potted plant.",64,1
2bb31b69-fcda-4f54-8338-f590944df999,What action is the person opposite performing?,Holding and presumably playing cards.,"The person opposite is holding a smartphone and appears to be interacting with it, possibly taking a photo or video of the cards.",64,1
2bb31b69-fcda-4f54-8338-f590944df999,What seems to be the immediate action captured in the frame?,Dealing or picking up cards.,"The immediate action captured in the frame is the person in the striped sweater and blue jeans holding a smartphone, possibly taking a photo or video of the cards.",64,1
2bb31b69-fcda-4f54-8338-f590944df999,What can be said about the card game's progression?,It looks mid-game with several cards played.,"The card game's progression is evident through the changing positions of the cards on the mat, with some cards being laid out in a specific order, indicating the progression of the game.",64,1
2bb31b69-fcda-4f54-8338-f590944df999,Is there a card game occurring?,Yes.,"Yes, the video shows two individuals playing a card game on a patterned rug. One person is holding a hand of cards and appears to be in the process of playing or explaining the game, while the other person is also holding cards and seems to be participating in the game. The setting suggests a casual, indoor environment, possibly a living room, with various items scattered around, indicating a relaxed and informal atmosphere.",64,1
2bb31b69-fcda-4f54-8338-f590944df999,Is there more than one participant in the game?,Yes.,"Yes, there are at least two participants in the game.",64,1
2bb31b69-fcda-4f54-8338-f590944df999,Have any cards been laid out on the floor?,Yes.,"Yes, there are several cards laid out on the floor.",64,1
2bb31b69-fcda-4f54-8338-f590944df999,Is the activity taking place indoors?,Yes.,Yes.,64,1
2bb31b69-fcda-4f54-8338-f590944df999,Does it appear to be a formal card-playing setting?,No.,"No, it does not appear to be a formal card-playing setting. The environment is casual, with a lived-in and somewhat cluttered appearance, and the participants are dressed in casual clothing.",64,1
2bb31b69-fcda-4f54-8338-f590944df999,Was the rug visible before I started playing cards?,Yes.,"Yes, the rug was visible before you started playing cards.",64,1
2bb31b69-fcda-4f54-8338-f590944df999,Did the plant appear in the frame before the game began?,Yes.,"No, the plant appeared in the frame after the game began.",64,1
2bb31b69-fcda-4f54-8338-f590944df999,What happens before I sit on the floor?,The setting of the room is displayed.,"Before sitting on the floor, the person is seen standing and holding a smartphone. They appear to be in a room with a patterned rug on the floor, a sofa, and a chair in the background. The person is wearing a striped sweater and dark pants. They seem to be looking at the smartphone screen, possibly checking something on it. The room has a cozy feel with various items scattered around, including a pair of boots, a pink item, and some papers or cards on the floor. The person then sits down on the patterned rug, still holding the smartphone, and continues to look at the screen.",64,1
2bb31b69-fcda-4f54-8338-f590944df999,"In the video, does the arrangement of cards on the floor change before a new card is drawn?",No,"Yes, the arrangement of cards on the floor changes as new cards are drawn.",64,1
2bb31b69-fcda-4f54-8338-f590944df999,"In the video, is the heart card shown before a player picks more cards?",Yes,"Yes, the heart card is shown before a player picks more cards.",64,1
2bb31b69-fcda-4f54-8338-f590944df999,Does the woman put down a card before all cards are laid out?,Yes,"Yes, the woman puts down a card before all cards are laid out.",64,1
2bb31b69-fcda-4f54-8338-f590944df999,What occurs just before a new card is drawn from the deck?,Players examine their cards,A hand reaches for a card from the deck.,64,1
2bb31b69-fcda-4f54-8338-f590944df999,"In the video sequence, what do we see happening before the cards are spread out?",A card is being placed down,"Before the cards are spread out, we see a person holding a smartphone with a blue screen, another person sitting on the floor with a patterned rug, and a third person holding a deck of cards.",64,1
2bb31b69-fcda-4f54-8338-f590944df999,What takes place right before more cards are picked from the deck?,The woman sorts her cards,The person in the striped sweater picks up a card from the deck.,64,1
af400f98-3c57-46ad-acac-eaca6f940180,What location is shown in the video frame?,It shows a road.,The video shows a street scene with a person walking on the pavement.,64,1
af400f98-3c57-46ad-acac-eaca6f940180,Are there other people present in this scene?,"Yes, people are present.","Yes, there are other people present in the scene. The video shows a group of individuals walking together, with some wearing patterned clothing and others in darker attire.",64,1
af400f98-3c57-46ad-acac-eaca6f940180,Is the environment urban or rural?,The environment appears to be urban.,"The environment appears to be urban, as indicated by the presence of a sidewalk, street, and vehicles.",64,1
af400f98-3c57-46ad-acac-eaca6f940180,Is the road busy or empty?,The road is busy with movement.,"The road is mostly empty, with only a few vehicles and pedestrians visible.",64,1
af400f98-3c57-46ad-acac-eaca6f940180,What is the weather like in the scene?,The weather information is not provided.,The weather appears to be clear and dry.,64,1
af400f98-3c57-46ad-acac-eaca6f940180,Who is walking in this clip?,I am walking along the road.,"The clip shows a person walking on a paved surface, possibly a street or a sidewalk. The person is wearing a patterned dress and red shoes. The video is taken from a first-person perspective, so we can see the person's feet and part of their lower body as they walk.",64,1
af400f98-3c57-46ad-acac-eaca6f940180,What is the camera angle capturing?,The camera angle captures from the walker's perspective.,The camera angle is capturing the ground and the feet of the person walking.,64,1
af400f98-3c57-46ad-acac-eaca6f940180,Is there interaction with the passerby?,No interaction is mentioned or shown.,"The video shows a person walking on a sidewalk at night, with another individual in the foreground. The person in the foreground is wearing a striped shirt and jeans, and the person in the background is wearing a patterned dress and red shoes. There is no direct interaction between the two individuals, but they are walking in close proximity to each other. The video does not show any significant interaction between the passerby and the person in the foreground.",64,1
af400f98-3c57-46ad-acac-eaca6f940180,Do any vehicles pass by closely?,"The summary indicates vehicles move past, but closeness isn't specified.","Yes, a motorbike passes by closely.",64,1
af400f98-3c57-46ad-acac-eaca6f940180,Is there an accident occurring in the video?,"No, no accident is mentioned.","No, there is no accident occurring in the video. The video shows a person walking on a sidewalk at night, with no indication of an accident.",64,1
af400f98-3c57-46ad-acac-eaca6f940180,Is there any construction work shown in the video?,"No, no construction is mentioned.","No, there is no construction work shown in the video.",64,1
af400f98-3c57-46ad-acac-eaca6f940180,Does the video frame show clear skies?,The video frame does not provide this information.,"No, the video frame shows a dark sky, indicating it might be evening or night.",64,1
af400f98-3c57-46ad-acac-eaca6f940180,What is the main event depicted in this video clip?,A walk on the road with a woman and interactions with passersby.,"The main event depicted in this video clip is a person walking down a street, holding a plastic bag, and interacting with another individual who is also holding a plastic bag. The video captures the movement and interaction between the two individuals as they walk along the street.",64,1
af400f98-3c57-46ad-acac-eaca6f940180,Which location is primarily featured in this video clip?,The video clip features a road.,The video primarily features a dirt path with patches of grass and a few scattered leaves.,64,1
af400f98-3c57-46ad-acac-eaca6f940180,How many main subjects are involved in this video scenario?,"Two main subjects, a man and a woman.","There are three main subjects involved in this video scenario: the person holding the camera, the person in the striped shirt, and the person in the patterned dress.",64,1
af400f98-3c57-46ad-acac-eaca6f940180,Are there other individuals present in this video scene besides the subjects?,"Yes, there are passersby present.","Yes, there are other individuals present in the video scene.",64,1
af400f98-3c57-46ad-acac-eaca6f940180,What actions are shown in these new frames?,A person is seen walking and reaching out to others.,"The new frames depict a first-person perspective of walking down a path. The person is wearing a striped shirt and jeans, and is carrying a white plastic bag. The ground appears to be a mix of dirt and patches of grass. The person's hand is visible, holding the plastic bag. In the background, there are other individuals walking, some of whom are also carrying bags. The environment suggests a rural or semi-rural setting with vegetation on the sides of the path. The lighting indicates it might be late afternoon or early evening.",64,1
af400f98-3c57-46ad-acac-eaca6f940180,Is there any communication depicted in the clip?,"Yes, there is interaction with passersby.","Yes, there is a moment where the person in the striped shirt reaches out to the person in the patterned dress, possibly indicating a gesture of assistance or communication.",64,1
af400f98-3c57-46ad-acac-eaca6f940180,Can you describe the physical posture in this frame?,The person's arm is extended forward as if reaching out.,"The person is walking on a paved path, with their right hand slightly raised and their left hand holding a white plastic bag. The person is wearing blue jeans and black shoes. The ground is wet, indicating recent rain, and there are puddles and patches of grass on the sides of the path. The person is moving forward, and the camera is attached to their body, capturing their feet and the ground in front of them.",64,1
af400f98-3c57-46ad-acac-eaca6f940180,Are the movements in the video leisurely or hurried?,They appear leisurely.,"The movements in the video are leisurely, as indicated by the casual pace of walking and the relaxed posture of the individuals.",64,1
af400f98-3c57-46ad-acac-eaca6f940180,Does the person in the video come into physical contact with others?,It is implied but not visible.,"No, the person in the video does not come into physical contact with others.",64,1
af400f98-3c57-46ad-acac-eaca6f940180,Is the person in the video engaging in a conversation?,Yes.,"No, the person in the video is not engaging in a conversation.",64,1
af400f98-3c57-46ad-acac-eaca6f940180,Does the person walk on a grassy path in the video?,No.,No.,64,1
af400f98-3c57-46ad-acac-eaca6f940180,Does the person in the video interact with more than one passerby?,Yes.,"Yes, the person in the video interacts with more than one passerby, including a person in a blue and brown patterned dress and another person in black pants and red shoes.",64,1
af400f98-3c57-46ad-acac-eaca6f940180,What is the setting of this video clip?,It's on a road with a person walking and interacting with a woman.,"The setting of the video clip is an outdoor environment with a dirt path, greenery, and a parked motorcycle.",64,1
af400f98-3c57-46ad-acac-eaca6f940180,Is there any physical contact between the two individuals?,No.,"No, there is no physical contact between the two individuals.",64,1
af400f98-3c57-46ad-acac-eaca6f940180,Did the person in the video stop walking while interacting?,No.,"No, the person in the video continued walking while interacting with the person in the striped shirt.",64,1
af400f98-3c57-46ad-acac-eaca6f940180,Is the communication friendly and non-threatening?,Yes.,Yes,64,1
af400f98-3c57-46ad-acac-eaca6f940180,"In the video, do I interact with some passersby before walking with the woman on the road?",No,"Yes, in the video, you interact with a person wearing a blue and white patterned dress and black shoes before walking with the woman on the road.",64,1
af400f98-3c57-46ad-acac-eaca6f940180,"In the video, do I walk alone on the road before interacting with a woman?",Yes,"Yes, you walk alone on the road before interacting with a woman.",64,1
af400f98-3c57-46ad-acac-eaca6f940180,What do I do just before interacting with the woman on the road in the video?,Walk alone,"Just before interacting with the woman on the road, you are seen walking on a paved path with a grassy area to the side. You are holding a white plastic bag in your right hand and a mobile phone in your left hand. The woman is wearing a long dress with a pattern and red shoes. The path leads to a gate with a metal fence, and there is a parked motorcycle visible in the background. The scene suggests a casual, possibly urban setting, and the interaction with the woman appears to be friendly and non-threatening.",64,1
20bc995f-c3de-4789-bd7a-34cf1a313b0c,Who is involved in the scene?,A man and some girls.,A man wearing a blue and white striped shirt is involved in the scene.,64,1
20bc995f-c3de-4789-bd7a-34cf1a313b0c,What activity is taking place?,Food preparation.,"The video shows a person standing near a food stall or cart, likely in an outdoor setting at night. The person is wearing a plaid shirt and has a backpack. The environment suggests a street food scene, with various food items and cooking equipment visible. The person appears to be interacting with the food stall, possibly ordering or preparing food. The video captures the bustling atmosphere of a street food market, with various activities such as cooking, serving, and eating.",64,1
20bc995f-c3de-4789-bd7a-34cf1a313b0c,What can be seen on the table in the scene?,Ingredients and cooking utensils.,"The table is cluttered with various items, including a large metal bowl with a mixture of ingredients, a smaller bowl with chopped onions, and a large metal container with a dark liquid.",64,1
20bc995f-c3de-4789-bd7a-34cf1a313b0c,What is the camera wearer doing with the spoon?,Cooking food.,The camera wearer is using the spoon to scoop food from a large metal bowl.,64,1
20bc995f-c3de-4789-bd7a-34cf1a313b0c,What can be assumed about the pace of the activity?,It is fast-paced.,"The activity is fast-paced, as indicated by the blurred motion in the video.",64,1
20bc995f-c3de-4789-bd7a-34cf1a313b0c,Does the video show any monetary transaction?,No.,"Yes, the video shows a QR code on a sign, which is typically used for digital payments.",64,1
20bc995f-c3de-4789-bd7a-34cf1a313b0c,Is the food prepared for a large group?,Yes.,"Yes, the food is prepared for a large group as indicated by the large quantity of food items and the presence of multiple people in the background.",64,1
20bc995f-c3de-4789-bd7a-34cf1a313b0c,Does the camera wearer handle more than one dish?,Yes.,"Yes, the camera wearer handles multiple dishes, including a bowl of chopped onions and a plate of fried snacks.",64,1
20bc995f-c3de-4789-bd7a-34cf1a313b0c,What is the setting in this video clip?,A food tent with servings of food.,"The setting in this video clip is a street food stall at night, with various food items and cooking equipment visible.",64,1
20bc995f-c3de-4789-bd7a-34cf1a313b0c,Is the person serving food to more than one person?,Yes.,"Yes, the person is serving food to multiple customers.",64,1
20bc995f-c3de-4789-bd7a-34cf1a313b0c,Is there a pot included in the food items being served?,Yes.,Yes.,64,1
20bc995f-c3de-4789-bd7a-34cf1a313b0c,Is the setting of this video during a nighttime event?,Yes.,Yes.,64,1
20bc995f-c3de-4789-bd7a-34cf1a313b0c,Is the food made for a man and some girls before serving food under the tent?,Yes,"The video does not provide information about the food being made for a man and some girls before serving food under the tent. It shows a person preparing food, but it does not specify the gender of the individuals involved.",64,1
20bc995f-c3de-4789-bd7a-34cf1a313b0c,What is the setting of the video clip?,At a roadside food stall.,"The setting of the video clip is a street food stall at night, with various food items and utensils visible.",64,1
20bc995f-c3de-4789-bd7a-34cf1a313b0c,Who is the main person interacting with others in the scene?,A food stall vendor.,The main person interacting with others in the scene is a woman wearing a pink top.,64,1
20bc995f-c3de-4789-bd7a-34cf1a313b0c,What type of interaction occurs between the vendor and customers?,Serving food and conversing.,"The vendor interacts with customers by serving them food, taking orders, and engaging in conversation.",64,1
20bc995f-c3de-4789-bd7a-34cf1a313b0c,How is the stall vendor engaging with the customers besides serving food?,Talking with them.,"The stall vendor is engaging with customers by serving food, interacting with them, and managing the stall.",64,1
20bc995f-c3de-4789-bd7a-34cf1a313b0c,Is the vendor wearing gloves while handling food?,No.,"No, the vendor is not wearing gloves while handling food.",64,1
20bc995f-c3de-4789-bd7a-34cf1a313b0c,Does the video show a customer receiving change after payment?,No.,"Yes, the video shows a customer receiving change after payment.",64,1
20bc995f-c3de-4789-bd7a-34cf1a313b0c,Is there any interaction between the customers in the frame?,No.,"Yes, there is interaction between the customers. The video shows people standing around the stall, some holding food, and others waiting to be served.",64,1
20bc995f-c3de-4789-bd7a-34cf1a313b0c,Does the stall have a digital payment option displayed?,Yes.,Yes.,64,1
20bc995f-c3de-4789-bd7a-34cf1a313b0c,Does the interaction with woman B happen before serving to woman C?,Yes,"Yes, the interaction with woman B happens before serving to woman C.",64,1
20bc995f-c3de-4789-bd7a-34cf1a313b0c,Do I serve food to a group of people before the roadside food stall scene?,No,"No, the video does not show you serving food to a group of people before the roadside food stall scene. The food stall scene is the first part of the video where food is being served.",64,1
20bc995f-c3de-4789-bd7a-34cf1a313b0c,"In the video, did I serve food under the tent before talking to man A at the stand?",No,"Yes, you served food under the tent before talking to man A at the stand.",64,1
20bc995f-c3de-4789-bd7a-34cf1a313b0c,"In the video, does serving pani puri occur before making food for the man and girls?",Yes,"No, serving pani puri occurs after making food for the man and girls.",64,1
20bc995f-c3de-4789-bd7a-34cf1a313b0c,"What happens before interacting with woman A, B, and C at the roadside stall?",I serve food to a group of people.,"Before interacting with woman A, B, and C at the roadside stall, the person is seen holding a smartphone and interacting with the food stall, possibly placing an order or waiting for their food.",64,1
20bc995f-c3de-4789-bd7a-34cf1a313b0c,Describe the setting of this video clip.,A roadside food stall at night.,"The video takes place at a street food stall during the evening or night, as indicated by the artificial lighting and the dark surroundings. The stall is set up with various food items, including a large metal bowl filled with a mixture of vegetables and spices, a smaller bowl with a yellowish liquid, and a large pot with a lid. The background shows a busy street with people walking by and a few parked motorcycles. The person in the video is wearing a pink shirt and is seen interacting with the food, possibly preparing or serving it. The video also shows a person in a blue shirt holding a phone and another person in a green shirt standing near the stall. The video concludes with a view of the street and the surrounding area, showing more people and motorcycles.",64,1
20bc995f-c3de-4789-bd7a-34cf1a313b0c,Could you summarize the depicted scenario?,A person serving and conversing at a food stall.,"The video begins with a view of a street food stall at night, featuring a variety of food items and a person standing nearby. The scene transitions to a close-up of a person wearing a pink shirt, standing in front of the stall, with a focus on the food being prepared. The camera then pans to show more of the stall, including a large metal bowl filled with a yellowish mixture, possibly a curry or soup, and a smaller bowl with a greenish mixture, likely a chutney or condiment. The person in the pink shirt is seen interacting with the food, possibly preparing or serving it.The video continues with a close-up of the person in the pink shirt, who is seen handling the food in the large metal bowl. The camera then shifts to show more of the stall, including the smaller bowl with the greenish mixture and a person in a green shirt standing nearby. The scene transitions to a view of the street at night, with people walking by and a person in a blue shirt holding a phone. The camera then pans to show more of the street, including a person in a pink shirt standing near the stall and a person in a green shirt walking away.The video progresses with a view of the street at night, showing people walking by",64,1
20bc995f-c3de-4789-bd7a-34cf1a313b0c,Did the vendor converse with two individuals?,Yes.,"Yes, the vendor conversed with two individuals, one wearing a blue shirt and the other in a black shirt with a graphic design.",64,1
20bc995f-c3de-4789-bd7a-34cf1a313b0c,"In the sequence, is food served at the roadside stall before the food tent?",No,"Yes, food is served at the roadside stall before the food tent.",64,1
20bc995f-c3de-4789-bd7a-34cf1a313b0c,What scene is captured in the video clip?,A food stand with cooking in progress.,"The video captures a bustling street food scene at night, featuring a food stall with various dishes, people interacting, and a person walking away from the stall.",64,1
20bc995f-c3de-4789-bd7a-34cf1a313b0c,What's the brief of the depicted scenario?,Food preparation at a stand with a customer waiting.,"The video depicts a street food vendor's stall at night, showcasing the preparation and serving of various dishes. The vendor is seen handling food, including what appears to be a type of curry or stew, and serving it into small bowls. The environment is bustling with activity, and the vendor interacts with customers, including a person in a pink shirt who is seen holding a bowl of food. The scene is illuminated by artificial lighting, and the background reveals a busy street with other vendors and pedestrians. The video captures the vibrant and dynamic atmosphere of a street food market, highlighting the culinary offerings and the interactions between the vendor and customers.",64,1
20bc995f-c3de-4789-bd7a-34cf1a313b0c,Does the scene capture a customer receiving their order?,No.,"Yes, the scene captures a customer receiving their order, as indicated by the person in a blue shirt holding a small container with food and interacting with the vendor.",64,1
20bc995f-c3de-4789-bd7a-34cf1a313b0c,Is there any indication of a payment transaction in the video?,No.,"Yes, there is a QR code visible on the stall, suggesting a payment transaction.",64,1
20bc995f-c3de-4789-bd7a-34cf1a313b0c,Does the video show the cook finishing the dish?,No.,"Yes, the video shows the cook finishing the dish by scooping the prepared food into a bowl.",64,1
20bc995f-c3de-4789-bd7a-34cf1a313b0c,Is the cook multitasking between cooking and another activity?,Yes.,"Yes, the cook is multitasking between cooking and using a mobile phone.",64,1
20bc995f-c3de-4789-bd7a-34cf1a313b0c,Does the cook appear to be preparing food for more than one person?,Yes.,"Yes, the cook appears to be preparing food for more than one person as they are seen handling multiple items and interacting with customers.",64,1
20bc995f-c3de-4789-bd7a-34cf1a313b0c,Did the discussion with man X and man Y happen before serving woman Z?,No,"No, the discussion with man X and man Y happened after serving woman Z.",64,1
20bc995f-c3de-4789-bd7a-34cf1a313b0c,What event happened before the phone conversation?,Serving a different customer,"Before the phone conversation, the person was standing near the food stall, holding a phone, and interacting with the vendor.",64,1
20bc995f-c3de-4789-bd7a-34cf1a313b0c,Was food made for woman A after the interaction with woman B?,Yes,"Yes, food was made for woman A after the interaction with woman B.",64,1
20bc995f-c3de-4789-bd7a-34cf1a313b0c,Did the phone conversation occur before discussing with man Y?,Yes,"The video does not provide a clear sequence of events to determine if the phone conversation occurred before discussing with man Y. The scenes show a person engaged in a phone conversation, but it is not specified whether this conversation took place before or after the interaction with man Y.",64,1
20bc995f-c3de-4789-bd7a-34cf1a313b0c,What is seen happening before making food for man B?,Talked on the phone,"Before making food for man B, the video shows a person in a pink shirt standing near a stall with various food items, including a large metal bowl with a dark liquid, a plate with a mixture of vegetables, and a large metal container with a lid. The person is holding a small object in their hand, possibly a phone or a small container. The scene is set at night, with artificial lighting illuminating the area. The person appears to be preparing or arranging the food items on the stall.",64,1
20bc995f-c3de-4789-bd7a-34cf1a313b0c,What took place just before making food for woman A?,Talked on the phone,"The video shows a person in a pink shirt standing near a stall with a variety of food items, including a large metal container and a plate with a colorful mixture of ingredients. The person appears to be preparing or arranging the food.",64,1
20bc995f-c3de-4789-bd7a-34cf1a313b0c,What is the location of the scene in the video?,The location is at a food stand.,The scene is set at a street food stall during the evening or night.,64,1
20bc995f-c3de-4789-bd7a-34cf1a313b0c,How many customers are being interacted with?,Three customers are being interacted with.,"At least two customers are being interacted with, one in a blue shirt and another in a red shirt.",64,1
20bc995f-c3de-4789-bd7a-34cf1a313b0c,Does the frame show the server handing pani puris to a customer?,Yes.,"Yes, the frame shows the server handing pani puris to a customer.",64,1
20bc995f-c3de-4789-bd7a-34cf1a313b0c,Is the shown frame depicting an indoor activity?,No.,No.,64,1
20bc995f-c3de-4789-bd7a-34cf1a313b0c,Does the video involve interaction between the server and customers?,Yes.,"Yes, the video shows the server interacting with customers, including serving food and handling transactions.",64,1
20bc995f-c3de-4789-bd7a-34cf1a313b0c,Is the phone conversation happening before making food for woman A?,Yes,"No, the phone conversation is happening after making food for woman A.",64,1
20bc995f-c3de-4789-bd7a-34cf1a313b0c,Does man Z get served before the phone conversation starts?,No,"Yes, man Z is seen getting served before the phone conversation starts.",64,1
20bc995f-c3de-4789-bd7a-34cf1a313b0c,"In the video, is the interaction with man X and Y before the food preparation for woman A and man B?",No,"No, the interaction with man X and Y is after the food preparation for woman A and man B.",64,1
20bc995f-c3de-4789-bd7a-34cf1a313b0c,Do I talk to man Z before making food for woman A and man B?,No.,"The video does not provide information about whether you talked to man Z before making food for woman A and man B. The video focuses on the food preparation process and the interactions of the individuals at the stall, but it does not include any dialogue or interactions between the individuals.",64,1
20bc995f-c3de-4789-bd7a-34cf1a313b0c,Is the food prepared for woman Z before the interaction with man Z?,Yes.,"Yes, the food is prepared for woman Z before the interaction with man Z.",64,1
20bc995f-c3de-4789-bd7a-34cf1a313b0c,What do I do before making food for woman A and man B?,Talking on the phone.,"The video shows a street food vendor preparing and serving food to customers. Before making food for woman A and man B, the vendor would typically:1. Prepare the ingredients: The vendor would ensure that all the necessary ingredients for the dish they are preparing are ready and in the right quantities.2. Set up the cooking area: The vendor would make sure the cooking area is clean and organized, with all the necessary utensils and equipment within reach.3. Cook the food: The vendor would start cooking the food, following the recipe or method they are using to prepare the dish.4. Serve the food: Once the food is cooked, the vendor would serve it to the customers, ensuring it is presented in a way that is appealing and hygienic.5. Engage with customers: The vendor might interact with the customers, taking orders, answering questions, and providing a pleasant experience.6. Clean up: After serving the food, the vendor would clean up the area, disposing of any waste and ensuring everything is tidy.Please note that the specific steps can vary depending on the type of food being prepared and the local customs and regulations.",64,1
20bc995f-c3de-4789-bd7a-34cf1a313b0c,How many individuals does the camera wearer interact with?,Three individuals.,"The camera wearer interacts with at least two individuals, one in a blue shirt and another in a red shirt.",64,1
20bc995f-c3de-4789-bd7a-34cf1a313b0c,Are there any objects visible in the scene?,"Yes, food and serving utensils.","Yes, there are objects visible in the scene.",64,1
20bc995f-c3de-4789-bd7a-34cf1a313b0c,Is the environment depicted busy or calm?,"Busy, with serving and conversation happening.","The environment depicted is busy, with people moving around and interacting with the food stall.",64,1
20bc995f-c3de-4789-bd7a-34cf1a313b0c,Did the camera wearer carry out more than one task?,"Yes, serving and conversing.","Yes, the camera wearer was seen carrying a smartphone and interacting with the vendor, possibly placing an order or making a payment.",64,1
20bc995f-c3de-4789-bd7a-34cf1a313b0c,Did the serving of food appear organized or haphazard?,"Organized, with food laid out.","The serving of food appeared organized, with the vendor using a ladle to scoop the food into the customer's container.",64,1
20bc995f-c3de-4789-bd7a-34cf1a313b0c,Are all men engaged in eating or just conversing?,"Only one is shown eating, others converse.",The video shows men engaged in both eating and conversing.,64,1
20bc995f-c3de-4789-bd7a-34cf1a313b0c,Was there verbal exchange under the tent?,Yes.,"Yes, there was a verbal exchange under the tent. The person in the red shirt was seen talking to someone off-camera, and there was a brief interaction with another individual who appeared to be a customer.",64,1
20bc995f-c3de-4789-bd7a-34cf1a313b0c,Is there visible evidence of food being consumed in the frame?,Yes.,"Yes, there is visible evidence of food being consumed in the frame, as indicated by the presence of a person eating from a bowl and the consumption of the food by the customers.",64,1
20bc995f-c3de-4789-bd7a-34cf1a313b0c,Does the scene suggest any sign of a rush or urgency?,"No, it appears orderly.","Yes, the scene suggests a sense of urgency or a rush, as indicated by the person in the blue shirt and jeans standing near the stall, the person in the red shirt and black pants holding a phone, and the person in the blue shirt and jeans walking away from the stall.",64,1
20bc995f-c3de-4789-bd7a-34cf1a313b0c,Is the preparation of pani puris shown before serving them to man X and Y?,Yes,"Yes, the preparation of pani puris is shown before serving them to man X and Y.",64,1
20bc995f-c3de-4789-bd7a-34cf1a313b0c,Do I talk on the phone prior to serving food under the food tent?,Yes,"Yes, you talk on the phone before serving food under the food tent.",64,1
20bc995f-c3de-4789-bd7a-34cf1a313b0c,What occurs just before serving food to man A under the food tent?,Preparing food,"A person in a red shirt is seen holding a small container, possibly preparing to serve food to man A.",64,1
20bc995f-c3de-4789-bd7a-34cf1a313b0c,What activity is taking place at the stall?,A person is serving potato balls and gruel.,"The activity taking place at the stall is the preparation and serving of food, specifically the filling of pani puri with a mixture of vegetables and spices.",64,1
20bc995f-c3de-4789-bd7a-34cf1a313b0c,Who is interacting at the food stall?,"A server, a woman, and a girl.",A person in a blue shirt and another in a red shirt are interacting at the food stall.,64,1
20bc995f-c3de-4789-bd7a-34cf1a313b0c,What type of service is depicted at the stall?,Food service involving potato balls and gruel.,"The stall provides a service where customers can purchase food items, specifically a dish that involves scooping out a mixture from a large metal plate and placing it into a small bowl.",64,1
20bc995f-c3de-4789-bd7a-34cf1a313b0c,Who is preparing the food in the video clip?,The server at the stall.,A person wearing a pink shirt is preparing the food in the video clip.,64,1
20bc995f-c3de-4789-bd7a-34cf1a313b0c,What actions can be seen in the frame provided?,Preparing and serving food at the stall.,"The frame shows a person standing in front of a food stall at night. The person is wearing a pink shirt and appears to be interacting with the food vendor. The food stall has various items on display, including what looks like a large metal bowl with a mixture of ingredients, possibly for making a dish. There are also other containers and utensils visible on the stall. The background is dimly lit, indicating it is nighttime, and there are some indistinct figures and objects that suggest a busy street or market environment. The person in the frame seems to be either ordering food or engaging in conversation with the vendor.",64,1
20bc995f-c3de-4789-bd7a-34cf1a313b0c,Is the food being freshly prepared or pre-packaged?,"Freshly prepared, as seen in the video.","The food appears to be freshly prepared, as indicated by the presence of a large metal plate with a mixture of ingredients and the use of a ladle to serve the food.",64,1
20bc995f-c3de-4789-bd7a-34cf1a313b0c,Does the server use any special tools for serving?,Not evident in the provided frame.,"Yes, the server uses a large metal spatula to serve the food.",64,1
20bc995f-c3de-4789-bd7a-34cf1a313b0c,Does the video show the server using a foam plate for serving?,Yes.,Yes.,64,1
20bc995f-c3de-4789-bd7a-34cf1a313b0c,Can we see any cooking equipment in the video?,"Yes, in the provided frame.","Yes, cooking equipment is visible in the video, including a large metal pan with a ladle and a large metal bowl with a spoon.",64,1
20bc995f-c3de-4789-bd7a-34cf1a313b0c,Did the serving of potato balls occur before serving gruel?,Yes,"Yes, the serving of potato balls occurred before serving gruel.",64,1
20bc995f-c3de-4789-bd7a-34cf1a313b0c,Was the conversation with man E before serving food to the woman Z?,No,"No, the conversation with man E was after serving food to the woman Z.",64,1
20bc995f-c3de-4789-bd7a-34cf1a313b0c,What event occurs just before serving food to man A?,Being under a food tent,"A person in a red shirt is seen holding a small container, possibly preparing to serve food to man A.",64,1
20bc995f-c3de-4789-bd7a-34cf1a313b0c,What happens right before serving potato balls?,Interacting with a group of people,"Right before serving potato balls, the vendor scoops them from a large metal bowl and places them into a small white container.",64,1
20bc995f-c3de-4789-bd7a-34cf1a313b0c,What event happens before interacting with a group of people?,Being at a stall,"Before interacting with a group of people, the person is seen standing near the stall, holding a small container, and then walking away from the stall.",64,1
20bc995f-c3de-4789-bd7a-34cf1a313b0c,Did the serving of potato balls happen before the gruel in foam plates?,No,"Yes, the serving of potato balls happened before the gruel in foam plates.",64,1
20bc995f-c3de-4789-bd7a-34cf1a313b0c,"In the video, is the food tent scene before the interaction with the group of people?",No,"Yes, the food tent scene is before the interaction with the group of people.",64,1
20bc995f-c3de-4789-bd7a-34cf1a313b0c,What do we see happening just before the food stand scene?,Serving at a stall,"We see a person in a blue shirt and jeans standing near the food stand, holding a smartphone, and then walking away from the stand.",64,1
20bc995f-c3de-4789-bd7a-34cf1a313b0c,What's the setting of the video clip?,Inside a food kiosk.,"The setting of the video clip is a street food stall at night, with various food items and utensils visible, and people interacting with the vendor.",64,1
20bc995f-c3de-4789-bd7a-34cf1a313b0c,What is the primary activity occurring?,Food preparation and sales.,The primary activity is the preparation and serving of food at a street food stall.,64,1
20bc995f-c3de-4789-bd7a-34cf1a313b0c,Are there any customers present in the video?,"Yes, a group of people.","Yes, there are customers present in the video, including a person in a blue shirt and another in a red shirt.",64,1
20bc995f-c3de-4789-bd7a-34cf1a313b0c,What can be seen in the kiosk besides the food?,Food ingredients and cooking utensils.,"The kiosk has a QR code sign, a large brown pot, and a metal tray with a mixture of chopped vegetables.",64,1
20bc995f-c3de-4789-bd7a-34cf1a313b0c,What type of food is being sold?,It is not specified.,"The video shows a street food vendor selling a variety of dishes, including a large metal plate with a mixture of vegetables and spices, a bowl of green chutney, and a large metal container with a dark liquid, possibly a sauce or soup.",64,1
20bc995f-c3de-4789-bd7a-34cf1a313b0c,Is the food seller working alone?,It's not clear from the clip.,"No, the food seller is not working alone. The video shows a customer interacting with the food seller, and there are other people in the background, indicating that the food seller is not alone.",64,1
20bc995f-c3de-4789-bd7a-34cf1a313b0c,Does the video show the exchange of goods for payment?,It is not confirmed.,"Yes, the video shows the exchange of goods for payment, as indicated by the person in the red shirt holding a small container and the person in the blue shirt holding a smartphone.",64,1
20bc995f-c3de-4789-bd7a-34cf1a313b0c,Does the video show the food being cooked?,No.,"Yes, the video shows the food being cooked, as indicated by the presence of a cooking area with a pan and a ladle.",64,1
20bc995f-c3de-4789-bd7a-34cf1a313b0c,Does the video show the food being packaged?,"No, it shows it being prepared.","Yes, the video shows the food being packaged, with a person in a red shirt holding a packaged item and another person in a blue shirt interacting with the food stall.",64,1
20bc995f-c3de-4789-bd7a-34cf1a313b0c,Is there any indication of the kiosk's location being outdoors?,No.,"Yes, the kiosk is located outdoors, as indicated by the presence of a fence and the nighttime setting.",64,1
20bc995f-c3de-4789-bd7a-34cf1a313b0c,"In the video, is the gruel served after the interaction with the group of people?",Yes,"Yes, the gruel is served after the interaction with the group of people.",64,1
20bc995f-c3de-4789-bd7a-34cf1a313b0c,Was I at the kiosk before serving potato balls and gruel?,No,"Yes, you were at the kiosk before serving potato balls and gruel.",64,1
20bc995f-c3de-4789-bd7a-34cf1a313b0c,Did I sell food before I prepared it in the kiosk?,No,"The video shows a person preparing food at a street food kiosk, but it does not provide information about whether the person has sold food before preparing it. The video focuses on the preparation and serving of the food, not the individual's past experiences.",64,1
20bc995f-c3de-4789-bd7a-34cf1a313b0c,Is the food sold to the group of people after I prepared it?,Yes,"Yes, the food is being served to the group of people after it has been prepared.",64,1
20bc995f-c3de-4789-bd7a-34cf1a313b0c,What event took place before serving food to a group of people?,Prepared food in the kiosk,"Before serving food to a group of people, an event that took place was the preparation and serving of food at a street food stall, where a person in a red shirt was seen interacting with the food and possibly serving it to customers.",64,1
20bc995f-c3de-4789-bd7a-34cf1a313b0c,Did I serve gruel before serving potato balls?,No,"The video does not provide information about serving gruel before serving potato balls. It shows a person standing at a food stall with various food items, including what appears to be potato balls, but it does not mention serving gruel.",64,1
