video_id,question,answer,pred_answer,retrieved_blocks,retrieve_size,chunk_size
9198b9a4-8d8f-4ba6-9924-4c86982d890a,What task is being performed with vegetables?,Chopping vegetables.,The person is chopping vegetables on a wooden cutting board.,0;1;5;6;17;19;20;21;25;26;28;31;33;34;36;37;42;43;44;46;49;50;52;53;56;57;61;63;64;65;82;83;84;86;89;90;94;95;96;98;100;101;104;106;108;109;113;114;116;118;120;123;124;125;128;131;132;133;137;138;140;142;145;146,64,1
9198b9a4-8d8f-4ba6-9924-4c86982d890a,What step is being taken with flatbread?,Wrapping sauce in flatbread.,The flatbread is being placed into a plastic container.,0;1;5;6;17;19;20;21;25;26;28;31;33;34;36;37;42;43;44;46;49;50;52;53;56;57;61;63;64;65;82;83;84;86;89;90;94;95;96;98;100;101;104;106;108;109;113;114;116;118;120;123;124;125;128;131;132;133;137;138;140;142;145;146,64,1
9198b9a4-8d8f-4ba6-9924-4c86982d890a,What kitchen fixture is being utilized?,Opening a cabinet.,stove,0;1;5;6;17;19;20;21;25;26;28;31;33;34;36;37;42;43;44;46;49;50;52;53;56;57;61;63;64;65;82;83;84;86;89;90;94;95;96;98;100;101;104;106;108;109;113;114;116;118;120;123;124;125;128;131;132;133;137;138;140;142;145;146,64,1
9198b9a4-8d8f-4ba6-9924-4c86982d890a,What's the overview of the action in the clip?,Preparing ingredients for a meal.,"The video begins with a view of a kitchen, focusing on a countertop where a person is preparing food. The person is chopping vegetables on a wooden cutting board, specifically slicing an onion. The kitchen is well-equipped with various utensils and ingredients, including a bowl of mixed vegetables, a bottle of oil, and a container of eggs. The person continues to chop the onion into smaller pieces, and the scene transitions to a close-up of the chopped onions being placed into a bowl with other vegetables.The video then shows the person slicing a red bell pepper into thin strips on the same wooden cutting board. The kitchen counter is cluttered with various items such as a bowl of mixed vegetables, a bottle of oil, a container of eggs, and a glass of water. The person arranges the sliced bell pepper on the cutting board and then transfers the slices into a bowl with other vegetables.The final scene shows the person continuing to slice the red bell pepper into thin strips on the wooden cutting board. The kitchen counter remains cluttered with various items, including a bowl of mixed vegetables, a bottle of oil, a container of eggs, and a glass of water. The person arranges the sliced bell pepper on the cutting board and then transfers the slices into a bowl with other vegetables",0;1;5;6;17;19;20;21;25;26;28;31;33;34;36;37;42;43;44;46;49;50;52;53;56;57;61;63;64;65;82;83;84;86;89;90;94;95;96;98;100;101;104;106;108;109;113;114;116;118;120;123;124;125;128;131;132;133;137;138;140;142;145;146,64,1
9198b9a4-8d8f-4ba6-9924-4c86982d890a,Does the video show someone chopping vegetables?,Yes.,Yes.,0;1;5;6;17;19;20;21;25;26;28;31;33;34;36;37;42;43;44;46;49;50;52;53;56;57;61;63;64;65;82;83;84;86;89;90;94;95;96;98;100;101;104;106;108;109;113;114;116;118;120;123;124;125;128;131;132;133;137;138;140;142;145;146,64,1
9198b9a4-8d8f-4ba6-9924-4c86982d890a,Did the individual successfully open a kitchen cabinet?,Yes.,"Yes, the individual successfully opened a kitchen cabinet.",0;1;5;6;17;19;20;21;25;26;28;31;33;34;36;37;42;43;44;46;49;50;52;53;56;57;61;63;64;65;82;83;84;86;89;90;94;95;96;98;100;101;104;106;108;109;113;114;116;118;120;123;124;125;128;131;132;133;137;138;140;142;145;146,64,1
9198b9a4-8d8f-4ba6-9924-4c86982d890a,Is the flatbread being seasoned with sauce?,Yes.,Yes.,0;1;5;6;17;19;20;21;25;26;28;31;33;34;36;37;42;43;44;46;49;50;52;53;56;57;61;63;64;65;82;83;84;86;89;90;94;95;96;98;100;101;104;106;108;109;113;114;116;118;120;123;124;125;128;131;132;133;137;138;140;142;145;146,64,1
9198b9a4-8d8f-4ba6-9924-4c86982d890a,Is there an occurrence of food being wrapped?,Yes.,"Yes, there is an occurrence of food being wrapped.",0;1;5;6;17;19;20;21;25;26;28;31;33;34;36;37;42;43;44;46;49;50;52;53;56;57;61;63;64;65;82;83;84;86;89;90;94;95;96;98;100;101;104;106;108;109;113;114;116;118;120;123;124;125;128;131;132;133;137;138;140;142;145;146,64,1
9198b9a4-8d8f-4ba6-9924-4c86982d890a,Is the person using a knife for cooking tasks?,Yes.,Yes.,0;1;5;6;17;19;20;21;25;26;28;31;33;34;36;37;42;43;44;46;49;50;52;53;56;57;61;63;64;65;82;83;84;86;89;90;94;95;96;98;100;101;104;106;108;109;113;114;116;118;120;123;124;125;128;131;132;133;137;138;140;142;145;146,64,1
9198b9a4-8d8f-4ba6-9924-4c86982d890a,What is the location in the video clip?,A kitchen.,The location in the video clip is a kitchen.,25;26;33;34;36;37;49;50;89;90;100;101;104;106;113;114;116;118;120;123;124;125;137;138;140;142;150;151;152;153;160;162;170;171;173;175;192;194;200;202;204;207;214;215;222;223;224;225;232;233;236;237;241;242;248;249;253;254;266;267;268;269;280;282,64,1
9198b9a4-8d8f-4ba6-9924-4c86982d890a,What kitchen activity is underway in the clip?,Cutting vegetables.,"The clip shows the preparation of a dish involving chopping vegetables, specifically red bell peppers, and assembling them into a dish.",33;34;36;37;49;50;89;90;100;101;104;106;108;109;113;114;116;118;120;123;124;125;137;138;140;142;150;151;152;153;160;162;170;171;173;175;192;194;200;202;204;207;214;215;222;223;224;225;232;233;236;237;241;242;248;249;253;254;266;267;268;269;280;282,64,1
9198b9a4-8d8f-4ba6-9924-4c86982d890a,What tool does the person in the video use?,Knives.,The person in the video uses a large knife to chop the ingredients.,25;26;33;34;36;37;49;50;89;90;100;101;104;106;108;109;113;114;116;118;120;123;124;125;137;138;140;142;150;151;152;153;160;162;170;171;173;175;192;194;200;202;204;207;222;223;224;225;232;233;236;237;241;242;248;249;253;254;266;267;268;269;280;282,64,1
9198b9a4-8d8f-4ba6-9924-4c86982d890a,What appliance does the person in the video handle?,The heat regulator of the cooker.,The person in the video handles a large knife.,33;34;36;37;49;50;89;90;100;101;104;106;108;109;113;114;116;118;120;123;124;125;137;138;140;142;150;151;152;153;160;162;170;171;173;175;192;194;200;202;204;207;214;215;222;223;224;225;232;233;236;237;241;242;248;249;253;254;266;267;268;269;280;282,64,1
9198b9a4-8d8f-4ba6-9924-4c86982d890a,What part of the kitchen furniture does the person interact with?,Drawers.,The person interacts with the stove and the countertop.,33;34;36;37;49;50;89;90;100;101;104;106;108;109;113;114;116;118;120;123;124;125;137;138;140;142;150;151;152;153;160;162;170;171;173;175;192;194;200;202;204;207;214;215;222;223;224;225;232;233;236;237;241;242;248;249;253;254;266;267;268;269;280;282,64,1
9198b9a4-8d8f-4ba6-9924-4c86982d890a,How is the person controlling the cooking temperature?,Operating the heat regulator.,The person is controlling the cooking temperature by adjusting the stove's heat settings.,33;34;36;37;49;50;89;90;100;101;104;106;108;109;113;114;116;118;120;123;124;125;137;138;140;142;150;151;152;153;160;162;170;171;173;175;192;194;200;202;204;207;214;215;222;223;224;225;232;233;236;237;241;242;248;249;253;254;266;267;268;269;280;282,64,1
9198b9a4-8d8f-4ba6-9924-4c86982d890a,What can be inferred from the person's actions with the drawers?,Searching or organizing.,"The person's actions with the drawers suggest they are organizing or retrieving items, possibly related to the cooking process.",25;26;33;34;36;37;49;50;89;90;100;101;104;106;113;114;116;118;120;123;124;125;137;138;140;142;150;151;152;153;160;162;170;171;173;175;192;194;200;202;204;207;214;215;222;223;224;225;232;233;236;237;241;242;248;249;253;254;266;267;268;269;280;282,64,1
9198b9a4-8d8f-4ba6-9924-4c86982d890a,Does the clip show any cooking taking place?,"No direct cooking, only preparation.","Yes, the clip shows the person cooking by placing the filled tortillas into a pan on the stove.",33;34;36;37;49;50;89;90;100;101;104;106;108;109;116;118;120;123;124;125;137;138;140;142;150;151;152;153;160;162;165;167;170;171;173;175;192;194;200;202;204;207;214;215;222;223;224;225;232;233;236;237;241;242;248;249;253;254;266;267;268;269;280;282,64,1
9198b9a4-8d8f-4ba6-9924-4c86982d890a,Did the person successfully cut the vegetables?,Yes.,"Yes, the person successfully cuts the vegetables into smaller pieces.",33;34;36;37;49;50;89;90;100;101;104;106;108;109;113;114;116;118;120;123;124;125;137;138;140;142;150;151;152;153;160;162;170;171;173;175;192;194;200;202;204;207;214;215;222;223;224;225;232;233;236;237;241;242;248;249;253;254;266;267;268;269;280;282,64,1
9198b9a4-8d8f-4ba6-9924-4c86982d890a,Was the heat regulator adjusted to a specific level?,"Yes, it was operated.","Yes, the heat regulator was adjusted to a specific level.",25;26;33;34;36;37;49;50;89;90;100;101;104;106;108;109;116;118;120;123;124;125;137;138;140;142;150;151;152;153;160;162;170;171;173;175;192;194;200;202;204;207;214;215;222;223;224;225;232;233;236;237;241;242;248;249;253;254;266;267;268;269;280;282,64,1
9198b9a4-8d8f-4ba6-9924-4c86982d890a,Did the person use any other kitchen tools besides knives?,Heat regulator only mentioned.,"Yes, the person used a spoon and a grater in addition to knives.",25;26;33;34;36;37;49;50;89;90;100;101;104;106;108;109;116;118;120;123;124;125;137;138;140;142;150;151;152;153;160;162;170;171;173;175;192;194;200;202;204;207;214;215;222;223;224;225;232;233;236;237;241;242;248;249;253;254;266;267;268;269;280;282,64,1
9198b9a4-8d8f-4ba6-9924-4c86982d890a,Is the cabinet opened before wrapping the sauce in flat bread?,No,"No, the cabinet is not opened before wrapping the sauce in flat bread.",33;34;36;37;49;50;89;90;100;101;104;106;108;109;113;114;116;118;120;123;124;125;137;138;140;142;150;151;152;153;160;162;170;171;173;175;192;194;200;202;204;207;214;215;222;223;224;225;232;233;236;237;241;242;248;249;253;254;266;267;268;269;280;282,64,1
9198b9a4-8d8f-4ba6-9924-4c86982d890a,Do I cut vegetables before operating the heat regulator on the cooker?,Yes,"Yes, you cut the vegetables before operating the heat regulator on the cooker.",25;26;33;34;36;37;49;50;89;90;100;101;104;106;108;109;116;118;120;123;124;125;137;138;140;142;150;151;152;153;160;162;170;171;173;175;192;194;200;202;204;207;214;215;222;223;224;225;232;233;236;237;241;242;248;249;253;254;266;267;268;269;280;282,64,1
9198b9a4-8d8f-4ba6-9924-4c86982d890a,Is the drawer opened before the vegetables are chopped?,No,Yes.,33;34;36;37;49;50;89;90;100;101;104;106;108;109;113;114;116;118;120;123;124;125;137;138;140;142;150;151;152;153;160;162;170;171;173;175;192;194;200;202;204;207;214;215;222;223;224;225;232;233;236;237;241;242;248;249;253;254;266;267;268;269;280;282,64,1
9198b9a4-8d8f-4ba6-9924-4c86982d890a,Does wrapping sauce in flat bread happen after cutting vegetables?,Yes,"Yes, wrapping sauce in flat bread happens after cutting vegetables.",33;34;36;37;49;50;89;90;100;101;104;106;108;109;113;114;116;118;120;123;124;125;137;138;140;142;150;151;152;153;160;162;170;171;173;175;192;194;200;202;204;207;214;215;222;223;224;225;232;233;236;237;241;242;248;249;253;254;266;267;268;269;280;282,64,1
9198b9a4-8d8f-4ba6-9924-4c86982d890a,Do I open the cabinet before chopping the vegetables?,No,"No, you should open the cabinet after chopping the vegetables.",33;34;36;37;49;50;89;90;100;101;104;106;108;109;113;114;116;118;120;123;124;125;137;138;140;142;150;151;152;153;160;162;170;171;173;175;192;194;200;202;204;207;214;215;222;223;224;225;232;233;236;237;241;242;248;249;253;254;266;267;268;269;280;282,64,1
9198b9a4-8d8f-4ba6-9924-4c86982d890a,What occurs just before wrapping the sauce in flat bread?,Chopping vegetables,"Just before wrapping the sauce in flat bread, the person slices a red bell pepper into thin strips and places them on the cutting board.",25;26;33;34;36;37;49;50;89;90;100;101;104;106;108;109;116;118;120;123;124;125;137;138;140;142;150;151;152;153;160;162;170;171;173;175;192;194;200;202;204;207;214;215;222;223;224;225;232;233;236;237;241;242;248;249;253;254;266;267;268;269;280;282,64,1
9198b9a4-8d8f-4ba6-9924-4c86982d890a,What takes place right before operating the heat regulator of the cooker?,Cutting vegetables with knives,"Right before operating the heat regulator of the cooker, the person is seen holding a large knife and a spatula, preparing to stir the contents of the pot.",25;26;33;34;36;37;49;50;89;90;100;101;104;106;108;109;116;118;120;123;124;125;137;138;140;142;150;151;152;153;160;162;170;171;173;175;192;194;200;202;204;207;214;215;222;223;224;225;232;233;236;237;241;242;248;249;253;254;266;267;268;269;280;282,64,1
9198b9a4-8d8f-4ba6-9924-4c86982d890a,What setting is shown in this video clip?,A kitchen.,The video clip shows a kitchen setting.,100;101;116;118;120;123;124;125;137;138;140;142;150;151;152;153;160;162;170;171;173;175;236;237;241;242;266;267;268;269;289;290;297;298;309;310;324;325;337;338;340;341;364;365;372;373;380;381;390;391;392;393;396;399;400;401;404;405;408;409;413;414;416;417,64,1
9198b9a4-8d8f-4ba6-9924-4c86982d890a,What task is being performed with tomatoes?,Cutting tomatoes.,The tomatoes are being chopped.,100;101;116;118;120;123;124;125;137;138;140;142;150;151;152;153;160;162;170;171;173;175;236;237;241;242;266;267;268;269;289;290;297;298;324;325;337;338;340;341;364;365;372;373;380;381;384;387;390;391;392;393;396;399;400;401;404;405;408;409;413;414;416;417,64,1
9198b9a4-8d8f-4ba6-9924-4c86982d890a,Is there an electronic device being used in this scene?,"Yes, a mobile phone.",Yes.,100;101;116;118;120;123;124;125;137;138;140;142;150;151;152;153;160;162;170;171;173;175;236;237;241;242;266;267;268;269;289;290;297;298;324;325;337;338;340;341;364;365;372;373;380;381;384;387;390;391;392;393;396;399;400;401;404;405;408;409;413;414;416;417,64,1
9198b9a4-8d8f-4ba6-9924-4c86982d890a,How is the sauce being utilized in the cooking process?,By spreading it on flatbreads.,"The sauce is being used to fill the tortillas, which are then placed into a pot to be cooked.",89;90;100;101;116;118;120;123;124;125;137;138;140;142;150;151;152;153;160;162;170;171;173;175;236;237;241;242;266;267;268;269;289;290;324;325;337;338;340;341;364;365;372;373;380;381;384;387;390;391;392;393;396;399;400;401;404;405;408;409;413;414;416;417,64,1
9198b9a4-8d8f-4ba6-9924-4c86982d890a,What activity is occurring aside from food preparation?,Operating a mobile phone.,"The activity occurring aside from food preparation is the person's hand reaching towards the camera, possibly to adjust the recording device or to interact with the viewer.",100;101;116;118;120;123;124;125;137;138;140;142;150;151;152;153;160;162;170;171;173;175;236;237;241;242;266;267;268;269;285;287;289;290;297;298;324;325;337;338;340;341;364;365;372;373;380;381;390;391;392;393;396;399;400;401;404;405;408;409;413;414;416;417,64,1
9198b9a4-8d8f-4ba6-9924-4c86982d890a,What manual task is depicted involving food items?,"Cutting vegetables, specifically tomatoes.","The manual task depicted is the preparation of food items, specifically the cutting of tomatoes and the assembly of tacos.",100;101;116;118;120;123;124;125;137;138;140;142;150;151;152;153;160;162;170;171;173;175;236;237;241;242;266;267;268;269;289;290;297;298;324;325;337;338;340;341;364;365;372;373;380;381;384;387;390;391;392;393;396;399;400;401;404;405;408;409;413;414;416;417,64,1
9198b9a4-8d8f-4ba6-9924-4c86982d890a,Is someone chopping vegetables in the video?,Yes.,Yes.,100;101;116;118;120;123;124;125;137;138;140;142;150;151;152;153;160;162;170;171;173;175;200;202;236;237;241;242;266;267;268;269;289;290;324;325;337;338;340;341;364;365;372;373;380;381;384;387;390;391;392;393;396;399;400;401;404;405;408;409;413;414;416;417,64,1
9198b9a4-8d8f-4ba6-9924-4c86982d890a,Is the sauce being poured into a bowl?,"No, it's being rolled in flatbreads.","No, the sauce is being poured into a pan.",100;101;116;118;120;123;124;125;137;138;140;142;150;151;152;153;160;162;170;171;173;175;236;237;241;242;266;267;268;269;289;290;297;298;324;325;337;338;340;341;364;365;372;373;380;381;384;387;390;391;392;393;396;399;400;401;404;405;408;409;413;414;416;417,64,1
9198b9a4-8d8f-4ba6-9924-4c86982d890a,Is a cooking activity happening in a bedroom?,"No, it's happening in a kitchen.",no,100;101;116;118;120;123;124;125;137;138;140;142;150;151;152;153;160;162;170;171;173;175;236;237;241;242;266;267;268;269;289;290;297;298;324;325;337;338;340;341;364;365;372;373;380;381;384;387;390;391;392;393;396;399;400;401;404;405;408;409;413;414;416;417,64,1
9198b9a4-8d8f-4ba6-9924-4c86982d890a,Does the frame capture the act of grilling or frying?,No.,"The frame captures the act of grilling or frying, as the tortillas are being cooked on a grill pan.",100;101;116;118;120;123;124;125;137;138;140;142;150;151;152;153;160;162;170;171;173;175;236;237;241;242;266;267;268;269;289;290;297;298;324;325;337;338;340;341;364;365;372;373;380;381;384;387;390;391;392;393;396;399;400;401;404;405;408;409;413;414;416;417,64,1
9198b9a4-8d8f-4ba6-9924-4c86982d890a,"In the video, are vegetables cut before the heat regulator is operated?",Yes,"Yes, vegetables are cut before the heat regulator is operated.",100;101;116;118;120;123;124;125;137;138;140;142;150;151;152;153;160;162;170;171;173;175;236;237;241;242;266;267;268;269;289;290;297;298;324;325;337;338;340;341;364;365;372;373;380;381;384;387;390;391;392;393;396;399;400;401;404;405;408;409;413;414;416;417,64,1
9198b9a4-8d8f-4ba6-9924-4c86982d890a,Does rolling sauce in flatbreads occur after cutting tomatoes?,Yes,"Yes, rolling sauce in flatbreads occurs after cutting tomatoes.",100;101;116;118;120;123;124;125;137;138;140;142;150;151;152;153;160;162;170;171;173;175;236;237;241;242;266;267;268;269;285;287;289;290;297;298;324;325;337;338;340;341;364;365;372;373;380;381;390;391;392;393;396;399;400;401;404;405;408;409;413;414;416;417,64,1
9198b9a4-8d8f-4ba6-9924-4c86982d890a,Does the opening of the drawers happen before using the mobile phone?,No,"No, the opening of the drawers happens after using the mobile phone.",100;101;116;118;120;123;124;125;137;138;140;142;150;151;152;153;160;162;170;171;173;175;236;237;241;242;266;267;268;269;289;290;297;298;324;325;337;338;340;341;364;365;372;373;380;381;384;387;390;391;392;393;396;399;400;401;404;405;408;409;413;414;416;417,64,1
9198b9a4-8d8f-4ba6-9924-4c86982d890a,Is the heat regulator operated before rolling sauce in flatbreads?,No,Yes.,100;101;116;118;120;123;124;125;137;138;140;142;150;151;152;153;160;162;170;171;173;175;236;237;241;242;266;267;268;269;289;290;297;298;324;325;337;338;340;341;364;365;372;373;380;381;384;387;390;391;392;393;396;399;400;401;404;405;408;409;413;414;416;417,64,1
9198b9a4-8d8f-4ba6-9924-4c86982d890a,What occurs just before rolling sauce in flatbreads?,Cutting tomatoes with a knife.,"Just before rolling sauce in flatbreads, the person is seen holding a stack of flatbreads and a bowl of chopped tomatoes, preparing to add the tomatoes to the sauce.",100;101;116;118;120;123;124;125;137;138;140;142;150;151;152;153;160;162;170;171;173;175;236;237;241;242;266;267;268;269;289;290;297;298;324;325;337;338;340;341;364;365;372;373;380;381;384;387;390;391;392;393;396;399;400;401;404;405;408;409;413;414;416;417,64,1
9198b9a4-8d8f-4ba6-9924-4c86982d890a,What happens just before operating the heat regulator?,Cutting vegetables with knives.,A hand holding a spatula stirs the contents of a pan on the stove.,100;101;116;118;120;123;124;125;137;138;140;142;150;151;152;153;160;162;170;171;173;175;236;237;241;242;266;267;268;269;289;290;297;298;324;325;337;338;340;341;364;365;372;373;380;381;384;387;390;391;392;393;396;399;400;401;404;405;408;409;413;414;416;417,64,1
9198b9a4-8d8f-4ba6-9924-4c86982d890a,What is done just before opening drawers in the kitchen?,Operating the heat regulator of the cooker.,"Just before opening drawers in the kitchen, a person is seen holding a white bowl filled with chopped onions.",100;101;116;118;120;123;124;125;137;138;140;142;150;151;152;153;160;162;170;171;173;175;236;237;241;242;266;267;268;269;289;290;297;298;324;325;337;338;340;341;364;365;372;373;380;381;384;387;390;391;392;393;396;399;400;401;404;405;408;409;413;414;416;417,64,1
9198b9a4-8d8f-4ba6-9924-4c86982d890a,What activity occurs just before operating a mobile phone?,Rolling sauce in flatbreads.,The person reaches for a bottle of water.,100;101;116;118;120;123;124;125;137;138;140;142;150;151;152;153;160;162;170;171;173;175;236;237;241;242;266;267;268;269;289;290;297;298;324;325;337;338;340;341;364;365;372;373;380;381;384;387;390;391;392;393;396;399;400;401;404;405;408;409;413;414;416;417,64,1
9198b9a4-8d8f-4ba6-9924-4c86982d890a,Is the cabinet opened before the vegetables are chopped?,No,No.,89;90;100;101;116;118;120;123;124;125;137;138;140;142;150;151;152;153;160;162;170;171;173;175;236;237;241;242;266;267;268;269;289;290;324;325;337;338;340;341;364;365;372;373;380;381;384;387;390;391;392;393;396;399;400;401;404;405;408;409;413;414;416;417,64,1
9198b9a4-8d8f-4ba6-9924-4c86982d890a,Does operating the heat regulator happen after chopping vegetables?,Yes,"Yes, operating the heat regulator happens after chopping vegetables.",100;101;116;118;120;123;124;125;137;138;140;142;150;151;152;153;160;162;170;171;173;175;236;237;241;242;266;267;268;269;289;290;297;298;324;325;337;338;340;341;364;365;372;373;380;381;384;387;390;391;392;393;396;399;400;401;404;405;408;409;413;414;416;417,64,1
9198b9a4-8d8f-4ba6-9924-4c86982d890a,Is wrapping sauce in flat bread before cutting vegetables?,No,"No, wrapping sauce in flat bread is not mentioned before cutting vegetables.",100;101;116;118;120;123;124;125;137;138;140;142;150;151;152;153;160;162;170;171;173;175;236;237;241;242;266;267;268;269;289;290;297;298;324;325;337;338;340;341;364;365;372;373;380;381;384;387;390;391;392;393;396;399;400;401;404;405;408;409;413;414;416;417,64,1
9198b9a4-8d8f-4ba6-9924-4c86982d890a,Do I use the mobile phone before opening drawers?,Yes,"No, you should not use the mobile phone before opening drawers.",100;101;116;118;120;123;124;125;137;138;140;142;150;151;152;153;160;162;170;171;173;175;236;237;241;242;266;267;268;269;289;290;297;298;324;325;337;338;340;341;364;365;372;373;380;381;384;387;390;391;392;393;396;399;400;401;404;405;408;409;413;414;416;417,64,1
9198b9a4-8d8f-4ba6-9924-4c86982d890a,What happens just before the cabinet is opened in the video?,Chopping vegetables,A hand reaches for a container of water.,100;101;116;118;120;123;124;125;137;138;140;142;150;151;152;153;160;162;170;171;173;175;236;237;241;242;266;267;268;269;289;290;297;298;324;325;337;338;340;341;364;365;372;373;380;381;384;387;390;391;392;393;396;399;400;401;404;405;408;409;413;414;416;417,64,1
9198b9a4-8d8f-4ba6-9924-4c86982d890a,What occurs immediately before operating the heat regulator?,Cutting vegetables with knives,"Immediately before operating the heat regulator, the person is seen holding a spatula and a stack of tortillas, preparing to cook the tortillas.",100;101;116;118;120;123;124;125;137;138;140;142;150;151;152;153;160;162;170;171;173;175;236;237;241;242;266;267;268;269;289;290;297;298;324;325;337;338;340;341;364;365;372;373;380;381;384;387;390;391;392;393;396;399;400;401;404;405;408;409;413;414;416;417,64,1
9198b9a4-8d8f-4ba6-9924-4c86982d890a,What do I do right before rolling sauce in flat breads?,Cutting tomatoes,"It looks like you're preparing to make tacos or a similar dish. Here are the steps you should follow right before rolling the sauce in flat breads:1. **Prepare the Toppings**: Ensure that all your toppings are ready, such as diced tomatoes, onions, cilantro, lime wedges, and any other desired condiments.2. **Heat the Flat Breads**: If your flat breads are not already warm, you can heat them in a skillet or on a griddle for a few seconds to make them more pliable.3. **Assemble the Tacos**: Place a spoonful of the sauce onto the center of each flat bread. Add your desired toppings on top of the sauce.4. **Fold the Tacos**: Fold the flat bread over the filling to form a taco. You can fold it in half or roll it up, depending on your preference.5. **Serve**: Serve the tacos immediately, garnished with any additional toppings or sauces you like.Remember to have all your ingredients ready and to work in a clean, organized kitchen environment. Enjoy your cooking!",100;101;116;118;120;123;124;125;137;138;140;142;150;151;152;153;160;162;170;171;173;175;236;237;241;242;266;267;268;269;289;290;297;298;324;325;337;338;340;341;364;365;372;373;380;381;384;387;390;391;392;393;396;399;400;401;404;405;408;409;413;414;416;417,64,1
9198b9a4-8d8f-4ba6-9924-4c86982d890a,What action takes place just before using the mobile phone?,Rolling sauce in flat breads,"Just before using the mobile phone, the person is seen holding a bowl of chopped tomatoes and a bowl of chopped onions, preparing to add them to the cooking process.",100;101;116;118;120;123;124;125;137;138;140;142;150;151;152;153;160;162;170;171;173;175;236;237;241;242;266;267;268;269;289;290;297;298;324;325;337;338;340;341;364;365;372;373;380;381;384;387;390;391;392;393;396;399;400;401;404;405;408;409;413;414;416;417,64,1
9198b9a4-8d8f-4ba6-9924-4c86982d890a,What is done directly before opening drawers in the kitchen?,Operating the heat regulator.,"Before opening drawers in the kitchen, the person is seen holding a white bowl filled with chopped onions.",100;101;116;118;120;123;124;125;137;138;140;142;150;151;152;153;160;162;170;171;173;175;236;237;241;242;266;267;268;269;289;290;297;298;324;325;337;338;340;341;364;365;372;373;380;381;384;387;390;391;392;393;396;399;400;401;404;405;408;409;413;414;416;417,64,1
9198b9a4-8d8f-4ba6-9924-4c86982d890a,What is the setting of the latest video frame?,A kitchen.,"The setting of the latest video frame is a kitchen with a tiled backsplash, a countertop with various ingredients and utensils, and a stove with a pot of chili and a pan with a spatula.",100;101;116;118;120;123;137;138;140;142;152;153;160;162;236;237;266;267;268;269;337;338;340;341;364;365;372;373;380;381;390;391;392;393;396;399;404;405;416;417;430;431;432;434;438;439;440;441;472;474;476;477;480;481;517;518;522;523;525;527;540;541;548;550,64,1
9198b9a4-8d8f-4ba6-9924-4c86982d890a,What can be seen on the stove in the video clip?,A pan with shawarma filling and bread.,A pot of chili and a pan with a mixture of diced vegetables can be seen on the stove.,100;101;116;118;120;123;137;138;140;142;152;153;160;162;236;237;266;267;268;269;337;338;340;341;364;365;372;373;380;381;390;391;392;393;396;399;404;405;416;417;430;431;432;434;438;439;440;441;472;474;476;477;480;481;517;518;522;523;525;527;540;541;548;550,64,1
9198b9a4-8d8f-4ba6-9924-4c86982d890a,How many pans are on the stove in the video?,Two pans.,There are two pans on the stove in the video.,100;101;116;118;120;123;137;138;140;142;152;153;160;162;236;237;266;267;268;269;337;338;340;341;364;365;372;373;380;381;390;391;392;393;396;399;404;405;416;417;430;431;432;434;438;439;440;441;472;474;476;477;480;481;517;518;522;523;525;527;540;541;548;550,64,1
9198b9a4-8d8f-4ba6-9924-4c86982d890a,What objects are visible on the kitchen counter in the video?,Ingredients and utensils.,"A container of tortillas, a bowl of chopped vegetables, a bottle of oil, and a can of tomatoes are visible on the kitchen counter.",100;101;116;118;120;123;137;138;140;142;152;153;160;162;236;237;266;267;268;269;337;338;340;341;364;365;372;373;380;381;390;391;392;393;396;399;404;405;416;417;430;431;432;434;438;439;440;441;472;474;476;477;480;481;517;518;522;523;525;527;540;541;548;550,64,1
9198b9a4-8d8f-4ba6-9924-4c86982d890a,What cooking process is happening in the new frames?,Shawarma filling is being prepared.,"In the new frames, the person is preparing to cook the rolled tortillas by placing them on a black grill pan on the stovetop. They are also stirring a pan of cooked meat and vegetables, and there are several ingredients on the counter, including a bowl of chopped vegetables, a container of cheese, and a bottle of oil.",100;101;116;118;120;123;137;138;140;142;152;153;160;162;236;237;266;267;268;269;337;338;340;341;364;365;372;373;380;381;390;391;392;393;396;399;404;405;416;417;430;431;432;434;438;439;440;441;472;474;476;477;480;481;517;518;522;523;525;527;540;541;548;550,64,1
9198b9a4-8d8f-4ba6-9924-4c86982d890a,What action was the cook performing?,Adding bread to the shawarma filling.,"The cook was preparing and cooking food, specifically filling and cooking tortillas with a meat mixture.",100;101;116;118;120;123;137;138;140;142;150;151;152;153;160;162;236;237;266;267;268;269;337;338;340;341;364;365;380;381;390;391;392;393;396;399;404;405;416;417;430;431;432;434;438;439;440;441;472;474;476;477;480;481;517;518;522;523;525;527;540;541;548;550,64,1
9198b9a4-8d8f-4ba6-9924-4c86982d890a,How is the cook interacting with the food?,By stirring and combining ingredients.,"The cook is actively engaged in cooking, using a spatula to stir the contents of the pan and a fork to handle the rolled tortillas.",100;101;116;118;120;123;137;138;140;142;152;153;160;162;236;237;266;267;268;269;337;338;340;341;364;365;372;373;380;381;390;391;392;393;396;399;404;405;416;417;430;431;432;434;438;439;440;441;472;474;476;477;480;481;517;518;522;523;525;527;540;541;548;550,64,1
9198b9a4-8d8f-4ba6-9924-4c86982d890a,Describe the cook's technique in the video clip.,Carefully scooping and spreading filling onto bread.,"The cook in the video clip is seen preparing a dish that involves rolling tortillas with a filling, likely meat, and then cooking them on a stovetop. The cook uses a spatula to handle the tortillas, ensuring they are evenly cooked. The filling appears to be a mixture of cooked meat, possibly seasoned with spices, and the tortillas are rolled tightly around this filling. The cook also adds a mixture of diced vegetables, including yellow and red bell peppers, to a pan on the stovetop, which is likely part of the dish's preparation. The cook's technique involves careful handling of the tortillas and vegetables, ensuring they are properly cooked and mixed.",100;101;116;118;120;123;137;138;140;142;152;153;160;162;236;237;266;267;268;269;337;338;340;341;364;365;372;373;380;381;390;391;392;393;396;399;404;405;416;417;430;431;432;434;438;439;440;441;472;474;476;477;480;481;517;518;522;523;525;527;540;541;548;550,64,1
9198b9a4-8d8f-4ba6-9924-4c86982d890a,Is there more than one dish being cooked simultaneously?,Yes.,Yes.,100;101;116;118;120;123;137;138;140;142;152;153;160;162;236;237;266;267;268;269;337;338;340;341;364;365;372;373;380;381;390;391;392;393;396;399;404;405;416;417;430;431;432;434;438;439;440;441;472;474;476;477;480;481;517;518;522;523;525;527;540;541;548;550,64,1
9198b9a4-8d8f-4ba6-9924-4c86982d890a,Is the cook wearing any protective gloves in the video?,No.,"No, the cook is not wearing any protective gloves in the video.",100;101;116;118;120;123;137;138;140;142;152;153;160;162;236;237;266;267;268;269;337;338;340;341;364;365;372;373;380;381;390;391;392;393;396;399;404;405;416;417;430;431;432;434;438;439;440;441;472;474;476;477;480;481;517;518;522;523;525;527;540;541;548;550,64,1
9198b9a4-8d8f-4ba6-9924-4c86982d890a,Does the video capture the addition of toppings to the shawarma?,No.,"Yes, the video captures the addition of toppings to the shawarma, as the person is seen adding chopped vegetables to the pan and then placing the shawarma into the pan to cook.",100;101;116;118;120;123;137;138;140;142;152;153;160;162;236;237;266;267;268;269;337;338;340;341;364;365;372;373;380;381;390;391;392;393;396;399;404;405;416;417;430;431;432;434;438;439;440;441;472;474;476;477;480;481;517;518;522;523;525;527;540;541;548;550,64,1
9198b9a4-8d8f-4ba6-9924-4c86982d890a,Is the mobile phone operated before rolling sauce in flat breads?,No,"Yes, the mobile phone is operated before rolling sauce in flat breads.",100;101;116;118;120;123;137;138;140;142;152;153;160;162;236;237;266;267;268;269;337;338;340;341;364;365;372;373;380;381;390;391;392;393;396;399;404;405;416;417;430;431;432;434;438;439;440;441;472;474;476;477;480;481;517;518;522;523;525;527;540;541;548;550,64,1
9198b9a4-8d8f-4ba6-9924-4c86982d890a,Do I cut the tomatoes before preparing the shawarma?,Yes,"No, the tomatoes are not cut before preparing the shawarma. They are shown whole in the video.",100;101;116;118;120;123;137;138;140;142;152;153;160;162;236;237;266;267;268;269;337;338;340;341;364;365;372;373;380;381;390;391;392;393;396;399;404;405;416;417;430;431;432;434;438;439;440;441;472;474;476;477;480;481;517;518;522;523;525;527;540;541;548;550,64,1
9198b9a4-8d8f-4ba6-9924-4c86982d890a,Is the shawarma prepared before cutting tomatoes?,No,"Yes, the shawarma is prepared before cutting tomatoes.",100;101;116;118;120;123;137;138;140;142;152;153;160;162;236;237;241;242;266;267;268;269;337;338;340;341;364;365;380;381;390;391;392;393;396;399;404;405;416;417;430;431;432;434;438;439;440;441;472;474;476;477;480;481;517;518;522;523;525;527;540;541;548;550,64,1
9198b9a4-8d8f-4ba6-9924-4c86982d890a,Do I roll sauce in flat breads after cutting tomatoes?,Yes,"No, you do not roll sauce in flat breads after cutting tomatoes. The video shows the preparation of a dish involving rolling flat breads with a filling, but it does not mention cutting tomatoes as part of that process.",100;101;116;118;120;123;137;138;140;142;152;153;160;162;236;237;266;267;268;269;337;338;340;341;364;365;372;373;380;381;390;391;392;393;396;399;404;405;416;417;430;431;432;434;438;439;440;441;472;474;476;477;480;481;517;518;522;523;525;527;540;541;548;550,64,1
9198b9a4-8d8f-4ba6-9924-4c86982d890a,Is the mobile phone operated after preparing the shawarma?,Yes,Yes.,100;101;116;118;120;123;137;138;140;142;152;153;160;162;236;237;266;267;268;269;337;338;340;341;364;365;372;373;380;381;390;391;392;393;396;399;404;405;416;417;430;431;432;434;438;439;440;441;472;474;476;477;480;481;517;518;522;523;525;527;540;541;548;550,64,1
9198b9a4-8d8f-4ba6-9924-4c86982d890a,What action occurs just before I operated the mobile phone?,Rolling sauce in flat breads,I placed a spatula on the stove.,100;101;116;118;120;123;137;138;140;142;150;151;152;153;160;162;236;237;266;267;268;269;337;338;340;341;364;365;380;381;390;391;392;393;396;399;404;405;416;417;430;431;432;434;438;439;440;441;472;474;476;477;480;481;517;518;522;523;525;527;540;541;548;550,64,1
9198b9a4-8d8f-4ba6-9924-4c86982d890a,What do I do before cutting the tomatoes?,"Nothing, it is the first action.","Before cutting the tomatoes, you should wash them thoroughly under running water to remove any dirt or debris. Then, you can use a sharp knife to slice them. If you want to cut them into smaller pieces or wedges, you can do so after washing them.",100;101;116;118;120;123;137;138;140;142;152;153;160;162;236;237;266;267;268;269;337;338;340;341;364;365;372;373;380;381;390;391;392;393;396;399;404;405;416;417;430;431;432;434;438;439;440;441;472;474;476;477;480;481;517;518;522;523;525;527;540;541;548;550,64,1
9198b9a4-8d8f-4ba6-9924-4c86982d890a,What occurs just before preparing the shawarma?,Operating the mobile phone,"The person is seen holding a spatula and a bowl of chopped vegetables, preparing to add them to the shawarma.",100;101;116;118;120;123;137;138;140;142;152;153;160;162;236;237;241;242;266;267;268;269;337;338;340;341;364;365;380;381;390;391;392;393;396;399;404;405;416;417;430;431;432;434;438;439;440;441;472;474;476;477;480;481;517;518;522;523;525;527;540;541;548;550,64,1
9198b9a4-8d8f-4ba6-9924-4c86982d890a,"In the video, did I open the kitchen drawers before cutting vegetables?",No,"No, you did not open the kitchen drawers before cutting vegetables.",100;101;116;118;120;123;137;138;140;142;152;153;160;162;236;237;266;267;268;269;337;338;340;341;364;365;372;373;380;381;390;391;392;393;396;399;404;405;416;417;430;431;432;434;438;439;440;441;472;474;476;477;480;481;517;518;522;523;525;527;540;541;548;550,64,1
9198b9a4-8d8f-4ba6-9924-4c86982d890a,Does the cooking of shawarma happen before regulating the cooker's heat?,Yes,"No, the cooking of shawarma happens after regulating the cooker's heat.",100;101;116;118;120;123;137;138;140;142;152;153;160;162;236;237;266;267;268;269;337;338;340;341;364;365;372;373;380;381;390;391;392;393;396;399;404;405;416;417;430;431;432;434;438;439;440;441;472;474;476;477;480;481;517;518;522;523;525;527;540;541;548;550,64,1
9198b9a4-8d8f-4ba6-9924-4c86982d890a,"In the video, is the mobile phone operated after the sauce is rolled in flatbreads?",Yes,"No, the mobile phone is operated before the sauce is rolled in flatbreads.",100;101;116;118;120;123;137;138;140;142;152;153;160;162;236;237;266;267;268;269;337;338;340;341;364;365;372;373;380;381;390;391;392;393;396;399;404;405;416;417;430;431;432;434;438;439;440;441;472;474;476;477;480;481;517;518;522;523;525;527;540;541;548;550,64,1
9198b9a4-8d8f-4ba6-9924-4c86982d890a,Is heat regulation done before cutting tomatoes with a knife?,No,"Yes, heat regulation is done before cutting tomatoes with a knife.",100;101;116;118;120;123;137;138;140;142;152;153;160;162;236;237;266;267;268;269;337;338;340;341;364;365;372;373;380;381;390;391;392;393;396;399;404;405;416;417;430;431;432;434;438;439;440;441;472;474;476;477;480;481;517;518;522;523;525;527;540;541;548;550,64,1
9198b9a4-8d8f-4ba6-9924-4c86982d890a,"In the video sequence, what do I do before cooking shawarma?",Cut vegetables,"Before cooking shawarma, the video shows the preparation of ingredients and the cooking process. Here's a step-by-step breakdown:1. **Preparation of Ingredients:**   - The video starts with the preparation of ingredients, including chopping vegetables and preparing the shawarma meat.   - Tortillas are laid out on a tray, ready to be filled with the cooked shawarma.   - A pan with a mixture of cooked meat is on the stove, indicating that the shawarma is being cooked.2. **Cooking Process:**   - The shawarma is cooked in a pan on the stove, with a spatula used to stir and ensure even cooking.   - The shawarma is then transferred to a tray, where it is being prepared for serving.3. **Assembly of Shawarma:**   - The cooked shawarma is placed into the tortillas, along with the chopped vegetables.   - The shawarma is then folded into wraps, ready to be served.4. **Final Touches:**   - The video concludes with the shawarma being served, with the final touches being added, such as garnishing or additional sauces.Throughout the video, the focus is on the meticulous preparation and cooking of",100;101;116;118;120;123;137;138;140;142;152;153;160;162;236;237;266;267;268;269;337;338;340;341;364;365;372;373;380;381;390;391;392;393;396;399;404;405;416;417;430;431;432;434;438;439;440;441;472;474;476;477;480;481;517;518;522;523;525;527;540;541;548;550,64,1
9198b9a4-8d8f-4ba6-9924-4c86982d890a,Describe the setting shown in the video clip.,A kitchen where shawarma is being prepared.,"The video takes place in a kitchen with a tiled backsplash and various cooking utensils and ingredients on the counter. The main focus is on the preparation of a dish involving rolled tortillas and a mixture of cooked meat and vegetables. The person is seen holding a spatula and a bowl of chopped vegetables, adding them to a pan on the stove. The kitchen counter has a container of tortillas, a bowl of chopped vegetables, and a can of tomatoes. The stove has a pot of cooked meat and a pan with a mixture of vegetables and meat. The person is seen placing the rolled tortillas on a baking tray and adding the vegetable mixture to them. The video concludes with the person stirring the vegetable mixture in the pan and adding more ingredients from the counter.",100;101;116;118;137;138;140;142;152;153;236;237;266;267;268;269;337;338;340;341;390;391;392;393;396;399;404;405;430;431;432;434;438;439;440;441;472;474;476;477;480;481;517;518;525;527;540;541;556;557;576;577;593;594;600;603;604;605;633;634;636;637;676;677,64,1
9198b9a4-8d8f-4ba6-9924-4c86982d890a,What is happening in these new frames?,Shawarma is being filled with ingredients.,"In the new frames, we see a person in a kitchen preparing food. They are holding a tortilla and appear to be filling it with a mixture of cooked meat from a pot on the stove. The kitchen counter is cluttered with various ingredients and utensils, including a bowl of chopped vegetables, a container of tortillas, and several bottles of spices and oils. The person is using a spatula to scoop the meat mixture onto the tortilla, preparing to make tacos or a similar dish. The stove has a pan with a colorful mixture of vegetables, and the person is also stirring this mixture with a spatula. The kitchen environment suggests a home cooking scenario with a focus on preparing a meal with care and attention to detail.",100;101;116;118;137;138;140;142;152;153;236;237;266;267;268;269;337;338;340;341;390;391;392;393;396;399;404;405;430;431;432;434;438;439;440;441;472;474;476;477;480;481;517;518;525;527;540;541;556;557;576;577;593;594;600;603;604;605;633;634;636;637;676;677,64,1
9198b9a4-8d8f-4ba6-9924-4c86982d890a,Is the person in the video making a meal?,Yes.,Yes.,100;101;116;118;137;138;140;142;152;153;236;237;266;267;268;269;337;338;340;341;390;391;392;393;396;399;404;405;430;431;432;434;438;439;440;441;472;474;476;477;480;481;517;518;525;527;540;541;556;557;576;577;593;594;600;603;604;605;633;634;636;637;676;677,64,1
9198b9a4-8d8f-4ba6-9924-4c86982d890a,Is the kitchen the main location in these frames?,Yes.,Yes.,100;101;116;118;137;138;140;142;152;153;236;237;266;267;268;269;337;338;340;341;390;391;392;393;396;399;404;405;430;431;432;434;438;439;440;441;472;474;476;477;480;481;517;518;525;527;540;541;556;557;576;577;593;594;600;603;604;605;633;634;636;637;676;677,64,1
9198b9a4-8d8f-4ba6-9924-4c86982d890a,Does the video capture the moment of grilling meat for the shawarma?,No.,"No, the video does not capture the moment of grilling meat for the shawarma. It focuses on the preparation and cooking of the shawarma filling and the vegetables.",100;101;116;118;137;138;140;142;152;153;236;237;266;267;268;269;337;338;340;341;390;391;392;393;396;399;404;405;430;431;432;434;438;439;440;441;472;474;476;477;480;481;517;518;525;527;540;541;556;557;576;577;593;594;600;603;604;605;633;634;636;637;676;677,64,1
9198b9a4-8d8f-4ba6-9924-4c86982d890a,Are spices being added to the food in this clip?,No.,"Yes, spices are being added to the food in this clip.",100;101;116;118;137;138;140;142;152;153;236;237;266;267;268;269;337;338;340;341;390;391;392;393;396;399;404;405;430;431;432;434;438;439;440;441;472;474;476;477;480;481;517;518;525;527;540;541;556;557;576;577;593;594;600;603;604;605;633;634;636;637;676;677,64,1
9198b9a4-8d8f-4ba6-9924-4c86982d890a,"In the video, is the shawarma filling added to the bread before wrapping it?",Yes,"Yes, the shawarma filling is added to the bread before wrapping it.",100;101;116;118;137;138;140;142;152;153;236;237;266;267;268;269;337;338;340;341;390;391;392;393;396;399;404;405;430;431;432;434;438;439;440;441;472;474;476;477;480;481;517;518;525;527;540;541;556;557;576;577;593;594;600;603;604;605;633;634;636;637;676;677,64,1
9198b9a4-8d8f-4ba6-9924-4c86982d890a,Does the chopping of vegetables occur before heating the pan?,No,"Yes, the chopping of vegetables occurs before heating the pan.",100;101;116;118;137;138;140;142;152;153;236;237;266;267;268;269;337;338;340;341;390;391;392;393;396;399;404;405;430;431;432;434;438;439;440;441;472;474;476;477;480;481;517;518;525;527;540;541;556;557;576;577;593;594;600;603;604;605;633;634;636;637;676;677,64,1
9198b9a4-8d8f-4ba6-9924-4c86982d890a,Is the stove turned off before removing the pan from heat?,Yes,Yes.,100;101;116;118;137;138;140;142;152;153;236;237;266;267;268;269;337;338;340;341;390;391;392;393;396;399;404;405;430;431;432;434;438;439;440;441;472;474;476;477;480;481;517;518;525;527;540;541;556;557;576;577;593;594;600;603;604;605;633;634;636;637;676;677,64,1
9198b9a4-8d8f-4ba6-9924-4c86982d890a,"In the video, is the bread placed on the pan before adding fillings?",Yes,"Yes, the bread is placed on the pan before adding fillings.",100;101;116;118;137;138;140;142;152;153;236;237;266;267;268;269;337;338;340;341;390;391;392;393;396;399;404;405;430;431;432;434;438;439;440;441;472;474;476;477;480;481;517;518;525;527;540;541;556;557;576;577;593;594;600;603;604;605;633;634;636;637;676;677,64,1
9198b9a4-8d8f-4ba6-9924-4c86982d890a,Is the shawarma served before adding sauce?,No,"Yes, the shawarma is served before adding sauce.",100;101;116;118;137;138;140;142;152;153;236;237;266;267;268;269;337;338;340;341;390;391;392;393;396;399;404;405;430;431;432;434;438;439;440;441;472;474;476;477;480;481;517;518;525;527;540;541;556;557;576;577;593;594;600;603;604;605;633;634;636;637;676;677,64,1
9198b9a4-8d8f-4ba6-9924-4c86982d890a,What do I do before adding the shawarma filling to the bread?,Chop vegetables,"Before adding the shawarma filling to the bread, you should ensure that the bread is warm and ready to be filled. In the video, the bread is shown on a tray next to the stove, indicating that it has been heated. You can also see a spatula nearby, which can be used to help place the shawarma filling onto the bread without making a mess. Additionally, the person in the video is holding a plate with a piece of shawarma, suggesting that they are about to place it onto the bread.",100;101;116;118;137;138;140;142;152;153;236;237;266;267;268;269;337;338;340;341;390;391;392;393;396;399;404;405;430;431;432;434;438;439;440;441;472;474;476;477;480;481;517;518;525;527;540;541;556;557;576;577;593;594;600;603;604;605;633;634;636;637;676;677,64,1
9198b9a4-8d8f-4ba6-9924-4c86982d890a,What is done before turning off the stove?,Cook shawarma,"Before turning off the stove, the person ensures that the tortillas are evenly coated with the meat mixture and the vegetables are well-mixed.",100;101;116;118;137;138;140;142;152;153;236;237;266;267;268;269;337;338;340;341;380;381;390;391;392;393;396;399;404;405;430;431;432;434;438;439;440;441;472;474;476;477;480;481;517;518;540;541;556;557;576;577;593;594;600;603;604;605;633;634;636;637;676;677,64,1
9198b9a4-8d8f-4ba6-9924-4c86982d890a,What is the immediate step before serving the shawarma?,Add sauce,The immediate step before serving the shawarma is to add the meat to the tortillas.,100;101;116;118;137;138;140;142;152;153;236;237;266;267;268;269;337;338;340;341;390;391;392;393;396;399;404;405;430;431;432;434;438;439;440;441;472;474;476;477;480;481;517;518;525;527;540;541;556;557;576;577;593;594;600;603;604;605;633;634;636;637;676;677,64,1
9198b9a4-8d8f-4ba6-9924-4c86982d890a,"In the video, is the sauce added to the flat bread before cutting the tomatoes?",No,"No, the sauce is added to the flat bread after cutting the tomatoes.",100;101;116;118;137;138;140;142;152;153;236;237;266;267;268;269;337;338;340;341;390;391;392;393;396;399;404;405;430;431;432;434;438;439;440;441;472;474;476;477;480;481;517;518;525;527;540;541;556;557;576;577;593;594;600;603;604;605;633;634;636;637;676;677,64,1
9198b9a4-8d8f-4ba6-9924-4c86982d890a,Does the person operate the mobile phone after rolling the sauce in the flat breads?,Yes,"Yes, the person operates the mobile phone after rolling the sauce in the flat breads.",100;101;116;118;137;138;140;142;152;153;236;237;266;267;268;269;337;338;340;341;390;391;392;393;396;399;404;405;430;431;432;434;438;439;440;441;472;474;476;477;480;481;517;518;525;527;540;541;556;557;576;577;593;594;600;603;604;605;633;634;636;637;676;677,64,1
9198b9a4-8d8f-4ba6-9924-4c86982d890a,Is the shawarma prepared before the tomatoes are cut with a knife?,Yes,"Yes, the shawarma is prepared before the tomatoes are cut with a knife.",100;101;116;118;137;138;140;142;152;153;236;237;266;267;268;269;337;338;340;341;390;391;392;393;396;399;404;405;430;431;432;434;438;439;440;441;472;474;476;477;480;481;517;518;525;527;540;541;556;557;576;577;593;594;600;603;604;605;633;634;636;637;676;677,64,1
9198b9a4-8d8f-4ba6-9924-4c86982d890a,"In the video, does rolling the sauce happen before the shawarma preparation?",No,"No, rolling the sauce happens after the shawarma preparation.",100;101;116;118;137;138;140;142;152;153;236;237;266;267;268;269;337;338;340;341;390;391;392;393;396;399;404;405;430;431;432;434;438;439;440;441;472;474;476;477;480;481;517;518;525;527;540;541;556;557;576;577;593;594;600;603;604;605;633;634;636;637;676;677,64,1
9198b9a4-8d8f-4ba6-9924-4c86982d890a,Is the flat bread used before operating the mobile phone?,Yes,No.,100;101;116;118;137;138;140;142;152;153;236;237;266;267;268;269;337;338;340;341;390;391;392;393;396;399;404;405;430;431;432;434;438;439;440;441;472;474;476;477;480;481;517;518;525;527;540;541;556;557;576;577;593;594;600;603;604;605;633;634;636;637;676;677,64,1
9198b9a4-8d8f-4ba6-9924-4c86982d890a,What setting is portrayed in the latest clip?,A kitchen setting.,"The latest clip portrays a kitchen setting with a tiled backsplash, a stove with a pot of chili, a pan with a mixture of vegetables, and a container of tortillas.",100;101;116;118;137;138;152;153;236;237;266;267;268;269;337;338;340;341;390;391;392;393;396;399;404;405;430;431;432;434;438;439;440;441;472;474;476;477;480;481;517;518;540;541;556;557;576;577;593;594;600;603;604;605;633;634;636;637;676;677;745;746;778;779,64,1
9198b9a4-8d8f-4ba6-9924-4c86982d890a,What activity is featured in the frame?,Preparing shawarma.,"The activity featured in the frame is cooking, specifically preparing and cooking tacos.",100;101;116;118;137;138;152;153;236;237;266;267;268;269;337;338;340;341;390;391;392;393;396;399;404;405;430;431;432;434;438;439;440;441;472;474;476;477;480;481;517;518;540;541;556;557;576;577;593;594;600;603;604;605;633;634;636;637;676;677;745;746;778;779,64,1
9198b9a4-8d8f-4ba6-9924-4c86982d890a,Is the shawarma preparation process completed in the clip?,No.,"No, the clip ends with the shawarma being prepared, but the cooking process is still ongoing.",100;101;116;118;137;138;152;153;236;237;266;267;268;269;337;338;340;341;390;391;392;393;396;399;404;405;430;431;432;434;438;439;440;441;472;474;476;477;480;481;517;518;540;541;556;557;576;577;593;594;600;603;604;605;633;634;636;637;676;677;745;746;778;779,64,1
9198b9a4-8d8f-4ba6-9924-4c86982d890a,Is there more than one person visible in the kitchen?,No.,"Yes, there is another person visible in the kitchen, holding a plate of rolled tortillas.",100;101;116;118;137;138;152;153;236;237;266;267;268;269;337;338;340;341;390;391;392;393;396;399;404;405;430;431;432;434;438;439;440;441;472;474;476;477;480;481;517;518;540;541;556;557;576;577;593;594;600;603;604;605;633;634;636;637;676;677;745;746;778;779,64,1
9198b9a4-8d8f-4ba6-9924-4c86982d890a,Does the clip show any cooking appliances being used?,No.,"Yes, the clip shows the use of a stove and a pan for cooking.",100;101;116;118;137;138;152;153;236;237;266;267;268;269;337;338;340;341;390;391;392;393;396;399;404;405;430;431;432;434;438;439;440;441;472;474;476;477;480;481;517;518;540;541;556;557;576;577;593;594;600;603;604;605;633;634;636;637;676;677;745;746;778;779,64,1
9198b9a4-8d8f-4ba6-9924-4c86982d890a,Is there any sign of food already cooked in the scene?,No.,"Yes, there is a pot of chili on the stove and a tray of rolled tortillas on the counter.",100;101;116;118;137;138;152;153;236;237;266;267;268;269;337;338;340;341;390;391;392;393;396;399;404;405;430;431;432;434;438;439;440;441;472;474;476;477;480;481;517;518;540;541;556;557;576;577;593;594;600;603;604;605;633;634;636;637;676;677;745;746;778;779,64,1
9198b9a4-8d8f-4ba6-9924-4c86982d890a,Is the person in the frame wearing gloves?,No.,"No, the person is not wearing gloves.",100;101;116;118;137;138;152;153;236;237;266;267;268;269;337;338;340;341;390;391;392;393;396;399;404;405;430;431;432;434;438;439;440;441;472;474;476;477;480;481;517;518;540;541;556;557;576;577;593;594;600;603;604;605;633;634;636;637;676;677;745;746;778;779,64,1
9198b9a4-8d8f-4ba6-9924-4c86982d890a,"In the video, is the meat added to the shawarma wrap before chopping the herbs?",No,"No, the meat is added to the shawarma wrap after chopping the herbs.",100;101;116;118;137;138;152;153;236;237;266;267;268;269;337;338;340;341;390;391;392;393;396;399;404;405;430;431;432;434;438;439;440;441;472;474;476;477;480;481;517;518;540;541;556;557;576;577;593;594;600;603;604;605;633;634;636;637;676;677;745;746;778;779,64,1
9198b9a4-8d8f-4ba6-9924-4c86982d890a,"In the video, is the shawarma wrap prepared before the vegetables are chopped?",Yes,"No, the shawarma wrap is not prepared before the vegetables are chopped. The video shows the preparation of the shawarma wrap after the vegetables are chopped.",100;101;116;118;137;138;152;153;236;237;266;267;268;269;337;338;340;341;390;391;392;393;396;399;404;405;430;431;432;434;438;439;440;441;472;474;476;477;480;481;517;518;540;541;556;557;576;577;593;594;600;603;604;605;633;634;636;637;676;677;745;746;778;779,64,1
9198b9a4-8d8f-4ba6-9924-4c86982d890a,Does chopping herbs happen after the vegetables are mixed in the bowl?,No,"No, chopping herbs happens before the vegetables are mixed in the bowl.",100;101;116;118;137;138;152;153;236;237;266;267;268;269;337;338;340;341;390;391;392;393;396;399;404;405;430;431;432;434;438;439;440;441;472;474;476;477;480;481;517;518;540;541;556;557;576;577;593;594;600;603;604;605;633;634;636;637;676;677;745;746;778;779,64,1
9198b9a4-8d8f-4ba6-9924-4c86982d890a,Is the shawarma meat cooked before the vegetables are cut?,Yes,"Yes, the shawarma meat is cooked before the vegetables are cut.",100;101;116;118;137;138;152;153;236;237;266;267;268;269;337;338;340;341;390;391;392;393;396;399;404;405;430;431;432;434;438;439;440;441;472;474;476;477;480;481;517;518;540;541;556;557;576;577;593;594;600;603;604;605;633;634;636;637;676;677;745;746;778;779,64,1
9198b9a4-8d8f-4ba6-9924-4c86982d890a,What happens just before the shawarma meat is added to the wrap in the video?,The vegetables are mixed in a bowl,The shawarma meat is scooped from the pan and placed into the wrap.,100;101;116;118;137;138;152;153;236;237;266;267;268;269;337;338;340;341;390;391;392;393;396;399;404;405;430;431;432;434;438;439;440;441;472;474;476;477;480;481;517;518;540;541;556;557;576;577;593;594;600;603;604;605;633;634;636;637;676;677;745;746;778;779,64,1
9198b9a4-8d8f-4ba6-9924-4c86982d890a,What action takes place before the wrap is rolled up in the video?,The meat and vegetables are added to it,"Before the wrap is rolled up, the person places a tortilla on the stovetop and scoops some of the meat mixture onto it.",100;101;116;118;137;138;140;142;152;153;236;237;266;267;268;269;337;338;340;341;390;391;392;393;396;399;404;405;430;431;432;434;438;439;440;441;472;474;476;477;480;481;517;518;540;541;556;557;576;577;600;603;604;605;633;634;636;637;676;677;745;746;778;779,64,1
9198b9a4-8d8f-4ba6-9924-4c86982d890a,"In the video, is the meat placed on the bread before adding vegetables?",No,"Yes, the meat is placed on the bread before adding vegetables.",100;101;116;118;137;138;152;153;236;237;266;267;268;269;337;338;340;341;390;391;392;393;396;399;404;405;430;431;432;434;438;439;440;441;472;474;476;477;480;481;517;518;540;541;556;557;576;577;593;594;600;603;604;605;633;634;636;637;676;677;745;746;778;779,64,1
9198b9a4-8d8f-4ba6-9924-4c86982d890a,Is the bread toasted before spreading the meat on it?,No,"No, the bread is not toasted before spreading the meat on it.",100;101;116;118;137;138;152;153;236;237;266;267;268;269;337;338;340;341;390;391;392;393;396;399;404;405;430;431;432;434;438;439;440;441;472;474;476;477;480;481;517;518;540;541;556;557;576;577;593;594;600;603;604;605;633;634;636;637;676;677;745;746;778;779,64,1
9198b9a4-8d8f-4ba6-9924-4c86982d890a,"In the clip, is the chopping of vegetables shown before the frying of meat?",Yes,"No, the chopping of vegetables is shown after the frying of meat.",100;101;116;118;137;138;152;153;236;237;266;267;268;269;337;338;340;341;390;391;392;393;396;399;404;405;430;431;432;434;438;439;440;441;472;474;476;477;480;481;517;518;540;541;556;557;576;577;593;594;600;603;604;605;633;634;636;637;676;677;745;746;778;779,64,1
9198b9a4-8d8f-4ba6-9924-4c86982d890a,Does the video show adding condiments after the meat is placed on the bread?,Yes,"Yes, the video shows adding condiments after the meat is placed on the bread.",100;101;116;118;137;138;152;153;236;237;266;267;268;269;337;338;340;341;390;391;392;393;396;399;404;405;430;431;432;434;438;439;440;441;472;474;476;477;480;481;517;518;540;541;556;557;576;577;593;594;600;603;604;605;633;634;636;637;676;677;745;746;778;779,64,1
9198b9a4-8d8f-4ba6-9924-4c86982d890a,What occurs just before the meat is added to the bread in the video?,Vegetables are chopped,The meat is scooped from a pan and placed into a tortilla.,100;101;116;118;137;138;140;142;152;153;236;237;266;267;268;269;337;338;340;341;390;391;392;393;396;399;404;405;430;431;432;434;438;439;440;441;472;474;476;477;480;481;517;518;540;541;556;557;576;577;593;594;600;603;633;634;636;637;676;677;745;746;778;779,64,1
9198b9a4-8d8f-4ba6-9924-4c86982d890a,"In the video sequence, what do we see happening before the bread is picked up?",Vegetables being sautéed,"Before the bread is picked up, we see a close-up of the kitchen counter with a plastic container of tortillas, a bowl of chopped vegetables, and a plate of rolled tortillas.",100;101;116;118;137;138;140;142;152;153;236;237;266;267;268;269;337;338;340;341;390;391;392;393;396;399;404;405;430;431;432;434;438;439;440;441;472;474;476;477;480;481;517;518;540;541;556;557;576;577;593;594;600;603;633;634;636;637;676;677;745;746;778;779,64,1
9198b9a4-8d8f-4ba6-9924-4c86982d890a,"Before the chopping of vegetables, what event is shown in the clip?",Preparing other ingredients,"Before the chopping of vegetables, the clip shows a person holding a bowl of chopped vegetables, likely preparing to add them to the cooking process.",100;101;116;118;137;138;152;153;236;237;266;267;268;269;337;338;340;341;390;391;392;393;396;399;404;405;430;431;432;434;438;439;440;441;472;474;476;477;480;481;517;518;540;541;556;557;576;577;593;594;600;603;604;605;633;634;636;637;676;677;745;746;778;779,64,1
9198b9a4-8d8f-4ba6-9924-4c86982d890a,What does the cook do before adding condiments to the shawarma?,Place meat on the bread,The cook places the shawarma on a plate before adding condiments.,100;101;116;118;137;138;152;153;236;237;266;267;268;269;337;338;340;341;390;391;392;393;396;399;404;405;430;431;432;434;438;439;440;441;472;474;476;477;480;481;517;518;540;541;556;557;576;577;593;594;600;603;604;605;633;634;636;637;676;677;745;746;778;779,64,1
9198b9a4-8d8f-4ba6-9924-4c86982d890a,What is the setting of this scene?,A kitchen.,The setting of this scene is a kitchen where a person is preparing a meal.,100;101;116;118;137;138;152;153;236;237;266;267;268;269;337;338;340;341;390;391;392;393;396;399;404;405;432;434;438;439;440;441;472;474;476;477;480;481;517;518;540;541;556;557;576;577;633;634;636;637;676;677;745;746;778;779;857;859;861;862;864;865;892;893,64,1
9198b9a4-8d8f-4ba6-9924-4c86982d890a,What culinary activity is taking place?,Preparing shawarma.,The video shows the preparation of a meal involving filling tortillas with a meat mixture and cooking a vegetable mixture.,100;101;116;118;137;138;152;153;236;237;266;267;268;269;337;338;340;341;390;391;392;393;396;399;404;405;432;434;438;439;440;441;472;474;476;477;480;481;517;518;540;541;556;557;576;577;633;634;636;637;676;677;745;746;778;779;857;859;861;862;864;865;892;893,64,1
9198b9a4-8d8f-4ba6-9924-4c86982d890a,Which type of cuisine is being worked on?,"Middle Eastern, specifically shawarma.",Mexican cuisine,100;101;116;118;137;138;152;153;236;237;266;267;268;269;337;338;340;341;390;391;392;393;396;399;404;405;432;434;438;439;440;441;472;474;476;477;480;481;517;518;540;541;556;557;576;577;633;634;636;637;676;677;745;746;778;779;857;859;861;862;864;865;892;893,64,1
9198b9a4-8d8f-4ba6-9924-4c86982d890a,Are any other tasks being carried out besides cooking?,"No, just cooking.","Yes, besides cooking, the person is also preparing tortillas and adding chopped vegetables to the pan.",100;101;116;118;137;138;152;153;236;237;266;267;268;269;337;338;340;341;390;391;392;393;396;399;404;405;432;434;438;439;440;441;472;474;476;477;480;481;517;518;540;541;556;557;576;577;633;634;636;637;676;677;745;746;778;779;857;859;861;862;864;865;892;893,64,1
9198b9a4-8d8f-4ba6-9924-4c86982d890a,Is the kitchen residential or commercial?,It appears residential.,Residential,100;101;116;118;137;138;152;153;236;237;266;267;268;269;337;338;340;341;390;391;392;393;396;399;404;405;432;434;438;439;440;441;472;474;476;477;480;481;517;518;540;541;576;577;600;603;633;634;636;637;676;677;745;746;778;779;857;859;861;862;864;865;892;893,64,1
9198b9a4-8d8f-4ba6-9924-4c86982d890a,Is any equipment being used in the action?,"Yes, a knife for chopping.","Yes, a spatula is being used to stir the mixture in the pan.",100;101;116;118;137;138;152;153;236;237;266;267;268;269;337;338;340;341;390;391;392;393;396;399;404;405;432;434;438;439;440;441;472;474;476;477;480;481;517;518;540;541;556;557;576;577;633;634;636;637;676;677;745;746;778;779;857;859;861;862;864;865;892;893,64,1
9198b9a4-8d8f-4ba6-9924-4c86982d890a,Is the person cooking alone or with others?,The clip only shows one person cooking.,The video does not provide information about whether the person is cooking alone or with others.,100;101;116;118;137;138;152;153;236;237;266;267;268;269;337;338;340;341;390;391;392;393;396;399;404;405;432;434;438;439;440;441;472;474;476;477;480;481;517;518;540;541;576;577;593;594;633;634;636;637;676;677;745;746;778;779;857;859;861;862;864;865;892;893,64,1
9198b9a4-8d8f-4ba6-9924-4c86982d890a,Is there more than one person in this scene?,No.,"Yes, there is another person in the scene who is holding a plate of tortillas.",100;101;116;118;137;138;152;153;236;237;266;267;268;269;337;338;340;341;390;391;392;393;396;399;404;405;432;434;438;439;440;441;472;474;476;477;480;481;517;518;540;541;576;577;593;594;633;634;636;637;676;677;745;746;778;779;857;859;861;862;864;865;892;893,64,1
9198b9a4-8d8f-4ba6-9924-4c86982d890a,Has the meal been completed in this frame?,No.,"No, the meal has not been completed in this frame. The video shows the preparation of a dish involving rolled tortillas and a mixture of vegetables and meat being cooked on a stovetop. The person is seen adding ingredients to the pan and stirring the contents, indicating that the cooking process is still ongoing.",100;101;116;118;137;138;152;153;236;237;266;267;268;269;337;338;340;341;390;391;392;393;396;399;404;405;432;434;438;439;440;441;472;474;476;477;480;481;517;518;540;541;556;557;576;577;633;634;636;637;676;677;745;746;778;779;857;859;861;862;864;865;892;893,64,1
9198b9a4-8d8f-4ba6-9924-4c86982d890a,Is the person in the video cleaning?,No.,"No, the person in the video is cooking.",100;101;116;118;137;138;152;153;236;237;266;267;268;269;337;338;340;341;390;391;392;393;396;399;404;405;432;434;438;439;440;441;472;474;476;477;480;481;517;518;540;541;556;557;576;577;633;634;636;637;676;677;745;746;778;779;857;859;861;862;864;865;892;893,64,1
9198b9a4-8d8f-4ba6-9924-4c86982d890a,Does this clip show the finished shawarma dish?,No.,"Yes, the clip shows the finished shawarma dish, with the person arranging the cooked shawarma rolls on a plate and garnishing them with a colorful vegetable mixture.",100;101;116;118;137;138;152;153;236;237;266;267;268;269;337;338;340;341;390;391;392;393;396;399;404;405;430;431;432;434;438;439;440;441;472;474;476;477;480;481;517;518;540;541;556;557;576;577;633;634;636;637;676;677;745;746;778;779;857;859;861;862;892;893,64,1
9198b9a4-8d8f-4ba6-9924-4c86982d890a,Are there any children present in this video?,No.,"No, there are no children present in this video.",100;101;116;118;137;138;152;153;236;237;266;267;268;269;337;338;340;341;390;391;392;393;396;399;404;405;432;434;438;439;440;441;472;474;476;477;480;481;517;518;540;541;556;557;576;577;633;634;636;637;676;677;745;746;778;779;857;859;861;862;864;865;892;893,64,1
9198b9a4-8d8f-4ba6-9924-4c86982d890a,"In the video, is the shawarma prepared after I washed the vegetables?",No,"Yes, the shawarma is prepared after the vegetables are washed and chopped.",100;101;116;118;137;138;152;153;236;237;266;267;268;269;337;338;340;341;390;391;392;393;396;399;404;405;432;434;438;439;440;441;472;474;476;477;480;481;517;518;540;541;556;557;576;577;633;634;636;637;676;677;745;746;778;779;857;859;861;862;864;865;892;893,64,1
9198b9a4-8d8f-4ba6-9924-4c86982d890a,"In the video, do I chop the parsley before assembling the shawarma?",Yes,"Yes, in the video, the parsley is chopped before assembling the shawarma.",100;101;116;118;137;138;152;153;236;237;266;267;268;269;337;338;340;341;390;391;392;393;396;399;404;405;432;434;438;439;440;441;472;474;476;477;480;481;517;518;540;541;556;557;576;577;633;634;636;637;676;677;745;746;778;779;857;859;861;862;864;865;892;893,64,1
9198b9a4-8d8f-4ba6-9924-4c86982d890a,Does cutting tomatoes occur before the marinating of meat?,Yes,"No, cutting tomatoes occurs after the marinating of meat.",100;101;116;118;137;138;152;153;236;237;266;267;268;269;337;338;340;341;390;391;392;393;396;399;404;405;430;431;432;434;438;439;440;441;472;474;476;477;480;481;517;518;540;541;556;557;576;577;633;634;636;637;676;677;745;746;778;779;857;859;861;862;892;893,64,1
9198b9a4-8d8f-4ba6-9924-4c86982d890a,"In the clip, is the garlic crushed before the tzatziki sauce is mixed?",Yes,"Yes, the garlic is crushed before the tzatziki sauce is mixed.",100;101;116;118;137;138;152;153;236;237;266;267;268;269;337;338;340;341;390;391;392;393;396;399;404;405;432;434;438;439;440;441;472;474;476;477;480;481;517;518;540;541;576;577;600;603;633;634;636;637;676;677;745;746;778;779;857;859;861;862;864;865;892;893,64,1
9198b9a4-8d8f-4ba6-9924-4c86982d890a,Is the lettuce shredded after the hummus is spread on the bread?,Yes,"No, the lettuce is not shredded after the hummus is spread on the bread.",100;101;116;118;137;138;152;153;236;237;266;267;268;269;337;338;340;341;390;391;392;393;396;399;404;405;432;434;438;439;440;441;472;474;476;477;480;481;517;518;540;541;556;557;576;577;600;603;633;634;636;637;676;677;745;746;778;779;857;859;861;862;892;893,64,1
9198b9a4-8d8f-4ba6-9924-4c86982d890a,What happens before I season the shawarma meat?,Chopping onions,"Before seasoning the shawarma meat, the person is seen preparing the ingredients on the stovetop. They have a pan with a mixture of cooked meat and vegetables, and a bowl of chopped vegetables, likely for garnishing or additional flavor. The person is also holding a plate with several pieces of flatbread, which are likely to be used to wrap the shawarma. The scene suggests that the person is in the process of assembling the shawarma, which involves placing the seasoned meat and vegetables between the flatbread.",100;101;116;118;137;138;152;153;236;237;266;267;268;269;337;338;340;341;390;391;392;393;396;399;404;405;432;434;438;439;440;441;472;474;476;477;480;481;517;518;540;541;556;557;576;577;633;634;636;637;676;677;745;746;778;779;857;859;861;862;864;865;892;893,64,1
9198b9a4-8d8f-4ba6-9924-4c86982d890a,What do I do just before wrapping the shawarma?,Adding sauces,"Just before wrapping the shawarma, you typically assemble the ingredients inside the pita bread. This usually includes the seasoned meat, which has been cooked and is often shredded or sliced, along with any additional fillings such as vegetables, sauces, and sometimes cheese. The meat is placed on the pita bread, followed by the desired vegetables and sauces, and then the pita is folded or rolled to enclose the ingredients. The exact steps can vary depending on the recipe and personal preferences, but the goal is to create a flavorful and balanced sandwich.",100;101;116;118;137;138;152;153;236;237;266;267;268;269;337;338;340;341;390;391;392;393;396;399;404;405;432;434;438;439;440;441;472;474;476;477;480;481;517;518;540;541;556;557;576;577;633;634;636;637;676;677;745;746;778;779;857;859;861;862;864;865;892;893,64,1
9198b9a4-8d8f-4ba6-9924-4c86982d890a,What occurs before I put the shawarma on the grill?,Skewing meat,"Before putting the shawarma on the grill, the person is seen preparing the shawarma by placing it on a plate and then onto the grill.",100;101;116;118;137;138;152;153;236;237;266;267;268;269;337;338;340;341;390;391;392;393;396;399;404;405;432;434;438;439;440;441;472;474;476;477;480;481;517;518;540;541;556;557;576;577;633;634;636;637;676;677;745;746;778;779;857;859;861;862;864;865;892;893,64,1
9198b9a4-8d8f-4ba6-9924-4c86982d890a,"In the video, what action precedes slicing the cooked shawarma?",Removing from heat,The action that precedes slicing the cooked shawarma is placing the cooked shawarma on a plate.,100;101;116;118;137;138;152;153;236;237;266;267;268;269;337;338;340;341;390;391;392;393;396;399;404;405;432;434;438;439;440;441;472;474;476;477;480;481;517;518;540;541;556;557;576;577;633;634;636;637;676;677;745;746;778;779;857;859;861;862;864;865;892;893,64,1
9198b9a4-8d8f-4ba6-9924-4c86982d890a,What task is completed before garnishing the dish with parsley?,Placing the shawarma on the plate.,"Before garnishing the dish with parsley, the person completes the task of adding a colorful mixture of diced vegetables to the pan.",100;101;116;118;137;138;152;153;236;237;266;267;268;269;337;338;340;341;390;391;392;393;396;399;404;405;432;434;438;439;440;441;472;474;476;477;480;481;517;518;540;541;556;557;576;577;633;634;636;637;676;677;745;746;778;779;857;859;861;862;864;865;892;893,64,1
9198b9a4-8d8f-4ba6-9924-4c86982d890a,"In the kitchen, is shawarma added to the pita before chopping the herbs?",No,"No, shawarma is added to the pita after chopping the herbs.",100;101;116;118;137;138;152;153;236;237;266;267;268;269;337;338;340;341;390;391;392;393;396;399;404;405;432;434;438;439;440;441;472;474;476;477;480;481;517;518;540;541;556;557;576;577;633;634;636;637;676;677;745;746;778;779;857;859;861;862;864;865;892;893,64,1
9198b9a4-8d8f-4ba6-9924-4c86982d890a,Are the herbs chopped before the shawarma is cooked?,Yes,"Yes, the herbs are chopped before the shawarma is cooked.",100;101;116;118;137;138;152;153;236;237;266;267;268;269;337;338;340;341;390;391;392;393;396;399;404;405;432;434;438;439;440;441;472;474;476;477;480;481;517;518;540;541;556;557;576;577;633;634;636;637;676;677;745;746;778;779;857;859;861;862;864;865;892;893,64,1
9198b9a4-8d8f-4ba6-9924-4c86982d890a,Is the pita prepared before any cooking starts?,No,"Yes, the pita is prepared before any cooking starts, as it is shown in a plastic container on the counter.",100;101;116;118;137;138;152;153;236;237;266;267;268;269;337;338;340;341;390;391;392;393;396;399;404;405;432;434;438;439;440;441;472;474;476;477;480;481;517;518;540;541;556;557;576;577;633;634;636;637;676;677;745;746;778;779;857;859;861;862;864;865;892;893,64,1
9198b9a4-8d8f-4ba6-9924-4c86982d890a,Is the pan on the stove before chopping the herbs?,Yes,No.,100;101;116;118;137;138;152;153;236;237;266;267;268;269;337;338;340;341;390;391;392;393;396;399;404;405;432;434;438;439;440;441;472;474;476;477;480;481;517;518;540;541;556;557;576;577;633;634;636;637;676;677;745;746;778;779;857;859;861;862;864;865;892;893,64,1
9198b9a4-8d8f-4ba6-9924-4c86982d890a,What happens before the pita is filled with shawarma?,Shawarma is cooked.,"Before the pita is filled with shawarma, it is placed on a black grill pan and cooked.",100;101;116;118;137;138;152;153;236;237;266;267;268;269;337;338;340;341;390;391;392;393;396;399;404;405;432;434;438;439;440;441;472;474;476;477;480;481;517;518;540;541;556;557;576;577;633;634;636;637;676;677;745;746;778;779;857;859;861;862;864;865;892;893,64,1
9198b9a4-8d8f-4ba6-9924-4c86982d890a,What is the action performed after placing the pan on the stove?,Cooking shawarma.,"After placing the pan on the stove, the person uses a spatula to stir the contents of the pan.",100;101;116;118;137;138;152;153;236;237;266;267;268;269;337;338;340;341;390;391;392;393;396;399;404;405;432;434;438;439;440;441;472;474;476;477;480;481;517;518;540;541;556;557;576;577;633;634;636;637;676;677;745;746;778;779;857;859;861;862;864;865;892;893,64,1
9198b9a4-8d8f-4ba6-9924-4c86982d890a,What is the setting shown in the video clip?,A kitchen.,The setting shown in the video clip is a kitchen.,100;101;116;118;137;138;152;153;236;237;266;267;268;269;337;338;340;341;390;391;392;393;396;399;404;405;432;434;438;439;440;441;472;474;476;477;480;481;517;518;540;541;576;577;633;634;636;637;676;677;745;746;778;779;857;859;892;893;961;962;1108;1110;1220;1221,64,1
9198b9a4-8d8f-4ba6-9924-4c86982d890a,Which dish is being prepared in this video?,Shawarma.,"The video shows the preparation of a dish that includes rolled tortillas, a mixture of beans, and a colorful vegetable mixture. The final dish appears to be a type of enchilada or burrito, with the vegetable mixture being added to the rolled tortillas.",100;101;116;118;137;138;152;153;236;237;266;267;268;269;337;338;340;341;390;391;392;393;396;399;404;405;432;434;438;439;440;441;472;474;476;477;480;481;517;518;540;541;576;577;633;634;636;637;676;677;745;746;778;779;857;859;892;893;961;962;1108;1110;1220;1221,64,1
9198b9a4-8d8f-4ba6-9924-4c86982d890a,Are there any decorations visible in the video scene?,"Yes, a Christmas tree.","Yes, there is a colorful box with a yellow lid and a red container visible in the background.",100;101;116;118;137;138;152;153;236;237;266;267;268;269;337;338;340;341;390;391;392;393;396;399;404;405;432;434;438;439;440;441;472;474;476;477;480;481;517;518;540;541;576;577;633;634;636;637;676;677;745;746;778;779;861;862;892;893;961;962;1108;1110;1220;1221,64,1
9198b9a4-8d8f-4ba6-9924-4c86982d890a,What appliances are present in the video scene?,A stove and fridge are visible.,"The video scene includes a stove with a pan of chili, a pan with rolled tortillas, and a countertop with various ingredients and utensils.",100;101;116;118;137;138;152;153;236;237;266;267;268;269;337;338;340;341;390;391;392;393;396;399;404;405;432;434;438;439;440;441;472;474;476;477;480;481;517;518;540;541;576;577;633;634;636;637;676;677;745;746;778;779;857;859;892;893;961;962;1108;1110;1220;1221,64,1
9198b9a4-8d8f-4ba6-9924-4c86982d890a,Is the kitchen depicted as clean or messy?,It appears clean.,The kitchen is depicted as clean and organized.,100;101;116;118;137;138;152;153;236;237;266;267;268;269;337;338;340;341;390;391;392;393;396;399;404;405;432;434;438;439;440;441;472;474;476;477;480;481;517;518;540;541;576;577;633;634;636;637;676;677;745;746;778;779;857;859;861;862;892;893;961;962;1220;1221,64,1
9198b9a4-8d8f-4ba6-9924-4c86982d890a,Is any cooking appliance being used in the frames?,The stove is being used.,"Yes, a stove is being used in the frames.",100;101;116;118;137;138;152;153;236;237;266;267;268;269;337;338;340;341;390;391;392;393;396;399;404;405;432;434;438;439;440;441;472;474;476;477;480;481;517;518;540;541;576;577;633;634;636;637;676;677;745;746;778;779;857;859;861;862;892;893;961;962;1220;1221,64,1
9198b9a4-8d8f-4ba6-9924-4c86982d890a,Is there any evidence of recent cooking in the video?,"Yes, a pan is on the stovetop.","Yes, there is evidence of recent cooking in the video. The stove has a pot of chili and a pan with a mixture of vegetables, and there are several tortillas on a tray.",100;101;116;118;137;138;152;153;236;237;266;267;268;269;337;338;340;341;390;391;392;393;396;399;404;405;432;434;438;439;440;441;472;474;476;477;480;481;517;518;540;541;576;577;633;634;636;637;676;677;745;746;778;779;857;859;861;862;892;893;961;962;1220;1221,64,1
9198b9a4-8d8f-4ba6-9924-4c86982d890a,Is food being cooked or assembled?,"Assembled, as shawarma is being prepared.",Both cooking and assembly of food are taking place.,100;101;116;118;137;138;152;153;236;237;266;267;268;269;337;338;340;341;390;391;392;393;396;399;404;405;432;434;438;439;440;441;472;474;476;477;480;481;517;518;540;541;576;577;633;634;636;637;676;677;745;746;778;779;857;859;861;862;892;893;961;962;1220;1221,64,1
9198b9a4-8d8f-4ba6-9924-4c86982d890a,Does the clip show any ingredient being chopped or sliced?,"No, not depicted in the clip.","No, the clip does not show any ingredient being chopped or sliced.",100;101;116;118;137;138;152;153;236;237;266;267;268;269;337;338;340;341;390;391;392;393;396;399;404;405;432;434;438;439;440;441;472;474;476;477;480;481;517;518;540;541;576;577;633;634;636;637;676;677;745;746;778;779;857;859;861;862;892;893;961;962;1220;1221,64,1
9198b9a4-8d8f-4ba6-9924-4c86982d890a,Is there a person visible in the video clip?,No.,"Yes, there is a person visible in the video clip.",100;101;116;118;137;138;152;153;236;237;266;267;268;269;337;338;340;341;390;391;392;393;396;399;404;405;432;434;438;439;440;441;472;474;476;477;480;481;517;518;540;541;576;577;633;634;636;637;676;677;745;746;778;779;857;859;892;893;961;962;1108;1110;1220;1221,64,1
9198b9a4-8d8f-4ba6-9924-4c86982d890a,Does the clip include any festive decorations?,Yes.,"No, the clip does not include any festive decorations.",100;101;116;118;137;138;152;153;236;237;266;267;268;269;337;338;340;341;390;391;392;393;396;399;404;405;432;434;438;439;440;441;472;474;476;477;480;481;517;518;540;541;576;577;633;634;636;637;676;677;745;746;778;779;861;862;892;893;961;962;1108;1110;1220;1221,64,1
9198b9a4-8d8f-4ba6-9924-4c86982d890a,Can you see any finished dish in the clip?,No.,"Yes, there is a finished dish of tacos on a black tray on the stovetop.",100;101;116;118;137;138;152;153;236;237;266;267;268;269;337;338;340;341;390;391;392;393;396;399;404;405;432;434;438;439;440;441;472;474;476;477;480;481;517;518;540;541;576;577;633;634;636;637;676;677;745;746;778;779;857;859;892;893;961;962;1108;1110;1220;1221,64,1
9198b9a4-8d8f-4ba6-9924-4c86982d890a,Does the clip show someone doing the dishes?,No.,"No, the clip does not show someone doing the dishes. It focuses on the cooking process.",100;101;116;118;137;138;152;153;236;237;266;267;268;269;337;338;340;341;390;391;392;393;396;399;404;405;432;434;438;439;440;441;472;474;476;477;480;481;517;518;540;541;633;634;636;637;676;677;745;746;778;779;857;859;861;862;892;893;961;962;1108;1110;1220;1221,64,1
9198b9a4-8d8f-4ba6-9924-4c86982d890a,Is there any visible flame or food being cooked directly?,No.,"No, there is no visible flame or food being cooked directly.",100;101;116;118;137;138;152;153;236;237;266;267;268;269;337;338;340;341;390;391;392;393;396;399;404;405;432;434;438;439;440;441;472;474;476;477;480;481;517;518;540;541;576;577;633;634;636;637;676;677;745;746;778;779;857;859;861;862;892;893;961;962;1220;1221,64,1
9198b9a4-8d8f-4ba6-9924-4c86982d890a,What is the setting of the latest video clip?,The setting is a kitchen.,The setting of the latest video clip is a kitchen with a tiled backsplash and various cooking utensils and ingredients on the counter.,100;101;116;118;137;138;152;153;236;237;266;267;268;269;337;338;340;341;390;391;392;393;396;399;404;405;432;434;438;439;440;441;472;474;476;477;480;481;517;518;540;541;633;634;636;637;676;677;745;746;778;779;892;893;961;962;1108;1110;1220;1221;1248;1251;1252;1253,64,1
9198b9a4-8d8f-4ba6-9924-4c86982d890a,Describe the activity being carried out.,Cooking or food preparation is being performed.,"The video begins with a person preparing a meal in a kitchen. The scene opens with a close-up of a countertop where several tortillas are laid out, and a bowl of chopped vegetables is visible. The person is seen holding a tortilla and scooping a mixture of beans from a pot on the stove. The mixture appears to be a combination of cooked beans and possibly some spices or seasonings. The person then places the beans onto the tortilla and folds it, preparing it for cooking.The next scene shows the person placing the folded tortilla onto a black griddle on the stove. The griddle is already occupied with several other tortillas that have been folded and are being cooked. The person uses a spatula to press down on the tortilla, ensuring it cooks evenly. The background includes a pot of beans on the stove, a bowl of chopped vegetables, and various kitchen utensils and ingredients on the countertop.The video continues with a close-up of the person cooking the tortillas on the black griddle. The person is seen using a spatula to press down on the tortilla, ensuring it cooks evenly. The background includes a pot of beans on the stove, a bowl of chopped vegetables, and various kitchen utensils and ingredients on the countert",100;101;116;118;137;138;152;153;236;237;266;267;268;269;337;338;340;341;390;391;392;393;396;399;404;405;432;434;438;439;440;441;472;474;476;477;480;481;517;518;540;541;576;577;633;634;636;637;676;677;745;746;778;779;892;893;961;962;1220;1221;1248;1251;1252;1253,64,1
9198b9a4-8d8f-4ba6-9924-4c86982d890a,Does the person open the refrigerator in the video?,Yes.,"No, the person does not open the refrigerator in the video.",100;101;116;118;137;138;152;153;236;237;266;267;268;269;337;338;340;341;390;391;392;393;396;399;404;405;432;434;438;439;440;441;472;474;476;477;480;481;517;518;540;541;576;577;633;634;636;637;676;677;745;746;778;779;892;893;961;962;1220;1221;1248;1251;1252;1253,64,1
9198b9a4-8d8f-4ba6-9924-4c86982d890a,"In the video, is the refrigerator opened before the cheese is retrieved?",Yes,"No, the refrigerator is not opened before the cheese is retrieved.",100;101;116;118;137;138;152;153;236;237;266;267;268;269;337;338;340;341;390;391;392;393;396;399;404;405;432;434;438;439;440;441;472;474;476;477;480;481;517;518;540;541;633;634;636;637;676;677;745;746;778;779;892;893;961;962;1108;1110;1220;1221;1248;1251;1252;1253,64,1
9198b9a4-8d8f-4ba6-9924-4c86982d890a,Is the kitchen light turned on after I enter the room?,No,"Yes, the kitchen light is turned on after you enter the room.",100;101;116;118;137;138;152;153;236;237;266;267;268;269;337;338;340;341;390;391;392;393;396;399;404;405;432;434;438;439;440;441;472;474;476;477;480;481;517;518;540;541;576;577;633;634;636;637;676;677;745;746;778;779;892;893;961;962;1220;1221;1248;1251;1252;1253,64,1
9198b9a4-8d8f-4ba6-9924-4c86982d890a,Do I start preparing shawarma before setting the ingredients on the counter?,No,"No, you start preparing shawarma after setting the ingredients on the counter.",100;101;116;118;137;138;152;153;236;237;266;267;268;269;337;338;340;341;390;391;392;393;396;399;404;405;432;434;438;439;440;441;472;474;476;477;480;481;517;518;540;541;576;577;633;634;636;637;676;677;745;746;778;779;892;893;961;962;1220;1221;1248;1251;1252;1253,64,1
9198b9a4-8d8f-4ba6-9924-4c86982d890a,"In the video, is the tree decorated before I begin cooking?",Yes,"No, the tree is not decorated before I begin cooking.",100;101;116;118;137;138;152;153;236;237;266;267;268;269;337;338;340;341;390;391;392;393;396;399;404;405;432;434;438;439;440;441;472;474;476;477;480;481;517;518;540;541;633;634;636;637;676;677;745;746;778;779;857;859;892;893;961;962;1220;1221;1248;1251;1252;1253,64,1
9198b9a4-8d8f-4ba6-9924-4c86982d890a,What's the setting of the video clip?,In a kitchen.,The setting of the video clip is a kitchen where a person is preparing food.,100;101;116;118;137;138;152;153;236;237;266;267;268;269;337;338;340;341;390;391;392;393;396;399;404;405;432;434;438;439;440;441;472;474;476;477;480;481;517;518;540;541;633;634;636;637;676;677;745;746;778;779;892;893;961;962;1108;1110;1220;1221;1248;1251;1252;1253,64,1
9198b9a4-8d8f-4ba6-9924-4c86982d890a,What objects are present in this scene?,"Glass cup, glass bowls, steel bowls, whipping cream, flour, eggs, whisker.","In the scene, there are several objects present:1. A stove with a pan containing a meat-based mixture.2. A pan with a colorful vegetable mixture, including diced carrots and green bell peppers.3. A stack of tortillas on the left side of the stove.4. A container with a lid, possibly containing more tortillas or another ingredient.5. A cutting board with a knife and some chopped ingredients.6. A bowl with a spoon, likely containing a sauce or additional seasoning.7. A pot with a lid, which might be used for cooking rice or beans.8. Various kitchen utensils such as a spatula and a pair of tongs.9. A bottle of oil or cooking oil.10. A container with a red lid, which could be a spice container or another ingredient.11. A bowl with a yellow lid, possibly containing cheese or another ingredient.12. A container with a blue lid, which might be holding a different ingredient.13. A container with a red lid, which could be a spice container or another ingredient.14. A container with a yellow lid, possibly containing cheese or another ingredient.15. A container with a blue lid, which might be holding a different",100;101;116;118;137;138;152;153;236;237;266;267;268;269;337;338;340;341;390;391;392;393;396;399;404;405;432;434;438;439;440;441;472;474;476;477;480;481;517;518;540;541;576;577;633;634;636;637;676;677;745;746;778;779;892;893;961;962;1220;1221;1248;1251;1252;1253,64,1
9198b9a4-8d8f-4ba6-9924-4c86982d890a,What is the main activity taking place?,Baking preparation.,"The main activity is the preparation and cooking of a meal, specifically making tacos.",100;101;116;118;137;138;152;153;236;237;266;267;268;269;337;338;340;341;390;391;392;393;396;399;404;405;432;434;438;439;472;474;476;477;480;481;517;518;540;541;576;577;633;634;636;637;676;677;745;746;778;779;892;893;961;962;1108;1110;1220;1221;1248;1251;1252;1253,64,1
9198b9a4-8d8f-4ba6-9924-4c86982d890a,Are there any kitchen appliances visible?,"Yes, a stove and a sink.","Yes, there is a stove with a pan of chili and a skillet with a colorful vegetable mixture visible.",100;101;116;118;137;138;152;153;236;237;266;267;268;269;337;338;340;341;390;391;392;393;396;399;404;405;432;434;438;439;440;441;472;474;476;477;480;481;517;518;540;541;576;577;633;634;636;637;676;677;745;746;778;779;892;893;961;962;1220;1221;1248;1251;1252;1253,64,1
9198b9a4-8d8f-4ba6-9924-4c86982d890a,Can you identify the ingredients used?,"Heavy whipping cream, flour, and eggs.","The video shows a cooking process that involves several ingredients, although the specific ingredients are not explicitly mentioned. However, based on the visual cues, here are some of the ingredients that can be identified:1. Tortillas: Rolled tortillas are being prepared on a grill pan.2. Ground meat: A pan on the stove contains what appears to be cooked ground meat, likely beef or pork.3. Vegetables: There are chopped vegetables, including what looks like diced onions and possibly bell peppers, being sautéed in a pan.4. Cheese: Shredded cheese is being used to fill the tortillas.5. Spices and seasonings: Various spices and seasonings are visible on the counter, suggesting that they are used to flavor the meat and vegetables.6. Oil: A bottle of oil is present, which is likely used for cooking the vegetables and meat.7. Other ingredients: There are other ingredients in containers and on the counter, but they are not clearly identifiable from the video.The video shows a step-by-step process of preparing a dish that involves filling tortillas with the cooked meat and cheese mixture, then cooking them on a grill pan. The final product appears to be a type of Mexican or Tex-Mex cuisine, such as",100;101;116;118;137;138;152;153;236;237;266;267;268;269;337;338;340;341;390;391;392;393;396;399;404;405;432;434;438;439;440;441;472;474;476;477;480;481;517;518;540;541;576;577;633;634;636;637;676;677;745;746;778;779;892;893;961;962;1220;1221;1248;1251;1252;1253,64,1
9198b9a4-8d8f-4ba6-9924-4c86982d890a,What is being prepared in the kitchen?,A baking recipe.,"Mexican-style food, including rolled tortillas and a mixture of beans and vegetables, is being prepared in the kitchen.",100;101;116;118;137;138;152;153;236;237;266;267;268;269;337;338;340;341;390;391;392;393;396;399;404;405;432;434;438;439;440;441;472;474;476;477;480;481;517;518;540;541;576;577;633;634;636;637;676;677;745;746;778;779;892;893;961;962;1220;1221;1248;1251;1252;1253,64,1
9198b9a4-8d8f-4ba6-9924-4c86982d890a,What action does the person perform with the eggs?,Cracking and whipping them.,The person cracks eggs into a bowl and then pours them into a pan.,100;101;116;118;137;138;152;153;236;237;266;267;268;269;337;338;340;341;390;391;392;393;396;399;404;405;432;434;438;439;440;441;472;474;476;477;480;481;517;518;540;541;576;577;633;634;636;637;676;677;745;746;778;779;892;893;961;962;1220;1221;1248;1251;1252;1253,64,1
9198b9a4-8d8f-4ba6-9924-4c86982d890a,What tool is used for whipping the eggs?,A whisker.,A whisk is used for whipping the eggs.,100;101;116;118;137;138;152;153;236;237;266;267;268;269;337;338;340;341;390;391;392;393;396;399;404;405;432;434;438;439;440;441;472;474;476;477;480;481;517;518;540;541;633;634;636;637;676;677;745;746;778;779;857;859;892;893;961;962;1220;1221;1248;1251;1252;1253,64,1
9198b9a4-8d8f-4ba6-9924-4c86982d890a,Where are the ingredients placed after being prepared?,In glass and steel bowls.,The ingredients are placed on a black tray on the stovetop.,100;101;116;118;137;138;152;153;236;237;266;267;268;269;337;338;340;341;390;391;392;393;396;399;404;405;432;434;438;439;440;441;472;474;476;477;480;481;517;518;540;541;576;577;633;634;636;637;676;677;745;746;778;779;892;893;961;962;1220;1221;1248;1251;1252;1253,64,1
9198b9a4-8d8f-4ba6-9924-4c86982d890a,How are the ingredients combined?,Poured into bowls and whipped.,The ingredients are combined by scooping the meat mixture onto the tortillas and then placing them on a black grill pan to cook.,100;101;116;118;137;138;236;237;266;267;268;269;337;338;340;341;390;391;392;393;396;399;404;405;432;434;438;439;440;441;472;474;476;477;480;481;517;518;540;541;633;634;636;637;676;677;745;746;778;779;857;859;892;893;961;962;1108;1110;1220;1221;1248;1251;1252;1253,64,1
9198b9a4-8d8f-4ba6-9924-4c86982d890a,Is there an egg crate visible in the scene?,Yes.,"No, there is no egg crate visible in the scene.",100;101;116;118;137;138;152;153;236;237;266;267;268;269;337;338;340;341;390;391;392;393;396;399;404;405;432;434;438;439;440;441;472;474;476;477;480;481;517;518;540;541;633;634;636;637;676;677;745;746;778;779;857;859;892;893;961;962;1220;1221;1248;1251;1252;1253,64,1
9198b9a4-8d8f-4ba6-9924-4c86982d890a,Did the person crack eggs from both a slab and the fridge?,Yes.,"No, the person cracked eggs from a slab and not from the fridge.",100;101;116;118;137;138;152;153;236;237;266;267;268;269;337;338;340;341;390;391;392;393;396;399;404;405;432;434;438;439;440;441;472;474;476;477;480;481;540;541;633;634;636;637;676;677;745;746;778;779;857;859;892;893;961;962;1108;1110;1220;1221;1248;1251;1252;1253,64,1
9198b9a4-8d8f-4ba6-9924-4c86982d890a,Were the flour and whipping cream poured into separate containers?,Yes.,"No, the flour and whipping cream were not poured into separate containers. The flour was poured into a bowl, and the whipping cream was poured into a measuring cup.",100;101;116;118;137;138;152;153;236;237;266;267;268;269;337;338;340;341;390;391;392;393;396;399;404;405;432;434;438;439;440;441;472;474;476;477;480;481;540;541;633;634;636;637;676;677;745;746;778;779;857;859;861;862;892;893;961;962;1220;1221;1248;1251;1252;1253,64,1
9198b9a4-8d8f-4ba6-9924-4c86982d890a,Is the heavy whipping cream poured before cracking the eggs?,Yes,"No, the heavy whipping cream is not poured before cracking the eggs.",100;101;116;118;137;138;152;153;236;237;266;267;268;269;337;338;340;341;390;391;392;393;396;399;404;405;432;434;438;439;440;441;472;474;476;477;480;481;540;541;633;634;636;637;676;677;745;746;778;779;857;859;861;862;892;893;961;962;1220;1221;1248;1251;1252;1253,64,1
9198b9a4-8d8f-4ba6-9924-4c86982d890a,Is the flour added to the bowl before the eggs are cracked?,Yes,"No, the flour is added to the bowl after the eggs are cracked.",100;101;116;118;137;138;152;153;236;237;266;267;268;269;337;338;340;341;390;391;392;393;396;399;404;405;432;434;438;439;440;441;472;474;476;477;480;481;517;518;540;541;633;634;636;637;676;677;745;746;778;779;857;859;892;893;961;962;1220;1221;1248;1251;1252;1253,64,1
9198b9a4-8d8f-4ba6-9924-4c86982d890a,What did I do just before whipping the eggs in the video?,Crack the eggs into steel bowls,"Just before whipping the eggs in the video, you were seen preparing a dish on the stove. You had a pan with a mixture of ingredients, possibly a filling for the tortillas, and you were using a spatula to stir the contents. The scene suggests that you were in the process of cooking or assembling a meal, likely involving tortillas and a meat-based filling.",100;101;116;118;137;138;152;153;236;237;266;267;268;269;337;338;340;341;390;391;392;393;396;399;404;405;432;434;438;439;440;441;472;474;476;477;480;481;517;518;540;541;576;577;633;634;636;637;676;677;745;746;778;779;892;893;961;962;1220;1221;1248;1251;1252;1253,64,1
9198b9a4-8d8f-4ba6-9924-4c86982d890a,What takes place just before flour is poured into a bowl?,Pouring cream into a glass cup,A hand is seen holding a bowl of flour.,100;101;116;118;137;138;152;153;236;237;266;267;268;269;337;338;340;341;390;391;392;393;396;399;404;405;432;434;438;439;440;441;472;474;476;477;480;481;517;518;540;541;576;577;633;634;636;637;676;677;745;746;778;779;892;893;961;962;1220;1221;1248;1251;1252;1253,64,1
9198b9a4-8d8f-4ba6-9924-4c86982d890a,What do we see happening before the egg crate is put in the fridge?,Cracking eggs on the slab,"Before the egg crate is put in the fridge, we see a person placing a tray of rolled tortillas on the counter.",100;101;116;118;137;138;152;153;236;237;266;267;268;269;337;338;340;341;390;391;392;393;396;399;404;405;432;434;438;439;440;441;472;474;476;477;480;481;517;518;540;541;576;577;633;634;636;637;676;677;745;746;778;779;892;893;961;962;1220;1221;1248;1251;1252;1253,64,1
9198b9a4-8d8f-4ba6-9924-4c86982d890a,What occurs just before the shawarma preparation in the video?,Taking the egg crate out of the fridge,"The video shows the preparation of a dish with a mixture of vegetables and meat in a pan, and the person is seen holding a spatula, ready to serve the food.",100;101;116;118;137;138;152;153;236;237;266;267;268;269;337;338;340;341;390;391;392;393;396;399;404;405;432;434;438;439;440;441;472;474;476;477;480;481;517;518;540;541;576;577;633;634;636;637;676;677;745;746;778;779;892;893;961;962;1220;1221;1248;1251;1252;1253,64,1
9198b9a4-8d8f-4ba6-9924-4c86982d890a,"In the video, is the egg cracked into the bowl before the cream is poured?",No,"No, the egg is cracked into the bowl after the cream is poured.",100;101;116;118;137;138;152;153;236;237;266;267;268;269;337;338;340;341;390;391;392;393;396;399;404;405;432;434;438;439;440;441;472;474;476;477;480;481;517;518;540;541;633;634;636;637;676;677;745;746;778;779;857;859;892;893;961;962;1220;1221;1248;1251;1252;1253,64,1
9198b9a4-8d8f-4ba6-9924-4c86982d890a,Does the egg crate go back into the fridge after the eggs are cracked?,Yes,"Yes, the egg crate is placed back into the fridge after the eggs are cracked.",100;101;116;118;137;138;152;153;236;237;266;267;268;269;337;338;340;341;390;391;392;393;396;399;404;405;432;434;438;439;440;441;472;474;476;477;480;481;517;518;540;541;633;634;636;637;676;677;745;746;778;779;857;859;892;893;961;962;1220;1221;1248;1251;1252;1253,64,1
9198b9a4-8d8f-4ba6-9924-4c86982d890a,"In the video, is the flour poured into the bowl after the egg is cracked?",Yes,"No, the flour is not poured into the bowl after the egg is cracked. The flour is added to the bowl before the egg is cracked.",100;101;116;118;137;138;152;153;236;237;266;267;268;269;337;338;340;341;390;391;392;393;396;399;404;405;432;434;438;439;440;441;472;474;476;477;480;481;540;541;633;634;636;637;676;677;745;746;778;779;857;859;892;893;961;962;1108;1110;1220;1221;1248;1251;1252;1253,64,1
9198b9a4-8d8f-4ba6-9924-4c86982d890a,Does the preparation of shawarma occur before the cream is poured into the cup?,Yes,"No, the preparation of shawarma does not occur before the cream is poured into the cup. The video transitions from the preparation of shawarma to the pouring of cream into the cup.",100;101;116;118;137;138;152;153;236;237;266;267;268;269;337;338;340;341;390;391;392;393;396;399;404;405;432;434;438;439;440;441;472;474;476;477;480;481;517;518;540;541;576;577;633;634;636;637;676;677;745;746;778;779;892;893;961;962;1220;1221;1248;1251;1252;1253,64,1
9198b9a4-8d8f-4ba6-9924-4c86982d890a,What happens just before the egg crate is put back in the fridge?,The eggs are cracked.,The egg crate is removed from the fridge and placed on the kitchen counter.,100;101;116;118;137;138;152;153;236;237;266;267;268;269;337;338;340;341;390;391;392;393;396;399;404;405;432;434;438;439;440;441;472;474;476;477;480;481;517;518;540;541;576;577;633;634;636;637;676;677;745;746;778;779;892;893;961;962;1220;1221;1248;1251;1252;1253,64,1
9198b9a4-8d8f-4ba6-9924-4c86982d890a,What occurs just before the whipping of the egg?,The egg is cracked into the bowl.,The person is seen cracking an egg into a bowl.,100;101;116;118;137;138;152;153;236;237;266;267;268;269;337;338;340;341;390;391;392;393;396;399;404;405;432;434;438;439;440;441;472;474;476;477;480;481;517;518;540;541;633;634;636;637;676;677;745;746;778;779;857;859;892;893;961;962;1220;1221;1248;1251;1252;1253,64,1
9198b9a4-8d8f-4ba6-9924-4c86982d890a,"In the video, what do we see happening before the flour is poured into the bowl?",The cream is poured into a cup.,"Before the flour is poured into the bowl, we see a hand holding a bowl of flour over a stove with a pot of chili and a pan with sautéed vegetables.",100;101;116;118;137;138;152;153;236;237;266;267;268;269;337;338;340;341;390;391;392;393;396;399;404;405;432;434;438;439;440;441;472;474;476;477;480;481;517;518;540;541;633;634;636;637;676;677;745;746;778;779;892;893;961;962;1108;1110;1220;1221;1248;1251;1252;1253,64,1
9198b9a4-8d8f-4ba6-9924-4c86982d890a,What happens just before the cream is poured into the cup?,Shawarma is prepared.,The cream is poured into the cup.,100;101;116;118;137;138;152;153;236;237;266;267;268;269;337;338;340;341;390;391;392;393;396;399;404;405;432;434;438;439;440;441;472;474;476;477;480;481;517;518;540;541;576;577;633;634;636;637;676;677;745;746;778;779;892;893;961;962;1220;1221;1248;1251;1252;1253,64,1
9198b9a4-8d8f-4ba6-9924-4c86982d890a,What is the setting of the video clip?,In a kitchen.,The setting of the video clip is a kitchen.,100;101;116;118;137;138;152;153;236;237;266;267;268;269;337;338;340;341;390;391;392;393;396;399;404;405;432;434;438;439;440;441;472;474;476;477;480;481;517;518;540;541;633;634;636;637;676;677;745;746;778;779;892;893;961;962;1108;1110;1220;1221;1248;1251;1252;1253,64,1
9198b9a4-8d8f-4ba6-9924-4c86982d890a,What ingredients are combined in the mixture?,"Egg, cheese, baking soda, cream, sugar, vegetables.",The mixture contains diced vegetables and meat.,100;101;116;118;137;138;236;237;266;267;268;269;337;338;340;341;390;391;392;393;396;399;404;405;432;434;438;439;440;441;472;474;476;477;480;481;517;518;540;541;633;634;636;637;676;677;745;746;778;779;857;859;892;893;961;962;1108;1110;1220;1221;1248;1251;1252;1253,64,1
9198b9a4-8d8f-4ba6-9924-4c86982d890a,What utensil is used to stir the mixture?,A spatula.,A spatula is used to stir the mixture.,100;101;116;118;137;138;152;153;236;237;266;267;268;269;337;338;340;341;390;391;392;393;396;399;404;405;432;434;438;439;440;441;472;474;476;477;480;481;517;518;540;541;633;634;636;637;676;677;745;746;778;779;857;859;892;893;961;962;1220;1221;1248;1251;1252;1253,64,1
9198b9a4-8d8f-4ba6-9924-4c86982d890a,Where is the dough placed after removal from the fridge?,On a board on a slab in the kitchen.,The dough is placed on a black tray on the stovetop.,100;101;116;118;137;138;152;153;236;237;266;267;268;269;337;338;340;341;390;391;392;393;396;399;404;405;432;434;438;439;440;441;472;474;476;477;480;481;517;518;540;541;633;634;636;637;676;677;745;746;778;779;857;859;892;893;961;962;1220;1221;1248;1251;1252;1253,64,1
9198b9a4-8d8f-4ba6-9924-4c86982d890a,What does the person do with the dough and mixture?,Stir the mixture; place dough on board.,The person places the dough on a black griddle and spreads the mixture onto it.,100;101;116;118;137;138;152;153;236;237;266;267;268;269;337;338;340;341;390;391;392;393;396;399;404;405;432;434;438;439;440;441;472;474;476;477;480;481;517;518;540;541;633;634;636;637;676;677;745;746;778;779;857;859;892;893;961;962;1220;1221;1248;1251;1252;1253,64,1
9198b9a4-8d8f-4ba6-9924-4c86982d890a,What preparation is shown in the video clip?,Making some food involving a mixed batter.,"The video clip shows the preparation of a dish involving rolled tortillas, a mixture of meat and vegetables, and a pan with a colorful vegetable mixture.",100;101;116;118;137;138;152;153;236;237;266;267;268;269;337;338;340;341;390;391;392;393;396;399;404;405;432;434;438;439;440;441;472;474;476;477;480;481;517;518;540;541;576;577;633;634;636;637;676;677;745;746;778;779;892;893;961;962;1220;1221;1248;1251;1252;1253,64,1
9198b9a4-8d8f-4ba6-9924-4c86982d890a,What sequence of actions is depicted in the clip?,"Stirring mixture, retrieving, placing dough.","The clip depicts the preparation and cooking of a meal, starting with the person handling tortillas, adding meat to them, and then cooking them on a griddle. The scene transitions to the person adding vegetables to the meat on the griddle, followed by the addition of a colorful vegetable mixture to the pan. The clip concludes with the person cooking the vegetable mixture on the griddle, with the tortillas and meat already cooked and ready to be served.",100;101;116;118;137;138;152;153;236;237;266;267;268;269;337;338;340;341;390;391;392;393;396;399;404;405;432;434;438;439;440;441;472;474;476;477;480;481;517;518;540;541;576;577;633;634;636;637;676;677;745;746;778;779;892;893;961;962;1220;1221;1248;1251;1252;1253,64,1
9198b9a4-8d8f-4ba6-9924-4c86982d890a,Does the person whip cream into the mixture?,Yes.,"No, the person does not whip cream into the mixture.",100;101;116;118;137;138;152;153;236;237;266;267;268;269;337;338;340;341;390;391;392;393;396;399;404;405;432;434;438;439;440;441;472;474;476;477;480;481;517;518;540;541;576;577;633;634;636;637;676;677;745;746;778;779;892;893;961;962;1220;1221;1248;1251;1252;1253,64,1
9198b9a4-8d8f-4ba6-9924-4c86982d890a,Does the person transfer the mixture to another container?,No.,"No, the person transfers the mixture to a pan on the stove.",100;101;116;118;137;138;152;153;236;237;266;267;268;269;337;338;340;341;390;391;392;393;396;399;404;405;432;434;438;439;440;441;472;474;476;477;480;481;517;518;540;541;576;577;633;634;636;637;676;677;745;746;778;779;892;893;961;962;1220;1221;1248;1251;1252;1253,64,1
9198b9a4-8d8f-4ba6-9924-4c86982d890a,Is the dough placed in an oven?,No.,no,100;101;116;118;137;138;152;153;236;237;266;267;268;269;337;338;340;341;390;391;392;393;396;399;404;405;432;434;438;439;440;441;472;474;476;477;480;481;540;541;633;634;636;637;676;677;745;746;778;779;857;859;861;862;892;893;961;962;1220;1221;1248;1251;1252;1253,64,1
9198b9a4-8d8f-4ba6-9924-4c86982d890a,Does the person knead the dough in the clip?,No.,"No, the person does not knead the dough in the clip.",100;101;116;118;137;138;152;153;236;237;266;267;268;269;337;338;340;341;390;391;392;393;396;399;404;405;432;434;438;439;440;441;472;474;476;477;480;481;517;518;540;541;633;634;636;637;676;677;745;746;778;779;857;859;892;893;961;962;1220;1221;1248;1251;1252;1253,64,1
9198b9a4-8d8f-4ba6-9924-4c86982d890a,Is there a moment when sugar is added to the mixture?,No (sugar was already added before).,"No, there is no mention of sugar being added to the mixture in the video caption.",100;101;116;118;137;138;152;153;236;237;266;267;268;269;337;338;340;341;390;391;392;393;396;399;404;405;432;434;438;439;440;441;472;474;476;477;480;481;517;518;540;541;576;577;633;634;636;637;676;677;745;746;778;779;892;893;961;962;1220;1221;1248;1251;1252;1253,64,1
9198b9a4-8d8f-4ba6-9924-4c86982d890a,Was the cream poured into a cup before the eggs were cracked?,Yes,"No, the cream was poured into a cup after the eggs were cracked.",100;101;116;118;137;138;152;153;236;237;266;267;268;269;337;338;340;341;390;391;392;393;396;399;404;405;432;434;438;439;440;441;472;474;476;477;480;481;517;518;540;541;576;577;633;634;636;637;676;677;745;746;778;779;892;893;961;962;1220;1221;1248;1251;1252;1253,64,1
9198b9a4-8d8f-4ba6-9924-4c86982d890a,Was the mixture stirred before the dough was brought out?,Yes,"Yes, the mixture was stirred before the dough was brought out.",100;101;116;118;137;138;152;153;236;237;266;267;268;269;337;338;340;341;390;391;392;393;396;399;404;405;432;434;438;439;440;441;472;474;476;477;480;481;517;518;540;541;633;634;636;637;676;677;745;746;778;779;857;859;892;893;961;962;1220;1221;1248;1251;1252;1253,64,1
9198b9a4-8d8f-4ba6-9924-4c86982d890a,Did the whipping of eggs happen after the flour was poured?,Yes,"No, the whipping of eggs happened before the flour was poured.",100;101;116;118;137;138;152;153;236;237;266;267;268;269;337;338;340;341;390;391;392;393;396;399;404;405;432;434;438;439;440;441;472;474;476;477;480;481;540;541;633;634;636;637;676;677;745;746;778;779;857;859;861;862;892;893;961;962;1220;1221;1248;1251;1252;1253,64,1
9198b9a4-8d8f-4ba6-9924-4c86982d890a,Is sugar added to the mixture after the egg is whipped?,Yes,"No, sugar is not added to the mixture after the egg is whipped.",100;101;116;118;137;138;152;153;236;237;266;267;268;269;337;338;340;341;390;391;392;393;396;399;404;405;432;434;438;439;440;441;472;474;476;477;480;481;517;518;540;541;633;634;636;637;676;677;745;746;778;779;857;859;892;893;961;962;1220;1221;1248;1251;1252;1253,64,1
9198b9a4-8d8f-4ba6-9924-4c86982d890a,What happened before the dough was placed on the board?,Stirring the mixture,"Before the dough was placed on the board, it was rolled out on a surface.",100;101;116;118;137;138;152;153;236;237;266;267;268;269;337;338;340;341;390;391;392;393;396;399;404;405;432;434;438;439;472;474;476;477;480;481;517;518;540;541;576;577;633;634;636;637;676;677;745;746;778;779;857;859;892;893;961;962;1220;1221;1248;1251;1252;1253,64,1
9198b9a4-8d8f-4ba6-9924-4c86982d890a,What occurs just before the eggs are whipped?,Cracking eggs into bowls,A hand is seen cracking eggs into a bowl.,100;101;116;118;137;138;152;153;236;237;266;267;268;269;337;338;340;341;390;391;392;393;396;399;404;405;432;434;438;439;440;441;472;474;476;477;480;481;517;518;540;541;576;577;633;634;636;637;676;677;745;746;778;779;892;893;961;962;1220;1221;1248;1251;1252;1253,64,1
9198b9a4-8d8f-4ba6-9924-4c86982d890a,What is done just before cracking eggs from the fridge?,Pouring cream into a cup,"Just before cracking eggs from the fridge, the person is seen holding a carton of eggs.",100;101;116;118;137;138;152;153;236;237;266;267;268;269;337;338;340;341;390;391;392;393;396;399;404;405;432;434;438;439;440;441;472;474;476;477;480;481;517;518;540;541;576;577;633;634;636;637;676;677;745;746;778;779;892;893;961;962;1220;1221;1248;1251;1252;1253,64,1
9198b9a4-8d8f-4ba6-9924-4c86982d890a,What is done right before adding grated cheese to the mixture?,Stirring the mixture,"Right before adding grated cheese to the mixture, the person is seen holding a white bowl with a spoon, likely containing the cheese, and preparing to add it to the pan.",100;101;116;118;137;138;152;153;236;237;266;267;268;269;337;338;340;341;390;391;392;393;396;399;404;405;432;434;438;439;440;441;472;474;476;477;480;481;517;518;540;541;576;577;633;634;636;637;676;677;745;746;778;779;892;893;961;962;1220;1221;1248;1251;1252;1253,64,1
9198b9a4-8d8f-4ba6-9924-4c86982d890a,"In the video, does the cheese get grated before the eggs are cracked?",No,"No, the cheese is grated after the eggs are cracked.",100;101;116;118;137;138;152;153;236;237;266;267;268;269;337;338;340;341;390;391;392;393;396;399;404;405;432;434;438;439;440;441;472;474;476;477;480;481;517;518;540;541;576;577;633;634;636;637;676;677;745;746;778;779;892;893;961;962;1220;1221;1248;1251;1252;1253,64,1
9198b9a4-8d8f-4ba6-9924-4c86982d890a,Is the heavy whipping cream poured into a cup after the flour?,Yes,Yes.,100;101;116;118;137;138;152;153;236;237;266;267;268;269;337;338;340;341;390;391;392;393;396;399;404;405;432;434;438;439;440;441;472;474;476;477;480;481;517;518;540;541;633;634;636;637;676;677;745;746;778;779;857;859;892;893;961;962;1220;1221;1248;1251;1252;1253,64,1
9198b9a4-8d8f-4ba6-9924-4c86982d890a,Does the dough come out of the fridge before the eggs are whipped?,No,"No, the dough comes out of the fridge after the eggs are whisked.",100;101;116;118;137;138;152;153;236;237;266;267;268;269;337;338;340;341;390;391;392;393;396;399;404;405;432;434;438;439;440;441;472;474;476;477;480;481;517;518;540;541;633;634;636;637;676;677;745;746;778;779;857;859;892;893;961;962;1220;1221;1248;1251;1252;1253,64,1
9198b9a4-8d8f-4ba6-9924-4c86982d890a,"In the video, is the sugar added to the mixture before the vegetables?",Yes,"No, the sugar is added to the mixture after the vegetables.",100;101;116;118;137;138;152;153;236;237;266;267;268;269;337;338;340;341;390;391;392;393;396;399;404;405;432;434;438;439;440;441;472;474;476;477;480;481;540;541;633;634;636;637;676;677;745;746;778;779;857;859;892;893;961;962;1108;1110;1220;1221;1248;1251;1252;1253,64,1
9198b9a4-8d8f-4ba6-9924-4c86982d890a,Does the mixture get stirred before the eggs are cracked?,No,"Yes, the mixture is stirred before the eggs are cracked.",100;101;116;118;137;138;152;153;236;237;266;267;268;269;337;338;340;341;390;391;392;393;396;399;404;405;432;434;438;439;440;441;472;474;476;477;480;481;517;518;540;541;576;577;633;634;636;637;676;677;745;746;778;779;892;893;961;962;1220;1221;1248;1251;1252;1253,64,1
9198b9a4-8d8f-4ba6-9924-4c86982d890a,What happens just before the dough is placed on the board?,The mixture is stirred,The dough is rolled out on a surface.,100;101;116;118;137;138;152;153;236;237;266;267;268;269;337;338;340;341;390;391;392;393;396;399;404;405;432;434;438;439;472;474;476;477;480;481;517;518;540;541;576;577;633;634;636;637;676;677;745;746;778;779;892;893;961;962;1108;1110;1220;1221;1248;1251;1252;1253,64,1
9198b9a4-8d8f-4ba6-9924-4c86982d890a,"In the video sequence, what action is taken before pouring flour into a glass bowl?",Preparing shawarma,"Before pouring flour into a glass bowl, the video shows a hand holding a glass bowl and a spoon, indicating that the flour is being measured or prepared for use.",100;101;116;118;137;138;152;153;236;237;266;267;268;269;337;338;340;341;390;391;392;393;396;399;404;405;432;434;438;439;440;441;472;474;476;477;480;481;517;518;540;541;576;577;633;634;636;637;676;677;745;746;778;779;892;893;961;962;1220;1221;1248;1251;1252;1253,64,1
9198b9a4-8d8f-4ba6-9924-4c86982d890a,What occurs just before grating the cheese?,Stirring the mixture,"Just before grating the cheese, the person is seen holding a block of cheese and a grater, preparing to grate it.",100;101;116;118;137;138;152;153;236;237;266;267;268;269;337;338;340;341;390;391;392;393;396;399;404;405;432;434;438;439;440;441;472;474;476;477;480;481;517;518;540;541;576;577;633;634;636;637;676;677;745;746;778;779;892;893;961;962;1220;1221;1248;1251;1252;1253,64,1
9198b9a4-8d8f-4ba6-9924-4c86982d890a,"In the video, what happens right before whipping the egg?",Cracking the eggs,"Right before whipping the egg, the person is seen cracking an egg into a bowl.",100;101;116;118;137;138;152;153;236;237;266;267;268;269;337;338;340;341;390;391;392;393;396;399;404;405;432;434;438;439;440;441;472;474;476;477;480;481;517;518;540;541;576;577;633;634;636;637;676;677;745;746;778;779;892;893;961;962;1220;1221;1248;1251;1252;1253,64,1
9198b9a4-8d8f-4ba6-9924-4c86982d890a,What do we see happening before the heavy whipping cream is poured?,Preparing shawarma,"Before the heavy whipping cream is poured, we see a close-up of the person's hands holding a container of heavy whipping cream, preparing to pour it into the pan with the meat mixture.",100;101;116;118;137;138;152;153;236;237;266;267;268;269;337;338;340;341;390;391;392;393;396;399;404;405;432;434;438;439;440;441;472;474;476;477;480;481;517;518;540;541;576;577;633;634;636;637;676;677;745;746;778;779;892;893;961;962;1220;1221;1248;1251;1252;1253,64,1
9198b9a4-8d8f-4ba6-9924-4c86982d890a,What is the setting of the video clip?,The setting is a kitchen.,The setting of the video clip is a kitchen.,100;101;116;118;137;138;152;153;236;237;266;267;268;269;337;338;340;341;390;391;392;393;396;399;404;405;432;434;438;439;440;441;472;474;476;477;480;481;517;518;540;541;633;634;636;637;676;677;745;746;778;779;892;893;961;962;1108;1110;1220;1221;1248;1251;1252;1253,64,1
9198b9a4-8d8f-4ba6-9924-4c86982d890a,What ingredients are being used?,Dough and mixtures in bowls.,"The video shows the preparation of a dish that includes tortillas, a filling made from ground meat, and a vegetable mixture. The vegetables in the vegetable mixture appear to be diced carrots and possibly other colorful vegetables like bell peppers. The tortillas are being filled with the meat mixture, and the vegetable mixture is being cooked on the stovetop. The video also shows a pot of beans and a bowl of diced vegetables, which might be used as additional ingredients or as part of the dish being prepared.",100;101;116;118;137;138;152;153;236;237;266;267;268;269;337;338;340;341;390;391;392;393;396;399;404;405;432;434;438;439;440;441;472;474;476;477;480;481;517;518;540;541;576;577;633;634;636;637;676;677;745;746;778;779;892;893;961;962;1220;1221;1248;1251;1252;1253,64,1
9198b9a4-8d8f-4ba6-9924-4c86982d890a,What equipment is being utilized?,Rolling pin and spatulas.,stove,100;101;116;118;137;138;152;153;236;237;266;267;268;269;337;338;340;341;390;391;392;393;396;399;404;405;432;434;438;439;440;441;472;474;476;477;480;481;517;518;540;541;576;577;633;634;636;637;676;677;745;746;778;779;892;893;961;962;1220;1221;1248;1251;1252;1253,64,1
9198b9a4-8d8f-4ba6-9924-4c86982d890a,What is the main activity occurring?,Preparing dough and mixtures for baking.,"The main activity is the preparation and cooking of a meal, specifically making tacos.",100;101;116;118;137;138;152;153;236;237;266;267;268;269;337;338;340;341;390;391;392;393;396;399;404;405;432;434;438;439;440;441;472;474;476;477;480;481;517;518;540;541;576;577;633;634;636;637;676;677;745;746;778;779;892;893;961;962;1220;1221;1248;1251;1252;1253,64,1
9198b9a4-8d8f-4ba6-9924-4c86982d890a,What task is being performed with the dough?,Rolling the dough with a rolling pin.,The dough is being rolled out and prepared for cooking.,100;101;116;118;137;138;152;153;236;237;266;267;268;269;337;338;340;341;390;391;392;393;396;399;404;405;432;434;438;439;472;474;476;477;480;481;517;518;540;541;576;577;633;634;636;637;676;677;745;746;778;779;857;859;892;893;961;962;1220;1221;1248;1251;1252;1253,64,1
9198b9a4-8d8f-4ba6-9924-4c86982d890a,What is being done to the mixtures?,The mixtures are being stirred in steel bowls.,The mixtures are being cooked on a stovetop.,100;101;116;118;137;138;152;153;236;237;266;267;268;269;337;338;340;341;390;391;392;393;396;399;404;405;432;434;438;439;440;441;472;474;476;477;480;481;517;518;540;541;576;577;633;634;636;637;676;677;745;746;778;779;892;893;961;962;1220;1221;1248;1251;1252;1253,64,1
9198b9a4-8d8f-4ba6-9924-4c86982d890a,Is the dough being prepared for baking?,Yes.,"No, the dough is being prepared for cooking.",100;101;116;118;137;138;152;153;236;237;266;267;268;269;337;338;340;341;390;391;392;393;396;399;404;405;432;434;438;439;440;441;472;474;476;477;480;481;517;518;540;541;633;634;636;637;676;677;745;746;778;779;857;859;892;893;961;962;1220;1221;1248;1251;1252;1253,64,1
9198b9a4-8d8f-4ba6-9924-4c86982d890a,Is only one type of spatula being used?,"No, two different spatulas are being used.","No, there are multiple spatulas being used throughout the video.",100;101;116;118;137;138;152;153;236;237;266;267;268;269;337;338;340;341;390;391;392;393;396;399;404;405;432;434;438;439;472;474;476;477;480;481;517;518;540;541;576;577;633;634;636;637;676;677;745;746;778;779;892;893;961;962;1220;1221;1248;1251;1252;1253;1549;1550,64,1
9198b9a4-8d8f-4ba6-9924-4c86982d890a,Did the same person handle all tasks shown in the summary?,Yes.,"Yes, the same person is shown handling all the tasks in the video summary, from preparing the ingredients to cooking the food.",100;101;116;118;137;138;152;153;236;237;266;267;268;269;337;338;340;341;390;391;392;393;396;399;404;405;432;434;438;439;440;441;472;474;476;477;480;481;517;518;540;541;576;577;633;634;636;637;676;677;745;746;778;779;892;893;961;962;1220;1221;1248;1251;1252;1253,64,1
9198b9a4-8d8f-4ba6-9924-4c86982d890a,Is anything being cooked in the clip?,"No, only preparation steps are shown.","Yes, there are several pans on the stove, one with a mixture of beans and another with a colorful vegetable mixture.",100;101;116;118;137;138;152;153;236;237;266;267;268;269;337;338;340;341;390;391;392;393;396;399;404;405;432;434;438;439;440;441;472;474;476;477;480;481;517;518;540;541;576;577;633;634;636;637;676;677;745;746;778;779;892;893;961;962;1220;1221;1248;1251;1252;1253,64,1
9198b9a4-8d8f-4ba6-9924-4c86982d890a,Is the dough placed on the board before the mixture is stirred?,No,"No, the dough is placed on the board after the mixture is stirred.",100;101;116;118;137;138;152;153;236;237;266;267;268;269;337;338;340;341;390;391;392;393;396;399;404;405;432;434;438;439;440;441;472;474;476;477;480;481;517;518;540;541;633;634;636;637;676;677;745;746;778;779;857;859;892;893;961;962;1220;1221;1248;1251;1252;1253,64,1
9198b9a4-8d8f-4ba6-9924-4c86982d890a,Is the doe taken out of the fridge before the rolling pin is used?,Yes,"No, the dough is taken out of the fridge after the rolling pin is used.",100;101;116;118;137;138;152;153;236;237;266;267;268;269;337;338;340;341;390;391;392;393;396;399;404;405;432;434;438;439;440;441;472;474;476;477;480;481;517;518;540;541;576;577;633;634;636;637;676;677;745;746;778;779;892;893;961;962;1220;1221;1248;1251;1252;1253,64,1
9198b9a4-8d8f-4ba6-9924-4c86982d890a,What do we see happening before the spatula stirs the mixture in the steel bowls?,The rolling pin rolls on the dough,"Before the spatula stirs the mixture, we see a close-up of the stove with the steel bowls containing the mixture, and the person's hand holding the spatula.",100;101;116;118;137;138;152;153;236;237;266;267;268;269;337;338;340;341;390;391;392;393;396;399;404;405;432;434;438;439;440;441;472;474;476;477;480;481;517;518;540;541;576;577;633;634;636;637;676;677;745;746;778;779;892;893;961;962;1220;1221;1248;1251;1252;1253,64,1
9198b9a4-8d8f-4ba6-9924-4c86982d890a,Did I pour heavy whipping cream before cracking eggs?,Yes,"No, you did not pour heavy whipping cream before cracking eggs.",100;101;116;118;137;138;152;153;236;237;266;267;268;269;337;338;340;341;390;391;392;393;396;399;404;405;432;434;438;439;440;441;472;474;476;477;480;481;517;518;540;541;633;634;636;637;676;677;745;746;778;779;861;862;892;893;961;962;1220;1221;1248;1251;1252;1253,64,1
9198b9a4-8d8f-4ba6-9924-4c86982d890a,Is the dough rolled before stirring mixtures in bowls?,Yes,"No, the dough is not rolled before stirring mixtures in bowls.",100;101;116;118;137;138;152;153;236;237;266;267;268;269;337;338;340;341;390;391;392;393;396;399;404;405;432;434;438;439;440;441;472;474;476;477;480;481;517;518;540;541;633;634;636;637;676;677;745;746;778;779;857;859;892;893;961;962;1220;1221;1248;1251;1252;1253,64,1
9198b9a4-8d8f-4ba6-9924-4c86982d890a,Do I place the dough on the board after pouring flour?,Yes,"Yes, you place the dough on the board after pouring flour.",100;101;116;118;137;138;152;153;236;237;266;267;268;269;337;338;340;341;390;391;392;393;396;399;404;405;432;434;438;439;440;441;472;474;476;477;480;481;517;518;540;541;633;634;636;637;676;677;745;746;778;779;857;859;892;893;961;962;1220;1221;1248;1251;1252;1253,64,1
9198b9a4-8d8f-4ba6-9924-4c86982d890a,What happens just before I place the dough on the board?,I bring out the dough from the fridge.,"Just before placing the dough on the board, the person is seen holding a piece of dough and preparing to roll it out.",100;101;116;118;137;138;152;153;236;237;266;267;268;269;337;338;340;341;390;391;392;393;396;399;404;405;432;434;438;439;472;474;476;477;480;481;517;518;540;541;576;577;633;634;636;637;676;677;745;746;778;779;857;859;892;893;961;962;1220;1221;1248;1251;1252;1253,64,1
9198b9a4-8d8f-4ba6-9924-4c86982d890a,What is the setting of the video clip?,A kitchen with a board and cooking items.,The setting of the video clip is a kitchen.,100;101;116;118;137;138;152;153;236;237;266;267;268;269;337;338;340;341;390;391;392;393;396;399;404;405;432;434;438;439;440;441;472;474;476;477;480;481;517;518;540;541;633;634;636;637;676;677;745;746;778;779;892;893;961;962;1108;1110;1220;1221;1248;1251;1252;1253,64,1
9198b9a4-8d8f-4ba6-9924-4c86982d890a,What object is primarily shown in the scene?,A doe laid out on a mat on a kitchen board.,The scene primarily shows a kitchen stove with a pot of chili and a pan with a mixture of vegetables.,100;101;116;118;137;138;152;153;236;237;266;267;268;269;337;338;340;341;390;391;392;393;396;399;404;405;432;434;438;439;440;441;472;474;476;477;480;481;517;518;540;541;576;577;633;634;636;637;676;677;745;746;778;779;892;893;961;962;1220;1221;1248;1251;1252;1253,64,1
9198b9a4-8d8f-4ba6-9924-4c86982d890a,Which item is used in the scene?,A knife to trim edges of the doe.,spoon,100;101;116;118;137;138;152;153;236;237;266;267;268;269;337;338;340;341;390;391;392;393;396;399;404;405;432;434;438;439;440;441;472;474;476;477;480;481;517;518;540;541;576;577;633;634;636;637;676;677;745;746;778;779;892;893;961;962;1220;1221;1248;1251;1252;1253,64,1
9198b9a4-8d8f-4ba6-9924-4c86982d890a,What stage of the process is shown?,Trimming and folding the prepared doe.,The video shows the preparation and cooking stages of making tacos.,100;101;116;118;137;138;152;153;236;237;266;267;268;269;337;338;340;341;390;391;392;393;396;399;404;405;432;434;438;439;440;441;472;474;476;477;480;481;517;518;540;541;576;577;633;634;636;637;676;677;745;746;778;779;892;893;961;962;1220;1221;1248;1251;1252;1253,64,1
9198b9a4-8d8f-4ba6-9924-4c86982d890a,Can you describe the main task at hand?,Trimming rough edges of the doe.,"The video begins with a person preparing a meal in a kitchen. The scene opens with a close-up of a countertop where several tortillas are laid out, and a pot of refried beans is on the stove. The person is seen holding a tortilla and scooping refried beans onto it. The kitchen counter is cluttered with various ingredients and utensils, including a bowl of chopped vegetables, a container of spices, and a bottle of oil. The person then places the filled tortilla on a black tray and continues to prepare more tortillas.The video develops through a close-up of the person's hands as they scoop refried beans onto a tortilla. The kitchen counter remains cluttered with the same ingredients and utensils. The person then places the filled tortilla on the black tray and continues to prepare more tortillas. The scene transitions to a wider shot of the kitchen, showing the black tray with several tortillas, a pot of refried beans, and a pan with a colorful mixture of vegetables. The person is seen holding a tortilla and scooping the vegetable mixture onto it. The kitchen counter remains cluttered with various ingredients and utensils, including a bowl of chopped vegetables, a container of spices, and a bottle of oil.The video",100;101;116;118;137;138;152;153;236;237;266;267;268;269;337;338;340;341;390;391;392;393;396;399;404;405;432;434;438;439;472;474;476;477;480;481;517;518;540;541;576;577;633;634;636;637;676;677;745;746;778;779;892;893;961;962;1220;1221;1248;1251;1252;1253;1549;1550,64,1
9198b9a4-8d8f-4ba6-9924-4c86982d890a,What preparation step is shown in the clip?,Folding the trimmed doe together.,"The clip shows the preparation of a dish involving tortillas, a mixture of meat and vegetables, and a pan with a colorful vegetable mixture.",100;101;116;118;137;138;152;153;236;237;266;267;268;269;337;338;340;341;390;391;392;393;396;399;404;405;432;434;438;439;440;441;472;474;476;477;480;481;517;518;540;541;576;577;633;634;636;637;676;677;745;746;778;779;892;893;961;962;1220;1221;1248;1251;1252;1253,64,1
9198b9a4-8d8f-4ba6-9924-4c86982d890a,Did the person use a knife in the video?,Yes.,"No, the person did not use a knife in the video.",100;101;116;118;137;138;152;153;236;237;266;267;268;269;337;338;340;341;390;391;392;393;396;399;404;405;432;434;438;439;440;441;472;474;476;477;480;481;517;518;540;541;576;577;633;634;636;637;676;677;745;746;778;779;892;893;961;962;1220;1221;1248;1251;1252;1253,64,1
9198b9a4-8d8f-4ba6-9924-4c86982d890a,Is there any folding action happening?,Yes.,"Yes, there is a folding action happening. The person is folding tortillas around the meat mixture.",100;101;116;118;137;138;152;153;236;237;266;267;268;269;337;338;340;341;390;391;392;393;396;399;404;405;432;434;438;439;440;441;472;474;476;477;480;481;517;518;540;541;576;577;633;634;636;637;676;677;745;746;778;779;892;893;961;962;1220;1221;1248;1251;1252;1253,64,1
9198b9a4-8d8f-4ba6-9924-4c86982d890a,Did the person complete the trimming action?,Yes.,"Yes, the person completed the trimming action.",100;101;116;118;137;138;152;153;236;237;266;267;268;269;337;338;340;341;390;391;392;393;396;399;404;405;432;434;438;439;440;441;472;474;476;477;480;481;517;518;540;541;576;577;633;634;636;637;676;677;745;746;778;779;892;893;961;962;1220;1221;1248;1251;1252;1253,64,1
9198b9a4-8d8f-4ba6-9924-4c86982d890a,Is the dough folded before trimming the rough edges?,No,"Yes, the dough is folded before trimming the rough edges.",100;101;116;118;137;138;152;153;236;237;266;267;268;269;337;338;340;341;390;391;392;393;396;399;404;405;432;434;438;439;440;441;472;474;476;477;480;481;540;541;633;634;636;637;676;677;745;746;778;779;857;859;861;862;892;893;961;962;1220;1221;1248;1251;1252;1253,64,1
9198b9a4-8d8f-4ba6-9924-4c86982d890a,Does stirring in the steel bowls happen after folding the dough?,No,"Yes, stirring in the steel bowls happens after folding the dough.",100;101;116;118;137;138;152;153;236;237;266;267;268;269;337;338;340;341;390;391;392;393;396;399;404;405;432;434;438;439;440;441;472;474;476;477;480;481;517;518;540;541;633;634;636;637;676;677;745;746;778;779;857;859;892;893;961;962;1220;1221;1248;1251;1252;1253,64,1
9198b9a4-8d8f-4ba6-9924-4c86982d890a,What occurs just before folding the dough?,Trimming the rough edges with a knife,The dough is filled with the meat mixture.,100;101;116;118;137;138;152;153;236;237;266;267;268;269;337;338;340;341;390;391;392;393;396;399;404;405;432;434;438;439;440;441;472;474;476;477;480;481;517;518;540;541;576;577;633;634;636;637;676;677;745;746;778;779;892;893;961;962;1220;1221;1248;1251;1252;1253,64,1
9198b9a4-8d8f-4ba6-9924-4c86982d890a,What happens before stirring mixtures in steel bowls?,Rolling the pin on the dough,"Before stirring mixtures in steel bowls, the person is seen holding a spatula and a bowl, preparing to mix the contents.",100;101;116;118;137;138;152;153;236;237;266;267;268;269;337;338;340;341;390;391;392;393;396;399;404;405;432;434;438;439;440;441;472;474;476;477;480;481;517;518;540;541;576;577;633;634;636;637;676;677;745;746;778;779;892;893;961;962;1220;1221;1248;1251;1252;1253,64,1
9198b9a4-8d8f-4ba6-9924-4c86982d890a,Does rolling the dough with a rolling pin happen before trimming its edges?,Yes,"Yes, rolling the dough with a rolling pin happens before trimming its edges.",100;101;116;118;137;138;152;153;236;237;266;267;268;269;337;338;340;341;390;391;392;393;396;399;404;405;432;434;438;439;440;441;472;474;476;477;480;481;517;518;540;541;576;577;633;634;636;637;676;677;745;746;778;779;892;893;961;962;1220;1221;1248;1251;1252;1253,64,1
9198b9a4-8d8f-4ba6-9924-4c86982d890a,Is the trimmed dough folded before stirring the mixture?,No,"Yes, the trimmed dough is folded before stirring the mixture.",100;101;116;118;137;138;152;153;236;237;266;267;268;269;337;338;340;341;390;391;392;393;396;399;404;405;432;434;438;439;440;441;472;474;476;477;480;481;540;541;633;634;636;637;676;677;745;746;778;779;857;859;861;862;892;893;961;962;1220;1221;1248;1251;1252;1253,64,1
9198b9a4-8d8f-4ba6-9924-4c86982d890a,Do I take out the dough from the fridge before preparing mixtures?,Yes,"Yes, the dough is taken out of the fridge before preparing the mixtures.",100;101;116;118;137;138;152;153;236;237;266;267;268;269;337;338;340;341;390;391;392;393;396;399;404;405;432;434;438;439;440;441;472;474;476;477;480;481;517;518;540;541;576;577;633;634;636;637;676;677;745;746;778;779;892;893;961;962;1220;1221;1248;1251;1252;1253,64,1
9198b9a4-8d8f-4ba6-9924-4c86982d890a,What occurs before folding the trimmed dough?,Trimming the rough edges with a knife,"Before folding the trimmed dough, the person scoops the meat mixture with a spoon and places it onto the center of the dough.",100;101;116;118;137;138;152;153;236;237;266;267;268;269;337;338;340;341;390;391;392;393;396;399;404;405;432;434;438;439;440;441;472;474;476;477;480;481;517;518;540;541;633;634;636;637;676;677;745;746;778;779;857;859;892;893;961;962;1220;1221;1248;1251;1252;1253,64,1
9198b9a4-8d8f-4ba6-9924-4c86982d890a,What is the first thing I do with the dough after taking it out from the fridge?,Placing it on a board,The first thing you do with the dough after taking it out from the fridge is to let it rest at room temperature for a few minutes before rolling it out.,100;101;116;118;137;138;152;153;236;237;266;267;268;269;337;338;340;341;390;391;392;393;396;399;404;405;432;434;438;439;440;441;472;474;476;477;480;481;517;518;540;541;633;634;636;637;676;677;745;746;778;779;857;859;892;893;961;962;1220;1221;1248;1251;1252;1253,64,1
0fa75cb3-c4a0-4232-bdc4-15116ed39d88,What is the setting of the video clip?,It is in an outdoor field.,"The setting of the video clip is a residential area with palm trees, a sidewalk, and a road.",21;23;25;27;34;35;52;55;69;71;74;75;76;79;82;83;84;86;88;89;92;95;110;111;118;119;120;121;124;125;128;129;132;134;136;137;140;143;145;146;149;151;156;159;161;163;176;178;182;183;184;186;188;189;201;203;289;290;292;293;336;338;356;357,64,1
0fa75cb3-c4a0-4232-bdc4-15116ed39d88,Is the scene occurring in an urban or rural environment?,Rural environment.,"The scene is occurring in an urban environment, as indicated by the presence of modern buildings, well-maintained roads, and infrastructure such as streetlights and pedestrian crossings.",21;23;25;27;34;35;52;55;69;71;74;75;76;79;82;83;84;86;88;89;110;111;118;119;120;121;124;125;128;129;132;134;136;137;140;143;145;146;149;151;152;153;156;159;161;163;176;178;182;183;184;186;188;189;201;203;289;290;292;293;336;338;356;357,64,1
0fa75cb3-c4a0-4232-bdc4-15116ed39d88,What time of day does the scene appear to be set in?,It appears to be set in the evening.,"The scene appears to be set in the evening, as indicated by the soft, warm light and the long shadows cast by the palm trees and street lamps.",21;23;25;27;34;35;52;55;69;71;74;75;76;79;82;83;84;86;88;89;92;95;110;111;118;119;120;121;124;125;128;129;132;134;136;137;140;143;145;146;149;151;156;159;161;163;176;178;182;183;184;186;188;189;201;203;289;290;292;293;336;338;356;357,64,1
0fa75cb3-c4a0-4232-bdc4-15116ed39d88,How is the subject navigating the outdoor space?,The subject is walking on the field and then heads home.,"The subject is navigating the outdoor space by walking along the sidewalk, passing by palm trees, and crossing the street at a crosswalk.",21;23;25;27;34;35;52;55;69;71;74;75;76;79;82;83;84;86;88;89;110;111;118;119;120;121;124;125;128;129;132;134;136;137;140;143;145;146;149;151;152;153;156;159;161;163;176;178;182;183;184;186;188;189;201;203;289;290;292;293;336;338;356;357,64,1
0fa75cb3-c4a0-4232-bdc4-15116ed39d88,Can you provide an overview of the action in this clip?,"Subject walks outdoors, across a field, and returns home.","The video begins with a view of a paved road lined with palm trees and a sidewalk. The sky is clear, and the sun is low on the horizon, indicating either early morning or late evening. The road curves gently to the right, and there are no visible vehicles or pedestrians. The sidewalk is bordered by a low wall, and there are street lamps along the road. The architecture of the buildings in the background suggests a residential area with beige-colored walls and flat roofs. The video then transitions to a wider view of the same area, showing more of the road and the surrounding environment. The sun continues to be low in the sky, casting long shadows and giving the scene a warm glow. The road curves more prominently, and the sidewalk is lined with palm trees. The buildings in the background remain consistent with the previous scene, maintaining the residential feel. The video progresses to show a closer view of the sidewalk and the palm trees, with the sun still low in the sky. The road curves gently to the right, and the sidewalk is bordered by a low wall. Street lamps are visible along the road, and the buildings in the background continue to have beige-colored walls and flat roofs. The video concludes with a wider view of the road and the surrounding environment, showing more of",21;23;25;27;34;35;52;55;69;71;74;75;76;79;82;83;84;86;88;89;92;95;110;111;118;119;120;121;124;125;128;129;132;134;136;137;140;143;145;146;149;151;156;159;161;163;176;178;182;183;184;186;188;189;201;203;289;290;292;293;336;338;356;357,64,1
0fa75cb3-c4a0-4232-bdc4-15116ed39d88,Does the video show the subject entering a building?,No.,"No, the video does not show the subject entering a building.",21;23;25;27;34;35;52;55;69;71;74;75;76;79;82;83;84;86;88;89;92;95;110;111;118;119;120;121;124;125;128;129;132;134;136;137;140;143;145;146;149;151;156;159;161;163;176;178;182;183;184;186;188;189;201;203;289;290;292;293;336;338;356;357,64,1
0fa75cb3-c4a0-4232-bdc4-15116ed39d88,Is the subject interacting with other people in the video?,No.,"No, the subject is not interacting with other people in the video.",21;23;25;27;34;35;52;55;69;71;74;75;76;79;82;83;84;86;88;89;92;95;110;111;118;119;120;121;124;125;128;129;132;134;136;137;140;143;145;146;149;151;156;159;161;163;176;178;182;183;184;186;188;189;201;203;289;290;292;293;336;338;356;357,64,1
0fa75cb3-c4a0-4232-bdc4-15116ed39d88,Does the video capture the subject engaging in a sport?,No.,"No, the video does not capture the subject engaging in a sport.",0;1;21;23;25;27;34;35;52;55;69;71;74;75;76;79;82;83;84;86;88;89;110;111;118;119;120;121;124;125;128;129;132;134;136;137;140;143;145;146;149;151;156;159;161;163;176;178;182;183;184;186;188;189;201;203;289;290;292;293;336;338;356;357,64,1
0fa75cb3-c4a0-4232-bdc4-15116ed39d88,Is the subject seen leaving the field in the video?,Yes.,"Yes, the subject is seen walking away from the field towards the camera in the video.",21;23;25;27;34;35;52;55;69;71;74;75;76;79;82;83;84;86;88;89;92;95;110;111;118;119;120;121;124;125;128;129;132;134;136;137;140;143;145;146;149;151;156;159;161;163;176;178;182;183;184;186;188;189;201;203;289;290;292;293;336;338;356;357,64,1
0fa75cb3-c4a0-4232-bdc4-15116ed39d88,Does the video show the subject at home?,"No, just heading home.","No, the video does not show the subject at home.",21;23;25;27;34;35;52;55;69;71;74;75;76;79;82;83;84;86;88;89;92;95;110;111;118;119;120;121;124;125;128;129;132;134;136;137;140;143;145;146;149;151;156;159;161;163;176;178;182;183;184;186;188;189;201;203;289;290;292;293;336;338;356;357,64,1
0fa75cb3-c4a0-4232-bdc4-15116ed39d88,What is the location of the video clip?,The video clip is in a field with a walkway.,"The video clip is set in a coastal area with palm trees, a paved walkway, and a road with a speed limit sign.",76;79;82;83;84;86;88;89;132;134;136;137;145;146;149;151;182;183;184;186;188;189;289;290;434;435;438;439;440;443;445;446;448;451;452;453;456;458;460;461;464;466;469;471;473;475;476;477;484;486;488;490;497;498;520;523;536;538;540;542;544;545;549;551,64,1
0fa75cb3-c4a0-4232-bdc4-15116ed39d88,What activity is shown in the video?,Walking on a walkway and looking around.,"The video shows a person walking along a sidewalk next to a road, passing by palm trees and a beach area.",76;79;82;83;84;86;88;89;132;134;136;137;145;146;149;151;182;183;184;186;188;189;289;290;434;435;438;439;440;443;445;446;448;451;452;453;456;458;460;461;464;466;469;471;473;475;476;477;484;486;488;490;497;498;520;523;536;538;540;542;544;545;549;551,64,1
0fa75cb3-c4a0-4232-bdc4-15116ed39d88,What time of day does the video depict?,The video depicts evening or dusk.,"The video depicts either dawn or dusk, as indicated by the soft, warm light and the long shadows cast by the palm trees.",76;79;82;83;84;86;88;89;132;134;136;137;145;146;149;151;182;183;184;186;188;189;289;290;434;435;438;439;440;443;445;446;448;451;452;453;456;458;460;461;464;466;469;471;473;475;476;477;484;486;488;490;497;498;520;523;536;538;540;542;544;545;549;551,64,1
0fa75cb3-c4a0-4232-bdc4-15116ed39d88,What natural features can be seen in the video?,There is a body of water visible.,"Palm trees, a sandy beach, and a calm body of water can be seen in the video.",76;79;82;83;84;86;88;89;132;134;136;137;145;146;149;151;182;183;184;186;188;189;289;290;434;435;438;439;440;443;445;446;448;451;452;453;456;458;460;461;464;466;469;471;473;475;476;477;484;486;488;490;497;498;520;523;536;538;540;542;544;545;549;551,64,1
0fa75cb3-c4a0-4232-bdc4-15116ed39d88,Does the person stop to observe a specific scene?,Yes.,"Yes, the person stops to observe a specific scene.",76;79;82;83;84;86;88;89;132;134;136;137;145;146;149;151;182;183;184;186;188;189;289;290;434;435;438;439;440;443;445;446;448;451;452;453;456;458;460;461;464;466;469;471;473;475;476;477;484;486;488;490;497;498;520;523;536;538;540;542;544;545;549;551,64,1
0fa75cb3-c4a0-4232-bdc4-15116ed39d88,"In the video, did I look at the scenes before walking on the field?",No,"Yes, you looked at the scenes before walking on the field.",76;79;82;83;84;86;88;89;132;134;136;137;145;146;149;151;182;183;184;186;188;189;289;290;434;435;438;439;440;443;445;446;448;451;452;453;456;458;460;461;464;466;469;471;473;475;476;477;484;486;488;490;497;498;520;523;536;538;540;542;544;545;549;551,64,1
0fa75cb3-c4a0-4232-bdc4-15116ed39d88,"In the video, was I indoors before going to the field?",No,"No, you were not indoors before going to the field. The video shows you walking outdoors, passing by a sidewalk, palm trees, and a road, indicating that you were outside.",76;79;82;83;84;86;88;89;132;134;136;137;145;146;149;151;182;183;184;186;188;189;289;290;434;435;438;439;440;443;445;446;448;451;452;453;456;458;460;461;464;466;469;471;473;475;476;477;484;486;488;490;497;498;520;523;536;538;540;542;544;545;549;551,64,1
0fa75cb3-c4a0-4232-bdc4-15116ed39d88,What happened before I walked on the walkway in the video?,I was in the field,"Before you walked on the walkway in the video, you were standing on a sandy beach area with a clear view of the horizon. The sky was clear with a gradient from light to darker blue, indicating it might be early morning or late afternoon. There were palm trees lining the walkway, and the beach was bordered by a paved walkway with street lamps. The area was calm with no visible people or moving vehicles. The walkway led towards a road with a speed limit sign indicating ""40"" and a ""Slow"" sign below it. The overall atmosphere was serene and quiet, with the beach appearing to be undisturbed.",76;79;82;83;84;86;88;89;132;134;136;137;145;146;149;151;182;183;184;186;188;189;289;290;434;435;438;439;440;443;445;446;448;451;452;453;456;458;460;461;464;466;469;471;473;475;476;477;484;486;488;490;497;498;520;523;536;538;540;542;544;545;549;551,64,1
0fa75cb3-c4a0-4232-bdc4-15116ed39d88,What is depicted in the current frame?,It shows a sidewalk lined with palm trees and buildings.,"The current frame shows a street view with a clear sky. There are palm trees lining the sidewalk, and the road appears to be empty. The sidewalk is adjacent to a grassy area, and there are street lamps along the path. The architecture of the buildings in the background suggests a residential area with white walls and flat roofs. The overall atmosphere is calm and serene, with no visible people or moving vehicles.",82;83;84;86;88;89;132;134;182;183;184;186;438;439;445;446;452;453;456;458;460;461;464;466;469;471;473;475;476;477;484;486;488;490;544;545;552;555;558;559;566;567;570;571;576;577;582;583;612;613;624;626;636;638;645;646;653;655;656;659;660;661;668;671,64,1
0fa75cb3-c4a0-4232-bdc4-15116ed39d88,What activity is taking place in these frames?,Walking along a residential sidewalk.,"The frames depict a tranquil urban scene with a focus on a street lined with palm trees and modern buildings. There is no visible activity such as people or moving vehicles, suggesting a quiet moment in the area. The lighting indicates it could be either early morning or late afternoon, with the sun casting long shadows and giving a warm glow to the scene. The street appears to be well-maintained, and the overall atmosphere is serene and orderly.",82;83;84;86;88;89;132;134;182;183;184;186;438;439;445;446;452;453;456;458;460;461;464;466;469;471;473;475;484;486;488;490;544;545;552;555;558;559;566;567;570;571;576;577;582;583;612;613;624;626;636;638;645;646;653;655;656;659;660;661;664;667;668;671,64,1
0fa75cb3-c4a0-4232-bdc4-15116ed39d88,Does this video show a busy city street?,No.,"No, the video does not show a busy city street. It shows a quiet street with minimal traffic, palm trees, and a clear sky.",82;83;84;86;88;89;132;134;182;183;184;186;438;439;445;446;452;453;456;458;460;461;464;466;469;471;473;475;484;486;488;490;540;542;544;545;552;555;558;559;566;567;570;571;576;577;582;583;612;613;624;626;636;638;645;646;653;655;656;659;660;661;684;687,64,1
0fa75cb3-c4a0-4232-bdc4-15116ed39d88,Does the clip capture any interaction with people?,No.,"No, the clip does not capture any interaction with people.",82;83;84;86;88;89;132;134;182;183;184;186;438;439;445;446;452;453;456;458;460;461;464;466;469;471;473;475;484;486;488;490;544;545;552;555;558;559;566;567;570;571;576;577;582;583;612;613;624;626;636;638;645;646;653;655;656;659;660;661;668;671;684;687,64,1
0fa75cb3-c4a0-4232-bdc4-15116ed39d88,Is the person entering a building in this scene?,No.,no,82;83;84;86;88;89;132;134;182;183;184;186;438;439;445;446;452;453;456;458;460;461;469;471;473;475;484;486;488;490;544;545;552;555;558;559;566;567;570;571;576;577;582;583;612;613;624;626;636;638;645;646;653;655;656;659;660;661;668;671;680;683;684;687,64,1
0fa75cb3-c4a0-4232-bdc4-15116ed39d88,Was I in the field after walking on the walkway?,No.,"Yes, after walking on the walkway, you entered the field.",82;83;84;86;88;89;132;134;182;183;184;186;438;439;445;446;452;453;456;458;460;461;464;466;469;471;473;475;476;477;484;486;488;490;544;545;552;555;558;559;566;567;570;571;576;577;582;583;612;613;624;626;636;638;645;646;653;655;656;659;660;661;668;671,64,1
0fa75cb3-c4a0-4232-bdc4-15116ed39d88,Did I go home before looking at the scenes?,No.,"It seems like you've been describing a series of scenes, possibly from a video or a sequence of images, and you've asked if you went home before looking at those scenes. However, without more context, it's not possible for me to determine whether you went home before looking at the scenes or not. If you're asking if you went home before watching a video or looking at a series of images, the answer would depend on your actions, which I don't have information about. If you're asking if you went home before engaging with a specific scene or series of scenes, the answer would be yes if you did go home before doing so.",82;83;84;86;88;89;132;134;182;183;184;186;438;439;445;446;452;453;456;458;460;461;464;466;469;471;473;475;476;477;484;486;488;490;544;545;552;555;558;559;566;567;570;571;576;577;582;583;612;613;624;626;636;638;645;646;653;655;656;659;660;661;668;671,64,1
0fa75cb3-c4a0-4232-bdc4-15116ed39d88,What occurs just before I look at the scenes?,I walk on the walkway.,"The video begins with a view of a street lined with palm trees and modern buildings. The sky is clear, suggesting it might be early morning or late afternoon. The street is empty, and the sun is low on the horizon, casting long shadows. The camera moves along the street, showing a sidewalk on the right and a road on the left. The buildings have a contemporary architectural style, with clean lines and large windows. The palm trees are tall and evenly spaced, providing a sense of order and symmetry to the scene. The streetlights are off, indicating that it is daylight. The video captures the tranquility of the area, with no visible pedestrians or vehicles, emphasizing the calmness of the setting.",82;83;84;86;88;89;132;134;182;183;184;186;438;439;445;446;452;453;456;458;460;461;464;466;469;471;473;475;484;486;488;490;544;545;552;555;558;559;566;567;570;571;576;577;582;583;612;613;624;626;636;638;645;646;653;655;656;659;660;661;668;671;684;687,64,1
0fa75cb3-c4a0-4232-bdc4-15116ed39d88,What do I do before walking on the walkway?,I am in the field.,"Before walking on the walkway, you should ensure that the area is clear of any obstacles or hazards. It's also a good idea to be aware of your surroundings, including any traffic on the adjacent road, and to follow any posted signs or directions. Additionally, if you're in a public area, you might want to be mindful of local customs and etiquette, especially if you're in a region where such considerations are important.",82;83;84;86;88;89;132;134;182;183;184;186;438;439;445;446;452;453;456;458;460;461;464;466;469;471;473;475;484;486;488;490;544;545;552;555;558;559;566;567;570;571;576;577;582;583;612;613;624;626;636;638;645;646;653;655;656;659;660;661;668;671;684;687,64,1
0fa75cb3-c4a0-4232-bdc4-15116ed39d88,Did I walk on the field before looking at the scenes?,Yes,"No, you did not walk on the field before looking at the scenes. The scenes you described are part of a video walkthrough, and the video does not include any information about walking on a field.",82;83;84;86;88;89;132;134;182;183;184;186;438;439;445;446;452;453;456;458;460;461;464;466;469;471;473;475;476;477;484;486;488;490;540;542;544;545;552;555;558;559;566;567;570;571;576;577;582;583;612;613;624;626;636;638;645;646;653;655;656;659;660;661,64,1
0fa75cb3-c4a0-4232-bdc4-15116ed39d88,Is the walk on the walkway shown before going home in the video?,Yes,"Yes, the walk on the walkway shown before going home in the video is the first scene.",82;83;84;86;88;89;132;134;182;183;184;186;438;439;445;446;452;453;456;458;460;461;464;466;469;471;473;475;484;486;488;490;544;545;552;555;558;559;566;567;570;571;576;577;582;583;612;613;624;626;636;638;645;646;653;655;656;659;660;661;668;671;684;687,64,1
0fa75cb3-c4a0-4232-bdc4-15116ed39d88,"In the video, do we see walking through the walkways before walking on the field?",No,"Yes, the video shows walking through the walkways before walking on the field.",82;83;84;86;88;89;132;134;182;183;184;186;438;439;445;446;452;453;456;458;460;461;464;466;469;471;473;475;476;477;484;486;488;490;544;545;552;555;558;559;566;567;570;571;576;577;582;583;612;613;624;626;636;638;645;646;653;655;656;659;660;661;668;671,64,1
0fa75cb3-c4a0-4232-bdc4-15116ed39d88,Do I walk along the water before walking under the trees as shown in the clip?,Yes,"The video shows a pathway that runs parallel to the water's edge, which is likely the area you would walk along before entering the shaded area under the trees. The pathway appears to be a sidewalk or promenade, suitable for walking, and it is lined with palm trees, providing a pleasant environment for a stroll.",82;83;84;86;88;89;132;134;182;183;184;186;438;439;445;446;452;453;456;458;460;461;464;466;469;471;473;475;484;486;488;490;544;545;552;555;558;559;566;567;570;571;576;577;582;583;612;613;624;626;636;638;645;646;653;655;656;659;660;661;668;671;684;687,64,1
0fa75cb3-c4a0-4232-bdc4-15116ed39d88,"In the video sequence, what occurs before walking on the field?",Being outdoors,"Before walking on the field, the video shows a view of a road with palm trees, a sidewalk, and a building in the background.",82;83;84;86;88;89;132;134;182;183;184;186;438;439;445;446;452;453;456;458;460;461;464;466;469;471;473;475;484;486;488;490;540;542;544;545;552;555;558;559;566;567;570;571;576;577;582;583;612;613;624;626;636;638;645;646;653;655;656;659;660;661;668;671,64,1
0fa75cb3-c4a0-4232-bdc4-15116ed39d88,What event takes place before walking under the trees in the clip?,Walking along the water,"Before walking under the trees in the clip, the event that takes place is walking along a sidewalk next to a road with palm trees, street lamps, and a clear sky.",82;83;84;86;88;89;132;134;182;183;184;186;438;439;445;446;452;453;456;458;460;461;469;471;473;475;484;486;488;490;544;545;552;555;558;559;566;567;570;571;576;577;582;583;612;613;624;626;636;638;645;646;653;655;656;659;660;661;664;667;668;671;684;687,64,1
0fa75cb3-c4a0-4232-bdc4-15116ed39d88,What is the setting of the scenario seen in the video?,A residential area with palm trees and walkways.,"The setting of the scenario seen in the video is a quiet, residential area with a wide, empty road, palm trees, and a sidewalk.",82;83;84;86;88;89;182;183;184;186;438;439;445;446;456;458;460;461;469;471;473;475;484;486;488;490;544;545;552;555;558;559;570;571;576;577;582;583;612;613;645;646;656;659;660;661;701;702;720;721;732;733;736;737;740;742;773;774;780;783;784;785;797;798,64,1
0fa75cb3-c4a0-4232-bdc4-15116ed39d88,What can be seen in the background of the video frame?,"Houses, streetlights, and a clear sky.","In the background of the video frame, there is a clear sky with a gradient from light to darker blue, indicating either early morning or late evening.",82;83;84;86;88;89;182;183;184;186;438;439;445;446;456;458;460;461;469;471;473;475;484;486;488;490;544;545;552;555;558;559;570;571;576;577;582;583;612;613;645;646;656;659;660;661;701;702;720;721;732;733;736;737;740;742;773;774;780;783;784;785;797;798,64,1
0fa75cb3-c4a0-4232-bdc4-15116ed39d88,What are the dominant features of the environment in this clip?,"Landscaped pathways, streetlamps, and tropical foliage.","The dominant features of the environment in this clip are palm trees, street lamps, and a clear sky.",82;83;84;86;88;89;182;183;184;186;438;439;445;446;456;458;460;461;469;471;473;475;484;486;488;490;544;545;552;555;558;559;570;571;576;577;582;583;612;613;645;646;656;659;660;661;701;702;720;721;732;733;736;737;740;742;773;774;780;783;784;785;797;798,64,1
0fa75cb3-c4a0-4232-bdc4-15116ed39d88,Can you characterize the location shown in the video?,A well-maintained suburban neighborhood.,"The video shows a well-maintained urban area with a clear emphasis on landscaping and infrastructure. The environment is characterized by:1. **Palm Trees**: There are numerous palm trees planted along the sidewalks, which are typical in regions with a warm climate, suggesting this could be in a coastal or desert region.2. **Sidewalks and Roads**: The sidewalks are clean and well-defined, with street lamps evenly spaced along the road. The roads appear to be wide and well-paved, indicating a developed area with good infrastructure.3. **Buildings**: The architecture of the buildings visible in the video is modern and minimalistic, with clean lines and a neutral color palette. The buildings are likely residential or commercial, given their size and design.4. **Landscape Design**: The landscaping includes grassy areas and decorative elements, such as the palm trees, which are planted in a manner that suggests careful urban planning.5. **Signage**: There is a sign indicating a ""Lift Station 7,"" which could be a reference to a public transportation stop or a specific facility within the area.6. **Time of Day**: The lighting in the video suggests it is either early morning or late afternoon, as the shadows are long and the sky has",82;83;84;86;88;89;182;183;184;186;438;439;445;446;456;458;460;461;469;471;473;475;484;486;488;490;544;545;552;555;558;559;570;571;576;577;582;583;612;613;645;646;656;659;660;661;701;702;720;721;732;733;736;737;740;742;773;774;780;783;784;785;797;798,64,1
0fa75cb3-c4a0-4232-bdc4-15116ed39d88,What action is being undertaken in the new frames?,Walking along a residential street.,"The new frames depict a street scene with palm trees, street lamps, and a sidewalk. The sky is overcast, and the lighting suggests it could be either early morning or late afternoon. There are no visible people or moving vehicles, giving the scene a calm and quiet atmosphere. The street is lined with buildings that have a modern architectural style, and there are signs indicating a pedestrian crossing and a no entry or parking sign. The overall scene is serene and orderly, with no apparent action taking place.",82;83;84;86;88;89;182;183;184;186;438;439;445;446;456;458;460;461;469;471;473;475;484;486;488;490;544;545;552;555;558;559;570;571;576;577;582;583;612;613;645;646;656;659;660;661;701;702;720;721;732;733;736;737;740;742;773;774;780;783;784;785;797;798,64,1
0fa75cb3-c4a0-4232-bdc4-15116ed39d88,Is there any sign of wildlife in the frames provided?,No.,"No, there is no sign of wildlife in the frames provided.",82;83;84;86;88;89;182;183;184;186;438;439;445;446;456;458;460;461;469;471;473;475;484;486;488;490;544;545;552;555;558;559;570;571;576;577;582;583;612;613;645;646;656;659;660;661;701;702;720;721;732;733;736;737;740;742;773;774;780;783;784;785;797;798,64,1
0fa75cb3-c4a0-4232-bdc4-15116ed39d88,Did the person in the video use any transportation other than walking?,No.,"No, the person in the video only walked along the sidewalk and did not use any other form of transportation.",82;83;84;86;88;89;182;183;184;186;438;439;445;446;456;458;460;461;469;471;473;475;484;486;488;490;544;545;552;555;558;559;570;571;576;577;582;583;612;613;645;646;656;659;660;661;701;702;720;721;732;733;736;737;740;742;773;774;780;783;784;785;797;798,64,1
0fa75cb3-c4a0-4232-bdc4-15116ed39d88,Does the footage include any sporting activities?,No.,"No, the footage does not include any sporting activities.",82;83;84;86;88;89;182;183;184;186;438;439;445;446;456;458;460;461;469;471;473;475;484;486;488;490;544;545;552;555;558;559;570;571;576;577;582;583;612;613;624;626;636;638;645;646;656;659;660;661;720;721;732;733;736;737;740;742;773;774;784;785;797;798,64,1
0fa75cb3-c4a0-4232-bdc4-15116ed39d88,"Is the person in the video engaging with the environment, like sitting or touching?",No.,"No, the person in the video is not engaging with the environment in a way that suggests sitting or touching.",82;83;84;86;88;89;182;183;184;186;438;439;445;446;456;458;460;461;469;471;473;475;484;486;488;490;544;545;552;555;558;559;570;571;576;577;582;583;612;613;645;646;656;659;660;661;701;702;720;721;732;733;736;737;740;742;773;774;780;783;784;785;797;798,64,1
0fa75cb3-c4a0-4232-bdc4-15116ed39d88,Did I tour the park before walking on the walkways?,Yes,"It seems like you've been describing a tour of a park or a similar outdoor area, but you haven't explicitly stated whether you walked on the walkways before or after the tour. Based on your description, it appears that you might have walked on the walkways as part of the tour, exploring the park's features. However, without more specific details, it's not possible to determine the exact sequence of events.",82;83;84;86;88;89;182;183;184;186;438;439;445;446;456;458;460;461;469;471;473;475;484;486;488;490;544;545;552;555;558;559;570;571;576;577;582;583;612;613;636;638;645;646;656;659;660;661;701;702;720;721;732;733;736;737;740;742;773;774;784;785;797;798,64,1
0fa75cb3-c4a0-4232-bdc4-15116ed39d88,What do I do before touring the park?,"Nothing, it is the first activity","Before touring the park, you should first ensure that you have a clear understanding of the park's layout and the attractions you want to visit. Here are some steps you can take:1. **Plan Your Route**: Decide on the order in which you want to visit the attractions. This will help you make the most of your time and ensure you don't miss any key points of interest.2. **Check the Park Hours**: Make sure you know the opening and closing times of the park so you can plan your day accordingly.3. **Review the Map**: Familiarize yourself with the park map to understand the location of different attractions, restrooms, food stands, and any other facilities.4. **Prepare Your Gear**: Bring any necessary items such as sunscreen, a hat, sunglasses, comfortable shoes, and a water bottle to stay hydrated.5. **Charge Your Devices**: If you plan to use your phone for navigation or to take photos, make sure your devices are charged.6. **Plan for Snacks and Meals**: Decide where you will eat and if you need to bring any snacks. Some parks have restaurants, cafes, and food stands, while others may require you to bring your own food.7. **Check for Special Events**: Sometimes parks host",82;83;84;86;88;89;182;183;184;186;438;439;445;446;456;458;460;461;469;471;473;475;484;486;488;490;544;545;552;555;558;559;570;571;576;577;582;583;612;613;645;646;656;659;660;661;701;702;720;721;732;733;736;737;740;742;773;774;780;783;784;785;797;798,64,1
0fa75cb3-c4a0-4232-bdc4-15116ed39d88,Did I walk through the park before going home?,Yes,"It seems like you've been describing a journey through a park or a similar outdoor area, but you haven't explicitly stated whether you walked through a park before going home. Based on the details you've provided, it appears you might have been walking along a path or a sidewalk, possibly near a beach or a waterfront, and you mentioned a street sign and a lamppost, which are common features in urban or suburban areas. However, without more specific information, it's not possible to confirm if you walked through a park.",82;83;84;86;88;89;182;183;184;186;438;439;445;446;456;458;460;461;469;471;473;475;484;486;488;490;544;545;552;555;558;559;570;571;576;577;582;583;612;613;645;646;656;659;660;661;701;702;720;721;732;733;736;737;740;742;773;774;780;783;784;785;797;798,64,1
0fa75cb3-c4a0-4232-bdc4-15116ed39d88,What environment is depicted in this video clip?,"An outdoor, paved area with street lamps.","The video clip depicts a coastal urban environment during what appears to be either dawn or dusk, given the soft lighting and long shadows. The setting includes a wide, paved road with street lamps and a sidewalk lined with palm trees. There are modern buildings with white walls and flat roofs, which are typical of certain regions in the Middle East or North Africa. The area is well-maintained with landscaped patches of grass and shrubs. The sky is overcast, and the overall atmosphere is calm and serene.",82;83;84;86;88;89;182;183;184;186;438;439;445;446;456;458;460;461;469;471;484;486;488;490;544;545;558;559;576;577;582;583;645;646;656;659;660;661;720;721;736;737;740;742;784;785;1332;1333;1341;1343;1344;1347;1424;1425;1429;1430;1450;1451;1456;1457;1484;1486;1490;1491,64,1
0fa75cb3-c4a0-4232-bdc4-15116ed39d88,What action am I performing in this clip?,Walking on a pavement outdoors.,"In the clip, you are riding a bicycle along a road lined with palm trees and street lamps. The setting appears to be a residential area with houses and a clear sky. The road is relatively empty, and you are the only cyclist visible. The time of day seems to be either early morning or late afternoon, given the soft lighting and long shadows.",82;83;84;86;88;89;182;183;184;186;438;439;445;446;456;458;460;461;469;471;484;486;488;490;544;545;558;559;576;577;582;583;645;646;656;659;660;661;720;721;736;737;740;742;784;785;1332;1333;1341;1343;1344;1347;1424;1425;1429;1430;1450;1451;1456;1457;1484;1486;1490;1491,64,1
0fa75cb3-c4a0-4232-bdc4-15116ed39d88,Do I interact with anyone in this video clip?,No.,"No, there is no interaction with anyone in this video clip. The video shows a street view with palm trees, street lamps, and a sidewalk, but there are no people visible in the scenes provided.",82;83;84;86;88;89;182;183;184;186;445;446;456;458;460;461;469;471;484;486;488;490;544;545;558;559;570;571;576;577;582;583;645;646;656;659;660;661;720;721;736;737;740;742;784;785;1332;1333;1341;1343;1344;1347;1424;1425;1429;1430;1450;1451;1456;1457;1484;1486;1490;1491,64,1
0fa75cb3-c4a0-4232-bdc4-15116ed39d88,What is the setting of this video clip?,The setting is an outdoor pavement in a residential area.,"The setting of the video clip is a residential area with modern, well-maintained houses, palm trees, and a clear sky. The area is well-lit with street lamps, and there is a road with a speed limit sign visible. The overall atmosphere is calm and serene, with no visible traffic or pedestrians.",82;83;84;86;88;89;182;183;184;186;445;446;460;461;469;471;484;486;488;490;576;577;582;583;645;646;656;659;660;661;720;721;736;737;740;742;1332;1333;1341;1343;1344;1347;1424;1425;1450;1451;1456;1457;1484;1486;1490;1491;1501;1502;1504;1507;1600;1601;1666;1667;1722;1723;1762;1763,64,1
0fa75cb3-c4a0-4232-bdc4-15116ed39d88,What time of day is depicted in this frame?,It appears to be twilight or early evening.,"The time of day depicted in this frame is dusk, as indicated by the soft, diffused light and the presence of street lamps that are turned on.",82;83;84;86;88;89;182;183;184;186;445;446;460;461;469;471;484;486;488;490;576;577;582;583;645;646;656;659;660;661;720;721;736;737;740;742;1332;1333;1341;1343;1344;1347;1424;1425;1450;1451;1456;1457;1484;1486;1490;1491;1501;1502;1504;1507;1600;1601;1666;1667;1722;1723;1762;1763,64,1
0fa75cb3-c4a0-4232-bdc4-15116ed39d88,What elements indicate that this is a residential area?,The presence of housing structures and lack of commercial signs.,"The presence of well-maintained sidewalks, streetlights, and residential buildings with manicured lawns and palm trees indicate a residential area.",82;83;84;86;88;89;182;183;184;186;445;446;456;458;460;461;469;471;484;486;488;490;576;577;582;583;645;646;656;659;660;661;720;721;736;737;740;742;1332;1333;1341;1343;1344;1347;1424;1425;1450;1451;1456;1457;1484;1486;1490;1491;1501;1502;1504;1507;1600;1601;1666;1667;1722;1723,64,1
0fa75cb3-c4a0-4232-bdc4-15116ed39d88,What type of path is the person on in the video?,The person is on a paved walkway.,The person is on a paved path.,82;83;84;86;88;89;182;183;184;186;445;446;456;458;460;461;469;471;484;486;488;490;576;577;582;583;645;646;656;659;660;661;720;721;736;737;740;742;1332;1333;1341;1343;1344;1347;1424;1425;1450;1451;1456;1457;1484;1486;1490;1491;1501;1502;1504;1507;1600;1601;1666;1667;1722;1723,64,1
0fa75cb3-c4a0-4232-bdc4-15116ed39d88,Does the scene suggest a leisurely or rushed pace?,The scene suggests a leisurely pace.,The scene suggests a leisurely pace.,82;83;84;86;88;89;182;183;184;186;445;446;460;461;469;471;484;486;488;490;558;559;576;577;582;583;645;646;656;659;660;661;720;721;736;737;740;742;1332;1333;1341;1343;1344;1347;1424;1425;1456;1457;1484;1486;1490;1491;1501;1502;1504;1507;1600;1601;1666;1667;1722;1723;1762;1763,64,1
0fa75cb3-c4a0-4232-bdc4-15116ed39d88,Does the person interact with any objects in the scene?,No.,"No, the person does not interact with any objects in the scene.",82;83;84;86;88;89;182;183;184;186;445;446;460;461;469;471;484;486;488;490;558;559;576;577;582;583;645;646;656;659;660;661;720;721;736;737;740;742;784;785;1332;1333;1341;1343;1344;1347;1424;1425;1456;1457;1484;1486;1490;1491;1501;1502;1504;1507;1600;1601;1666;1667;1722;1723,64,1
0fa75cb3-c4a0-4232-bdc4-15116ed39d88,Is the person traveling with someone else?,No.,"Yes, the person is traveling with a child.",82;83;84;86;88;89;182;183;184;186;445;446;460;461;469;471;484;486;488;490;558;559;576;577;582;583;645;646;656;659;660;661;720;721;736;737;740;742;784;785;1332;1333;1341;1343;1344;1347;1424;1425;1456;1457;1484;1486;1490;1491;1501;1502;1504;1507;1600;1601;1666;1667;1722;1723,64,1
0fa75cb3-c4a0-4232-bdc4-15116ed39d88,Does the video capture any animals in the scene?,No.,"No, the video does not capture any animals in the scene.",82;83;84;86;88;89;182;183;184;186;445;446;460;461;469;471;484;486;488;490;558;559;576;577;582;583;645;646;656;659;660;661;720;721;736;737;740;742;1332;1333;1341;1343;1344;1347;1424;1425;1456;1457;1484;1486;1490;1491;1501;1502;1504;1507;1600;1601;1666;1667;1722;1723;1762;1763,64,1
0fa75cb3-c4a0-4232-bdc4-15116ed39d88,Does the individual seem to be lost or searching for directions?,No.,"No, the individual does not seem to be lost or searching for directions.",82;83;84;86;88;89;182;183;184;186;445;446;460;461;469;471;484;486;488;490;576;577;582;583;645;646;656;659;660;661;720;721;736;737;740;742;784;785;1332;1333;1341;1343;1344;1347;1424;1425;1450;1451;1456;1457;1484;1486;1490;1491;1501;1502;1504;1507;1600;1601;1666;1667;1722;1723,64,1
879dd163-7588-45d1-9466-a5deabc59167,What is depicted in the scene of the video clip?,A person relaxing on a couch holding an e-reader.,"The scene in the video clip depicts a cozy living room setting. A person is seated on a beige sofa, with their legs crossed and resting on a blue cushion. They are wearing blue jeans and white socks. In their hands, they hold a white tablet displaying a text document. The room is well-lit with a chandelier hanging from the ceiling, and there is a dining table with chairs in the background. The walls are adorned with decorative elements, and there is a large window with curtains partially drawn. The floor is tiled, and the overall ambiance of the room is warm and inviting.",0;1;8;10;13;15;17;18;21;22;32;34;44;45;48;51;53;55;56;57;60;61;64;66;68;71;73;74;76;77;80;82;85;87;88;90;92;94;97;98;102;103;105;107;108;109;112;113;116;117;121;122;124;125;130;131;132;135;136;137;140;141;144;146,64,1
879dd163-7588-45d1-9466-a5deabc59167,What location is shown in the video clip?,Inside a house.,"The video clip shows a living room with a beige sofa, a wooden coffee table, and a dining area with a table and chairs.",0;1;8;10;13;15;17;18;21;22;32;34;44;45;48;51;53;55;56;57;60;61;64;66;68;71;73;74;76;77;80;82;85;87;88;90;92;94;97;98;102;103;105;107;108;109;112;113;116;117;121;122;124;125;130;131;132;135;136;137;140;141;144;146,64,1
879dd163-7588-45d1-9466-a5deabc59167,Describe the setting where the action takes place.,A living room with a dining area in the background.,"The video takes place in a cozy living room with a beige couch, a wooden shelf with decorative items, and a dining area with a table and chairs. The room has a warm ambiance with a chandelier hanging from the ceiling and a large window with curtains. The person is wearing blue jeans and a light-colored sweater, and they are holding a tablet with a white case. The room is well-lit with natural light coming from the window and additional light from the chandelier. The person is seated on the couch, holding the tablet, and appears to be reading or browsing. The dining area has a table with chairs, and there is a bicycle leaning against the wall near the entrance. The room has a modern and comfortable feel with a mix of contemporary and traditional elements.",0;1;8;10;13;15;21;22;32;34;40;42;44;45;48;51;53;55;56;57;60;61;64;66;68;71;73;74;76;77;80;82;85;87;88;90;92;94;97;98;102;103;105;107;108;109;112;113;116;117;121;122;124;125;130;131;132;135;136;137;140;141;144;146,64,1
879dd163-7588-45d1-9466-a5deabc59167,How is the environment arranged in the video clip?,"A cozy arrangement with a couch, curtain, and dining set.","The environment is well-lit with a chandelier, a dining table with chairs, and a bicycle in the background.",0;1;8;10;13;15;17;18;21;22;32;34;44;45;48;51;53;55;56;57;60;61;64;66;68;71;73;74;76;77;80;82;85;87;88;90;92;94;97;98;102;103;105;107;108;109;112;113;116;117;121;122;124;125;130;131;132;135;136;137;140;141;144;146,64,1
879dd163-7588-45d1-9466-a5deabc59167,What is the subject doing in the video?,Resting and perhaps beginning to read an e-book.,"The subject is lying on a couch, holding a tablet, and reading a book.",0;1;8;10;13;15;17;18;21;22;32;34;44;45;48;51;53;55;56;57;60;61;64;66;68;71;73;74;76;77;80;82;85;87;88;90;92;94;97;98;102;103;105;107;108;109;112;113;116;117;121;122;124;125;130;131;132;135;136;137;140;141;144;146,64,1
879dd163-7588-45d1-9466-a5deabc59167,Can you provide an overview of the action in this clip?,Leisurely activities involving electronic devices at home.,"The video begins with a view of a living room where a person is seated on a beige couch. The person is wearing blue jeans and has their legs crossed. They are holding a white tablet with a black border, which displays a text document. The room is well-lit with a chandelier hanging from the ceiling and a large window with curtains to the right. The walls are adorned with decorative elements, and there is a dining table with chairs in the background.The scene transitions to a wider view of the living room, showing more details of the furniture and decor. The dining table has various items on it, including a blue bag and some papers. The room has a neutral color palette with beige walls and curtains, and there is a bicycle leaning against the wall near the entrance.The video then shifts to a view of a hallway with a dark-colored door at the end. The hallway has a light-colored floor and a wall-mounted decoration. The door leads to another room where a bicycle is parked against the wall. The hallway is illuminated by a ceiling light.The final scene shows a close-up of the person's hands holding the tablet, with the text document still displayed on the screen. The person appears to be interacting with the tablet, possibly scrolling or tapping on the screen",0;1;8;10;13;15;17;18;21;22;32;34;44;45;48;51;53;55;56;57;60;61;64;66;68;71;73;74;76;77;80;82;85;87;88;90;92;94;97;98;102;103;105;107;108;109;112;113;116;117;121;122;124;125;130;131;132;135;136;137;140;141;144;146,64,1
879dd163-7588-45d1-9466-a5deabc59167,Does the video capture the person sitting on the couch?,Yes.,"Yes, the video captures the person sitting on the couch.",0;1;8;10;13;15;17;18;21;22;32;34;44;45;48;51;53;55;56;57;60;61;64;66;68;71;73;74;76;77;80;82;85;87;88;90;92;94;97;98;102;103;105;107;108;109;112;113;116;117;121;122;124;125;130;131;132;135;136;137;140;141;144;146,64,1
879dd163-7588-45d1-9466-a5deabc59167,Is the person in the video engaged in a strenuous activity?,No.,"No, the person in the video is not engaged in a strenuous activity. They are seen sitting on a couch with their legs crossed, holding a tablet, and reading or interacting with the device.",0;1;8;10;13;15;21;22;32;34;40;42;44;45;48;51;53;55;56;57;60;61;64;66;68;71;73;74;76;77;80;82;85;87;88;90;92;94;97;98;102;103;105;107;108;109;112;113;116;117;121;122;124;125;130;131;132;135;136;137;140;141;144;146,64,1
879dd163-7588-45d1-9466-a5deabc59167,What is the setting of the scene in the clip?,The setting is inside a house.,"The setting of the scene in the clip is a cozy living room with a beige couch, a wooden coffee table, and a dining area with a table and chairs.",56;57;60;61;64;66;102;103;112;113;132;135;136;137;140;141;144;146;152;155;156;157;160;162;184;186;188;189;192;194;200;202;204;206;208;209;217;219;222;223;225;227;232;233;244;246;249;251;262;263;268;269;272;273;286;287;288;289;305;307;308;309;313;314,64,1
879dd163-7588-45d1-9466-a5deabc59167,Where was the reading activity taking place?,The reading took place on a couch.,The reading activity was taking place in a living room.,56;57;60;61;64;66;112;113;132;135;136;137;140;141;144;146;152;155;156;157;160;162;188;189;192;194;200;202;204;206;208;209;217;219;222;223;225;227;232;233;244;246;249;251;262;263;268;269;272;273;286;287;288;289;294;295;296;297;305;307;308;309;313;314,64,1
879dd163-7588-45d1-9466-a5deabc59167,What object is prominently featured in the scene?,A tablet is prominently featured.,A white tablet with a blue screen displaying text is prominently featured in the scene.,56;57;60;61;64;66;112;113;132;135;136;137;140;141;144;146;152;155;156;157;184;186;188;189;192;194;200;202;204;206;208;209;217;219;222;223;225;227;232;233;244;246;249;251;262;263;268;269;272;273;286;287;288;289;294;295;296;297;305;307;308;309;313;314,64,1
879dd163-7588-45d1-9466-a5deabc59167,What is the room's appearance in the video clip?,The room appears to be a living area.,"The room has a modern design with a neutral color palette, featuring a dining table with chairs, a kitchen counter, and a decorative wall with a plant.",56;57;60;61;64;66;112;113;132;135;136;137;140;141;144;146;152;155;156;157;160;162;184;186;188;189;192;194;200;202;204;206;208;209;217;219;222;223;225;227;229;231;232;233;244;246;249;251;262;263;268;269;272;273;286;287;288;289;305;307;308;309;313;314,64,1
879dd163-7588-45d1-9466-a5deabc59167,What activity is the subject engaged in?,The subject is engaged in reading a book.,The subject is engaged in reading a book on an e-reader.,56;57;60;61;64;66;102;103;112;113;132;135;136;137;140;141;144;146;152;155;156;157;160;162;184;186;188;189;192;194;200;202;204;206;208;209;217;219;222;223;225;227;232;233;244;246;249;251;262;263;268;269;272;273;286;287;288;289;305;307;308;309;313;314,64,1
879dd163-7588-45d1-9466-a5deabc59167,Describe the posture of the person in the action.,The person is sitting with legs up on the couch.,"The person is sitting on a beige couch with their legs crossed, wearing blue jeans and white socks. They are holding a white tablet with both hands, which displays a text document.",56;57;60;61;64;66;102;103;112;113;132;135;136;137;140;141;144;146;152;155;156;157;160;162;184;186;188;189;192;194;200;202;204;206;208;209;217;219;222;223;225;227;232;233;244;246;249;251;262;263;268;269;272;273;286;287;288;289;305;307;308;309;313;314,64,1
879dd163-7588-45d1-9466-a5deabc59167,Does the clip show a person reading a physical book?,No.,"No, the clip shows a person reading an e-book on an electronic device.",56;57;60;61;64;66;112;113;132;135;136;137;140;141;144;146;152;155;156;157;188;189;192;194;200;202;204;206;208;209;217;219;222;223;225;227;232;233;244;246;249;251;262;263;268;269;272;273;286;287;288;289;294;295;296;297;305;307;308;309;313;314;316;317,64,1
879dd163-7588-45d1-9466-a5deabc59167,Is the subject standing while reading?,No.,"No, the subject is sitting on a couch while reading.",56;57;60;61;64;66;112;113;132;135;136;137;140;141;144;146;152;155;156;157;160;162;188;189;192;194;200;202;204;206;208;209;217;219;222;223;225;227;232;233;244;246;249;251;262;263;268;269;272;273;286;287;288;289;294;295;296;297;305;307;308;309;313;314,64,1
879dd163-7588-45d1-9466-a5deabc59167,Does the video capture multiple people in the room?,No.,"No, the video only shows a single person in the room.",56;57;60;61;64;66;112;113;132;135;136;137;140;141;144;146;152;155;156;157;160;162;188;189;192;194;200;202;204;206;208;209;217;219;222;223;225;227;232;233;244;246;249;251;262;263;268;269;272;273;286;287;288;289;294;295;296;297;305;307;308;309;313;314,64,1
879dd163-7588-45d1-9466-a5deabc59167,Does the video show a daytime setting?,No.,"Yes, the video shows a daytime setting with natural light illuminating the room.",56;57;60;61;64;66;112;113;132;135;136;137;140;141;144;146;152;155;156;157;188;189;192;194;200;202;204;206;208;209;217;219;222;223;225;227;232;233;244;246;249;251;262;263;268;269;272;273;286;287;288;289;294;295;296;297;305;307;308;309;313;314;316;317,64,1
879dd163-7588-45d1-9466-a5deabc59167,What setting is shown in the video?,A house interior is shown in the video.,"The video shows a cozy living room setting with a person lying on a couch, reading a book on an e-reader.",56;57;60;61;64;66;112;113;132;135;136;137;140;141;144;146;152;155;156;157;188;189;192;194;204;206;208;209;217;219;222;223;225;227;244;246;249;251;262;263;268;269;288;289;305;307;308;309;313;314;524;527;541;543;644;645;664;666;668;669;672;673;681;682,64,1
879dd163-7588-45d1-9466-a5deabc59167,Explain the immediate scene in the video?,The video captures a moment of domestic relaxation.,"The video depicts a person sitting on a beige couch in a well-lit living room. The individual is wearing blue jeans and white socks, and they are holding a white e-reader with a blue screen displaying text. The person appears to be reading the e-book, with their legs crossed and the device held in their lap.The living room has a modern and cozy design. There is a wooden coffee table in front of the couch, and a dining table with chairs is visible in the background. The walls are painted in a light color, and there is a decorative piece of wall art with a floral design. The room is illuminated by natural light coming from a window on the left side, which is not directly visible in the frame but can be inferred from the lighting.The video maintains a consistent focus on the person and the e-reader, with the background elements remaining static throughout the sequence. The person's posture and the e-reader's position remain unchanged, suggesting a calm and relaxed reading session.",56;57;60;61;64;66;112;113;132;135;136;137;140;141;144;146;152;155;156;157;188;189;192;194;204;206;208;209;217;219;222;223;225;227;244;246;249;251;262;263;268;269;272;273;288;289;305;307;308;309;313;314;524;527;541;543;664;666;668;669;672;673;681;682,64,1
879dd163-7588-45d1-9466-a5deabc59167,Can you describe the motion occurring in the clip?,"There is minimal motion, mainly of holding a tablet.","The video depicts a person sitting on a beige couch with their legs crossed, holding a white e-reader displaying a text document. The person is wearing blue jeans and white socks. The background shows a dining area with a table and chairs, and a kitchen counter with a bottle on it. The room has a neutral color scheme with beige walls and a light-colored floor. The person appears to be reading the text on the e-reader, with minimal movement throughout the video.",56;57;60;61;64;66;112;113;132;135;136;137;140;141;144;146;152;155;156;157;188;189;192;194;200;202;204;206;208;209;217;219;222;223;225;227;244;246;249;251;262;263;288;289;305;307;308;309;313;314;524;527;541;543;644;645;664;666;668;669;672;673;681;682,64,1
879dd163-7588-45d1-9466-a5deabc59167,How would you caption the video's current activity?,Leisure time: Engrossed in digital reading.,"""Relaxing with a good book on a cozy couch in a well-lit living room.""",56;57;60;61;64;66;112;113;132;135;136;137;140;141;144;146;152;155;156;157;188;189;192;194;204;206;208;209;217;219;222;223;225;227;232;233;244;246;249;251;262;263;268;269;288;289;305;307;308;309;313;314;524;527;541;543;664;666;668;669;672;673;681;682,64,1
879dd163-7588-45d1-9466-a5deabc59167,Does the video show a person standing up?,No.,"No, the video does not show a person standing up.",56;57;60;61;64;66;112;113;132;135;136;137;140;141;144;146;152;155;156;157;188;189;192;194;204;206;208;209;217;219;222;223;225;227;244;246;249;251;262;263;268;269;286;287;288;289;305;307;308;309;313;314;524;527;541;543;664;666;668;669;672;673;681;682,64,1
879dd163-7588-45d1-9466-a5deabc59167,Is the video capturing outdoor activities?,No.,No.,56;57;60;61;64;66;112;113;132;135;136;137;140;141;144;146;152;155;156;157;188;189;192;194;204;206;208;209;217;219;222;223;225;227;244;246;249;251;262;263;268;269;272;273;288;289;305;307;308;309;313;314;524;527;541;543;664;666;668;669;672;673;681;682,64,1
879dd163-7588-45d1-9466-a5deabc59167,Does the video depict a social gathering?,No.,"No, the video does not depict a social gathering. It shows a person sitting on a couch in a living room, reading a book on an e-reader.",56;57;60;61;64;66;112;113;132;135;136;137;140;141;144;146;152;155;156;157;188;189;192;194;200;202;204;206;208;209;217;219;222;223;225;227;244;246;249;251;262;263;268;269;272;273;288;289;305;307;308;309;313;314;524;527;541;543;664;666;668;669;672;673,64,1
879dd163-7588-45d1-9466-a5deabc59167,Is the individual in the video interacting with others?,No.,"No, the individual in the video is not interacting with others; they are focused on reading the book.",56;57;60;61;64;66;112;113;132;135;136;137;140;141;144;146;152;155;156;157;188;189;192;194;200;202;204;206;208;209;217;219;222;223;225;227;244;246;249;251;262;263;288;289;305;307;308;309;313;314;524;527;541;543;644;645;664;666;668;669;672;673;681;682,64,1
879dd163-7588-45d1-9466-a5deabc59167,Is the scene taking place in a work environment?,No.,No,56;57;60;61;64;66;112;113;132;135;136;137;140;141;144;146;152;155;156;157;188;189;192;194;204;206;208;209;217;219;222;223;225;227;232;233;244;246;249;251;262;263;268;269;288;289;305;307;308;309;313;314;524;527;541;543;664;666;668;669;672;673;681;682,64,1
879dd163-7588-45d1-9466-a5deabc59167,What is the main activity depicted in this video scene?,Reading a book on a tablet.,The main activity depicted in this video scene is a person reading a book on an e-reader.,56;57;60;61;132;135;136;137;140;141;144;146;188;189;192;194;204;206;225;227;244;246;249;251;541;543;664;666;668;669;672;673;774;775;796;799;808;811;818;819;820;821;825;826;828;829;832;835;836;837;840;841;844;846;848;850;852;853;929;930;948;949;953;954,64,1
879dd163-7588-45d1-9466-a5deabc59167,Where is this scene taking place?,Inside a house.,The scene is taking place in a living room.,56;57;60;61;64;66;132;135;136;137;144;146;188;189;192;194;204;206;225;227;244;246;249;251;541;543;664;666;668;669;672;673;774;775;796;799;808;811;818;819;820;821;825;826;828;829;832;835;836;837;840;841;844;846;848;850;852;853;929;930;948;949;953;954,64,1
879dd163-7588-45d1-9466-a5deabc59167,How is the reader positioned in this scenario?,Relaxed on a couch with feet up.,"The reader is lying on a couch with their legs crossed and feet resting on the couch. They are holding a tablet in their lap, which is displaying text.",56;57;60;61;132;135;136;137;140;141;144;146;188;189;192;194;204;206;225;227;244;246;249;251;541;543;664;666;668;669;672;673;774;775;796;799;808;811;818;819;820;821;825;826;828;829;832;835;836;837;840;841;844;846;848;850;852;853;929;930;948;949;953;954,64,1
879dd163-7588-45d1-9466-a5deabc59167,Can you describe the posture of the reader in this clip?,The reader is lying back with feet propped up.,The reader is lying on their back with their legs crossed and their feet resting on the couch.,56;57;60;61;132;135;136;137;140;141;144;146;188;189;192;194;204;206;225;227;244;246;249;251;541;543;664;666;668;669;672;673;774;775;796;799;808;811;818;819;820;821;825;826;828;829;832;835;836;837;840;841;844;846;848;850;852;853;929;930;948;949;953;954,64,1
879dd163-7588-45d1-9466-a5deabc59167,What is the focal point of this particular frame?,The tablet displaying text.,The focal point of this particular frame is the person's legs and the tablet they are holding.,56;57;60;61;64;66;132;135;136;137;140;141;144;146;188;189;192;194;204;206;244;246;541;543;664;666;668;669;672;673;774;775;796;799;808;811;818;819;820;821;825;826;828;829;832;835;836;837;840;841;844;846;848;850;852;853;924;925;929;930;948;949;953;954,64,1
879dd163-7588-45d1-9466-a5deabc59167,What does the stillness of the frame indicate about the action?,It indicates a calm and stationary activity.,The stillness of the frame indicates that the action is paused or static.,56;57;60;61;64;66;132;135;136;137;140;141;144;146;192;194;204;206;225;227;249;251;541;543;664;666;668;669;672;673;774;775;796;799;808;811;818;819;820;821;825;826;828;829;832;835;836;837;840;841;844;846;848;850;852;853;924;925;929;930;948;949;953;954,64,1
879dd163-7588-45d1-9466-a5deabc59167,Does the video show any social interaction?,No.,"No, the video does not show any social interaction.",56;57;60;61;64;66;132;135;136;137;140;141;144;146;188;189;192;194;204;206;225;227;244;246;249;251;541;543;664;666;668;669;672;673;774;775;796;799;818;819;820;821;825;826;828;829;832;835;836;837;840;841;844;846;848;850;852;853;929;930;948;949;953;954,64,1
879dd163-7588-45d1-9466-a5deabc59167,Is the reader changing positions frequently in this clip?,No.,"No, the reader's position remains consistent throughout the clip.",56;57;60;61;64;66;132;135;136;137;140;141;144;146;188;189;192;194;204;206;225;227;244;246;541;543;664;666;668;669;672;673;774;775;796;799;808;811;818;819;820;821;825;826;828;829;832;835;836;837;840;841;844;846;848;850;852;853;929;930;948;949;953;954,64,1
879dd163-7588-45d1-9466-a5deabc59167,Does the environment indicate a public or private space?,A private space.,"The environment indicates a private space, likely a living room or a similar domestic setting.",56;57;60;61;64;66;132;135;136;137;140;141;144;146;188;189;192;194;204;206;225;227;244;246;249;251;541;543;664;666;668;669;672;673;774;775;796;799;818;819;820;821;825;826;828;829;832;835;836;837;840;841;844;846;848;850;852;853;929;930;948;949;953;954,64,1
879dd163-7588-45d1-9466-a5deabc59167,Does the reader make use of any physical book in the scene?,No.,"No, the reader does not make use of any physical book in the scene.",56;57;60;61;64;66;132;135;136;137;144;146;188;189;192;194;204;206;225;227;244;246;249;251;541;543;664;666;668;669;672;673;774;775;796;799;808;811;818;819;820;821;825;826;828;829;832;835;836;837;840;841;844;846;848;850;852;853;929;930;948;949;953;954,64,1
879dd163-7588-45d1-9466-a5deabc59167,Is there any indication of the reader being disturbed or interrupted?,No.,"No, there is no indication of the reader being disturbed or interrupted.",56;57;60;61;132;135;136;137;140;141;144;146;188;189;192;194;204;206;225;227;244;246;541;543;664;666;668;669;672;673;774;775;796;799;808;811;818;819;820;821;825;826;828;829;832;835;836;837;840;841;844;846;848;850;852;853;924;925;929;930;948;949;953;954,64,1
879dd163-7588-45d1-9466-a5deabc59167,What does the video show in the indoor setting?,Someone sitting on a couch using a tablet.,"The video shows a person lying on a couch with their legs crossed, holding a tablet with a blue screen displaying text, and the background features a dining area with a table and chairs.",56;57;60;61;64;66;132;135;136;137;140;141;144;146;188;189;192;194;204;206;244;246;249;251;541;543;664;666;668;669;672;673;774;775;796;799;808;811;818;819;820;821;825;826;828;829;832;835;836;837;840;841;844;846;848;850;852;853;929;930;948;949;953;954,64,1
879dd163-7588-45d1-9466-a5deabc59167,Where is the person located in the video?,The person is on the couch inside a house.,The person is located on a beige couch in a living room.,56;57;60;61;132;135;136;137;140;141;144;146;188;189;192;194;204;206;225;227;244;246;249;251;541;543;664;666;668;669;672;673;774;775;796;799;808;811;818;819;820;821;825;826;828;829;832;835;836;837;840;841;844;846;848;850;852;853;929;930;948;949;953;954,64,1
879dd163-7588-45d1-9466-a5deabc59167,How is the person positioned in this section of the video?,They are sitting with legs on the couch.,The person is lying on their back with their legs crossed and their feet resting on the couch.,56;57;60;61;132;135;136;137;140;141;144;146;188;189;192;194;204;206;225;227;244;246;249;251;541;543;664;666;668;669;672;673;774;775;796;799;808;811;818;819;820;821;825;826;828;829;832;835;836;837;840;841;844;846;848;850;852;853;929;930;948;949;953;954,64,1
879dd163-7588-45d1-9466-a5deabc59167,What is the person doing with their legs in the video?,They are moving their legs on the couch.,The person has their legs crossed and is resting them on the couch.,56;57;60;61;132;135;136;137;140;141;144;146;188;189;192;194;204;206;244;246;249;251;541;543;664;666;668;669;672;673;774;775;796;799;808;811;818;819;820;821;825;826;828;829;832;835;836;837;840;841;844;846;848;850;852;853;924;925;929;930;948;949;953;954,64,1
879dd163-7588-45d1-9466-a5deabc59167,How is the tablet being utilized in the video?,The tablet is being held and read from.,The tablet is being used to read a book.,56;57;60;61;132;135;136;137;140;141;144;146;188;189;192;194;204;206;225;227;244;246;249;251;541;543;664;666;668;669;672;673;774;775;796;799;808;811;818;819;820;821;825;826;828;829;832;835;836;837;840;841;844;846;848;850;852;853;929;930;948;949;953;954,64,1
879dd163-7588-45d1-9466-a5deabc59167,Is the individual in the video eating?,No.,"No, the individual is not eating.",56;57;60;61;64;66;132;135;136;137;140;141;144;146;188;189;192;194;204;206;249;251;541;543;664;666;668;669;672;673;774;775;796;799;808;811;818;819;820;821;825;826;828;829;832;835;836;837;840;841;844;846;848;850;852;853;924;925;929;930;948;949;953;954,64,1
879dd163-7588-45d1-9466-a5deabc59167,Does the video show the person lying down on the couch?,No.,Yes.,56;57;60;61;132;135;136;137;140;141;144;146;188;189;192;194;204;206;225;227;244;246;249;251;541;543;664;666;668;669;672;673;774;775;796;799;808;811;818;819;820;821;825;826;828;829;832;835;836;837;840;841;844;846;848;850;852;853;929;930;948;949;953;954,64,1
879dd163-7588-45d1-9466-a5deabc59167,Is there a pet visible in the video clip?,No.,"No, there is no pet visible in the video clip.",56;57;60;61;64;66;132;135;136;137;140;141;144;146;188;189;192;194;204;206;225;227;249;251;541;543;664;666;668;669;672;673;774;775;796;799;808;811;818;819;820;821;825;826;828;829;832;835;836;837;840;841;844;846;848;850;852;853;929;930;948;949;953;954,64,1
879dd163-7588-45d1-9466-a5deabc59167,Does the video depict any outdoor scenes?,No.,"No, the video does not depict any outdoor scenes. It remains focused on the indoor setting throughout.",56;57;60;61;64;66;132;135;136;137;140;141;144;146;152;155;188;189;192;194;204;206;225;227;244;246;249;251;541;543;664;666;668;669;672;673;774;775;796;799;818;819;820;821;825;826;828;829;832;835;836;837;840;841;844;846;848;850;852;853;929;930;953;954,64,1
879dd163-7588-45d1-9466-a5deabc59167,Is the person in the video talking on the phone?,No.,"No, the person in the video is not talking on the phone.",56;57;60;61;64;66;132;135;136;137;140;141;144;146;188;189;192;194;204;206;244;246;249;251;541;543;664;666;668;669;672;673;774;775;796;799;808;811;818;819;820;821;825;826;828;829;832;835;836;837;840;841;844;846;848;850;852;853;929;930;948;949;953;954,64,1
879dd163-7588-45d1-9466-a5deabc59167,Did I sit on the couch before reading the book on the tablet?,Yes,"Yes, you sat on the couch before reading the book on the tablet.",56;57;60;61;132;135;136;137;140;141;144;146;188;189;192;194;204;206;225;227;244;246;249;251;541;543;664;666;668;669;672;673;774;775;796;799;808;811;818;819;820;821;825;826;828;829;832;835;836;837;840;841;844;846;848;850;852;853;929;930;948;949;953;954,64,1
879dd163-7588-45d1-9466-a5deabc59167,Did I move my legs on the couch before using the tablet?,Yes,"Yes, before using the tablet, you moved your legs on the couch, crossing them at the ankles.",56;57;60;61;132;135;136;137;140;141;144;146;152;155;188;189;192;194;204;206;225;227;244;246;249;251;541;543;664;666;668;669;672;673;774;775;796;799;808;811;818;819;820;821;825;826;828;829;832;835;836;837;840;841;844;846;848;850;852;853;929;930;953;954,64,1
879dd163-7588-45d1-9466-a5deabc59167,Was I in the house before I sat on the couch?,Yes,"Yes, you were in the house before sitting on the couch.",56;57;60;61;64;66;132;135;136;137;140;141;144;146;188;189;192;194;204;206;244;246;249;251;541;543;664;666;668;669;672;673;774;775;796;799;808;811;818;819;820;821;825;826;828;829;832;835;836;837;840;841;844;846;848;850;852;853;929;930;948;949;953;954,64,1
879dd163-7588-45d1-9466-a5deabc59167,Did I use the tablet before moving my legs on the couch?,No,"Based on the image, it appears that you were using the tablet while sitting on the couch with your legs crossed. The position of the tablet and the person's posture suggest that they were engaged with the device before moving their legs to the current position.",56;57;60;61;132;135;136;137;140;141;144;146;152;155;188;189;192;194;204;206;225;227;244;246;249;251;541;543;664;666;668;669;672;673;774;775;796;799;808;811;818;819;820;821;825;826;828;829;832;835;836;837;840;841;844;846;848;850;852;853;929;930;953;954,64,1
879dd163-7588-45d1-9466-a5deabc59167,Was the tablet in my hands before I sat on the couch?,No,"Yes, the tablet was in your hands before you sat on the couch.",56;57;60;61;64;66;132;135;136;137;140;141;144;146;188;189;192;194;204;206;249;251;541;543;664;666;668;669;672;673;774;775;796;799;808;811;818;819;820;821;825;826;828;829;832;835;836;837;840;841;844;846;848;850;852;853;924;925;929;930;948;949;953;954,64,1
879dd163-7588-45d1-9466-a5deabc59167,What happens just before I read the book on the tablet?,Sitting on the couch.,"Just before you read the book on the tablet, you are lying on a couch with your feet up, comfortably settled in for a reading session. The room is well-lit, suggesting it might be daytime or the room is well illuminated by artificial light. The tablet is displaying a book with text on the screen, and you are holding it with both hands, ready to start reading. The environment appears cozy and quiet, ideal for reading.",56;57;60;61;64;66;132;135;136;137;140;141;144;146;188;189;192;194;204;206;249;251;541;543;664;666;668;669;672;673;774;775;796;799;808;811;818;819;820;821;825;826;828;829;832;835;836;837;840;841;844;846;848;850;852;853;924;925;929;930;948;949;953;954,64,1
879dd163-7588-45d1-9466-a5deabc59167,What setting is depicted in the provided video clip?,A person sitting on a couch in a house.,"The video depicts a cozy indoor setting with a person lying on a couch, reading a book on an e-reader.",136;137;192;194;204;206;541;543;664;666;668;669;672;673;774;775;796;799;818;819;820;821;825;826;828;829;832;835;836;837;840;841;844;846;848;850;852;853;953;954;1441;1443;1444;1445;1448;1451;1453;1455;1456;1457;1460;1462;1470;1471;1472;1473;1477;1478;1480;1481;1484;1485;1496;1497,64,1
879dd163-7588-45d1-9466-a5deabc59167,What furnishings are visible in the video?,"A couch, chair, and a dining area in the background.","The furnishings visible in the video include a brown sofa, a blue velvet pillow, a wooden shelf, a dining table with chairs, and a wall with a decorative element.",136;137;192;194;204;206;541;543;664;666;668;669;672;673;774;775;796;799;818;819;820;821;825;826;828;829;832;835;836;837;840;841;844;846;848;850;852;853;953;954;1441;1443;1444;1445;1448;1451;1453;1455;1456;1457;1460;1462;1470;1471;1472;1473;1477;1478;1480;1481;1484;1485;1496;1497,64,1
879dd163-7588-45d1-9466-a5deabc59167,Describe the atmosphere of the room shown in the video?,The room appears to be tidy and comfortably lit.,"The room has a cozy and inviting atmosphere, with a beige couch, a blue velvet pillow, and a wooden shelf with decorative items. The background features a dining area with a table and chairs, and a curtain with a floral pattern. The lighting is soft and warm, creating a comfortable reading environment.",136;137;204;206;541;543;664;666;668;669;672;673;774;775;796;799;818;819;820;821;825;826;828;829;832;835;836;837;840;841;844;846;848;850;852;853;929;930;953;954;1441;1443;1444;1445;1448;1451;1453;1455;1456;1457;1460;1462;1470;1471;1472;1473;1477;1478;1480;1481;1484;1485;1496;1497,64,1
879dd163-7588-45d1-9466-a5deabc59167,Describe the posture of the individual in the video?,They are seated with their legs up on the couch.,The individual is lying on their back with their legs crossed and feet resting on the couch.,136;137;204;206;541;543;664;666;668;669;672;673;774;775;796;799;818;819;820;821;825;826;828;829;832;835;836;837;840;841;844;846;848;850;852;853;929;930;953;954;1441;1443;1444;1445;1448;1451;1453;1455;1456;1457;1460;1462;1470;1471;1472;1473;1477;1478;1480;1481;1484;1485;1496;1497,64,1
879dd163-7588-45d1-9466-a5deabc59167,Can you summarize the person's behavior in the video?,They are relaxing and using an electronic device.,"The person in the video is lying on a couch with their legs up, holding a tablet with a book displayed on the screen. They are wearing a long-sleeve shirt, jeans, and white socks. The room has a dining table with chairs and a curtain in the background. The person appears to be reading or looking at the content on the tablet.",136;137;192;194;204;206;541;543;664;666;672;673;774;775;796;799;818;819;820;821;825;826;828;829;832;835;836;837;840;841;844;846;848;850;852;853;929;930;953;954;1441;1443;1444;1445;1448;1451;1453;1455;1456;1457;1460;1462;1470;1471;1472;1473;1477;1478;1480;1481;1484;1485;1496;1497,64,1
879dd163-7588-45d1-9466-a5deabc59167,Is there any noticeable movement or gesture in the video?,The person raised their hands at some point.,"No, there is no noticeable movement or gesture in the video.",136;137;192;194;204;206;541;543;664;666;668;669;672;673;774;775;796;799;818;819;820;821;825;826;828;829;832;835;836;837;840;841;844;846;848;850;852;853;953;954;1441;1443;1444;1445;1448;1451;1453;1455;1456;1457;1460;1462;1470;1471;1472;1473;1477;1478;1480;1481;1484;1485;1496;1497,64,1
879dd163-7588-45d1-9466-a5deabc59167,Did the person in the video adjust their position on the couch?,Not shown in the given frame.,"Yes, the person occasionally adjusts their position on the couch while reading.",136;137;192;194;204;206;541;543;664;666;668;669;672;673;774;775;796;799;818;819;820;821;825;826;828;829;832;835;836;837;840;841;844;846;848;850;852;853;953;954;1441;1443;1444;1445;1448;1451;1453;1455;1456;1457;1460;1462;1470;1471;1472;1473;1477;1478;1480;1481;1484;1485;1496;1497,64,1
879dd163-7588-45d1-9466-a5deabc59167,Is the individual in the video communicating with someone else?,"No, not visibly.","No, the individual in the video is not communicating with someone else; they are focused on reading the book.",136;137;204;206;541;543;664;666;668;669;672;673;774;775;796;799;818;819;820;821;825;826;828;829;832;835;836;837;840;841;844;846;848;850;852;853;929;930;953;954;1441;1443;1444;1445;1448;1451;1453;1455;1456;1457;1460;1462;1470;1471;1472;1473;1477;1478;1480;1481;1484;1485;1496;1497,64,1
879dd163-7588-45d1-9466-a5deabc59167,Does the video indicate that the person is multitasking?,"No, they appear focused on the tablet.","No, the video does not indicate that the person is multitasking. The person is consistently focused on reading the book throughout the video.",136;137;192;194;204;206;541;543;664;666;668;669;672;673;774;775;796;799;818;819;820;821;825;826;828;829;832;835;836;837;840;841;844;846;848;850;852;853;953;954;1441;1443;1444;1445;1448;1451;1453;1455;1456;1457;1460;1462;1470;1471;1472;1473;1477;1478;1480;1481;1484;1485;1496;1497,64,1
879dd163-7588-45d1-9466-a5deabc59167,Is the person standing up at any point in the video?,"No, they are seated throughout.","No, the person remains seated on the couch throughout the video.",136;137;204;206;541;543;664;666;668;669;672;673;774;775;796;799;818;819;820;821;825;826;828;829;832;835;836;837;840;841;844;846;848;850;852;853;929;930;953;954;1441;1443;1444;1445;1448;1451;1453;1455;1456;1457;1460;1462;1470;1471;1472;1473;1477;1478;1480;1481;1484;1485;1496;1497,64,1
879dd163-7588-45d1-9466-a5deabc59167,Did I move my legs on the couch before using the tablet?,Yes,"Yes, before using the tablet, you moved your legs on the couch, crossing them at the ankles.",136;137;192;194;204;206;541;543;664;666;668;669;672;673;774;775;796;799;818;819;820;821;825;826;828;829;832;835;836;837;840;841;844;846;848;850;852;853;953;954;1441;1443;1444;1445;1448;1451;1453;1455;1456;1457;1460;1462;1470;1471;1472;1473;1477;1478;1480;1481;1484;1485;1496;1497,64,1
879dd163-7588-45d1-9466-a5deabc59167,Did I raise my hands before sitting on the couch?,No,"No, you did not raise your hands before sitting on the couch.",136;137;192;194;204;206;541;543;664;666;668;669;672;673;774;775;796;799;818;819;820;821;825;826;828;829;832;835;836;837;840;841;844;846;848;850;852;853;953;954;1441;1443;1444;1445;1448;1451;1453;1455;1456;1457;1460;1462;1470;1471;1472;1473;1477;1478;1480;1481;1484;1485;1496;1497,64,1
879dd163-7588-45d1-9466-a5deabc59167,Was I sitting on the couch before raising my hands?,Yes,"Yes, you were sitting on the couch before raising your hands.",136;137;192;194;204;206;541;543;664;666;668;669;672;673;774;775;796;799;818;819;820;821;825;826;828;829;832;835;836;837;840;841;844;846;848;850;852;853;953;954;1441;1443;1444;1445;1448;1451;1453;1455;1456;1457;1460;1462;1470;1471;1472;1473;1477;1478;1480;1481;1484;1485;1496;1497,64,1
879dd163-7588-45d1-9466-a5deabc59167,Did I use the tablet after sitting on the couch?,Yes,"Yes, you used the tablet after sitting on the couch.",136;137;192;194;204;206;541;543;664;666;668;669;672;673;774;775;796;799;818;819;820;821;825;826;828;829;832;835;836;837;840;841;844;846;848;850;852;853;953;954;1441;1443;1444;1445;1448;1451;1453;1455;1456;1457;1460;1462;1470;1471;1472;1473;1477;1478;1480;1481;1484;1485;1496;1497,64,1
879dd163-7588-45d1-9466-a5deabc59167,What did I do just before using the tablet in the house?,Sat on the couch,"Based on the image, it appears that you were sitting on the couch with your legs crossed, holding the tablet in your hands, and likely engaged in reading or using the device. The setting suggests a relaxed and comfortable environment, possibly in the evening or at night, given the dim lighting.",136;137;192;194;204;206;541;543;664;666;668;669;672;673;774;775;796;799;818;819;820;821;825;826;828;829;832;835;836;837;840;841;844;846;848;850;852;853;953;954;1441;1443;1444;1445;1448;1451;1453;1455;1456;1457;1460;1462;1470;1471;1472;1473;1477;1478;1480;1481;1484;1485;1496;1497,64,1
879dd163-7588-45d1-9466-a5deabc59167,What did I do just before raising my hands?,Used the tablet,"Based on the sequence of events depicted in the images, it appears that you were lying on the couch with your legs crossed and holding a tablet in your hands. You were engaged in reading or using the tablet. Just before raising your hands, you might have finished reading a page, paused to think about something, or decided to change the position of the tablet or your body.",136;137;192;194;204;206;541;543;664;666;668;669;672;673;774;775;796;799;818;819;820;821;825;826;828;829;832;835;836;837;840;841;844;846;848;850;852;853;953;954;1441;1443;1444;1445;1448;1451;1453;1455;1456;1457;1460;1462;1470;1471;1472;1473;1477;1478;1480;1481;1484;1485;1496;1497,64,1
879dd163-7588-45d1-9466-a5deabc59167,Is the tablet used after sitting on the couch as shown in the clip?,Yes,"Yes, the tablet is used after sitting on the couch as shown in the clip.",136;137;192;194;204;206;541;543;664;666;668;669;672;673;774;775;796;799;818;819;820;821;825;826;828;829;832;835;836;837;840;841;844;846;848;850;852;853;953;954;1441;1443;1444;1445;1448;1451;1453;1455;1456;1457;1460;1462;1470;1471;1472;1473;1477;1478;1480;1481;1484;1485;1496;1497,64,1
879dd163-7588-45d1-9466-a5deabc59167,"In the video, is the tablet picked up before legs are placed on the couch?",Yes,"No, the tablet is picked up after the legs are placed on the couch.",136;137;192;194;204;206;541;543;664;666;668;669;672;673;774;775;796;799;818;819;820;821;825;826;828;829;832;835;836;837;840;841;844;846;848;850;852;853;953;954;1441;1443;1444;1445;1448;1451;1453;1455;1456;1457;1460;1462;1470;1471;1472;1473;1477;1478;1480;1481;1484;1485;1496;1497,64,1
879dd163-7588-45d1-9466-a5deabc59167,Does sitting on the couch happen after raising hands in the sequence?,No,"No, sitting on the couch happens before raising hands in the sequence.",136;137;192;194;204;206;541;543;664;666;668;669;672;673;774;775;796;799;818;819;820;821;825;826;828;829;832;835;836;837;840;841;844;846;848;850;852;853;953;954;1441;1443;1444;1445;1448;1451;1453;1455;1456;1457;1460;1462;1470;1471;1472;1473;1477;1478;1480;1481;1484;1485;1496;1497,64,1
879dd163-7588-45d1-9466-a5deabc59167,What is the setting of the video clip?,The setting is inside a house.,"The setting of the video clip is a living room with a beige couch, a blue velvet pillow, and a dining area with a table and chairs in the background.",136;137;796;799;818;819;820;821;825;826;828;829;832;835;836;837;844;846;848;850;852;853;953;954;1441;1443;1444;1445;1448;1451;1453;1455;1456;1457;1460;1462;1477;1478;1480;1481;1484;1485;1496;1497;1500;1501;1504;1505;1516;1518;1522;1523;1528;1530;1532;1534;1536;1537;1608;1609;1612;1613;1624;1625,64,1
879dd163-7588-45d1-9466-a5deabc59167,Where is the person situated in this scene?,The person is sitting on the couch.,"The person is lying on a couch with their legs up, propped against a blue pillow.",136;137;796;799;818;819;820;821;825;826;828;829;832;835;836;837;844;846;848;850;852;853;953;954;1441;1443;1444;1445;1448;1451;1456;1457;1460;1462;1477;1478;1480;1481;1484;1485;1496;1497;1500;1501;1504;1505;1516;1518;1522;1523;1528;1530;1532;1534;1536;1537;1600;1601;1608;1609;1612;1613;1624;1625,64,1
879dd163-7588-45d1-9466-a5deabc59167,What object is the person interacting with?,The person is holding and using a tablet.,The person is interacting with a white e-reader.,136;137;541;543;796;799;818;819;820;821;825;826;828;829;832;835;836;837;844;846;848;850;852;853;953;954;1441;1443;1444;1445;1448;1451;1456;1457;1460;1462;1477;1478;1480;1481;1484;1485;1496;1497;1500;1501;1504;1505;1516;1518;1522;1523;1528;1530;1532;1534;1536;1537;1608;1609;1612;1613;1624;1625,64,1
879dd163-7588-45d1-9466-a5deabc59167,Describe the person's posture in the video.,The person is reclined with feet up on the couch.,The person is lying on a couch with their legs crossed and feet resting on the couch.,136;137;796;799;818;819;820;821;825;826;828;829;832;835;836;837;844;846;848;850;852;853;953;954;1441;1443;1444;1445;1448;1451;1456;1457;1460;1462;1477;1478;1480;1481;1484;1485;1496;1497;1500;1501;1504;1505;1516;1518;1522;1523;1528;1530;1532;1534;1536;1537;1600;1601;1608;1609;1612;1613;1624;1625,64,1
879dd163-7588-45d1-9466-a5deabc59167,Is the person reading a book on the tablet?,Yes.,Yes.,136;137;796;799;818;819;820;821;825;826;828;829;832;835;836;837;844;846;848;850;852;853;953;954;1441;1443;1444;1445;1448;1451;1456;1457;1460;1462;1477;1478;1480;1481;1484;1485;1496;1497;1500;1501;1504;1505;1516;1518;1522;1523;1528;1530;1532;1534;1536;1537;1600;1601;1608;1609;1612;1613;1624;1625,64,1
879dd163-7588-45d1-9466-a5deabc59167,Does the scene show an interaction with digital technology?,Yes.,yes,136;137;796;799;818;819;820;821;825;826;828;829;832;835;836;837;844;846;848;850;852;853;953;954;1441;1443;1444;1445;1448;1451;1456;1457;1460;1462;1477;1478;1480;1481;1484;1485;1496;1497;1500;1501;1504;1505;1516;1518;1522;1523;1528;1530;1532;1534;1536;1537;1600;1601;1608;1609;1612;1613;1624;1625,64,1
879dd163-7588-45d1-9466-a5deabc59167,Is the individual standing while using the tablet?,No.,No.,136;137;796;799;818;819;820;821;825;826;828;829;832;835;836;837;844;846;848;850;852;853;953;954;1441;1443;1444;1445;1448;1451;1456;1457;1460;1462;1477;1478;1480;1481;1484;1485;1496;1497;1500;1501;1504;1505;1516;1518;1522;1523;1528;1530;1532;1534;1536;1537;1600;1601;1608;1609;1612;1613;1624;1625,64,1
879dd163-7588-45d1-9466-a5deabc59167,Has the person positioned themselves comfortably for tablet use?,Yes.,"Yes, the person has positioned themselves comfortably for tablet use. They are lying on a couch with their legs up and crossed, and they are holding the tablet at eye level for easy viewing.",136;137;204;206;796;799;818;819;820;821;825;826;828;829;832;835;836;837;844;846;848;850;852;853;953;954;1441;1443;1444;1445;1448;1451;1456;1457;1477;1478;1480;1481;1484;1485;1496;1497;1500;1501;1504;1505;1516;1518;1522;1523;1528;1530;1532;1534;1536;1537;1600;1601;1608;1609;1612;1613;1624;1625,64,1
879dd163-7588-45d1-9466-a5deabc59167,Does the video show the person watching TV?,No.,"No, the video does not show the person watching TV. It shows the person lying on the couch and reading a book on an e-reader.",136;137;796;799;818;819;820;821;825;826;828;829;832;835;836;837;844;846;848;850;852;853;953;954;1441;1443;1444;1445;1448;1451;1453;1455;1456;1457;1460;1462;1477;1478;1480;1481;1484;1485;1496;1497;1500;1501;1504;1505;1516;1518;1522;1523;1528;1530;1532;1534;1536;1537;1608;1609;1612;1613;1624;1625,64,1
879dd163-7588-45d1-9466-a5deabc59167,"In the video, did I use the tablet before sitting on the couch?",No,"Yes, you used the tablet before sitting on the couch.",136;137;796;799;818;819;820;821;825;826;828;829;832;835;836;837;844;846;848;850;852;853;953;954;1441;1443;1444;1445;1448;1451;1456;1457;1460;1462;1477;1478;1480;1481;1484;1485;1496;1497;1500;1501;1504;1505;1516;1518;1522;1523;1528;1530;1532;1534;1536;1537;1600;1601;1608;1609;1612;1613;1624;1625,64,1
879dd163-7588-45d1-9466-a5deabc59167,Did I raise my hands before holding the tablet?,No,"It appears that you raised your hands before holding the tablet, as indicated by the position of your hands in the image.",136;137;796;799;818;819;820;821;825;826;828;829;832;835;836;837;844;846;848;850;852;853;953;954;1441;1443;1444;1445;1448;1451;1453;1455;1456;1457;1460;1462;1477;1478;1480;1481;1484;1485;1496;1497;1500;1501;1504;1505;1516;1518;1522;1523;1528;1530;1532;1534;1536;1537;1608;1609;1612;1613;1624;1625,64,1
879dd163-7588-45d1-9466-a5deabc59167,"In the video, was I already seated on the couch before using the tablet?",Yes,"Yes, you were already seated on the couch before using the tablet.",136;137;796;799;818;819;820;821;825;826;828;829;832;835;836;837;844;846;848;850;852;853;953;954;1441;1443;1444;1445;1448;1451;1456;1457;1460;1462;1477;1478;1480;1481;1484;1485;1496;1497;1500;1501;1504;1505;1516;1518;1522;1523;1528;1530;1532;1534;1536;1537;1600;1601;1608;1609;1612;1613;1624;1625,64,1
879dd163-7588-45d1-9466-a5deabc59167,Was the tablet in my hand before I used it?,Yes,"It seems like you've been using the tablet for a while, as indicated by the text on the screen.",136;137;796;799;818;819;820;821;825;826;828;829;832;835;836;837;844;846;848;850;852;853;953;954;1441;1443;1444;1445;1448;1451;1456;1457;1460;1462;1477;1478;1480;1481;1484;1485;1496;1497;1500;1501;1504;1505;1516;1518;1522;1523;1528;1530;1532;1534;1536;1537;1600;1601;1608;1609;1612;1613;1624;1625,64,1
879dd163-7588-45d1-9466-a5deabc59167,What occurs just before I hold the tablet in the video?,I sit on the couch,"Just before holding the tablet, the person is seen lying on the couch with their legs crossed, wearing blue jeans and a light-colored top, and has a blue velvet pillow on the couch.",136;137;796;799;818;819;820;821;825;826;828;829;832;835;836;837;844;846;848;850;852;853;953;954;1441;1443;1444;1445;1448;1451;1456;1457;1460;1462;1477;1478;1480;1481;1484;1485;1496;1497;1500;1501;1504;1505;1516;1518;1522;1523;1528;1530;1532;1534;1536;1537;1600;1601;1608;1609;1612;1613;1624;1625,64,1
879dd163-7588-45d1-9466-a5deabc59167,What action takes place before using the tablet?,I hold the tablet,"Before using the tablet, the person is seen lying on the couch with their legs crossed, wearing blue jeans and a light-colored sweater, and has a blue velvet pillow on the couch.",136;137;818;819;820;821;825;826;828;829;832;835;836;837;844;846;848;850;852;853;953;954;1441;1443;1444;1445;1448;1451;1453;1455;1456;1457;1460;1462;1477;1478;1480;1481;1484;1485;1496;1497;1500;1501;1504;1505;1516;1518;1522;1523;1528;1530;1532;1534;1536;1537;1540;1542;1608;1609;1612;1613;1624;1625,64,1
879dd163-7588-45d1-9466-a5deabc59167,"In the video, did I move my legs on the couch before using the tablet?",Yes,"Yes, before using the tablet, you moved your legs on the couch.",136;137;796;799;818;819;820;821;825;826;828;829;832;835;836;837;844;846;848;850;852;853;953;954;1441;1443;1444;1445;1448;1451;1456;1457;1460;1462;1477;1478;1480;1481;1484;1485;1496;1497;1500;1501;1504;1505;1516;1518;1522;1523;1528;1530;1532;1534;1536;1537;1600;1601;1608;1609;1612;1613;1624;1625,64,1
879dd163-7588-45d1-9466-a5deabc59167,"In the video, is the tablet held before raising hands?",Yes,"Yes, the tablet is held before raising hands.",136;137;796;799;818;819;820;821;825;826;828;829;832;835;836;837;844;846;848;850;852;853;953;954;1441;1443;1444;1445;1448;1451;1456;1457;1460;1462;1477;1478;1480;1481;1484;1485;1496;1497;1500;1501;1504;1505;1516;1518;1522;1523;1528;1530;1532;1534;1536;1537;1600;1601;1608;1609;1612;1613;1624;1625,64,1
879dd163-7588-45d1-9466-a5deabc59167,"In the video, does sitting on the couch happen before moving legs on the couch?",Yes,"Yes, sitting on the couch happens before moving legs on the couch.",136;137;796;799;818;819;820;821;825;826;828;829;832;835;836;837;844;846;848;850;852;853;953;954;1441;1443;1444;1445;1448;1451;1456;1457;1460;1462;1477;1478;1480;1481;1484;1485;1496;1497;1500;1501;1504;1505;1516;1518;1522;1523;1528;1530;1532;1534;1536;1537;1600;1601;1608;1609;1612;1613;1624;1625,64,1
879dd163-7588-45d1-9466-a5deabc59167,What happens before I use the tablet in the video?,I sit on the couch and move my legs,"Before using the tablet in the video, the person is lying on a couch with their legs up, wearing blue jeans and a light-colored top. They have a blue velvet pillow under their legs for support. The room has a cozy ambiance with a dining area in the background, featuring a table with chairs and a decorative curtain. The person appears relaxed and is about to engage with the tablet, which is held in both hands and displays text on its screen.",136;137;796;799;818;819;820;821;825;826;828;829;832;835;836;837;844;846;848;850;852;853;953;954;1441;1443;1444;1445;1448;1451;1456;1457;1460;1462;1477;1478;1480;1481;1484;1485;1496;1497;1500;1501;1504;1505;1516;1518;1522;1523;1528;1530;1532;1534;1536;1537;1600;1601;1608;1609;1612;1613;1624;1625,64,1
879dd163-7588-45d1-9466-a5deabc59167,What action is performed just before raising hands in the video?,Using the tablet,"Just before raising hands, the person is seen holding a white tablet with both hands, displaying a text document.",136;137;541;543;818;819;820;821;825;826;828;829;832;835;836;837;844;846;848;850;852;853;953;954;1441;1443;1444;1445;1448;1451;1453;1455;1456;1457;1460;1462;1477;1478;1480;1481;1484;1485;1496;1497;1500;1501;1504;1505;1516;1518;1522;1523;1528;1530;1532;1534;1536;1537;1608;1609;1612;1613;1624;1625,64,1
879dd163-7588-45d1-9466-a5deabc59167,What do I do right before moving my legs on the couch?,I sit on the couch,"It appears you are lying on a couch with your legs crossed and holding a tablet device. Before moving your legs, you might want to ensure you have finished reading or using the tablet, save any work or progress, and possibly turn off the device to conserve battery life. Additionally, you might want to stretch your legs or shift your position slightly to prepare for getting up.",136;137;796;799;818;819;820;821;825;826;828;829;832;835;836;837;844;846;848;850;852;853;953;954;1441;1443;1444;1445;1448;1451;1456;1457;1460;1462;1477;1478;1480;1481;1484;1485;1496;1497;1500;1501;1504;1505;1516;1518;1522;1523;1528;1530;1532;1534;1536;1537;1600;1601;1608;1609;1612;1613;1624;1625,64,1
879dd163-7588-45d1-9466-a5deabc59167,"In the video, what takes place prior to holding the tablet?",I sit on the couch,"Before holding the tablet, the person is seen lying on the couch with their legs crossed, wearing blue jeans and a light-colored sweater, and has a blue velvet pillow on the couch.",136;137;796;799;818;819;820;821;825;826;828;829;832;835;836;837;844;846;848;850;852;853;953;954;1441;1443;1444;1445;1448;1451;1456;1457;1460;1462;1477;1478;1480;1481;1484;1485;1496;1497;1500;1501;1504;1505;1516;1518;1522;1523;1528;1530;1532;1534;1536;1537;1600;1601;1608;1609;1612;1613;1624;1625,64,1
879dd163-7588-45d1-9466-a5deabc59167,What is the depicted scenario in this video frame?,A person sitting on a couch using a tablet.,"The video depicts a person lying on a couch with their feet up, holding a tablet device with a blue screen, which appears to be displaying text, likely from a book or an article. The person is wearing a long-sleeve top and jeans, and the setting looks like a living room with a dining area in the background. The lighting is soft, suggesting an indoor environment, possibly during the evening or at night. The person seems to be engaged in reading or browsing on the tablet.",136;137;796;799;818;819;820;821;825;826;828;829;832;835;836;837;844;846;848;850;852;853;953;954;1441;1443;1444;1445;1448;1451;1456;1457;1460;1462;1477;1478;1480;1481;1484;1485;1496;1497;1500;1501;1504;1505;1516;1518;1522;1523;1528;1530;1532;1534;1536;1537;1600;1601;1608;1609;1612;1613;1624;1625,64,1
879dd163-7588-45d1-9466-a5deabc59167,Can you summarize the environment in the video clip?,The environment is a cozy living room with a person on the couch.,"The video shows a person lying on a couch with their legs propped up, holding a tablet with a blue screen displaying text. The person is wearing a long-sleeve shirt and jeans. The room has a neutral color scheme with beige walls and a light-colored carpet. There is a dining table with chairs in the background, and a blue cushion is visible on the couch. The lighting in the room is soft, suggesting an indoor setting with ambient lighting. The person appears to be focused on reading or using the tablet.",136;137;796;799;818;819;820;821;825;826;828;829;832;835;836;837;844;846;848;850;852;853;953;954;1441;1443;1444;1445;1448;1451;1456;1457;1460;1462;1477;1478;1480;1481;1484;1485;1496;1497;1500;1501;1504;1505;1516;1518;1522;1523;1528;1530;1532;1534;1536;1537;1600;1601;1608;1609;1612;1613;1624;1625,64,1
879dd163-7588-45d1-9466-a5deabc59167,Offer a caption for the ongoing activity in the video?,Enjoying digital content from the comfort of the couch.,"""Relaxing with a good book: A peaceful moment of reading on a cozy couch.""",136;137;796;799;818;819;820;821;825;826;828;829;832;835;836;837;844;846;848;850;852;853;953;954;1441;1443;1444;1445;1448;1451;1456;1457;1460;1462;1477;1478;1480;1481;1484;1485;1496;1497;1500;1501;1504;1505;1516;1518;1522;1523;1528;1530;1532;1534;1536;1537;1600;1601;1608;1609;1612;1613;1624;1625,64,1
879dd163-7588-45d1-9466-a5deabc59167,Is the person in the video standing up?,No.,No.,136;137;796;799;818;819;820;821;825;826;828;829;832;835;836;837;844;846;848;850;852;853;953;954;1441;1443;1444;1445;1448;1451;1456;1457;1460;1462;1477;1478;1480;1481;1484;1485;1496;1497;1500;1501;1504;1505;1516;1518;1522;1523;1528;1530;1532;1534;1536;1537;1600;1601;1608;1609;1612;1613;1624;1625,64,1
879dd163-7588-45d1-9466-a5deabc59167,Does the video capture the individual walking around?,No.,"No, the video does not capture the individual walking around. It focuses on the person lying on the couch and reading a book.",136;137;541;543;818;819;820;821;825;826;828;829;832;835;836;837;844;846;848;850;852;853;953;954;1441;1443;1444;1445;1448;1451;1453;1455;1456;1457;1460;1462;1477;1478;1480;1481;1484;1485;1496;1497;1500;1501;1504;1505;1516;1518;1522;1523;1528;1530;1532;1534;1536;1537;1608;1609;1612;1613;1624;1625,64,1
879dd163-7588-45d1-9466-a5deabc59167,Is there a group of people in the video clip?,No.,"No, there is only one person in the video clip.",136;137;796;799;818;819;820;821;825;826;828;829;832;835;836;837;844;846;848;850;852;853;953;954;1441;1443;1444;1445;1448;1451;1453;1455;1456;1457;1460;1462;1477;1478;1480;1481;1484;1485;1496;1497;1500;1501;1504;1505;1516;1518;1522;1523;1528;1530;1532;1534;1536;1537;1608;1609;1612;1613;1624;1625,64,1
879dd163-7588-45d1-9466-a5deabc59167,Does the frame show the person cooking in the kitchen?,No.,No.,136;137;796;799;818;819;820;821;825;826;828;829;832;835;836;837;844;846;848;850;852;853;953;954;1441;1443;1444;1445;1448;1451;1456;1457;1460;1462;1477;1478;1480;1481;1484;1485;1496;1497;1500;1501;1504;1505;1516;1518;1522;1523;1528;1530;1532;1534;1536;1537;1600;1601;1608;1609;1612;1613;1624;1625,64,1
879dd163-7588-45d1-9466-a5deabc59167,Is the person in the video engaging in a conversation?,No.,"No, the person in the video is not engaging in a conversation; they are focused on reading a book.",136;137;796;799;818;819;820;821;825;826;828;829;832;835;836;837;844;846;848;850;852;853;953;954;1441;1443;1444;1445;1448;1451;1456;1457;1460;1462;1477;1478;1480;1481;1484;1485;1496;1497;1500;1501;1504;1505;1516;1518;1522;1523;1528;1530;1532;1534;1536;1537;1600;1601;1608;1609;1612;1613;1624;1625,64,1
879dd163-7588-45d1-9466-a5deabc59167,Did I sit on the couch before using the tablet?,Yes.,"Yes, you sat on the couch before using the tablet.",136;137;796;799;818;819;820;821;825;826;828;829;832;835;836;837;844;846;848;850;852;853;953;954;1441;1443;1444;1445;1448;1451;1456;1457;1460;1462;1477;1478;1480;1481;1484;1485;1496;1497;1500;1501;1504;1505;1516;1518;1522;1523;1528;1530;1532;1534;1536;1537;1600;1601;1608;1609;1612;1613;1624;1625,64,1
879dd163-7588-45d1-9466-a5deabc59167,Did I hold the tablet before sitting on the couch?,No.,"Yes, you held the tablet before sitting on the couch.",136;137;796;799;818;819;820;821;825;826;828;829;832;835;836;837;844;846;848;850;852;853;953;954;1441;1443;1444;1445;1448;1451;1456;1457;1460;1462;1477;1478;1480;1481;1484;1485;1496;1497;1500;1501;1504;1505;1516;1518;1522;1523;1528;1530;1532;1534;1536;1537;1600;1601;1608;1609;1612;1613;1624;1625,64,1
879dd163-7588-45d1-9466-a5deabc59167,Did I sit down after picking up the tablet?,Yes.,"Yes, you sat down on the couch after picking up the tablet.",136;137;796;799;818;819;820;821;825;826;828;829;832;835;836;837;844;846;848;850;852;853;953;954;1441;1443;1444;1445;1448;1451;1456;1457;1460;1462;1477;1478;1480;1481;1484;1485;1496;1497;1500;1501;1504;1505;1516;1518;1522;1523;1528;1530;1532;1534;1536;1537;1600;1601;1608;1609;1612;1613;1624;1625,64,1
879dd163-7588-45d1-9466-a5deabc59167,"In the video, what do I do just before sitting on the couch?",There is no information on actions prior.,"Just before sitting on the couch, the person is seen standing and holding a white tablet device with a blue screen, which they then place on their lap.",136;137;796;799;818;819;820;821;825;826;828;829;832;835;836;837;844;846;848;850;852;853;953;954;1441;1443;1444;1445;1448;1451;1456;1457;1460;1462;1477;1478;1480;1481;1484;1485;1496;1497;1500;1501;1504;1505;1516;1518;1522;1523;1528;1530;1532;1534;1536;1537;1600;1601;1608;1609;1612;1613;1624;1625,64,1
879dd163-7588-45d1-9466-a5deabc59167,"In the sequence, what happens before I use the tablet?",I hold the tablet.,"Before using the tablet, the person is lying on a couch with their legs crossed, holding the tablet in their hands, and appears to be reading or about to start reading.",136;137;796;799;818;819;820;821;825;826;828;829;832;835;836;837;844;846;848;850;852;853;953;954;1441;1443;1444;1445;1448;1451;1456;1457;1460;1462;1477;1478;1480;1481;1484;1485;1496;1497;1500;1501;1504;1505;1516;1518;1522;1523;1528;1530;1532;1534;1536;1537;1600;1601;1608;1609;1612;1613;1624;1625,64,1
879dd163-7588-45d1-9466-a5deabc59167,Does the action of sitting on the couch happen before using the tablet?,Yes,"Yes, the action of sitting on the couch happens before using the tablet.",136;137;796;799;818;819;820;821;825;826;828;829;832;835;836;837;844;846;848;850;852;853;953;954;1441;1443;1444;1445;1448;1451;1456;1457;1460;1462;1477;1478;1480;1481;1484;1485;1496;1497;1500;1501;1504;1505;1516;1518;1522;1523;1528;1530;1532;1534;1536;1537;1600;1601;1608;1609;1612;1613;1624;1625,64,1
879dd163-7588-45d1-9466-a5deabc59167,Does raising hands occur before sitting on the couch?,No,"No, raising hands does not occur before sitting on the couch.",136;137;796;799;818;819;820;821;825;826;828;829;832;835;836;837;844;846;848;850;852;853;953;954;1441;1443;1444;1445;1448;1451;1456;1457;1460;1462;1477;1478;1480;1481;1484;1485;1496;1497;1500;1501;1504;1505;1516;1518;1522;1523;1528;1530;1532;1534;1536;1537;1600;1601;1608;1609;1612;1613;1624;1625,64,1
879dd163-7588-45d1-9466-a5deabc59167,Is using the tablet done after sitting on the couch?,Yes,"Yes, using the tablet is done after sitting on the couch.",136;137;796;799;818;819;820;821;825;826;828;829;832;835;836;837;844;846;848;850;852;853;953;954;1441;1443;1444;1445;1448;1451;1456;1457;1460;1462;1477;1478;1480;1481;1484;1485;1496;1497;1500;1501;1504;1505;1516;1518;1522;1523;1528;1530;1532;1534;1536;1537;1600;1601;1608;1609;1612;1613;1624;1625,64,1
879dd163-7588-45d1-9466-a5deabc59167,What happens before using the tablet?,Sitting on the couch and holding the tablet,"Before using the tablet, the person is seen lying on a couch with their legs crossed, wearing blue jeans and a light-colored top. They have a blue velvet pillow under their head for support and are holding the tablet with both hands, indicating they are about to start reading or using the device.",136;137;796;799;818;819;820;821;825;826;828;829;832;835;836;837;844;846;848;850;852;853;953;954;1441;1443;1444;1445;1448;1451;1456;1457;1460;1462;1477;1478;1480;1481;1484;1485;1496;1497;1500;1501;1504;1505;1516;1518;1522;1523;1528;1530;1532;1534;1536;1537;1600;1601;1608;1609;1612;1613;1624;1625,64,1
879dd163-7588-45d1-9466-a5deabc59167,What occurs just before raising hands?,Using the tablet,"before raising hands, the person is holding a white tablet with a blue screen, displaying text.",136;137;818;819;820;821;825;826;828;829;832;835;836;837;844;846;848;850;852;853;953;954;1441;1443;1444;1445;1448;1451;1453;1455;1456;1457;1460;1462;1477;1478;1480;1481;1484;1485;1496;1497;1500;1501;1504;1505;1516;1518;1522;1523;1528;1530;1532;1534;1536;1537;1540;1542;1608;1609;1612;1613;1624;1625,64,1
cbfeb6c8-ec1f-4884-bcbf-14d7764c4a36,What environment surrounds the individual in the video?,An apartment setting.,The individual is surrounded by a wooden floor and a wooden cabinet in the background.,5;7;8;11;13;15;16;17;22;23;24;27;32;34;36;38;44;47;49;51;52;55;58;59;61;62;66;67;69;71;72;74;77;79;82;83;88;91;92;95;98;99;102;103;105;107;108;110;114;115;116;117;120;121;124;125;128;129;132;134;136;137;144;146,64,1
cbfeb6c8-ec1f-4884-bcbf-14d7764c4a36,What activity is taking place in this particular setting?,Writing in a book with a pen.,The activity taking place is studying or working on homework.,5;7;8;11;13;15;16;17;22;23;24;27;32;34;36;38;44;47;49;51;52;55;58;59;61;62;66;67;69;71;72;74;77;79;82;83;88;91;92;95;98;99;102;103;105;107;108;110;114;115;116;117;120;121;124;125;128;129;132;134;136;137;144;146,64,1
cbfeb6c8-ec1f-4884-bcbf-14d7764c4a36,Was the person depicted cooking in the kitchen?,No.,No.,5;7;8;11;13;15;16;17;22;23;24;27;32;34;36;38;44;47;49;51;52;55;58;59;61;62;66;67;69;71;72;74;77;79;82;83;88;91;92;95;98;99;102;103;105;107;108;110;114;115;116;117;120;121;124;125;128;129;132;134;136;137;144;146,64,1
cbfeb6c8-ec1f-4884-bcbf-14d7764c4a36,Did any outdoor activity occur in this video?,No.,"No, there were no outdoor activities observed in this video. The video focuses on a person studying or working at a desk with books and a notebook.",0;1;5;7;8;11;13;15;16;17;22;23;24;27;32;34;36;38;44;47;49;51;52;55;58;59;61;62;66;67;69;71;72;74;82;83;88;91;92;95;98;99;102;103;105;107;108;110;114;115;116;117;120;121;124;125;128;129;132;134;136;137;144;146,64,1
cbfeb6c8-ec1f-4884-bcbf-14d7764c4a36,Was the individual standing while performing the task?,No.,No.,5;7;8;11;13;15;16;17;22;23;24;27;32;34;36;38;44;47;49;51;52;55;58;59;61;62;66;67;69;71;72;74;77;79;82;83;88;91;92;95;98;99;102;103;105;107;108;110;114;115;116;117;120;121;124;125;128;129;132;134;136;137;144;146,64,1
cbfeb6c8-ec1f-4884-bcbf-14d7764c4a36,Is there any verbal communication happening in this scene?,No.,"No, there is no verbal communication happening in this scene. The person is focused on writing in a notebook and appears to be studying or taking notes.",5;7;8;11;13;15;16;17;22;23;24;27;32;34;36;38;44;47;49;51;52;55;58;59;61;62;66;67;69;71;72;74;77;79;82;83;88;91;92;95;98;99;102;103;105;107;108;110;114;115;116;117;120;121;124;125;128;129;132;134;136;137;144;146,64,1
cbfeb6c8-ec1f-4884-bcbf-14d7764c4a36,Does the video show someone reading a book?,No.,"No, the video does not show someone reading a book. It shows a person writing in a notebook.",5;7;8;11;13;15;16;17;22;23;24;27;32;34;36;38;44;47;49;51;52;55;58;59;61;62;66;67;69;71;72;74;77;79;82;83;88;91;92;95;98;99;102;103;105;107;108;110;114;115;116;117;120;121;124;125;128;129;132;134;136;137;144;146,64,1
cbfeb6c8-ec1f-4884-bcbf-14d7764c4a36,What location is shown in the video?,A room with a table.,The video shows a person sitting at a wooden desk with a book and a notebook.,5;7;13;15;16;17;32;34;36;38;49;51;58;59;69;71;72;74;82;83;92;95;102;103;105;107;114;115;116;117;120;121;124;125;128;129;132;134;136;137;144;146;150;151;153;155;161;163;164;165;182;183;184;187;221;222;232;233;240;242;272;273;278;279,64,1
cbfeb6c8-ec1f-4884-bcbf-14d7764c4a36,What activity is being done in the clip?,Writing in a notebook.,The person in the clip is engaged in writing or note-taking.,5;7;13;15;16;17;32;34;36;38;49;51;58;59;69;71;72;74;82;83;92;95;102;103;105;107;114;115;116;117;120;121;124;125;128;129;132;134;136;137;144;146;150;151;153;155;161;163;164;165;182;183;184;187;221;222;232;233;240;242;272;273;278;279,64,1
cbfeb6c8-ec1f-4884-bcbf-14d7764c4a36,What object is being used to write?,A pen.,A blue pen is being used to write.,5;7;13;15;16;17;32;34;36;38;49;51;58;59;61;62;69;71;72;74;82;83;92;95;102;103;105;107;114;115;116;117;120;121;124;125;128;129;132;134;136;137;144;146;150;151;153;155;161;163;182;183;184;187;221;222;232;233;240;242;272;273;278;279,64,1
cbfeb6c8-ec1f-4884-bcbf-14d7764c4a36,What item is on the table besides the notebook?,Opened books.,There is a book on the table besides the notebook.,5;7;13;15;16;17;32;34;36;38;49;51;58;59;61;62;69;71;72;74;82;83;92;95;102;103;105;107;114;115;116;117;120;121;124;125;128;129;132;134;136;137;144;146;150;151;153;155;161;163;182;183;184;187;221;222;232;233;240;242;272;273;278;279,64,1
cbfeb6c8-ec1f-4884-bcbf-14d7764c4a36,Is the notebook on a flat surface?,"Yes, on a table.",Yes.,5;7;13;15;16;17;32;34;36;38;49;51;58;59;69;71;72;74;82;83;92;95;102;103;105;107;114;115;116;117;120;121;124;125;128;129;132;134;136;137;144;146;150;151;153;155;161;163;182;183;184;187;192;193;221;222;232;233;240;242;272;273;278;279,64,1
cbfeb6c8-ec1f-4884-bcbf-14d7764c4a36,What color is the pen being used?,Blue.,The pen being used is blue.,5;7;13;15;16;17;32;34;36;38;49;51;58;59;69;71;72;74;82;83;92;95;102;103;105;107;114;115;116;117;120;121;124;125;128;129;132;134;136;137;144;146;150;151;153;155;161;163;182;183;184;187;192;193;221;222;232;233;240;242;272;273;278;279,64,1
cbfeb6c8-ec1f-4884-bcbf-14d7764c4a36,Is the person using both hands to write?,"Yes, one to hold and one to write.","No, the person is using only their right hand to write.",5;7;13;15;16;17;32;34;36;38;49;51;58;59;69;71;72;74;82;83;92;95;102;103;105;107;108;110;114;115;116;117;120;121;124;125;128;129;132;134;136;137;144;146;150;151;153;155;161;163;182;183;184;187;221;222;232;233;240;242;272;273;278;279,64,1
cbfeb6c8-ec1f-4884-bcbf-14d7764c4a36,Has the pen made contact with the paper?,Yes.,"Yes, the pen is actively writing on the paper.",5;7;13;15;16;17;32;34;36;38;49;51;58;59;69;71;72;74;82;83;92;95;102;103;105;107;108;110;114;115;116;117;120;121;124;125;128;129;132;134;136;137;144;146;150;151;153;155;161;163;182;183;184;187;221;222;232;233;240;242;272;273;278;279,64,1
cbfeb6c8-ec1f-4884-bcbf-14d7764c4a36,Is there a book on the table?,Yes.,Yes.,5;7;13;15;16;17;32;34;36;38;49;51;58;59;69;71;72;74;82;83;92;95;102;103;105;107;114;115;116;117;120;121;124;125;128;129;132;134;136;137;144;146;150;151;153;155;161;163;164;165;182;183;184;187;221;222;232;233;240;242;272;273;278;279,64,1
cbfeb6c8-ec1f-4884-bcbf-14d7764c4a36,"In the video, do I flip the book page before writing on it?",No,"Yes, in the video, you flip the book page before writing on it.",5;7;13;15;16;17;32;34;36;38;49;51;58;59;69;71;72;74;82;83;92;95;102;103;105;107;114;115;116;117;120;121;124;125;128;129;132;134;136;137;144;146;150;151;153;155;161;163;164;165;182;183;184;187;221;222;232;233;240;242;272;273;278;279,64,1
cbfeb6c8-ec1f-4884-bcbf-14d7764c4a36,"In the video, do I write with a pen after sitting at the table?",Yes,"Yes, in the video, you are seen writing with a pen after sitting at the table.",5;7;13;15;16;17;32;34;36;38;49;51;58;59;69;71;72;74;82;83;92;95;102;103;105;107;114;115;116;117;120;121;124;125;128;129;132;134;136;137;144;146;150;151;153;155;161;163;164;165;182;183;184;187;221;222;232;233;240;242;272;273;278;279,64,1
cbfeb6c8-ec1f-4884-bcbf-14d7764c4a36,Does the writing occur before closing the notebook?,Yes,"Yes, the writing occurs before closing the notebook.",5;7;13;15;16;17;32;34;36;38;49;51;58;59;69;71;72;74;82;83;92;95;102;103;105;107;114;115;116;117;120;121;124;125;128;129;132;134;136;137;144;146;150;151;153;155;161;163;164;165;182;183;184;187;221;222;232;233;240;242;272;273;278;279,64,1
cbfeb6c8-ec1f-4884-bcbf-14d7764c4a36,Do I start writing before opening the book?,No,"No, you start writing after opening the book.",5;7;13;15;16;17;32;34;36;38;49;51;58;59;69;71;72;74;82;83;92;95;102;103;105;107;114;115;116;117;120;121;124;125;128;129;132;134;136;137;144;146;150;151;153;155;161;163;164;165;182;183;184;187;221;222;232;233;240;242;272;273;278;279,64,1
cbfeb6c8-ec1f-4884-bcbf-14d7764c4a36,"Before closing the notebook, what event occurs in the video?",Writing on it,"Before closing the notebook, the person pauses their writing, looks down at the notebook, and then resumes writing.",5;7;13;15;16;17;32;34;36;38;49;51;58;59;69;71;72;74;82;83;92;95;102;103;105;107;114;115;116;117;120;121;124;125;128;129;132;134;136;137;144;146;150;151;153;155;161;163;164;165;182;183;184;187;221;222;232;233;240;242;272;273;278;279,64,1
cbfeb6c8-ec1f-4884-bcbf-14d7764c4a36,What is done prior to sitting at the table in the video?,Entering the room,"Before sitting at the table, the person is seen standing and holding a book in their left hand.",5;7;13;15;16;17;32;34;36;38;49;51;58;59;69;71;72;74;82;83;92;95;102;103;105;107;114;115;116;117;120;121;124;125;128;129;132;134;136;137;144;146;150;151;153;155;161;163;164;165;182;183;184;187;221;222;232;233;240;242;272;273;278;279,64,1
cbfeb6c8-ec1f-4884-bcbf-14d7764c4a36,What is the setting of the scene in the video clip?,In an apartment.,"The setting of the scene in the video clip is a study or work environment with a wooden desk, a person wearing a green and yellow patterned dress, and a notebook with the word ""BIOGRAPHY"" written on it.",13;15;16;17;102;103;105;107;114;115;120;121;124;125;272;273;285;286;289;291;296;299;368;370;372;373;377;379;382;383;384;385;388;391;392;393;396;397;404;405;408;409;413;415;418;419;424;426;429;430;436;437;440;442;444;447;448;450;456;457;472;474;536;537,64,1
cbfeb6c8-ec1f-4884-bcbf-14d7764c4a36,Who is present in this clip?,A woman writing and another woman interacting with her.,"The clip shows a person sitting at a desk and writing in a notebook. The person is wearing a green top and has a bracelet on their wrist. There is also a book or textbook open on the desk, suggesting that the person might be studying or working on some academic task. The focus is on the person's hands and the writing activity, with the rest of the person's body and the surrounding environment not clearly visible.",13;15;16;17;102;103;105;107;114;115;120;121;124;125;272;273;285;286;289;291;296;299;368;370;372;373;377;379;382;383;384;385;388;391;392;393;396;397;404;405;408;409;413;415;418;419;424;426;429;430;436;437;444;447;448;450;456;457;472;474;536;537;541;543,64,1
cbfeb6c8-ec1f-4884-bcbf-14d7764c4a36,What objects are noticeable in the video?,A book and a pen.,"The video shows a person sitting at a wooden desk, a spiral-bound notebook, a pen, a book with printed text, and a person wearing a green top with a patterned design.",13;15;16;17;102;103;105;107;114;115;120;121;124;125;272;273;285;286;289;291;296;299;368;370;372;373;377;379;382;383;384;385;388;391;392;393;404;405;408;409;413;415;418;419;424;426;429;430;436;437;440;442;444;447;448;450;456;457;472;474;536;537;541;543,64,1
cbfeb6c8-ec1f-4884-bcbf-14d7764c4a36,What activities are being performed?,Writing in a book and interacting.,"The person in the video is engaged in writing or note-taking. They are using a blue pen to write on a lined notebook, which is placed on a wooden desk. The person is also holding a textbook or a similar educational material open, suggesting they are referencing it while writing. The setting appears to be a study or work environment, and the person seems focused on their task.",13;15;16;17;102;103;105;107;114;115;120;121;124;125;272;273;285;286;289;291;296;299;368;370;372;373;377;379;382;383;384;385;388;391;392;393;396;397;404;405;408;409;413;415;418;419;424;426;429;430;436;437;440;442;444;447;448;450;456;457;472;474;536;537,64,1
cbfeb6c8-ec1f-4884-bcbf-14d7764c4a36,How can we describe the movement in the clip?,Gentle and focused on writing.,"The movement in the clip is minimal, with the person's hands moving slightly as they write in the notebook.",13;15;16;17;102;103;105;107;114;115;120;121;124;125;272;273;285;286;289;291;296;299;368;370;372;373;377;379;382;383;384;385;388;391;392;393;396;397;404;405;408;409;413;415;418;419;424;426;429;430;436;437;440;442;444;447;448;450;456;457;472;474;536;537,64,1
cbfeb6c8-ec1f-4884-bcbf-14d7764c4a36,Does the individual write with her right hand?,Yes.,Yes.,13;15;16;17;102;103;105;107;114;115;120;121;124;125;272;273;285;286;289;291;296;299;368;370;372;373;377;379;382;383;384;385;388;391;392;393;404;405;408;409;413;415;418;419;424;426;429;430;436;437;440;442;444;447;448;450;456;457;472;474;486;487;536;537,64,1
cbfeb6c8-ec1f-4884-bcbf-14d7764c4a36,Is there another person besides the one writing?,Yes.,"Yes, there is another person wearing dark shoes visible in the background.",13;15;16;17;102;103;105;107;114;115;120;121;124;125;272;273;285;286;289;291;296;299;368;370;372;373;377;379;382;383;384;385;388;391;392;393;404;405;408;409;413;415;418;419;424;426;429;430;436;437;440;442;444;447;448;450;456;457;472;474;486;487;536;537,64,1
cbfeb6c8-ec1f-4884-bcbf-14d7764c4a36,Is the setting a public place?,No.,No,13;15;16;17;102;103;105;107;114;115;120;121;124;125;128;129;272;273;285;286;289;291;296;299;368;370;372;373;377;379;382;383;384;385;388;391;392;393;404;405;408;409;413;415;418;419;424;426;429;430;436;437;440;442;444;447;448;450;456;457;472;474;536;537,64,1
cbfeb6c8-ec1f-4884-bcbf-14d7764c4a36,Do we see any electronic devices being used?,No.,"No, there are no electronic devices visible in the video.",13;15;16;17;102;103;105;107;114;115;120;121;124;125;272;273;285;286;289;291;296;299;368;370;372;373;377;379;382;383;384;385;388;391;392;393;404;405;408;409;413;415;418;419;424;426;429;430;436;437;440;442;444;447;448;450;454;455;456;457;472;474;486;487,64,1
cbfeb6c8-ec1f-4884-bcbf-14d7764c4a36,What happens before picking up the pen in the video?,Sitting at the table,"Before picking up the pen, the person is seen resting their hand on the desk.",13;15;16;17;102;103;105;107;114;115;120;121;124;125;272;273;285;286;289;291;296;299;368;370;372;373;377;379;382;383;384;385;388;391;392;393;396;397;404;405;408;409;413;415;418;419;424;426;429;430;436;437;444;447;448;450;456;457;472;474;536;537;541;543,64,1
cbfeb6c8-ec1f-4884-bcbf-14d7764c4a36,"In the video, does the interaction with woman A happen before writing in the notebook?",No,"No, the interaction with woman A happens after writing in the notebook.",13;15;16;17;102;103;105;107;114;115;120;121;124;125;272;273;285;286;289;291;296;299;368;370;372;373;377;379;382;383;384;385;388;391;392;393;396;397;404;405;408;409;413;415;418;419;424;426;429;430;436;437;440;442;444;447;448;450;456;457;472;474;536;537,64,1
cbfeb6c8-ec1f-4884-bcbf-14d7764c4a36,Is the book opened before picking up the pen?,Yes,Yes.,13;15;16;17;102;103;105;107;114;115;120;121;124;125;272;273;285;286;289;291;296;299;368;370;372;373;377;379;382;383;384;385;388;391;392;393;396;397;404;405;408;409;413;415;418;419;424;426;429;430;436;437;444;447;448;450;456;457;472;474;536;537;541;543,64,1
cbfeb6c8-ec1f-4884-bcbf-14d7764c4a36,What is the main activity depicted in the video clip?,Writing in a book with a pen.,The main activity depicted in the video clip is the person writing in a notebook.,13;15;102;103;114;115;120;121;272;273;285;286;289;291;296;299;368;370;372;373;377;379;382;383;384;385;388;391;392;393;404;405;408;409;413;415;418;419;424;426;429;430;436;437;444;447;448;450;456;457;536;537;580;583;588;591;597;598;600;603;604;605;621;622,64,1
cbfeb6c8-ec1f-4884-bcbf-14d7764c4a36,Where is the individual situated in the video clip?,In a room.,The individual is seated at a wooden desk.,13;15;102;103;114;115;120;121;272;273;285;286;289;291;296;299;368;370;372;373;377;379;382;383;384;385;388;391;392;393;404;405;408;409;413;415;418;419;424;426;429;430;436;437;444;447;448;450;456;457;536;537;580;583;588;591;597;598;600;603;604;605;621;622,64,1
cbfeb6c8-ec1f-4884-bcbf-14d7764c4a36,What object is being utilized in the video clip?,A pen.,A blue pen is being utilized in the video clip.,13;15;102;103;114;115;120;121;272;273;285;286;289;291;296;299;368;370;372;373;377;379;382;383;384;385;388;391;392;393;404;405;408;409;413;415;418;419;424;426;429;430;436;437;444;447;448;450;456;457;536;537;580;583;588;591;597;598;600;603;604;605;621;622,64,1
cbfeb6c8-ec1f-4884-bcbf-14d7764c4a36,Does the video show someone studying?,Yes.,"Yes, the video shows a person studying, as indicated by the open book and notebook with handwritten notes.",13;15;16;17;114;115;120;121;272;273;285;286;289;291;296;299;368;370;372;373;377;379;382;383;384;385;388;391;392;393;404;405;408;409;413;415;418;419;424;426;429;430;436;437;444;447;448;450;456;457;472;474;580;583;588;591;597;598;600;603;604;605;621;622,64,1
cbfeb6c8-ec1f-4884-bcbf-14d7764c4a36,Is the person in the video writing with their left hand?,No.,"No, the person in the video is writing with their right hand.",13;15;16;17;102;103;114;115;120;121;272;273;285;286;289;291;296;299;368;370;372;373;377;379;382;383;384;385;388;391;392;393;404;405;408;409;413;415;418;419;424;426;429;430;436;437;444;447;448;450;456;457;580;583;588;591;597;598;600;603;604;605;621;622,64,1
cbfeb6c8-ec1f-4884-bcbf-14d7764c4a36,Does the video show a person writing on multiple pages?,Yes.,"Yes, the video shows the person writing on multiple pages of the notebook.",13;15;16;17;102;103;114;115;120;121;272;273;285;286;289;291;296;299;368;370;372;373;377;379;382;383;384;385;388;391;392;393;404;405;408;409;413;415;418;419;424;426;429;430;436;437;444;447;448;450;456;457;580;583;588;591;597;598;600;603;604;605;621;622,64,1
cbfeb6c8-ec1f-4884-bcbf-14d7764c4a36,Is pen picked up before writing on the book as shown in the clip?,Yes,"Yes, the pen is picked up before writing on the book as shown in the clip.",13;15;16;17;102;103;114;115;120;121;272;273;285;286;289;291;296;299;368;370;372;373;377;379;382;383;384;385;388;391;392;393;404;405;408;409;413;415;418;419;424;426;429;430;436;437;444;447;448;450;456;457;580;583;588;591;597;598;600;603;604;605;621;622,64,1
cbfeb6c8-ec1f-4884-bcbf-14d7764c4a36,Does writing in the book happen after entering the apartment?,Yes,"Yes, writing in the book happens after entering the apartment.",13;15;16;17;102;103;114;115;120;121;272;273;285;286;289;291;296;299;368;370;372;373;377;379;382;383;384;385;388;391;392;393;404;405;408;409;413;415;418;419;424;426;429;430;436;437;444;447;448;450;456;457;580;583;588;591;597;598;600;603;604;605;621;622,64,1
cbfeb6c8-ec1f-4884-bcbf-14d7764c4a36,Is the person at the table before writing in the notebook?,Yes,Yes.,13;15;16;17;102;103;114;115;120;121;272;273;285;286;289;291;296;299;368;370;372;373;377;379;382;383;384;385;388;391;392;393;404;405;408;409;413;415;418;419;424;426;429;430;436;437;444;447;448;450;456;457;580;583;588;591;597;598;600;603;604;605;621;622,64,1
cbfeb6c8-ec1f-4884-bcbf-14d7764c4a36,Does the person use a pen after sitting at the table?,Yes,Yes.,13;15;16;17;102;103;114;115;120;121;272;273;285;286;289;291;296;299;368;370;372;373;377;379;382;383;384;385;388;391;392;393;404;405;408;409;413;415;418;419;424;426;429;430;436;437;444;447;448;450;456;457;580;583;588;591;597;598;600;603;604;605;621;622,64,1
cbfeb6c8-ec1f-4884-bcbf-14d7764c4a36,Is the person in the apartment before using the pen?,Yes,Yes.,13;15;16;17;102;103;114;115;120;121;272;273;285;286;289;291;296;299;368;370;372;373;377;379;382;383;384;385;388;391;392;393;404;405;408;409;413;415;418;419;424;426;429;430;436;437;444;447;448;450;456;457;580;583;588;591;597;598;600;603;604;605;621;622,64,1
cbfeb6c8-ec1f-4884-bcbf-14d7764c4a36,What happens just before writing in the notebook in the video?,Sitting at the table,"Just before writing in the notebook, the person is seen holding the notebook open to a page with a heading ""BROOKS"" and appears to be reading or reviewing the content.",13;15;102;103;114;115;120;121;272;273;285;286;289;291;296;299;368;370;372;373;377;379;382;383;384;385;388;391;392;393;404;405;408;409;413;415;418;419;424;426;429;430;436;437;444;447;448;450;456;457;536;537;580;583;588;591;597;598;600;603;604;605;621;622,64,1
cbfeb6c8-ec1f-4884-bcbf-14d7764c4a36,"In the video sequence, what do we see occurring before sitting at the table?",Being in a room,"Before sitting at the table, we see a person standing and holding a book, possibly preparing to sit down and start writing.",13;15;102;103;114;115;120;121;272;273;285;286;289;291;296;299;368;370;372;373;377;379;382;383;384;385;388;391;392;393;404;405;408;409;413;415;418;419;424;426;429;430;436;437;444;447;448;450;456;457;472;474;580;583;588;591;597;598;600;603;604;605;621;622,64,1
cbfeb6c8-ec1f-4884-bcbf-14d7764c4a36,What location is shown in the video clip?,An indoor location.,The video shows a person sitting at a wooden desk with a notebook and a textbook.,13;15;102;103;114;115;120;121;272;273;285;286;289;291;296;299;368;370;372;373;377;379;382;383;384;385;388;391;392;393;404;405;408;409;413;415;418;419;424;426;429;430;436;437;444;447;448;450;456;457;536;537;580;583;588;591;597;598;600;603;604;605;621;622,64,1
cbfeb6c8-ec1f-4884-bcbf-14d7764c4a36,What activity is depicted in this scene?,Writing in a book.,"The scene depicts a person engaged in writing or note-taking. They are using a blue pen to write on a lined notebook, which is open on a wooden desk. The person is wearing a green top and has a bracelet on their wrist. There is also a larger book or textbook open next to the notebook, suggesting that the person might be studying or working on a task that involves reading and writing. The setting appears to be indoors, possibly a home or office environment.",13;15;102;103;114;115;120;121;272;273;285;286;289;291;296;299;368;370;372;373;377;379;382;383;384;385;388;391;392;393;404;405;408;409;413;415;418;419;424;426;429;430;436;437;444;447;448;450;456;457;536;537;580;583;588;591;597;598;600;603;604;605;621;622,64,1
cbfeb6c8-ec1f-4884-bcbf-14d7764c4a36,Can you caption the person's activity in this clip?,Writing diligently in a notebook.,"The person in the video is engaged in a study session, focusing on writing and reading from a textbook. They are using a blue pen to write in a spiral notebook, which is placed on a wooden desk. The individual is wearing a green top and has a bracelet on their wrist. The setting appears to be indoors with natural light coming in, possibly from a window out of frame. The person's hands are visible, and they are holding the notebook open with one hand while writing with the other. The desk also has a textbook open, suggesting that the person is referencing it while taking notes or completing assignments.",13;15;102;103;114;115;120;121;272;273;285;286;289;291;296;299;368;370;372;373;377;379;382;383;384;385;388;391;392;393;404;405;408;409;413;415;418;419;424;426;429;430;436;437;444;447;448;450;456;457;536;537;580;583;588;591;597;598;600;603;604;605;621;622,64,1
cbfeb6c8-ec1f-4884-bcbf-14d7764c4a36,Is there a pen being used for writing in the video?,Yes.,Yes.,13;15;16;17;102;103;114;115;120;121;272;273;285;286;289;291;296;299;368;370;372;373;377;379;382;383;384;385;388;391;392;393;404;405;408;409;413;415;418;419;424;426;429;430;436;437;444;447;448;450;456;457;580;583;588;591;597;598;600;603;604;605;621;622,64,1
cbfeb6c8-ec1f-4884-bcbf-14d7764c4a36,Does the clip show a person wearing a watch?,Yes.,Yes.,13;15;102;103;114;115;120;121;124;125;272;273;285;286;289;291;296;299;368;370;372;373;377;379;382;383;384;385;388;391;392;393;404;405;408;409;413;415;418;419;424;426;429;430;436;437;444;447;448;450;456;457;580;583;588;591;597;598;600;603;604;605;621;622,64,1
cbfeb6c8-ec1f-4884-bcbf-14d7764c4a36,Does the video include any dialogue or conversation?,"No, it only depicts writing activity.","No, the video does not include any dialogue or conversation.",13;15;114;115;120;121;272;273;285;286;289;291;296;299;368;370;372;373;377;379;382;383;384;385;388;391;392;393;404;405;408;409;413;415;418;419;424;426;429;430;436;437;444;447;448;450;456;457;472;474;536;537;580;583;588;591;597;598;600;603;604;605;621;622,64,1
cbfeb6c8-ec1f-4884-bcbf-14d7764c4a36,"In the video, does opening the book happen before writing with a pen?",Yes,"Yes, opening the book happens before writing with a pen.",13;15;16;17;102;103;114;115;120;121;272;273;285;286;289;291;296;299;368;370;372;373;377;379;382;383;384;385;388;391;392;393;404;405;408;409;413;415;418;419;424;426;429;430;436;437;444;447;448;450;456;457;580;583;588;591;597;598;600;603;604;605;621;622,64,1
cbfeb6c8-ec1f-4884-bcbf-14d7764c4a36,Is the pen picked up after turning the page as shown in the clip?,No,"Yes, the pen is picked up after turning the page as shown in the clip.",13;15;102;103;114;115;120;121;272;273;285;286;289;291;296;299;368;370;372;373;377;379;382;383;384;385;388;391;392;393;404;405;408;409;413;415;418;419;424;426;429;430;436;437;444;447;448;450;456;457;536;537;580;583;588;591;597;598;600;603;604;605;621;622,64,1
cbfeb6c8-ec1f-4884-bcbf-14d7764c4a36,What occurs just before starting to write in the book?,Opening the book,"Just before starting to write in the book, the person flips through the pages, possibly to find a suitable section or to review previous notes.",13;15;102;103;114;115;120;121;272;273;285;286;289;291;296;299;368;370;372;373;377;379;382;383;384;385;388;391;392;393;404;405;408;409;413;415;418;419;424;426;429;430;436;437;444;447;448;450;456;457;536;537;580;583;588;591;597;598;600;603;604;605;621;622,64,1
cbfeb6c8-ec1f-4884-bcbf-14d7764c4a36,Is the writing in the book shown after being indoor in the clip?,Yes,"Yes, the writing in the book shown after being indoor in the clip is legible.",13;15;16;17;102;103;114;115;120;121;272;273;285;286;289;291;296;299;368;370;372;373;377;379;382;383;384;385;388;391;392;393;404;405;408;409;413;415;418;419;424;426;429;430;436;437;444;447;448;450;456;457;580;583;588;591;597;598;600;603;604;605;621;622,64,1
cbfeb6c8-ec1f-4884-bcbf-14d7764c4a36,Which room is the person located in while writing?,The person is in a room.,The person is located in a room with wooden flooring.,13;15;102;103;114;115;120;121;272;273;285;286;289;291;296;299;368;370;372;373;377;379;382;383;384;385;388;391;392;393;404;405;408;409;413;415;418;419;424;426;429;430;436;437;444;447;448;450;456;457;580;583;588;591;597;598;600;603;604;605;621;622;945;946,64,1
cbfeb6c8-ec1f-4884-bcbf-14d7764c4a36,Is the person using any tools for writing?,"Yes, the person is using a pen.","Yes, the person is using a blue pen for writing.",13;15;16;17;102;103;114;115;120;121;272;273;285;286;289;291;296;299;368;370;372;373;377;379;382;383;384;385;388;391;392;393;404;405;408;409;413;415;418;419;424;426;429;430;436;437;444;447;448;450;456;457;580;583;588;591;600;603;604;605;621;622;945;946,64,1
cbfeb6c8-ec1f-4884-bcbf-14d7764c4a36,Can you describe the setting of the action in the clip?,The action occurs in a room at a desk.,"The setting of the action in the clip is a wooden desk with a person wearing a green and yellow patterned top, sitting and writing in a spiral notebook.",13;15;102;103;114;115;120;121;272;273;285;286;289;291;296;299;368;370;372;373;377;379;382;383;384;385;388;391;392;393;404;405;408;409;413;415;418;419;424;426;429;430;436;437;444;447;448;450;456;457;580;583;588;591;597;598;600;603;604;605;621;622;945;946,64,1
cbfeb6c8-ec1f-4884-bcbf-14d7764c4a36,What is the writing tool visible in the frame?,A pen is visible in the frame.,The writing tool visible in the frame is a blue pen.,13;15;102;103;114;115;120;121;272;273;285;286;289;291;296;299;368;370;372;373;377;379;382;383;384;385;388;391;392;393;404;405;408;409;413;415;418;419;424;426;429;430;436;437;444;447;448;450;456;457;580;583;588;591;597;598;600;603;604;605;621;622;945;946,64,1
cbfeb6c8-ec1f-4884-bcbf-14d7764c4a36,Is the person sitting at a desk in the video?,Yes.,Yes.,13;15;102;103;120;121;272;273;285;286;289;291;296;299;368;370;372;373;377;379;382;383;384;385;388;391;392;393;404;405;408;409;413;415;418;419;424;426;429;430;436;437;444;447;448;450;456;457;580;583;588;591;597;598;600;603;604;605;621;622;945;946;953;954,64,1
cbfeb6c8-ec1f-4884-bcbf-14d7764c4a36,Does the person sit down after opening the book?,Yes,Yes.,13;15;114;115;120;121;272;273;285;286;289;291;296;299;368;370;372;373;377;379;382;383;384;385;388;391;392;393;404;405;408;409;413;415;418;419;424;426;429;430;436;437;444;447;448;450;456;457;536;537;580;583;588;591;597;598;600;603;604;605;621;622;945;946,64,1
cbfeb6c8-ec1f-4884-bcbf-14d7764c4a36,Is the book closed before the person starts writing?,No,No.,13;15;102;103;114;115;120;121;272;273;285;286;289;291;296;299;368;370;372;373;377;379;382;383;384;385;388;391;392;393;404;405;408;409;413;415;418;419;424;426;429;430;436;437;444;447;448;450;456;457;580;583;588;591;597;598;600;603;604;605;621;622;945;946,64,1
cbfeb6c8-ec1f-4884-bcbf-14d7764c4a36,What action is taken before the person caps the pen?,The person finishes writing.,The person writes in the notebook.,13;15;102;103;114;115;120;121;272;273;285;286;289;291;296;299;368;370;372;373;377;379;382;383;384;385;388;391;392;393;404;405;408;409;413;415;418;419;424;426;429;430;436;437;444;447;448;450;456;457;580;583;588;591;597;598;600;603;604;605;621;622;945;946,64,1
cbfeb6c8-ec1f-4884-bcbf-14d7764c4a36,Is the pen placed in the book before writing?,No,"Yes, the pen is placed in the book before writing.",13;15;102;103;114;115;120;121;272;273;285;286;289;291;296;299;368;370;372;373;377;379;382;383;384;385;388;391;392;393;404;405;408;409;413;415;418;419;424;426;429;430;436;437;444;447;448;450;456;457;580;583;588;591;597;598;600;603;604;605;621;622;945;946,64,1
cbfeb6c8-ec1f-4884-bcbf-14d7764c4a36,Does the book close before the pen is picked up?,No,No.,13;15;102;103;114;115;120;121;272;273;285;286;289;291;296;299;368;370;372;373;377;379;382;383;384;385;388;391;392;393;404;405;408;409;413;415;418;419;424;426;429;430;436;437;444;447;448;450;456;457;580;583;588;591;597;598;600;603;604;605;621;622;945;946,64,1
cbfeb6c8-ec1f-4884-bcbf-14d7764c4a36,Is the cap of the pen removed after starting to write?,No,Yes.,13;15;102;103;114;115;120;121;272;273;285;286;289;291;296;299;368;370;372;373;377;379;382;383;384;385;388;391;392;393;404;405;408;409;413;415;418;419;424;426;429;430;436;437;444;447;448;450;456;457;580;583;588;591;597;598;600;603;604;605;621;622;945;946,64,1
cbfeb6c8-ec1f-4884-bcbf-14d7764c4a36,Does the hand turn the page before picking up the pen?,No,"Yes, the hand turns the page before picking up the pen.",13;15;102;103;114;115;120;121;272;273;285;286;289;291;296;299;368;370;372;373;377;379;382;383;384;385;388;391;392;393;404;405;408;409;413;415;418;419;424;426;429;430;436;437;444;447;448;450;456;457;580;583;588;591;597;598;600;603;604;605;621;622;945;946,64,1
cbfeb6c8-ec1f-4884-bcbf-14d7764c4a36,Is the pen visible in the scene before writing begins?,Yes,"Yes, the pen is visible in the scene before writing begins.",13;15;102;103;114;115;120;121;272;273;285;286;289;291;296;299;368;370;372;373;377;379;382;383;384;385;388;391;392;393;404;405;408;409;413;415;418;419;424;426;429;430;436;437;444;447;448;450;456;457;580;583;588;591;597;598;600;603;604;605;621;622;945;946,64,1
cbfeb6c8-ec1f-4884-bcbf-14d7764c4a36,What do we see happening before the hand appears in the frame?,The book is open,"Before the hand appears in the frame, we see a person sitting at a wooden desk with a notebook and a textbook.",13;15;102;103;114;115;120;121;272;273;285;286;289;291;296;299;368;370;372;373;377;379;382;383;384;385;388;391;392;393;404;405;408;409;413;415;418;419;424;426;429;430;436;437;444;447;448;450;456;457;580;583;588;591;597;598;600;603;604;605;621;622;945;946,64,1
cbfeb6c8-ec1f-4884-bcbf-14d7764c4a36,What happens just before the pen touches the paper?,The hand moves towards the paper,"The pen is poised above the paper, ready to write.",13;15;102;103;114;115;120;121;272;273;285;286;289;291;296;299;368;370;372;373;377;379;382;383;384;385;388;391;392;393;404;405;408;409;413;415;418;419;424;426;429;430;436;437;444;447;448;450;456;457;580;583;588;591;597;598;600;603;604;605;621;622;945;946,64,1
cbfeb6c8-ec1f-4884-bcbf-14d7764c4a36,"In the video sequence, what action is performed before turning the page?",Writing on the current page,"Before turning the page, the person writes in the notebook with a blue pen.",13;15;102;103;114;115;120;121;272;273;285;286;289;291;296;299;368;370;372;373;377;379;382;383;384;385;388;391;392;393;404;405;408;409;413;415;418;419;424;426;429;430;436;437;444;447;448;450;456;457;580;583;588;591;597;598;600;603;604;605;621;622;945;946,64,1
cbfeb6c8-ec1f-4884-bcbf-14d7764c4a36,"In the video, what is done just before the hand finished writing?",Moving the pen across the paper,"Just before the hand finished writing, the person was seen holding a pen and writing in a spiral notebook.",13;15;102;103;114;115;120;121;272;273;285;286;289;291;296;299;368;370;372;373;377;379;382;383;384;385;388;391;392;393;404;405;408;409;413;415;418;419;424;426;429;430;436;437;444;447;448;450;456;457;580;583;588;591;597;598;600;603;604;605;621;622;945;946,64,1
cbfeb6c8-ec1f-4884-bcbf-14d7764c4a36,What does the brief of the depicted scenario show?,The scenario shows a person writing in a book in an apartment.,"The brief of the depicted scenario shows a person engaged in studying or working, with a focus on note-taking and organization.",13;15;102;103;272;273;285;286;289;291;296;299;368;370;372;373;377;379;382;383;384;385;388;391;392;393;404;405;408;409;413;415;418;419;424;426;429;430;436;437;444;447;448;450;456;457;588;591;600;603;604;605;621;622;945;946;962;963;968;970;1056;1057;1072;1073,64,1
cbfeb6c8-ec1f-4884-bcbf-14d7764c4a36,What is the setting of this video clip?,"The setting is indoors, in a well-lit apartment.","The setting of the video clip is a study or work environment with a wooden desk, a person wearing a green and yellow patterned top, and a notebook with the word ""BROOKS"" on the cover.",13;15;272;273;285;286;289;291;296;299;368;370;372;373;377;379;382;383;384;385;388;391;392;393;404;405;408;409;413;415;418;419;424;426;429;430;436;437;444;447;448;450;456;457;580;583;588;591;600;603;604;605;621;622;945;946;962;963;968;970;1056;1057;1072;1073,64,1
cbfeb6c8-ec1f-4884-bcbf-14d7764c4a36,Does the video capture the person stopping their writing at any point?,No.,"No, the video captures the person writing in the notebook without stopping.",13;15;102;103;114;115;272;273;285;286;289;291;296;299;368;370;372;373;377;379;382;383;384;385;388;391;392;393;404;405;408;409;413;415;418;419;424;426;429;430;436;437;444;447;448;450;456;457;588;591;600;603;604;605;621;622;945;946;962;963;968;970;1056;1057,64,1
cbfeb6c8-ec1f-4884-bcbf-14d7764c4a36,Is the individual in the video using their left hand to write?,"No, they are using their right hand.","No, the individual is using their right hand to write.",13;15;102;103;272;273;285;286;289;291;296;299;368;370;372;373;377;379;382;383;384;385;388;391;392;393;404;405;408;409;413;415;418;419;424;426;429;430;436;437;444;447;448;450;456;457;588;591;600;603;604;605;621;622;945;946;962;963;968;970;1056;1057;1072;1073,64,1
cbfeb6c8-ec1f-4884-bcbf-14d7764c4a36,Is there another person present in the scene assisting the writer?,"No, the person is writing alone.","No, there is no indication of another person assisting the writer in the scene.",13;15;102;103;120;121;272;273;285;286;289;291;296;299;368;370;372;373;377;379;382;383;384;385;388;391;392;393;404;405;408;409;413;415;418;419;424;426;429;430;436;437;444;447;448;450;456;457;588;591;600;603;604;605;621;622;945;946;962;963;968;970;1056;1057,64,1
cbfeb6c8-ec1f-4884-bcbf-14d7764c4a36,"In the video, do I write in the book before holding the pen?",No,"No, you hold the pen before writing in the book.",13;15;272;273;285;286;289;291;296;299;368;370;372;373;377;379;382;383;384;385;388;391;392;393;404;405;408;409;413;415;418;419;424;426;429;430;436;437;444;447;448;450;456;457;580;583;588;591;600;603;604;605;621;622;945;946;962;963;968;970;1056;1057;1072;1073,64,1
cbfeb6c8-ec1f-4884-bcbf-14d7764c4a36,Is the pen in my right hand before I start writing in the book?,Yes,"Yes, the pen is in your right hand before you start writing in the book.",13;15;272;273;285;286;289;291;296;299;368;370;372;373;377;379;382;383;384;385;388;391;392;393;404;405;408;409;413;415;418;419;424;426;429;430;436;437;444;447;448;450;456;457;588;591;597;598;600;603;604;605;621;622;945;946;962;963;968;970;1056;1057;1072;1073,64,1
cbfeb6c8-ec1f-4884-bcbf-14d7764c4a36,"In the sequence, do I open the book before writing on it?",Yes,"Yes, in the sequence, you open the book before writing on it.",13;15;120;121;272;273;285;286;289;291;296;299;368;370;372;373;377;379;382;383;384;385;388;391;392;393;404;405;408;409;413;415;418;419;424;426;429;430;436;437;444;447;448;450;456;457;588;591;600;603;604;605;621;622;945;946;962;963;968;970;1056;1057;1072;1073,64,1
cbfeb6c8-ec1f-4884-bcbf-14d7764c4a36,"In the clip, do I wear a green shirt before writing in the book?",Yes,"Yes, in the clip, you are seen wearing a green shirt before writing in the book.",13;15;120;121;272;273;285;286;289;291;296;299;368;370;372;373;377;379;382;383;384;385;388;391;392;393;404;405;408;409;413;415;418;419;424;426;429;430;436;437;444;447;448;450;456;457;588;591;600;603;604;605;621;622;945;946;962;963;968;970;1056;1057;1072;1073,64,1
cbfeb6c8-ec1f-4884-bcbf-14d7764c4a36,What occurs just before holding the pen in my right hand?,I am wearing a green shirt,"Just before holding the pen in my right hand, I am seen resting my hand on the desk.",13;15;102;103;114;115;272;273;285;286;289;291;296;299;368;370;372;373;377;379;382;383;384;385;388;391;392;393;404;405;408;409;413;415;418;419;424;426;429;430;436;437;444;447;448;450;456;457;588;591;600;603;604;605;621;622;945;946;962;963;968;970;1056;1057,64,1
cbfeb6c8-ec1f-4884-bcbf-14d7764c4a36,Is the book opened before the pen is held in the right hand?,Yes,Yes.,13;15;102;103;272;273;285;286;289;291;296;299;368;370;372;373;377;379;382;383;384;385;388;391;392;393;404;405;408;409;413;415;418;419;424;426;429;430;436;437;444;447;448;450;456;457;588;591;600;603;604;605;621;622;945;946;962;963;968;970;1056;1057;1072;1073,64,1
cbfeb6c8-ec1f-4884-bcbf-14d7764c4a36,Is the hand placed on the book after the pen is picked up?,Yes,Yes.,13;15;272;273;285;286;289;291;296;299;368;370;372;373;377;379;382;383;384;385;388;391;392;393;404;405;408;409;413;415;418;419;424;426;429;430;444;447;448;450;456;457;588;591;600;603;604;605;621;622;945;946;962;963;968;970;974;975;1056;1057;1072;1073;1088;1089,64,1
cbfeb6c8-ec1f-4884-bcbf-14d7764c4a36,What happens just before the pen starts writing?,The pen is held in the right hand,"The pen is poised above the notebook, ready to start writing.",13;15;102;103;114;115;272;273;285;286;289;291;296;299;368;370;372;373;377;379;382;383;384;385;388;391;392;393;404;405;408;409;413;415;418;419;424;426;429;430;436;437;444;447;448;450;456;457;588;591;600;603;604;605;621;622;945;946;962;963;968;970;1056;1057,64,1
cbfeb6c8-ec1f-4884-bcbf-14d7764c4a36,What is visible before the wrist with a bracelet appears?,The hand holding the pen,A hand with painted nails is visible before the wrist with a bracelet appears.,13;15;272;273;285;286;289;291;296;299;368;370;372;373;377;379;382;383;384;385;388;391;392;393;404;405;408;409;413;415;418;419;424;426;429;430;444;447;448;450;456;457;588;591;600;603;604;605;621;622;945;946;962;963;968;970;974;975;1056;1057;1072;1073;1088;1089,64,1
cbfeb6c8-ec1f-4884-bcbf-14d7764c4a36,What do we see happening before the hand touches the book?,The book and pen are visible,"Before the hand touches the book, we see the person's hands resting on the desk, with one hand slightly raised as if they are about to start writing or reading.",13;15;120;121;272;273;285;286;289;291;296;299;368;370;372;373;377;379;382;383;384;385;388;391;392;393;404;405;408;409;413;415;418;419;424;426;429;430;436;437;444;447;448;450;456;457;588;591;600;603;604;605;621;622;945;946;962;963;968;970;1056;1057;1072;1073,64,1
cbfeb6c8-ec1f-4884-bcbf-14d7764c4a36,What takes place before the pen is seen in the video?,The apartment and the book are seen,"Before the pen is seen, the person is seen holding a book and writing on a piece of paper.",13;15;102;103;272;273;285;286;289;291;296;299;368;370;372;373;377;379;382;383;384;385;388;391;392;393;404;405;413;415;418;419;424;426;429;430;444;447;448;450;456;457;588;591;600;603;604;605;621;622;945;946;962;963;968;970;974;975;1056;1057;1072;1073;1088;1089,64,1
cbfeb6c8-ec1f-4884-bcbf-14d7764c4a36,What is the setting of the video?,In an apartment.,"The setting of the video is a study or work environment with a wooden desk, a person wearing a green and yellow patterned top, and a notebook with a yellow cover.",13;15;272;273;285;286;289;291;296;299;372;373;377;379;382;383;384;385;388;391;392;393;404;405;413;415;418;419;424;426;429;430;444;447;448;450;456;457;588;591;600;603;604;605;621;622;945;946;962;963;968;970;1056;1057;1072;1073;1109;1111;1124;1125;1129;1131;1132;1133,64,1
cbfeb6c8-ec1f-4884-bcbf-14d7764c4a36,What activity does the video show?,Writing in a book.,The video shows a person writing in a notebook.,13;15;114;115;272;273;285;286;289;291;296;299;368;370;372;373;377;379;382;383;384;385;388;391;392;393;404;405;413;415;418;419;424;426;429;430;436;437;444;447;448;450;456;457;588;591;600;603;604;605;621;622;945;946;962;963;968;970;1056;1057;1124;1125;1129;1131,64,1
cbfeb6c8-ec1f-4884-bcbf-14d7764c4a36,Which hand is used for writing in the video?,The right hand.,The right hand is used for writing in the video.,13;15;272;273;285;286;289;291;296;299;372;373;377;379;382;383;384;385;388;391;392;393;404;405;413;415;418;419;424;426;429;430;444;447;448;450;456;457;588;591;600;603;604;605;621;622;945;946;962;963;968;970;1056;1057;1072;1073;1109;1111;1124;1125;1129;1131;1132;1133,64,1
cbfeb6c8-ec1f-4884-bcbf-14d7764c4a36,What type of pen is being used?,A ballpoint pen.,A blue pen is being used.,13;15;272;273;285;286;289;291;296;299;368;370;372;373;377;379;382;383;384;385;388;391;392;393;404;405;413;415;418;419;424;426;429;430;444;447;448;450;456;457;588;591;600;603;621;622;945;946;962;963;968;970;1056;1057;1072;1073;1109;1111;1124;1125;1129;1131;1132;1133,64,1
cbfeb6c8-ec1f-4884-bcbf-14d7764c4a36,What object is being used in the action?,A pen.,A pen is being used in the action.,13;15;272;273;285;286;289;291;296;299;368;370;372;373;377;379;382;383;384;385;388;391;392;393;404;405;413;415;418;419;424;426;444;447;448;450;456;457;588;591;600;603;604;605;621;622;945;946;962;963;968;970;1056;1057;1072;1073;1109;1111;1124;1125;1129;1131;1132;1133,64,1
cbfeb6c8-ec1f-4884-bcbf-14d7764c4a36,Is the writing action fluent or hesitant?,Fluent.,The writing action is fluent.,13;15;285;286;289;291;296;299;368;370;372;373;377;379;382;383;384;385;388;391;392;393;404;405;408;409;413;415;418;419;424;426;429;430;436;437;444;447;448;450;456;457;588;591;600;603;604;605;621;622;945;946;962;963;968;970;1056;1057;1072;1073;1124;1125;1129;1131,64,1
cbfeb6c8-ec1f-4884-bcbf-14d7764c4a36,Which direction is the pen moving?,Left to right.,The pen is moving from top to bottom.,13;15;272;273;285;286;289;291;296;299;368;370;372;373;377;379;382;383;384;385;388;391;392;393;404;405;408;409;413;415;418;419;424;426;429;430;444;447;448;450;456;457;588;591;600;603;604;605;621;622;945;946;962;963;968;970;1056;1057;1109;1111;1124;1125;1129;1131,64,1
cbfeb6c8-ec1f-4884-bcbf-14d7764c4a36,Is the person sitting on a cushion?,Yes.,Yes.,13;15;285;286;289;291;296;299;368;370;372;373;377;379;382;383;384;385;388;391;392;393;404;405;413;415;418;419;424;426;429;430;444;447;448;450;456;457;588;591;600;603;604;605;621;622;945;946;962;963;968;970;1056;1057;1072;1073;1109;1111;1124;1125;1129;1131;1132;1133,64,1
cbfeb6c8-ec1f-4884-bcbf-14d7764c4a36,Does the video show page-turning?,No.,"Yes, the video shows page-turning as the person switches between the two notebooks.",13;15;272;273;285;286;289;291;296;299;368;370;372;373;377;379;382;383;384;385;388;391;392;393;404;405;408;409;413;415;418;419;424;426;429;430;436;437;444;447;448;450;456;457;588;591;600;603;604;605;621;622;945;946;962;963;968;970;1056;1057;1124;1125;1129;1131,64,1
cbfeb6c8-ec1f-4884-bcbf-14d7764c4a36,Is the person wearing any wrist accessories?,Yes.,"Yes, the person is wearing a bracelet on their left wrist.",13;15;272;273;285;286;289;291;296;299;368;370;372;373;377;379;382;383;384;385;388;391;392;393;404;405;408;409;413;415;418;419;424;426;429;430;436;437;444;447;448;450;456;457;588;591;600;603;604;605;621;622;945;946;962;963;968;970;1056;1057;1124;1125;1129;1131,64,1
cbfeb6c8-ec1f-4884-bcbf-14d7764c4a36,Did the writing happen in a different location than the apartment?,No,"No, the writing happened in the same apartment.",13;15;272;273;285;286;289;291;296;299;368;370;372;373;377;379;382;383;384;385;388;391;392;393;404;405;413;415;418;419;424;426;429;430;444;447;448;450;456;457;588;591;600;603;621;622;945;946;962;963;968;970;1056;1057;1072;1073;1109;1111;1124;1125;1129;1131;1132;1133,64,1
cbfeb6c8-ec1f-4884-bcbf-14d7764c4a36,Did the use of right hand occur before writing in the book?,No,"Yes, the right hand was used to turn the pages of the book before writing in it.",13;15;272;273;285;286;289;291;296;299;368;370;372;373;377;379;382;383;384;385;388;391;392;393;404;405;413;415;418;419;424;426;429;430;436;437;444;447;448;450;456;457;588;591;600;603;604;605;621;622;945;946;962;963;968;970;1056;1057;1109;1111;1124;1125;1129;1131,64,1
cbfeb6c8-ec1f-4884-bcbf-14d7764c4a36,Was there a pen used after the book was opened?,Yes,Yes.,13;15;272;273;285;286;289;291;296;299;368;370;372;373;377;379;382;383;384;385;388;391;392;393;404;405;413;415;418;419;424;426;444;447;448;450;456;457;588;591;600;603;604;605;621;622;945;946;962;963;968;970;1056;1057;1072;1073;1109;1111;1124;1125;1129;1131;1132;1133,64,1
cbfeb6c8-ec1f-4884-bcbf-14d7764c4a36,Did any writing in the book occur without the use of a pen?,No,"No, the video only shows the person writing in the book with a pen.",13;15;272;273;285;286;289;291;296;299;368;370;372;373;377;379;382;383;384;385;388;391;392;393;404;405;413;415;418;419;424;426;429;430;444;447;448;450;456;457;588;591;600;603;604;605;621;622;945;946;962;963;968;970;1056;1057;1072;1073;1109;1111;1124;1125;1129;1131,64,1
cbfeb6c8-ec1f-4884-bcbf-14d7764c4a36,Was the book closed before writing commenced?,Yes,"Yes, the book was closed before writing commenced.",13;15;272;273;285;286;289;291;296;299;368;370;372;373;377;379;382;383;384;385;388;391;392;393;404;405;413;415;418;419;424;426;429;430;436;437;444;447;448;450;456;457;588;591;600;603;604;605;621;622;945;946;962;963;968;970;1056;1057;1109;1111;1124;1125;1129;1131,64,1
cbfeb6c8-ec1f-4884-bcbf-14d7764c4a36,What happened before the writing started?,The book was opened,"Before the writing started, the person was sitting at a wooden desk with a notebook and a textbook. The notebook was open to a page with a heading that reads ""BROCK"" and the person was holding a blue pen, seemingly preparing to write. The person's hands were resting on the desk, and they were wearing a green long-sleeved shirt with a patterned design. The person's nails were painted with a light color, and they were wearing a bracelet on their left wrist. The desk also had a wooden surface with a visible grain pattern, and the person was seated on a chair with a backrest. The person's posture and the positioning of the writing materials suggest they were about to begin writing or studying.",13;15;272;273;285;286;289;291;296;299;368;370;372;373;377;379;382;383;384;385;388;391;392;393;404;405;413;415;418;419;424;426;429;430;436;437;444;447;448;450;456;457;588;591;600;603;604;605;621;622;945;946;962;963;968;970;1056;1057;1109;1111;1124;1125;1129;1131,64,1
cbfeb6c8-ec1f-4884-bcbf-14d7764c4a36,Does the writing in the book occur before changing the page?,Yes,"Yes, the writing in the book occurs before changing the page.",13;15;272;273;285;286;289;291;296;299;368;370;372;373;377;379;382;383;384;385;388;391;392;393;404;405;413;415;418;419;424;426;429;430;444;447;448;450;456;457;588;591;600;603;604;605;621;622;945;946;962;963;968;970;1056;1057;1072;1073;1109;1111;1124;1125;1129;1131,64,1
cbfeb6c8-ec1f-4884-bcbf-14d7764c4a36,Does the page turn happen before writing with the pen?,No,"Yes, the page turn happens before writing with the pen.",13;15;272;273;285;286;289;291;296;299;368;370;372;373;377;379;382;383;384;385;388;391;392;393;404;405;413;415;418;419;424;426;429;430;436;437;444;447;448;450;456;457;588;591;600;603;604;605;621;622;945;946;962;963;968;970;1056;1057;1109;1111;1124;1125;1129;1131,64,1
cbfeb6c8-ec1f-4884-bcbf-14d7764c4a36,What occurs just before changing to a new page in the video?,I finish writing,"Just before changing to a new page, the person pauses their writing, looks at the page, and then proceeds to write on the new page.",13;15;272;273;285;286;289;291;296;299;372;373;377;379;382;383;384;385;388;391;392;393;404;405;413;415;418;419;424;426;429;430;444;447;448;450;456;457;588;591;600;603;604;605;621;622;945;946;962;963;968;970;1056;1057;1072;1073;1109;1111;1124;1125;1129;1131;1132;1133,64,1
cbfeb6c8-ec1f-4884-bcbf-14d7764c4a36,What do I do before sitting down to write in the video?,I enter the room,"Before sitting down to write in the video, the person is seen standing and holding a pen, looking at the notebook, and then sitting down at the desk.",13;15;272;273;285;286;289;291;296;299;372;373;377;379;382;383;384;385;388;391;392;393;404;405;413;415;418;419;424;426;429;430;444;447;448;450;456;457;588;591;600;603;604;605;621;622;945;946;962;963;968;970;1056;1057;1072;1073;1109;1111;1124;1125;1129;1131;1132;1133,64,1
cbfeb6c8-ec1f-4884-bcbf-14d7764c4a36,What is the setting of the scene in the video clip?,The setting is inside a room.,"The setting of the scene in the video clip is a study or work environment with a wooden desk, a person wearing a green and yellow patterned top, and a notebook with a yellow cover.",13;15;272;273;285;286;289;291;296;299;368;370;372;373;377;379;382;383;384;385;388;391;392;393;404;405;413;415;418;419;424;426;429;430;444;447;448;450;456;457;588;591;600;603;621;622;945;946;962;963;968;970;1056;1057;1109;1111;1124;1125;1129;1131;1233;1234;1260;1261,64,1
cbfeb6c8-ec1f-4884-bcbf-14d7764c4a36,What objects are present in the video clip?,A book and a pen are present.,"The video clip shows a person sitting at a wooden desk, wearing a green and yellow patterned top with a pinkish-red undershirt. On the desk, there are two notebooks: one is open to a page with handwritten notes, and the other is open to a page with printed text. The person is holding a blue pen and appears to be writing or taking notes. The background includes a wooden floor and a portion of another person's legs wearing dark pants and black shoes.",13;15;272;273;285;286;289;291;296;299;368;370;372;373;377;379;382;383;384;385;388;391;392;393;404;405;413;415;418;419;424;426;429;430;444;447;448;450;456;457;588;591;600;603;604;605;621;622;945;946;962;963;968;970;1056;1057;1124;1125;1129;1131;1233;1234;1260;1261,64,1
cbfeb6c8-ec1f-4884-bcbf-14d7764c4a36,Can you describe the action the person is performing?,The person is flipping through pages and writing.,"The person is writing in a notebook with a blue pen. The notebook has a spiral binding and is open to a page with a yellow header. The person is seated at a wooden desk and is wearing a green long-sleeved shirt with a patterned design. The person's left hand is resting on the desk, and their right hand is holding the pen and writing on the page. The background includes a wooden floor and a portion of another person's legs wearing black shoes.",13;15;272;273;285;286;289;291;296;299;368;370;372;373;377;379;382;383;384;385;388;391;392;393;404;405;413;415;418;419;424;426;444;447;448;450;456;457;588;591;600;603;621;622;945;946;962;963;968;970;1056;1057;1109;1111;1124;1125;1129;1131;1132;1133;1233;1234;1260;1261,64,1
cbfeb6c8-ec1f-4884-bcbf-14d7764c4a36,Does the video show the person closing the book?,No.,"No, the video does not show the person closing the book.",13;15;272;273;285;286;289;291;296;299;368;370;372;373;377;379;382;383;384;385;388;391;392;393;404;405;413;415;418;419;424;426;429;430;444;447;448;450;456;457;588;591;600;603;604;605;621;622;945;946;962;963;968;970;1056;1057;1124;1125;1129;1131;1233;1234;1260;1261,64,1
cbfeb6c8-ec1f-4884-bcbf-14d7764c4a36,Is the person using a pencil to write?,No.,"No, the person is using a blue pen to write.",13;15;285;286;289;291;296;299;368;370;372;373;377;379;382;383;384;385;388;391;392;393;404;405;408;409;413;415;418;419;424;426;429;430;444;447;448;450;456;457;588;591;600;603;945;946;962;963;968;970;1056;1057;1072;1073;1109;1111;1124;1125;1129;1131;1233;1234;1260;1261,64,1
cbfeb6c8-ec1f-4884-bcbf-14d7764c4a36,Does the video capture the person turning off the light?,No.,"No, the video does not capture the person turning off the light.",13;15;272;273;285;286;289;291;296;299;368;370;372;373;377;379;382;383;384;385;388;391;392;393;404;405;413;415;418;419;424;426;429;430;444;447;448;450;456;457;588;591;600;603;604;605;621;622;945;946;962;963;968;970;1056;1057;1124;1125;1129;1131;1233;1234;1260;1261,64,1
cbfeb6c8-ec1f-4884-bcbf-14d7764c4a36,Does the video show the person taking notes from another text?,No.,"Yes, the video shows the person taking notes from another text, as indicated by the open book on the desk.",13;15;272;273;285;286;289;291;296;299;368;370;372;373;377;379;382;383;384;385;388;391;392;393;404;405;413;415;418;419;424;426;429;430;444;447;448;450;456;457;588;591;600;603;604;605;621;622;945;946;962;963;968;970;1056;1057;1124;1125;1129;1131;1233;1234;1260;1261,64,1
cbfeb6c8-ec1f-4884-bcbf-14d7764c4a36,"In the video, is the book closed before writing begins?",Yes,"Yes, the book is closed before writing begins.",13;15;272;273;285;286;289;291;296;299;372;373;377;379;382;383;384;385;388;391;392;393;404;405;413;415;418;419;424;426;429;430;444;447;448;450;456;457;588;591;600;603;604;605;621;622;945;946;962;963;968;970;1056;1057;1109;1111;1124;1125;1129;1131;1233;1234;1260;1261,64,1
cbfeb6c8-ec1f-4884-bcbf-14d7764c4a36,Does turning the page happen after writing with the pen?,Yes,"Yes, turning the page happens after writing with the pen.",13;15;285;286;289;291;296;299;368;370;372;373;377;379;382;383;384;385;388;391;392;393;404;405;413;415;418;419;424;426;429;430;444;447;448;450;456;457;588;591;600;603;604;605;621;622;945;946;962;963;968;970;1056;1057;1109;1111;1124;1125;1129;1131;1233;1234;1260;1261,64,1
cbfeb6c8-ec1f-4884-bcbf-14d7764c4a36,"In the video, is the pen picked up before the book is opened?",No,"No, the pen is picked up after the book is opened.",13;15;272;273;285;286;289;291;296;299;372;373;377;379;382;383;384;385;388;391;392;393;404;405;413;415;418;419;424;426;429;430;444;447;448;450;456;457;588;591;600;603;604;605;621;622;945;946;962;963;968;970;1056;1057;1109;1111;1124;1125;1129;1131;1233;1234;1260;1261,64,1
cbfeb6c8-ec1f-4884-bcbf-14d7764c4a36,Does the writing occur before sitting down in the chair?,No,"No, the writing occurs while sitting down in the chair.",13;15;285;286;289;291;296;299;368;370;372;373;377;379;382;383;384;385;388;391;392;393;404;405;413;415;418;419;424;426;429;430;444;447;448;450;456;457;588;591;600;603;604;605;621;622;945;946;962;963;968;970;1056;1057;1109;1111;1124;1125;1129;1131;1233;1234;1260;1261,64,1
cbfeb6c8-ec1f-4884-bcbf-14d7764c4a36,"In the video sequence, what occurs before the person starts writing?",The book is opened,"Before the person starts writing, they are seen holding a pen and looking at the notebook, possibly reviewing the content or planning what to write.",13;15;272;273;285;286;289;291;296;299;368;370;372;373;377;379;382;383;384;385;388;391;392;393;404;405;413;415;418;419;424;426;429;430;444;447;448;450;456;457;588;591;600;603;604;605;621;622;945;946;962;963;968;970;1056;1057;1124;1125;1129;1131;1233;1234;1260;1261,64,1
cbfeb6c8-ec1f-4884-bcbf-14d7764c4a36,What action takes place before the book is closed?,The person stops writing,The person writes in the book before it is closed.,13;15;272;273;285;286;289;291;296;299;368;370;372;373;377;379;382;383;384;385;388;391;404;405;413;415;418;419;424;426;429;430;444;447;448;450;456;457;588;591;600;603;604;605;621;622;945;946;962;963;968;970;1056;1057;1109;1111;1124;1125;1129;1131;1233;1234;1260;1261,64,1
cbfeb6c8-ec1f-4884-bcbf-14d7764c4a36,"In the video, is the book closed after the writing is done?",Yes,"No, the book remains open throughout the video.",13;15;272;273;285;286;289;291;296;299;372;373;377;379;382;383;384;385;388;391;392;393;404;405;413;415;418;419;424;426;444;447;448;450;456;457;588;591;600;603;604;605;621;622;945;946;962;963;968;970;1056;1057;1109;1111;1124;1125;1129;1131;1132;1133;1233;1234;1260;1261,64,1
cbfeb6c8-ec1f-4884-bcbf-14d7764c4a36,"In the video, is there writing on the book's cover before the person writes inside?",Yes,"No, the book's cover is blank before the person starts writing inside.",13;15;272;273;285;286;289;291;296;299;372;373;377;379;382;383;384;385;388;391;392;393;404;405;413;415;418;419;424;426;429;430;444;447;448;450;456;457;588;591;600;603;604;605;621;622;945;946;962;963;968;970;1056;1057;1109;1111;1124;1125;1129;1131;1233;1234;1260;1261,64,1
cbfeb6c8-ec1f-4884-bcbf-14d7764c4a36,What is done before the pen cap is removed?,The person prepares to write,"Before the pen cap is removed, the person is seen holding the pen in their right hand, poised to write.",13;15;272;273;285;286;289;291;296;299;368;370;372;373;377;379;382;383;384;385;388;391;392;393;404;405;413;415;418;419;424;426;444;447;448;450;456;457;588;591;600;603;604;605;621;622;945;946;962;963;968;970;1056;1057;1109;1111;1124;1125;1129;1131;1233;1234;1260;1261,64,1
cbfeb6c8-ec1f-4884-bcbf-14d7764c4a36,What activity is displayed in the provided image?,Writing in a book.,The image displays a person engaged in writing or note-taking.,13;15;272;273;285;286;289;291;296;299;372;373;377;379;382;383;384;385;388;391;404;405;413;415;418;419;424;426;444;447;448;450;456;457;588;591;600;603;621;622;945;946;962;963;968;970;1056;1057;1124;1125;1129;1131;1233;1234;1260;1261;1393;1395;1397;1398;1404;1406;1496;1497,64,1
cbfeb6c8-ec1f-4884-bcbf-14d7764c4a36,Describe the setting where the depicted activity takes place.,In a room.,"The setting is a well-lit room with a wooden desk, where a person is seated and engaged in writing in a notebook. The desk has a wooden surface, and there is a book or textbook open to a page with text and diagrams. The person is wearing a green patterned top and a pinkish garment underneath. The person's hands are visible, with one hand holding the notebook and the other hand writing with a blue pen. The person's nails are painted with a light color. The room has a wooden floor, and there is a chair visible in the background. The lighting in the room is natural, coming from a window or another source of natural light.",13;15;285;286;289;291;296;299;368;370;372;373;377;379;382;383;384;385;388;391;404;405;413;415;418;419;424;426;429;430;444;447;448;450;456;457;600;603;621;622;945;946;962;963;968;970;1056;1057;1124;1125;1129;1131;1233;1234;1260;1261;1393;1395;1397;1398;1404;1406;1496;1497,64,1
cbfeb6c8-ec1f-4884-bcbf-14d7764c4a36,What object is being used in conjunction with the book?,A pen.,A blue pen is being used in conjunction with the book.,13;15;285;286;296;299;372;373;377;379;382;383;384;385;388;391;392;393;404;405;413;415;418;419;424;426;444;447;448;450;456;457;588;591;600;603;621;622;945;946;962;963;968;970;1056;1057;1109;1111;1124;1125;1129;1131;1233;1234;1260;1261;1393;1395;1397;1398;1404;1406;1496;1497,64,1
cbfeb6c8-ec1f-4884-bcbf-14d7764c4a36,How is the person holding the pen in the frame?,With their right hand.,The person is holding the pen in their right hand.,13;15;285;286;289;291;296;299;372;373;377;379;382;383;384;385;388;391;392;393;404;405;413;415;418;419;424;426;444;447;448;450;456;457;600;603;621;622;945;946;962;963;968;970;1056;1057;1109;1111;1124;1125;1129;1131;1233;1234;1260;1261;1393;1395;1397;1398;1404;1406;1496;1497,64,1
cbfeb6c8-ec1f-4884-bcbf-14d7764c4a36,What part of the room is visible in the clip?,"Only the table area, specifics of the room are not visible.",The wooden floor and a portion of a chair are visible in the clip.,13;15;285;286;296;299;372;373;377;379;382;383;384;385;388;391;392;393;404;405;413;415;418;419;424;426;444;447;448;450;456;457;588;591;600;603;621;622;945;946;962;963;968;970;1056;1057;1109;1111;1124;1125;1129;1131;1233;1234;1260;1261;1393;1395;1397;1398;1404;1406;1496;1497,64,1
cbfeb6c8-ec1f-4884-bcbf-14d7764c4a36,Is the person writing with their left hand?,No.,No.,13;15;272;273;285;286;289;291;296;299;368;370;372;373;377;379;382;383;384;385;388;391;404;405;413;415;418;419;424;426;429;430;444;447;448;450;456;457;600;603;945;946;962;963;968;970;1056;1057;1124;1125;1129;1131;1233;1234;1260;1261;1393;1395;1397;1398;1404;1406;1496;1497,64,1
cbfeb6c8-ec1f-4884-bcbf-14d7764c4a36,Is the person writing on the last page of the book?,"No, there are more pages visible.",Yes.,13;15;285;286;289;291;296;299;372;373;377;379;382;383;384;385;388;391;392;393;404;405;413;415;418;419;424;426;444;447;448;450;456;457;600;603;621;622;945;946;962;963;968;970;1056;1057;1109;1111;1124;1125;1129;1131;1233;1234;1260;1261;1393;1395;1397;1398;1404;1406;1496;1497,64,1
cbfeb6c8-ec1f-4884-bcbf-14d7764c4a36,Can we assume the writer is in a public space?,"No, it appears to be a private space.","No, the setting suggests a private space, likely a home or study area.",13;15;285;286;296;299;372;373;377;379;382;383;384;385;388;391;392;393;404;405;413;415;418;419;424;426;444;447;448;450;456;457;600;603;945;946;962;963;968;970;1056;1057;1072;1073;1109;1111;1124;1125;1129;1131;1132;1133;1233;1234;1260;1261;1393;1395;1397;1398;1404;1406;1496;1497,64,1
cbfeb6c8-ec1f-4884-bcbf-14d7764c4a36,"In the video, does turning the page happen before writing begins?",No,"Yes, turning the page happens before writing begins.",13;15;272;273;285;286;289;291;296;299;372;373;377;379;382;383;384;385;388;391;404;405;413;415;418;419;424;426;429;430;444;447;448;450;456;457;588;591;600;603;945;946;962;963;968;970;1056;1057;1124;1125;1129;1131;1233;1234;1260;1261;1393;1395;1397;1398;1404;1406;1496;1497,64,1
cbfeb6c8-ec1f-4884-bcbf-14d7764c4a36,Is the book opened after the pen is held in the hand?,Yes,Yes.,13;15;285;286;289;291;296;299;372;373;377;379;382;383;384;385;388;391;392;393;404;405;413;415;418;419;424;426;444;447;448;450;456;457;600;603;621;622;945;946;962;963;968;970;1056;1057;1109;1111;1124;1125;1129;1131;1233;1234;1260;1261;1393;1395;1397;1398;1404;1406;1496;1497,64,1
cbfeb6c8-ec1f-4884-bcbf-14d7764c4a36,"In the video, does writing in the book happen before closing the book?",Yes,"Yes, writing in the book happens before closing the book.",13;15;285;286;289;291;296;299;372;373;377;379;382;383;384;385;388;391;392;393;404;405;413;415;418;419;424;426;444;447;448;450;456;457;588;591;600;603;621;622;945;946;962;963;968;970;1056;1057;1124;1125;1129;1131;1233;1234;1260;1261;1393;1395;1397;1398;1404;1406;1496;1497,64,1
cbfeb6c8-ec1f-4884-bcbf-14d7764c4a36,"In the video sequence, what do we see occurring just before turning the page?",Writing on the previous page,"Just before turning the page, the person is seen writing in the notebook with a blue pen.",13;15;272;273;285;286;289;291;296;299;372;373;377;379;382;383;384;385;388;391;392;393;404;405;413;415;418;419;424;426;429;430;444;447;448;450;456;457;600;603;945;946;962;963;968;970;1056;1057;1124;1125;1129;1131;1233;1234;1260;1261;1393;1395;1397;1398;1404;1406;1496;1497,64,1
cbfeb6c8-ec1f-4884-bcbf-14d7764c4a36,What action takes place immediately before the pen touches the paper?,Holding the pen above the book,"The person's hand is poised above the paper, ready to write.",13;15;272;273;285;286;289;291;296;299;368;370;372;373;377;379;382;383;384;385;388;391;404;405;413;415;418;419;424;426;429;430;444;447;448;450;456;457;600;603;945;946;962;963;968;970;1056;1057;1124;1125;1129;1131;1233;1234;1260;1261;1393;1395;1397;1398;1404;1406;1496;1497,64,1
cbfeb6c8-ec1f-4884-bcbf-14d7764c4a36,"In the video, what happens right before the book is opened?",Sitting down,"Right before the book is opened, the person is seen holding the book closed.",13;15;272;273;285;286;289;291;296;299;377;379;382;383;384;385;388;391;404;405;413;415;418;419;424;426;444;447;448;450;456;457;588;591;600;603;621;622;945;946;962;963;968;970;1056;1057;1109;1111;1124;1125;1129;1131;1233;1234;1260;1261;1393;1395;1397;1398;1404;1406;1496;1497,64,1
cbfeb6c8-ec1f-4884-bcbf-14d7764c4a36,Did I write in the book before turning the page?,Yes,"Yes, you wrote in the book before turning the page.",13;15;272;273;285;286;289;291;296;299;372;373;377;379;382;383;384;385;388;391;404;405;413;415;418;419;424;426;444;447;448;450;456;457;588;591;600;603;621;622;945;946;962;963;968;970;1056;1057;1124;1125;1129;1131;1233;1234;1260;1261;1393;1395;1397;1398;1404;1406;1496;1497,64,1
cbfeb6c8-ec1f-4884-bcbf-14d7764c4a36,Is the book already opened before I start writing?,Yes,"Yes, the book is already opened before you start writing.",13;15;272;273;285;286;289;291;296;299;372;373;377;379;382;383;384;385;388;391;404;405;413;415;418;419;424;426;429;430;444;447;448;450;456;457;600;603;621;622;945;946;962;963;968;970;1056;1057;1124;1125;1129;1131;1233;1234;1260;1261;1393;1395;1397;1398;1404;1406;1496;1497,64,1
cbfeb6c8-ec1f-4884-bcbf-14d7764c4a36,Did I place my left hand on the page before writing with the pen?,Yes,"Yes, you placed your left hand on the page before writing with the pen.",13;15;285;286;289;291;296;299;368;370;372;373;377;379;382;383;384;385;388;391;392;393;404;405;413;415;418;419;424;426;429;430;444;447;448;450;456;457;600;603;945;946;962;963;968;970;1056;1057;1124;1125;1129;1131;1233;1234;1260;1261;1393;1395;1397;1398;1404;1406;1496;1497,64,1
cbfeb6c8-ec1f-4884-bcbf-14d7764c4a36,What happens before I use the pen to write?,Opening the book,"Before using the pen to write, you first hold it in your hand, positioning it above the notebook. You then make contact with the paper, and as you press down, the ink flows onto the page, forming letters and words. The movement of the pen across the paper is deliberate and consistent, indicating that you are focused on the task of writing.",13;15;272;273;285;286;289;291;296;299;372;373;377;379;382;383;384;385;388;391;404;405;413;415;418;419;424;426;429;430;444;447;448;450;456;457;600;603;945;946;962;963;968;970;1056;1057;1109;1111;1124;1125;1129;1131;1233;1234;1260;1261;1393;1395;1397;1398;1404;1406;1496;1497,64,1
cbfeb6c8-ec1f-4884-bcbf-14d7764c4a36,"Before closing the book, what action is performed?",Turning the page,"Before closing the book, the person writes on the last page.",13;15;272;273;285;286;289;291;296;299;372;373;377;379;382;383;384;385;388;391;404;405;413;415;418;419;424;426;429;430;444;447;448;450;456;457;600;603;621;622;945;946;962;963;968;970;1056;1057;1124;1125;1129;1131;1233;1234;1260;1261;1393;1395;1397;1398;1404;1406;1496;1497,64,1
cbfeb6c8-ec1f-4884-bcbf-14d7764c4a36,What is the setting of this video clip?,"The setting is indoors, at a desk.","The setting of the video clip is a study or work environment with a wooden desk, a person wearing a green and yellow patterned top, and a notebook with a spiral binding.",13;15;285;286;296;299;372;373;377;379;382;383;384;385;388;391;404;405;413;415;418;419;424;426;444;447;448;450;456;457;600;603;945;946;962;963;968;970;1056;1057;1124;1125;1129;1131;1233;1234;1260;1261;1393;1395;1397;1398;1404;1406;1496;1497;1569;1570;1578;1579;1581;1583;1588;1590,64,1
cbfeb6c8-ec1f-4884-bcbf-14d7764c4a36,What objects are present in this scene?,"A book, a pen, and a desk.","In the scene, there is a person sitting at a wooden desk. The person is wearing a green long-sleeved top and a pinkish-red garment underneath. They are holding a blue pen and appear to be writing or taking notes in a spiral-bound notebook. The notebook is open to a page with printed text, which seems to be a structured format, possibly for notes or a study guide. The person's hands are visible, with one hand holding the pen and the other hand resting on the desk, possibly for support or to turn pages.On the desk, there is another open book or document with text, which is partially visible. The desk surface is wooden, and the lighting in the room suggests it might be daytime, as there is natural light coming from the side. The person's posture and the setting suggest a focused and studious environment.",13;15;285;286;289;291;296;299;372;373;377;379;382;383;384;385;388;391;404;405;413;415;418;419;424;426;444;447;448;450;600;603;945;946;962;963;968;970;1056;1057;1124;1125;1129;1131;1233;1234;1260;1261;1393;1395;1397;1398;1404;1406;1496;1497;1569;1570;1578;1579;1581;1583;1588;1590,64,1
cbfeb6c8-ec1f-4884-bcbf-14d7764c4a36,Is the person writing with their right hand?,Yes.,Yes.,13;15;285;286;296;299;372;373;377;379;382;383;384;385;388;391;404;405;413;415;418;419;424;426;444;447;448;450;456;457;600;603;945;946;962;963;968;970;1056;1057;1124;1125;1129;1131;1233;1234;1260;1261;1393;1395;1397;1398;1404;1406;1496;1497;1569;1570;1578;1579;1581;1583;1588;1590,64,1
cbfeb6c8-ec1f-4884-bcbf-14d7764c4a36,Is the notebook placed on the person's lap?,No.,"No, the notebook is placed on the desk.",13;15;296;299;372;373;377;379;382;383;384;385;388;391;392;393;404;405;413;415;418;419;424;426;444;447;448;450;600;603;945;946;962;963;968;970;1056;1057;1124;1125;1129;1131;1233;1234;1260;1261;1393;1395;1397;1398;1404;1406;1496;1497;1569;1570;1578;1579;1581;1583;1586;1587;1588;1590,64,1
cbfeb6c8-ec1f-4884-bcbf-14d7764c4a36,Does this video show any electronic devices being used?,No.,"No, the video does not show any electronic devices being used.",13;15;285;286;289;291;296;299;372;373;377;379;382;383;384;385;388;391;404;405;413;415;418;419;424;426;429;430;444;447;448;450;456;457;600;603;962;963;968;970;1056;1057;1124;1125;1233;1234;1260;1261;1393;1395;1397;1398;1404;1406;1496;1497;1569;1570;1578;1579;1581;1583;1588;1590,64,1
cbfeb6c8-ec1f-4884-bcbf-14d7764c4a36,Is the person seated while writing in the book?,Yes.,Yes.,13;15;285;286;289;291;296;299;377;379;382;383;384;385;388;391;392;393;404;405;413;415;418;419;424;426;444;447;448;450;600;603;945;946;962;963;968;970;1056;1057;1124;1125;1129;1131;1233;1234;1260;1261;1393;1395;1397;1398;1404;1406;1496;1497;1569;1570;1578;1579;1581;1583;1588;1590,64,1
cbfeb6c8-ec1f-4884-bcbf-14d7764c4a36,Do I sit down before beginning to write?,Yes,"Yes, you sit down before beginning to write.",13;15;285;286;289;291;296;299;377;379;382;383;384;385;388;391;404;405;413;415;418;419;424;426;444;447;448;450;456;457;600;603;945;946;962;963;968;970;1056;1057;1124;1125;1129;1131;1233;1234;1260;1261;1393;1395;1397;1398;1404;1406;1496;1497;1569;1570;1578;1579;1581;1583;1588;1590,64,1
cbfeb6c8-ec1f-4884-bcbf-14d7764c4a36,What happens before the book is opened?,I sit down at the desk.,"Before the book is opened, the person is seen holding the book closed.",13;15;285;286;289;291;296;299;377;379;382;383;384;385;388;391;404;405;413;415;418;419;424;426;444;447;448;450;600;603;621;622;945;946;962;963;968;970;1056;1057;1124;1125;1129;1131;1233;1234;1260;1261;1393;1395;1397;1398;1404;1406;1496;1497;1569;1570;1578;1579;1581;1583;1588;1590,64,1
cbfeb6c8-ec1f-4884-bcbf-14d7764c4a36,Did I close the book before starting to write?,No,"No, you did not close the book before starting to write. The video shows you opening the book and beginning to write on the pages.",13;15;285;286;289;291;296;299;377;379;382;383;384;385;388;391;404;405;413;415;418;419;424;426;444;447;448;450;456;457;600;603;945;946;962;963;968;970;1056;1057;1124;1125;1129;1131;1233;1234;1260;1261;1393;1395;1397;1398;1404;1406;1496;1497;1569;1570;1578;1579;1581;1583;1588;1590,64,1
cbfeb6c8-ec1f-4884-bcbf-14d7764c4a36,Was I seated while writing in the book?,Yes,"Yes, you were seated while writing in the book.",13;15;285;286;289;291;296;299;377;379;382;383;384;385;388;391;392;393;404;405;413;415;418;419;424;426;444;447;448;450;600;603;945;946;962;963;968;970;1056;1057;1124;1125;1129;1131;1233;1234;1260;1261;1393;1395;1397;1398;1404;1406;1496;1497;1569;1570;1578;1579;1581;1583;1588;1590,64,1
cbfeb6c8-ec1f-4884-bcbf-14d7764c4a36,Did I turn the page after finishing writing?,No,"Yes, you turned the page after finishing writing.",13;15;285;286;289;291;296;299;377;379;382;383;384;385;388;391;404;405;413;415;418;419;424;426;429;430;444;447;448;450;456;457;600;603;945;946;962;963;968;970;1056;1057;1124;1125;1233;1234;1260;1261;1393;1395;1397;1398;1404;1406;1496;1497;1569;1570;1578;1579;1581;1583;1588;1590,64,1
cbfeb6c8-ec1f-4884-bcbf-14d7764c4a36,Was the pen put down before closing the book?,No,"No, the pen was not put down before closing the book.",13;15;285;286;289;291;296;299;377;379;382;383;384;385;388;391;404;405;413;415;418;419;424;426;444;447;448;450;456;457;600;603;945;946;962;963;968;970;1056;1057;1124;1125;1129;1131;1233;1234;1260;1261;1393;1395;1397;1398;1404;1406;1496;1497;1569;1570;1578;1579;1581;1583;1588;1590,64,1
cbfeb6c8-ec1f-4884-bcbf-14d7764c4a36,Did I write on the left page before the right one?,No,"It appears that you wrote on the right page first, as indicated by the visible writing on the right page and the blank left page.",13;15;285;286;289;291;296;299;377;379;382;383;384;385;388;391;404;405;413;415;418;419;424;426;444;447;448;450;456;457;600;603;945;946;962;963;968;970;1056;1057;1124;1125;1129;1131;1233;1234;1260;1261;1393;1395;1397;1398;1404;1406;1496;1497;1569;1570;1578;1579;1581;1583;1588;1590,64,1
cbfeb6c8-ec1f-4884-bcbf-14d7764c4a36,What is the setting of the scene in this video clip?,"The setting is indoors, with a person writing in a notebook.","The setting of the scene is a study or work environment with a wooden desk, a person wearing a green and yellow patterned top, and a notebook with a yellow cover.",13;15;285;286;296;299;372;373;377;379;382;383;384;385;388;391;392;393;404;405;413;415;418;419;424;426;444;447;448;450;600;603;945;946;962;963;968;970;1056;1057;1124;1125;1129;1131;1233;1234;1260;1261;1393;1395;1397;1398;1404;1406;1496;1497;1569;1570;1578;1579;1581;1583;1588;1590,64,1
cbfeb6c8-ec1f-4884-bcbf-14d7764c4a36,What activity is being performed in the scene?,Writing on a notebook with a pen.,The activity being performed in the scene is writing in a notebook.,13;15;285;286;289;291;296;299;377;379;382;383;384;385;388;391;404;405;413;415;418;419;424;426;444;447;448;450;456;457;600;603;945;946;962;963;968;970;1056;1057;1124;1125;1129;1131;1233;1234;1260;1261;1393;1395;1397;1398;1404;1406;1496;1497;1569;1570;1578;1579;1581;1583;1588;1590,64,1
cbfeb6c8-ec1f-4884-bcbf-14d7764c4a36,What can we deduce about the person's task in the video?,The person is engaged in a writing activity.,"Based on the video, we can deduce that the person is engaged in a task that involves writing or taking notes, as indicated by the presence of the notebook and pen. The person's focused demeanor and the organized setting suggest that they are likely studying or working on a task that requires concentration and attention to detail.",13;15;285;286;296;299;372;373;377;379;382;383;384;385;388;391;404;405;413;415;418;419;424;426;444;447;448;450;600;603;945;946;962;963;968;970;1056;1057;1109;1111;1124;1125;1129;1131;1233;1234;1260;1261;1393;1395;1397;1398;1404;1406;1496;1497;1569;1570;1578;1579;1581;1583;1588;1590,64,1
cbfeb6c8-ec1f-4884-bcbf-14d7764c4a36,Describe the motion taking place in these frames?,The movement of the hand while writing.,"The video depicts a person sitting at a wooden desk, engaged in writing in a spiral-bound notebook. The person is wearing a green long-sleeved shirt with a patterned design and a pinkish-red garment underneath. They are holding a blue pen and appear to be writing or taking notes. The desk also has an open book with text on the left side, which seems to be a textbook or study material. The person's hands are visible, with one hand holding the pen and the other hand resting on the desk, possibly for support or to turn pages. The person's nails are painted with a light color, and they are wearing a bracelet on their left wrist. The background is consistent throughout the video, showing a wooden floor and a portion of another person's legs wearing dark pants. The lighting in the room is natural, suggesting it might be daytime. The person's posture and the repetitive motion of writing indicate a focused and studious activity.",13;15;285;286;296;299;372;373;377;379;382;383;384;385;388;391;404;405;413;415;418;419;424;426;444;447;448;450;456;457;600;603;945;946;962;963;968;970;1056;1057;1124;1125;1129;1131;1233;1234;1260;1261;1393;1395;1397;1398;1404;1406;1496;1497;1569;1570;1578;1579;1581;1583;1588;1590,64,1
cbfeb6c8-ec1f-4884-bcbf-14d7764c4a36,Does the person stop writing at any point in the video?,No.,"No, the person continues writing in the notebook throughout the video.",13;15;285;286;289;291;296;299;372;373;377;379;382;383;384;385;388;391;404;405;413;415;418;419;424;426;444;447;448;450;456;457;600;603;945;946;962;963;968;970;1056;1057;1124;1125;1129;1131;1233;1234;1260;1261;1393;1395;1397;1398;1404;1406;1496;1497;1578;1579;1581;1583;1588;1590,64,1
cbfeb6c8-ec1f-4884-bcbf-14d7764c4a36,Is there any use of electronic devices in these frames?,No.,"No, there is no use of electronic devices in these frames. The person is writing in a notebook with a pen.",13;15;285;286;296;299;372;373;377;379;382;383;384;385;388;391;404;405;413;415;418;419;424;426;444;447;448;450;456;457;600;603;945;946;962;963;968;970;1056;1057;1124;1125;1129;1131;1233;1234;1260;1261;1393;1395;1397;1398;1404;1406;1496;1497;1569;1570;1578;1579;1581;1583;1588;1590,64,1
cbfeb6c8-ec1f-4884-bcbf-14d7764c4a36,"In the video sequence, what do we see happening before writing with the pen?",Sitting at the desk,"Before writing with the pen, we see the person's hands resting on the desk, with one hand holding the pen and the other hand resting on the notebook.",13;15;285;286;296;299;372;373;377;379;382;383;384;385;388;391;404;405;413;415;418;419;424;426;444;447;448;450;456;457;600;603;945;946;962;963;968;970;1056;1057;1124;1125;1129;1131;1233;1234;1260;1261;1393;1395;1397;1398;1404;1406;1496;1497;1569;1570;1578;1579;1581;1583;1588;1590,64,1
cbfeb6c8-ec1f-4884-bcbf-14d7764c4a36,What occurs just before opening the notebook in the video?,Sitting at the desk,"Just before opening the notebook, the person is seen holding a pen and looking at the notebook, possibly deciding where to start writing.",13;15;285;286;289;291;296;299;372;373;377;379;382;383;384;385;388;391;404;405;413;415;418;419;424;426;444;447;448;450;600;603;945;946;962;963;968;970;1056;1057;1124;1125;1129;1131;1233;1234;1260;1261;1393;1395;1397;1398;1404;1406;1496;1497;1569;1570;1578;1579;1581;1583;1588;1590,64,1
cbfeb6c8-ec1f-4884-bcbf-14d7764c4a36,"In the video, does using the pen happen after sitting at the desk?",Yes,"Yes, using the pen happens after sitting at the desk.",13;15;285;286;289;291;296;299;377;379;382;383;384;385;388;391;392;393;404;405;413;415;418;419;424;426;444;447;448;450;600;603;945;946;962;963;968;970;1056;1057;1109;1111;1124;1125;1129;1131;1233;1234;1260;1261;1393;1395;1397;1398;1404;1406;1496;1497;1578;1579;1581;1583;1588;1590,64,1
cbfeb6c8-ec1f-4884-bcbf-14d7764c4a36,What action precedes putting down the pen on the desk?,Writing in the book,The action that precedes putting down the pen on the desk is writing in the notebook.,13;15;285;286;296;299;372;373;377;379;382;383;384;385;388;391;392;393;404;405;413;415;418;419;424;426;444;447;448;450;600;603;945;946;962;963;968;970;1056;1057;1124;1125;1129;1131;1233;1234;1260;1261;1393;1395;1397;1398;1404;1406;1496;1497;1569;1570;1578;1579;1581;1583;1588;1590,64,1
cbfeb6c8-ec1f-4884-bcbf-14d7764c4a36,What is done just before the writing starts in the video?,Picking up the pen,"The person is seen holding a pen and looking at the notebook, possibly planning what to write.",13;15;285;286;289;291;296;299;377;379;382;383;384;385;388;391;404;405;413;415;418;419;424;426;444;447;448;450;456;457;600;603;945;946;962;963;968;970;1056;1057;1109;1111;1124;1125;1129;1131;1233;1234;1260;1261;1393;1395;1397;1398;1404;1406;1496;1497;1578;1579;1581;1583;1588;1590,64,1
cbfeb6c8-ec1f-4884-bcbf-14d7764c4a36,Which action is depicted in this frame?,Writing in a book with a pen.,"The image shows a person sitting at a desk, writing in a notebook with a pen. The person appears to be focused on their writing, and there is a book or textbook open on the desk, suggesting they might be studying or working on an assignment. The environment looks like a typical study or work setting.",13;15;285;286;296;299;372;373;377;379;382;383;384;385;388;391;404;405;413;415;418;419;424;426;444;447;448;450;600;603;945;946;962;963;968;970;1056;1057;1109;1111;1124;1125;1129;1131;1233;1234;1260;1261;1393;1395;1397;1398;1404;1406;1496;1497;1569;1570;1578;1579;1581;1583;1588;1590,64,1
cbfeb6c8-ec1f-4884-bcbf-14d7764c4a36,Describe the surroundings visible in this frame.,"Indoors, likely a desk or table.","The image depicts a person sitting at a wooden desk, engaged in writing or studying. The individual is wearing a greenish-yellow patterned top with a pinkish-red garment underneath. The desk is made of wood and has a natural finish, giving it a warm and rustic appearance. On the desk, there are several items:1. **Notebook**: The person is holding a spiral-bound notebook with a yellow cover. The cover has text on it, but the specific words are not clearly visible. The notebook is open, and the person is writing in it with a blue pen. The pages inside the notebook are lined, suggesting it is used for writing or note-taking.2. **Textbook or Study Material**: There is a large, open book or textbook on the desk. The book has a white cover with black text, and it appears to be a study or reference material. The text on the cover is not fully legible, but it seems to be related to a subject that requires detailed reading or study.3. **Pen**: The person is using a blue pen to write in the notebook. The pen is held in the right hand, and the person appears to be in the process of writing or reviewing something.4. **Chair**: The person is seated",13;15;285;286;296;299;372;373;377;379;382;383;384;385;388;391;404;405;413;415;418;419;424;426;444;447;448;450;588;591;600;603;945;946;962;963;968;970;1056;1057;1124;1125;1129;1131;1233;1234;1260;1261;1393;1395;1397;1398;1404;1406;1496;1497;1569;1570;1578;1579;1581;1583;1588;1590,64,1
cbfeb6c8-ec1f-4884-bcbf-14d7764c4a36,Can you specify the object being used by the person?,A pen.,The person is using a blue pen to write in a spiral-bound notebook.,13;15;285;286;296;299;372;373;377;379;382;383;384;385;388;391;404;405;413;415;418;419;424;426;444;447;448;450;600;603;945;946;962;963;968;970;1056;1057;1109;1111;1124;1125;1129;1131;1233;1234;1260;1261;1393;1395;1397;1398;1404;1406;1496;1497;1569;1570;1578;1579;1581;1583;1588;1590,64,1
cbfeb6c8-ec1f-4884-bcbf-14d7764c4a36,Did the interaction occur in an outdoor location?,No.,No.,13;15;285;286;296;299;372;373;377;379;382;383;384;385;388;391;392;393;404;405;413;415;418;419;424;426;444;447;448;450;600;603;945;946;962;963;968;970;1056;1057;1124;1125;1129;1131;1233;1234;1260;1261;1393;1395;1397;1398;1404;1406;1496;1497;1569;1570;1578;1579;1581;1583;1588;1590,64,1
cbfeb6c8-ec1f-4884-bcbf-14d7764c4a36,Is the person predominantly engaged in a physical activity?,No.,No.,13;15;285;286;296;299;372;373;377;379;382;383;384;385;388;391;404;405;413;415;418;419;424;426;444;447;448;450;456;457;600;603;945;946;962;963;968;970;1056;1057;1124;1125;1129;1131;1233;1234;1260;1261;1393;1395;1397;1398;1404;1406;1496;1497;1569;1570;1578;1579;1581;1583;1588;1590,64,1
cbfeb6c8-ec1f-4884-bcbf-14d7764c4a36,"In the video, does writing in the notebook occur before conversing with a woman?",Yes.,"Yes, writing in the notebook occurs before conversing with a woman.",13;15;285;286;296;299;372;373;377;379;382;383;384;385;388;391;392;393;404;405;413;415;418;419;424;426;444;447;448;450;600;603;945;946;962;963;968;970;1056;1057;1124;1125;1129;1131;1233;1234;1260;1261;1393;1395;1397;1398;1404;1406;1496;1497;1569;1570;1578;1579;1581;1583;1588;1590,64,1
cbfeb6c8-ec1f-4884-bcbf-14d7764c4a36,"In the video, does the conversation with a woman happen before being in an apartment?",No.,"No, the conversation with a woman happens after being in an apartment.",13;15;285;286;296;299;372;373;377;379;382;383;384;385;388;391;392;393;404;405;413;415;418;419;424;426;444;447;448;450;600;603;945;946;962;963;968;970;1056;1057;1109;1111;1124;1125;1129;1131;1233;1234;1260;1261;1393;1395;1397;1398;1404;1406;1496;1497;1578;1579;1581;1583;1588;1590,64,1
cbfeb6c8-ec1f-4884-bcbf-14d7764c4a36,Is the pen used before entering the apartment as shown in the clip?,No.,"No, the pen used in the clip is not the same as the one used before entering the apartment.",13;15;285;286;296;299;372;373;377;379;382;383;384;385;388;391;404;405;413;415;418;419;424;426;444;447;448;450;456;457;600;603;945;946;962;963;968;970;1056;1057;1124;1125;1129;1131;1233;1234;1260;1261;1393;1395;1397;1398;1404;1406;1496;1497;1569;1570;1578;1579;1581;1583;1588;1590,64,1
cbfeb6c8-ec1f-4884-bcbf-14d7764c4a36,"In the video sequence, what do we see happening before conversing with woman X?",Being in an apartment.,"Before conversing with woman X, we see a person with a blue pen writing in a spiral notebook, which is placed on a wooden desk.",13;15;285;286;296;299;372;373;377;379;382;383;384;385;388;391;392;393;404;405;413;415;418;419;424;426;444;447;448;450;600;603;945;946;962;963;968;970;1056;1057;1124;1125;1129;1131;1233;1234;1260;1261;1393;1395;1397;1398;1404;1406;1496;1497;1569;1570;1578;1579;1581;1583;1588;1590,64,1
cbfeb6c8-ec1f-4884-bcbf-14d7764c4a36,What happens right before using a pen on the book?,Being indoors.,"The person's hand is seen holding the pen, poised to write.",13;15;285;286;289;291;296;299;377;379;382;383;384;385;388;391;404;405;413;415;418;419;424;426;444;447;448;450;456;457;600;603;945;946;962;963;968;970;1056;1057;1109;1111;1124;1125;1129;1131;1233;1234;1260;1261;1393;1395;1397;1398;1404;1406;1496;1497;1578;1579;1581;1583;1588;1590,64,1
cbfeb6c8-ec1f-4884-bcbf-14d7764c4a36,"In the video, what occurs directly before the pen is picked up?",Being indoors.,"Directly before the pen is picked up, the person is seen writing in a notebook.",13;15;285;286;296;299;372;373;377;379;382;383;384;385;388;391;392;393;404;405;413;415;418;419;424;426;444;447;448;450;600;603;945;946;962;963;968;970;1056;1057;1124;1125;1129;1131;1233;1234;1260;1261;1393;1395;1397;1398;1404;1406;1496;1497;1569;1570;1578;1579;1581;1583;1588;1590,64,1
cbfeb6c8-ec1f-4884-bcbf-14d7764c4a36,What happens before the conversation with woman X in the video?,Writing on a book,"Before the conversation with woman X, the person is seen writing in a notebook, which is placed on a wooden desk. The notebook has a spiral binding and is open to a page with printed text and handwritten notes. The person is wearing a green long-sleeved shirt and a bracelet on their left wrist. The setting appears to be indoors with natural light coming from the left side of the frame. The person is focused on writing, occasionally looking up and to the side, possibly contemplating or thinking about what they are writing.",13;15;285;286;289;291;296;299;372;373;377;379;382;383;384;385;388;391;404;405;413;415;418;419;424;426;444;447;448;450;600;603;945;946;962;963;968;970;1056;1057;1124;1125;1129;1131;1233;1234;1260;1261;1393;1395;1397;1398;1404;1406;1496;1497;1569;1570;1578;1579;1581;1583;1588;1590,64,1
6baa36c1-e4d0-4dbd-97b2-dff48ecf796e,What environments surround the individual scrapping the wall?,An outdoor setting with a ladder near a wooden fence.,"The individual is surrounded by a residential area with a lawn, trees, and a house with a window and a ladder.",0;1;4;7;8;9;12;15;16;17;38;39;41;42;49;50;52;55;57;58;62;63;65;67;69;70;72;73;76;79;82;83;85;87;88;90;94;95;97;98;100;103;104;106;108;110;112;115;116;117;120;121;124;125;128;131;134;135;136;137;140;141;144;145,64,1
6baa36c1-e4d0-4dbd-97b2-dff48ecf796e,What tool is utilized for scrapping in the scene?,A scraper is used.,A putty knife is utilized for scrapping in the scene.,0;1;4;7;8;9;12;15;16;17;38;39;41;42;49;50;52;55;57;58;62;63;65;67;69;70;72;73;76;79;82;83;85;87;88;90;94;95;97;98;100;103;104;106;108;110;112;115;116;117;120;121;124;125;128;131;134;135;136;137;140;141;144;145,64,1
6baa36c1-e4d0-4dbd-97b2-dff48ecf796e,Is the individual standing on the ground or elevated while scrapping?,The individual is elevated on a ladder.,"The individual is elevated while scrapping, as indicated by the ladder being used to reach the window frame.",0;1;4;7;8;9;12;15;16;17;38;39;41;42;49;50;52;55;57;58;62;63;65;67;69;70;72;73;76;79;82;83;85;87;88;90;94;95;97;98;100;103;104;106;108;110;112;115;116;117;120;121;124;125;128;131;134;135;136;137;140;141;144;145,64,1
6baa36c1-e4d0-4dbd-97b2-dff48ecf796e,What is the purpose of using a ladder in this scenario?,To reach higher areas of the wall for scrapping.,The purpose of using a ladder in this scenario is to reach the window frame for the purpose of scraping off the old paint.,0;1;4;7;8;9;12;15;16;17;38;39;41;42;49;50;52;55;57;58;62;63;65;67;69;70;72;73;76;79;82;83;85;87;88;90;94;95;97;98;100;103;104;106;108;110;112;115;116;117;120;121;124;125;128;131;134;135;136;137;140;141;144;145,64,1
6baa36c1-e4d0-4dbd-97b2-dff48ecf796e,How does the individual prepare to scrape the wall?,The individual prepares by stretching out a ladder.,The individual prepares to scrape the wall by holding a metal scraper and focusing on the area near the window.,0;1;4;7;8;9;12;15;16;17;38;39;41;42;49;50;52;55;57;58;62;63;65;67;69;70;72;73;76;79;82;83;85;87;88;90;94;95;97;98;100;103;104;106;108;110;112;115;116;117;120;121;124;125;128;131;134;135;136;137;140;141;144;145,64,1
6baa36c1-e4d0-4dbd-97b2-dff48ecf796e,Does the video show a person using a ladder?,Yes.,"Yes, the video shows a person using a ladder to reach a window for maintenance or cleaning.",0;1;4;7;8;9;12;15;16;17;38;39;41;42;49;50;52;55;57;58;62;63;65;67;69;70;72;73;76;79;82;83;85;87;88;90;94;95;97;98;100;103;104;106;108;110;112;115;116;117;120;121;124;125;128;131;134;135;136;137;140;141;144;145,64,1
6baa36c1-e4d0-4dbd-97b2-dff48ecf796e,Is the wall being scraped in the video?,Yes.,Yes.,0;1;4;7;8;9;12;15;16;17;38;39;41;42;49;50;52;55;57;58;62;63;65;67;69;70;72;73;76;79;82;83;85;87;88;90;94;95;97;98;100;103;104;106;108;110;112;115;116;117;120;121;124;125;128;131;134;135;136;137;140;141;144;145,64,1
6baa36c1-e4d0-4dbd-97b2-dff48ecf796e,Does the scene involve stretching a ladder before scrapping?,Yes.,"Yes, the scene involves stretching a ladder before scrapping.",0;1;4;7;8;9;12;15;16;17;38;39;41;42;49;50;52;55;57;58;62;63;65;67;69;70;72;73;76;79;82;83;85;87;88;90;94;95;97;98;100;103;104;106;108;110;112;115;116;117;120;121;124;125;128;131;134;135;136;137;140;141;144;145,64,1
6baa36c1-e4d0-4dbd-97b2-dff48ecf796e,Does the individual scrap the wall without any tools?,No.,"No, the individual uses a tool to scrape the wall.",0;1;4;7;8;9;12;15;16;17;38;39;41;42;49;50;52;55;57;58;62;63;65;67;69;70;72;73;76;79;82;83;85;87;88;90;94;95;97;98;100;103;104;106;108;110;112;115;116;117;120;121;124;125;128;131;134;135;136;137;140;141;144;145,64,1
6baa36c1-e4d0-4dbd-97b2-dff48ecf796e,What location is depicted in this video clip?,The video clip depicts an outdoor scene with a wall.,"The video clip depicts a garage or workshop area with various tools and items scattered around, including bicycles, a workbench, and a ladder.",0;1;4;7;8;9;38;39;85;87;88;90;94;95;97;98;100;103;108;110;120;121;124;125;128;131;134;135;144;145;152;153;172;174;208;210;224;225;230;231;232;235;236;239;240;242;244;245;248;249;252;253;256;259;260;261;264;266;268;270;278;279;280;282,64,1
6baa36c1-e4d0-4dbd-97b2-dff48ecf796e,How does the environment appear in the video clip?,The environment appears to be a porch or exterior of a building.,The environment appears to be a residential area with trees and a house visible in the background.,0;1;4;7;8;9;38;39;85;87;88;90;94;95;97;98;100;103;108;110;120;121;124;125;128;131;134;135;144;145;152;153;172;174;208;210;224;225;230;231;232;235;236;239;240;242;244;245;248;249;252;253;256;259;260;261;264;266;268;270;278;279;280;282,64,1
6baa36c1-e4d0-4dbd-97b2-dff48ecf796e,What structure can be observed in this video clip?,A wall with white paint is observed in this video clip.,The structure observed in the video clip is a garage with a white exterior and a large window.,0;1;4;7;8;9;38;39;85;87;88;90;94;95;97;98;100;103;108;110;120;121;124;125;128;131;134;135;144;145;152;153;172;174;208;210;224;225;230;231;232;235;236;239;240;242;244;245;248;249;252;253;256;259;260;261;264;266;268;270;278;279;280;282,64,1
6baa36c1-e4d0-4dbd-97b2-dff48ecf796e,How is the exterior space utilized in the video action?,The exterior space provides a background for removal of an object.,"The exterior space is utilized for painting and maintenance activities, specifically focusing on the white wooden structure and the surrounding area.",0;1;4;7;8;9;38;39;85;87;88;90;94;95;97;98;100;103;108;110;120;121;124;125;128;131;134;135;144;145;152;153;172;174;208;210;224;225;230;231;232;235;236;239;240;242;244;245;248;249;252;253;256;259;260;261;264;266;268;270;278;279;280;282,64,1
6baa36c1-e4d0-4dbd-97b2-dff48ecf796e,Is the object completely removed from the wall in the video?,Yes,"No, the object is not completely removed from the wall in the video. It is only partially removed.",0;1;4;7;8;9;38;39;85;87;88;90;94;95;97;98;100;103;108;110;120;121;124;125;128;131;134;135;144;145;152;153;172;174;208;210;224;225;230;231;232;235;236;239;240;242;244;245;248;249;252;253;256;259;260;261;264;266;268;270;278;279;280;282,64,1
6baa36c1-e4d0-4dbd-97b2-dff48ecf796e,Does the video clip show a wall being painted?,No,"Yes, the video clip shows a wall being painted.",0;1;4;7;8;9;38;39;85;87;88;90;94;95;97;98;100;103;108;110;120;121;124;125;128;131;134;135;144;145;152;153;172;174;208;210;224;225;230;231;232;235;236;239;240;242;244;245;248;249;252;253;256;259;260;261;264;266;268;270;278;279;280;282,64,1
6baa36c1-e4d0-4dbd-97b2-dff48ecf796e,"In the video, is the wall outdoors?",Yes,"No, the wall is indoors.",0;1;4;7;8;9;38;39;85;87;88;90;94;95;97;98;100;103;108;110;120;121;124;125;128;131;134;135;144;145;152;153;172;174;208;210;224;225;230;231;232;235;236;239;240;242;244;245;248;249;252;253;256;259;260;261;264;266;268;270;278;279;280;282,64,1
6baa36c1-e4d0-4dbd-97b2-dff48ecf796e,"In the video, is the ladder stretched before scraping the wall?",Yes,"Yes, the ladder is stretched before scraping the wall.",0;1;4;7;8;9;38;39;85;87;88;90;94;95;97;98;100;103;108;110;120;121;124;125;128;131;134;135;144;145;152;153;172;174;208;210;224;225;230;231;232;235;236;239;240;242;244;245;248;249;252;253;256;259;260;261;264;266;268;270;278;279;280;282,64,1
6baa36c1-e4d0-4dbd-97b2-dff48ecf796e,What happens just before the wall is scraped in the video?,The ladder is stretched,"Just before the wall is scraped, the person is seen holding a piece of wood against the wall, possibly preparing to scrape it.",0;1;4;7;8;9;38;39;85;87;88;90;94;95;97;98;100;103;108;110;120;121;124;125;128;131;134;135;144;145;152;153;172;174;208;210;224;225;230;231;232;235;236;239;240;242;244;245;248;249;252;253;256;259;260;261;264;266;268;270;278;279;280;282,64,1
6baa36c1-e4d0-4dbd-97b2-dff48ecf796e,What exterior work is being performed?,Scraping a wall and smoothing a surface.,"The exterior work being performed involves scraping off old paint from a wooden surface, likely a part of a house or a garage, using a putty knife.",0;1;4;7;8;9;38;39;85;87;94;95;97;98;100;103;108;110;120;121;124;125;128;131;134;135;224;225;230;231;236;239;240;242;248;249;252;253;256;259;260;261;268;270;278;279;288;289;292;293;296;297;308;310;314;315;336;338;356;359;392;394;401;402,64,1
6baa36c1-e4d0-4dbd-97b2-dff48ecf796e,Where is the activity taking place?,Outside a house.,The activity is taking place in a garage or workshop area.,0;1;4;7;8;9;38;39;85;87;94;95;97;98;100;103;108;110;120;121;124;125;128;131;134;135;224;225;230;231;236;239;240;242;248;249;252;253;256;259;260;261;268;270;278;279;280;282;288;289;292;293;296;297;308;310;314;315;356;359;392;394;401;402,64,1
6baa36c1-e4d0-4dbd-97b2-dff48ecf796e,Which tools are being used for the exterior tasks?,A scraper and a planer.,The tools being used for the exterior tasks include a paint roller and a paint tray.,0;1;4;7;8;9;38;39;85;87;94;95;97;98;100;103;108;110;120;121;124;125;134;135;224;225;230;231;236;239;240;242;248;249;252;253;256;259;260;261;264;266;268;270;278;279;280;282;288;289;292;293;296;297;308;310;314;315;356;359;392;394;401;402,64,1
6baa36c1-e4d0-4dbd-97b2-dff48ecf796e,Can you describe the sequence of work shown?,"Scraping first, then planing.","The video begins with a view of a garage or workshop area, showing various items such as bicycles, tools, and wooden planks. The camera then pans out to reveal a car parked outside the garage. The focus shifts to a person's hands as they work on a wooden structure, possibly a window frame, scraping off old paint or plaster with a tool. The person is wearing a blue long-sleeve shirt and a watch on their left wrist. The background shows a residential area with trees and a house. The person continues to scrape the wooden structure, revealing layers of old material underneath. The video progresses with the person still scraping the wooden structure, with the background showing a residential area with trees and a house. The person's hands are visible, and they are wearing a blue long-sleeve shirt and a watch on their left wrist. The video concludes with the person still scraping the wooden structure, revealing layers of old material underneath. The background shows a residential area with trees and a house.",0;1;4;7;8;9;38;39;85;87;94;95;97;98;100;103;108;110;120;121;124;125;128;131;134;135;224;225;230;231;236;239;240;242;248;249;252;253;256;259;260;261;264;266;268;270;278;279;288;289;292;293;296;297;308;310;314;315;356;359;392;394;401;402,64,1
6baa36c1-e4d0-4dbd-97b2-dff48ecf796e,Does the video show painting work being done?,No.,"Yes, the video shows painting work being done, as indicated by the person's hand holding a paint roller and the presence of a paint tray.",0;1;4;7;8;9;38;39;85;87;94;95;97;98;100;103;108;110;120;121;124;125;134;135;224;225;230;231;236;239;240;242;248;249;252;253;256;259;260;261;264;266;268;270;278;279;280;282;288;289;292;293;296;297;308;310;314;315;356;359;392;394;401;402,64,1
6baa36c1-e4d0-4dbd-97b2-dff48ecf796e,Is there any smoothing of surfaces portrayed?,Yes.,"Yes, the video shows the person smoothing out the surfaces with a tool, likely a putty knife or a similar instrument, to ensure the paint is even and the surface is smooth.",0;1;4;7;8;9;38;39;85;87;94;95;97;98;100;103;108;110;120;121;124;125;134;135;224;225;230;231;236;239;240;242;248;249;252;253;256;259;260;261;264;266;268;270;278;279;280;282;288;289;292;293;296;297;308;310;314;315;356;359;392;394;401;402,64,1
6baa36c1-e4d0-4dbd-97b2-dff48ecf796e,Does the scene capture window installation?,No.,"Yes, the scene captures window installation.",0;1;4;7;8;9;38;39;85;87;94;95;97;98;100;103;108;110;120;121;124;125;134;135;224;225;230;231;236;239;240;242;248;249;252;253;256;259;260;261;264;266;268;270;278;279;280;282;288;289;292;293;296;297;308;310;314;315;356;359;392;394;401;402,64,1
6baa36c1-e4d0-4dbd-97b2-dff48ecf796e,Does the clip depict interior renovation?,No.,No.,0;1;4;7;8;9;38;39;85;87;94;95;97;98;100;103;108;110;124;125;134;135;224;225;230;231;232;235;236;239;240;242;248;249;252;253;256;259;260;261;264;266;268;270;278;279;280;282;288;289;292;293;296;297;308;310;314;315;356;359;392;394;401;402,64,1
6baa36c1-e4d0-4dbd-97b2-dff48ecf796e,Does smoothing the surface occur before scraping the wall?,No,"No, smoothing the surface occurs after scraping the wall.",0;1;4;7;8;9;38;39;85;87;94;95;97;98;100;103;108;110;120;121;124;125;134;135;224;225;230;231;236;239;240;242;248;249;252;253;256;259;260;261;264;266;268;270;278;279;280;282;288;289;292;293;296;297;308;310;314;315;356;359;392;394;401;402,64,1
6baa36c1-e4d0-4dbd-97b2-dff48ecf796e,Is the removal of plaster seen before the scraping action?,Yes,"Yes, the removal of plaster is seen before the scraping action.",0;1;4;7;8;9;38;39;85;87;94;95;97;98;100;103;108;110;120;121;124;125;134;135;224;225;230;231;236;239;240;242;248;249;252;253;256;259;260;261;264;266;268;270;278;279;280;282;288;289;292;293;296;297;308;310;314;315;356;359;392;394;401;402,64,1
6baa36c1-e4d0-4dbd-97b2-dff48ecf796e,Does the planer touch the surface after the wall is scrapped?,Yes,"Yes, the planer touches the surface after the wall is scrapped.",0;1;4;7;8;9;38;39;85;87;94;95;97;98;100;103;108;110;120;121;124;125;134;135;224;225;230;231;236;239;240;242;248;249;252;253;256;259;260;261;264;266;268;270;278;279;280;282;288;289;292;293;296;297;308;310;314;315;356;359;392;394;401;402,64,1
6baa36c1-e4d0-4dbd-97b2-dff48ecf796e,"In the video, is the ladder stretched before scraping the wall?",Yes,"Yes, the ladder is stretched before scraping the wall.",0;1;4;7;8;9;38;39;85;87;94;95;97;98;100;103;108;110;120;121;124;125;134;135;224;225;230;231;236;239;240;242;248;249;252;253;256;259;260;261;264;266;268;270;278;279;280;282;288;289;292;293;296;297;308;310;314;315;356;359;392;394;401;402,64,1
6baa36c1-e4d0-4dbd-97b2-dff48ecf796e,Does the smoothing of the surface occur after scraping the wall?,Yes,"Yes, the smoothing of the surface occurs after scraping the wall.",0;1;4;7;8;9;38;39;85;87;94;95;97;98;100;103;108;110;120;121;124;125;134;135;224;225;230;231;236;239;240;242;248;249;252;253;256;259;260;261;264;266;268;270;278;279;280;282;288;289;292;293;296;297;308;310;314;315;356;359;392;394;401;402,64,1
6baa36c1-e4d0-4dbd-97b2-dff48ecf796e,Is something removed from the wall before stretching the ladder?,No,"Yes, a piece of wood is removed from the wall before stretching the ladder.",0;1;4;7;8;9;38;39;85;87;94;95;97;98;100;103;108;110;120;121;124;125;134;135;224;225;230;231;236;239;240;242;248;249;252;253;256;259;260;261;264;266;268;270;278;279;280;282;288;289;292;293;296;297;308;310;314;315;356;359;392;394;401;402,64,1
6baa36c1-e4d0-4dbd-97b2-dff48ecf796e,"In the clip, is the ladder stretched after smoothing the surface?",No,"Yes, the ladder is stretched after smoothing the surface.",0;1;4;7;8;9;38;39;85;87;94;95;97;98;100;103;108;110;120;121;124;125;134;135;224;225;230;231;236;239;240;242;248;249;252;253;256;259;260;261;264;266;268;270;278;279;280;282;288;289;292;293;296;297;308;310;314;315;356;359;392;394;401;402,64,1
6baa36c1-e4d0-4dbd-97b2-dff48ecf796e,What can be seen happening before smoothing the surface?,Scraping the wall,"Before smoothing the surface, the person is scraping off the old, peeling paint with a putty knife.",0;1;4;7;8;9;38;39;85;87;94;95;97;98;100;103;108;110;120;121;124;125;134;135;224;225;230;231;236;239;240;242;248;249;252;253;256;259;260;261;264;266;268;270;278;279;280;282;288;289;292;293;296;297;308;310;314;315;356;359;392;394;401;402,64,1
6baa36c1-e4d0-4dbd-97b2-dff48ecf796e,"In the video, what happens before stretching the ladder?","Nothing, it is the first action","Before stretching the ladder, the person is seen holding the ladder and preparing to stretch it.",0;1;4;7;8;9;38;39;85;87;94;95;97;98;100;103;108;110;120;121;124;125;134;135;224;225;230;231;236;239;240;242;248;249;252;253;256;259;260;261;264;266;268;270;278;279;280;282;288;289;292;293;296;297;308;310;314;315;356;359;392;394;401;402,64,1
6baa36c1-e4d0-4dbd-97b2-dff48ecf796e,What is the setting of the video clip?,Outside a house.,The setting of the video clip is a garage or workshop area with various tools and items scattered around.,0;1;8;9;38;39;85;87;108;110;230;231;248;249;252;253;256;259;268;270;278;279;314;315;401;402;422;423;436;437;440;442;444;446;456;457;460;463;465;467;468;469;472;473;476;478;480;482;489;490;494;495;496;497;516;519;520;521;526;527;544;545;548;549,64,1
6baa36c1-e4d0-4dbd-97b2-dff48ecf796e,What task is being performed in the video clip?,Smoothing and scraping a surface.,The task being performed in the video clip is scraping off old paint from a window frame.,0;1;8;9;38;39;85;87;108;110;230;231;248;249;252;253;256;259;268;270;278;279;314;315;401;402;422;423;436;437;440;442;444;446;456;457;460;463;465;467;468;469;472;473;476;478;480;482;489;490;494;495;496;497;516;519;520;521;526;527;544;545;548;549,64,1
6baa36c1-e4d0-4dbd-97b2-dff48ecf796e,What tools are being used in the video clip?,A planer and a scraper.,The tools being used in the video clip include a red-handled putty knife and a gray-handled putty knife.,0;1;8;9;38;39;85;87;108;110;230;231;248;249;252;253;256;259;268;270;278;279;314;315;401;402;422;423;436;437;440;442;444;446;456;457;460;463;465;467;468;469;472;473;476;478;480;482;489;490;494;495;496;497;516;519;520;521;526;527;544;545;548;549,64,1
6baa36c1-e4d0-4dbd-97b2-dff48ecf796e,What is the condition of the surface being worked on?,It is a rough surface.,The surface being worked on has peeling paint and is in a state of disrepair.,0;1;8;9;38;39;85;87;108;110;230;231;248;249;252;253;256;259;268;270;278;279;314;315;401;402;422;423;436;437;440;442;444;446;456;457;460;463;465;467;468;469;472;473;476;478;480;482;489;490;494;495;496;497;516;519;520;521;526;527;544;545;548;549,64,1
6baa36c1-e4d0-4dbd-97b2-dff48ecf796e,What is the first action taken on the surface in the clip?,Smoothing it with a planer.,"The first action taken on the surface is scraping off the old, peeling paint with a red-handled putty knife.",0;1;8;9;38;39;85;87;108;110;230;231;248;249;252;253;256;259;268;270;278;279;314;315;401;402;422;423;436;437;440;442;444;446;456;457;460;463;465;467;468;469;472;473;476;478;480;482;489;490;494;495;496;497;516;519;520;521;526;527;544;545;548;549,64,1
6baa36c1-e4d0-4dbd-97b2-dff48ecf796e,What is the progression of work on the surface in the clip?,From smoothing to scraping.,"The progression of work on the surface in the clip is from peeling off old paint to scraping off remaining layers, and finally to smoothing out the surface.",0;1;8;9;38;39;85;87;108;110;230;231;248;249;252;253;256;259;268;270;278;279;314;315;401;402;422;423;436;437;440;442;444;446;456;457;460;463;465;467;468;469;472;473;476;478;480;482;489;490;494;495;496;497;516;519;520;521;526;527;544;545;548;549,64,1
6baa36c1-e4d0-4dbd-97b2-dff48ecf796e,How is the condition of the surface changing in the clip?,Becoming smoother and cleaner.,"The surface is being stripped of its old paint, revealing a lighter, possibly bare or previously painted surface underneath.",0;1;8;9;38;39;85;87;108;110;230;231;248;249;252;253;256;259;268;270;278;279;314;315;401;402;422;423;436;437;440;442;444;446;456;457;460;463;465;467;468;469;472;473;476;478;480;482;489;490;494;495;496;497;516;519;520;521;526;527;544;545;548;549,64,1
6baa36c1-e4d0-4dbd-97b2-dff48ecf796e,Does the person use a planer on the surface?,Yes.,"Yes, the person uses a planer on the surface.",0;1;8;9;38;39;85;87;108;110;230;231;240;242;248;249;252;253;256;259;268;270;278;279;314;315;401;402;422;423;436;437;440;442;444;446;456;457;460;463;465;467;468;469;472;473;476;478;480;482;489;490;494;495;496;497;516;519;520;521;544;545;548;549,64,1
6baa36c1-e4d0-4dbd-97b2-dff48ecf796e,Is there an action of scraping visible in the new frames?,Yes.,"Yes, there is an action of scraping visible in the new frames.",0;1;8;9;38;39;85;87;108;110;230;231;240;242;248;249;252;253;256;259;268;270;314;315;401;402;422;423;436;437;440;442;444;446;456;457;460;463;465;467;468;469;472;473;476;478;480;482;489;490;494;495;496;497;516;519;520;521;526;527;544;545;548;549,64,1
6baa36c1-e4d0-4dbd-97b2-dff48ecf796e,Does the clip show the complete smoothing of the surface?,No.,"No, the clip does not show the complete smoothing of the surface. The person's hand is seen smoothing the surface, but the video ends before the complete smoothing process is shown.",0;1;8;9;38;39;85;87;108;110;230;231;248;249;252;253;256;259;268;270;278;279;314;315;401;402;422;423;436;437;440;442;444;446;456;457;460;463;465;467;468;469;472;473;476;478;480;482;489;490;494;495;496;497;516;519;520;521;526;527;544;545;548;549,64,1
6baa36c1-e4d0-4dbd-97b2-dff48ecf796e,"In the video, is the surface scrapped before it is smoothened with a planer?",No,"Yes, the surface is first scraped with a red-handled scraper before it is smoothened with a planer.",0;1;8;9;38;39;85;87;108;110;230;231;248;249;252;253;256;259;268;270;278;279;314;315;401;402;422;423;436;437;440;442;444;446;456;457;460;463;465;467;468;469;472;473;476;478;480;482;489;490;494;495;496;497;516;519;520;521;526;527;544;545;548;549,64,1
6baa36c1-e4d0-4dbd-97b2-dff48ecf796e,"In the sequence, is the planer used before the scraper?",Yes,"No, the planer is used after the scraper.",0;1;8;9;38;39;85;87;108;110;230;231;248;249;252;253;256;259;268;270;278;279;314;315;401;402;422;423;436;437;440;442;444;446;456;457;460;463;465;467;468;469;472;473;476;478;480;482;489;490;494;495;496;497;516;519;520;521;526;527;544;545;548;549,64,1
6baa36c1-e4d0-4dbd-97b2-dff48ecf796e,What occurs right before the planer is used on the surface?,"Nothing, it's the first action","Right before the planer is used on the surface, the person's hand is seen holding the planer, and the surface is being inspected for any remaining paint or debris.",0;1;8;9;38;39;85;87;108;110;230;231;248;249;252;253;256;259;268;270;278;279;314;315;401;402;422;423;436;437;440;442;444;446;456;457;460;463;465;467;468;469;472;473;476;478;480;482;489;490;494;495;496;497;516;519;520;521;526;527;544;545;548;549,64,1
6baa36c1-e4d0-4dbd-97b2-dff48ecf796e,Did I remove something from the wall before scraping the wall?,Yes,"Yes, before scraping the wall, you removed a piece of paper or a sticker from the wall.",0;1;8;9;38;39;85;87;108;110;230;231;248;249;252;253;256;259;268;270;278;279;314;315;401;402;422;423;436;437;440;442;444;446;456;457;460;463;465;467;468;469;472;473;476;478;480;482;489;490;494;495;496;497;516;519;520;521;526;527;544;545;548;549,64,1
6baa36c1-e4d0-4dbd-97b2-dff48ecf796e,Is the surface smoothened with a planer before scraping with a scraper?,Yes,"Yes, the surface is smoothened with a planer before scraping with a scraper.",0;1;8;9;38;39;85;87;108;110;230;231;248;249;252;253;256;259;268;270;278;279;314;315;401;402;422;423;436;437;440;442;444;446;456;457;460;463;465;467;468;469;472;473;476;478;480;482;489;490;494;495;496;497;516;519;520;521;526;527;544;545;548;549,64,1
6baa36c1-e4d0-4dbd-97b2-dff48ecf796e,Do I smoothen the surface with a planer before removing something from the wall?,No,"Yes, it is common practice to smooth the surface with a planer before removing something from the wall. Planing helps to create a clean, even surface which can make the removal process easier and prevent damage to the surrounding area. It also ensures that the material being removed is done so cleanly, without leaving behind rough edges or splinters.",0;1;8;9;38;39;85;87;108;110;230;231;240;242;248;249;252;253;256;259;268;270;278;279;314;315;401;402;422;423;436;437;440;442;444;446;456;457;460;463;465;467;468;469;472;473;476;478;480;482;489;490;494;495;496;497;516;519;520;521;544;545;548;549,64,1
6baa36c1-e4d0-4dbd-97b2-dff48ecf796e,Is the wall scraped with a scraper before using a planer in one sequence?,No,Yes.,0;1;8;9;38;39;85;87;108;110;230;231;248;249;252;253;256;259;268;270;278;279;314;315;401;402;422;423;436;437;440;442;444;446;456;457;460;463;465;467;468;469;472;473;476;478;480;482;489;490;494;495;496;497;516;519;520;521;526;527;544;545;548;549,64,1
6baa36c1-e4d0-4dbd-97b2-dff48ecf796e,What setting is shown in the video clip?,An outdoor scene with window frame paint removal.,The video clip shows a garage or workshop setting with various tools and items scattered around.,0;1;8;9;38;39;85;87;108;110;230;231;248;249;252;253;436;437;440;442;465;467;468;469;472;473;476;478;480;482;489;490;494;495;496;497;516;519;520;521;544;545;548;549;632;634;649;650;652;653;660;661;664;667;668;669;674;675;677;678;680;683;684;685,64,1
6baa36c1-e4d0-4dbd-97b2-dff48ecf796e,Describe the environment shown in the clip.,"An outside area, likely a building's exterior.","The video begins with a view of a garage or workshop area. The floor is covered with scattered leaves and debris. There are two bicycles leaning against the wall, one with a blue frame and the other with a white frame. The wall is adorned with various tools and items, including a red toolbox, a whiteboard with writing, and a shelf with miscellaneous objects. The ceiling has a fluorescent light fixture. The camera then pans out to show the garage door, which is open, revealing a driveway with a parked car and a garden area with plants and a small tree. The video continues with a close-up of the person's hands using a putty knife to scrape off old paint from a wooden surface, likely a window frame or door. The person is wearing a blue long-sleeve shirt and dark shoes. The background shows the same garage area with the open garage door, the parked car, and the garden area. The person's hands are seen scraping off the old paint, and the camera focuses on the action. The video progresses with the person continuing to scrape off the old paint from the wooden surface. The person's hands are seen using a putty knife to remove the paint, and the camera focuses on the action. The background shows the same garage area with the",0;1;8;9;38;39;85;87;108;110;230;231;248;249;252;253;436;437;440;442;465;467;468;469;472;473;476;478;480;482;489;490;494;495;496;497;516;519;520;521;544;545;548;549;632;634;649;650;652;653;660;661;664;667;668;669;674;675;677;678;680;683;684;685,64,1
6baa36c1-e4d0-4dbd-97b2-dff48ecf796e,What tool is being used in the current action?,A paint scraper is being used in the action.,A putty knife is being used in the current action.,0;1;8;9;38;39;85;87;108;110;230;231;248;249;252;253;256;259;436;437;440;442;465;467;468;469;472;473;476;478;480;482;489;490;494;495;496;497;516;519;520;521;548;549;632;634;649;650;652;653;660;661;664;667;668;669;674;675;677;678;680;683;684;685,64,1
6baa36c1-e4d0-4dbd-97b2-dff48ecf796e,How is the paint being removed in this scene?,The paint is being manually scraped off.,The paint is being removed using a putty knife.,0;1;8;9;38;39;85;87;108;110;230;231;248;249;252;253;256;259;436;437;440;442;465;467;468;469;472;473;476;478;480;482;489;490;494;495;496;497;516;519;520;521;548;549;632;634;649;650;652;653;660;661;664;667;668;669;674;675;677;678;680;683;684;685,64,1
6baa36c1-e4d0-4dbd-97b2-dff48ecf796e,Does the video show a paint removal process?,Yes.,"Yes, the video shows a paint removal process.",0;1;8;9;38;39;85;87;108;110;230;231;248;249;252;253;256;259;436;437;440;442;465;467;468;469;472;473;476;478;480;482;489;490;494;495;496;497;516;519;520;521;544;545;548;549;632;634;649;650;652;653;660;661;664;667;668;669;674;675;677;678;680;683,64,1
6baa36c1-e4d0-4dbd-97b2-dff48ecf796e,Is the person successfully removing paint from a window frame?,Yes.,"Yes, the person is successfully removing paint from a window frame using a putty knife.",0;1;8;9;38;39;85;87;108;110;230;231;248;249;252;253;256;259;436;437;440;442;465;467;468;469;472;473;476;478;480;482;489;490;494;495;496;497;516;519;520;521;544;545;548;549;632;634;649;650;652;653;660;661;664;667;668;669;674;675;677;678;680;683,64,1
6baa36c1-e4d0-4dbd-97b2-dff48ecf796e,Does the scene take place indoors?,No.,No.,0;1;8;9;38;39;85;87;108;110;230;231;248;249;252;253;436;437;440;442;465;467;468;469;472;473;476;478;480;482;489;490;494;495;496;497;516;519;520;521;544;545;548;549;632;634;649;650;652;653;660;661;664;667;668;669;674;675;677;678;680;683;684;685,64,1
6baa36c1-e4d0-4dbd-97b2-dff48ecf796e,Is the surface smoothed with a planer before scraping with a scraper?,Yes,"Yes, the surface is smoothed with a planer before scraping with a scraper.",0;1;8;9;38;39;85;87;108;110;230;231;248;249;252;253;436;437;440;442;465;467;468;469;472;473;476;478;480;482;489;490;494;495;496;497;516;519;520;521;544;545;548;549;632;634;649;650;652;653;660;661;664;667;668;669;674;675;677;678;680;683;684;685,64,1
6baa36c1-e4d0-4dbd-97b2-dff48ecf796e,Does the removal of paint on the window frame happen after smoothing a surface?,Yes,"No, the removal of paint on the window frame happens before smoothing a surface.",0;1;8;9;38;39;85;87;108;110;230;231;248;249;252;253;256;259;436;437;440;442;465;467;468;469;472;473;476;478;480;482;489;490;494;495;496;497;516;519;520;521;544;545;548;549;632;634;649;650;652;653;660;661;664;667;668;669;674;675;677;678;680;683,64,1
6baa36c1-e4d0-4dbd-97b2-dff48ecf796e,Is the paint scraper used before the planer on any surface?,No,"Yes, the paint scraper is used on the surface before the planer.",0;1;8;9;38;39;85;87;108;110;230;231;248;249;252;253;256;259;436;437;440;442;465;467;468;469;472;473;476;478;480;482;489;490;494;495;496;497;516;519;520;521;544;545;548;549;632;634;649;650;652;653;660;661;664;667;668;669;674;675;677;678;680;683,64,1
6baa36c1-e4d0-4dbd-97b2-dff48ecf796e,Is the surface smoothed after removing paint from the window frame?,No,"Yes, the surface is smoothed after removing paint from the window frame.",0;1;8;9;38;39;85;87;108;110;230;231;248;249;252;253;436;437;440;442;465;467;468;469;472;473;476;478;480;482;489;490;494;495;496;497;516;519;520;521;544;545;548;549;632;634;649;650;652;653;660;661;664;667;668;669;674;675;677;678;680;683;684;685,64,1
6baa36c1-e4d0-4dbd-97b2-dff48ecf796e,What happens just before using the scraper on the surface?,Smoothing the surface with a planer,"Just before using the scraper, the person inspects the surface closely.",0;1;8;9;38;39;85;87;108;110;230;231;248;249;252;253;256;259;436;437;440;442;465;467;468;469;472;473;476;478;480;482;489;490;494;495;496;497;516;519;520;521;544;545;548;549;632;634;649;650;652;653;660;661;664;667;668;669;674;675;677;678;680;683,64,1
6baa36c1-e4d0-4dbd-97b2-dff48ecf796e,What is done just prior to smoothing a surface?,"Nothing, it's the first action.","Just prior to smoothing a surface, the person uses a putty knife to scrape off any excess material.",0;1;8;9;38;39;108;110;230;231;248;249;252;253;256;259;436;437;440;442;465;467;468;469;472;473;476;478;480;482;489;490;494;495;496;497;516;519;520;521;544;545;548;549;632;634;649;650;652;653;660;661;664;667;668;669;674;675;677;678;680;683;684;685,64,1
6baa36c1-e4d0-4dbd-97b2-dff48ecf796e,What action takes place before using the paint scraper?,Smoothing and scraping a surface,"Before using the paint scraper, the person removes the old paint from the window frame.",0;1;8;9;38;39;85;87;108;110;230;231;248;249;401;402;436;437;440;442;465;467;468;469;472;473;476;478;480;482;489;490;494;495;496;497;516;519;520;521;544;545;548;549;632;634;649;650;652;653;660;661;664;667;668;669;674;675;677;678;680;683;684;685,64,1
6baa36c1-e4d0-4dbd-97b2-dff48ecf796e,What is the first action performed outside the house?,Smoothing a surface with a planer,The first action performed outside the house is scraping off old paint from the window frame.,0;1;8;9;38;39;85;87;108;110;230;231;252;253;256;259;436;437;440;442;465;467;468;469;472;473;476;478;480;482;489;490;494;495;496;497;516;519;520;521;544;545;548;549;632;634;649;650;652;653;660;661;664;667;668;669;674;675;677;678;680;683;684;685,64,1
6baa36c1-e4d0-4dbd-97b2-dff48ecf796e,Did I scrape the wall before smoothing the surface with a planer?,Yes.,"Yes, you scraped the wall before smoothing the surface with a planer.",0;1;8;9;38;39;85;87;108;110;230;231;248;249;252;253;256;259;436;437;440;442;465;467;468;469;472;473;476;478;480;482;489;490;494;495;496;497;516;519;520;521;544;545;548;549;632;634;649;650;652;653;660;661;664;667;668;669;674;675;677;678;680;683,64,1
6baa36c1-e4d0-4dbd-97b2-dff48ecf796e,Did I smooth the surface with a planer before removing paint from the window frame?,Yes.,"Yes, you smoothed the surface with a planer before removing paint from the window frame.",0;1;8;9;38;39;85;87;108;110;230;231;248;249;252;253;256;259;436;437;440;442;465;467;468;469;472;473;476;478;480;482;489;490;494;495;496;497;516;519;520;521;544;545;548;549;632;634;649;650;652;653;660;661;664;667;668;669;674;675;677;678;680;683,64,1
6baa36c1-e4d0-4dbd-97b2-dff48ecf796e,What do I do before removing paint from the window frame?,Scrape the wall and smooth a surface.,"Before removing paint from the window frame, it's important to take some precautions and gather the necessary tools. Here are the steps you should follow:1. **Prepare the Area**: Clear the area around the window frame of any objects or decorations that could be damaged by the scraping process. Cover the surrounding surfaces with drop cloths or plastic sheets to protect them from paint debris.2. **Remove Loose Paint**: Use a putty knife or a wide-blade scraper to gently remove any loose or flaking paint from the frame. This will make the scraping process easier and prevent damage to the underlying material.3. **Use a Putty Knife or Scraper**: For the more stubborn paint, use a putty knife or a wide-blade scraper. Apply gentle to moderate pressure, depending on the thickness of the paint and the material of the frame. Work in a consistent direction to avoid damaging the frame.4. **Protect the Glass**: If the window has glass, use a putty knife or a soft-bristled brush to gently remove paint from the glass surface. Avoid using harsh chemicals or abrasive materials that could damage the glass.5. **Clean Up**: As you scrape, collect the removed paint and debris. Dispose of it properly, and clean your tools frequently",0;1;8;9;38;39;85;87;108;110;230;231;248;249;252;253;256;259;436;437;440;442;465;467;468;469;472;473;476;478;480;482;489;490;494;495;496;497;516;519;520;521;544;545;548;549;632;634;649;650;652;653;660;661;664;667;668;669;674;675;677;678;680;683,64,1
6baa36c1-e4d0-4dbd-97b2-dff48ecf796e,What is the setting of the video clip?,The setting is outside near a window.,"The setting of the video clip is a garage or workshop with a concrete floor, wooden walls, and a window.",0;1;8;9;108;110;230;231;436;437;440;442;465;467;468;469;472;473;476;478;480;482;489;490;494;495;496;497;516;519;520;521;548;549;632;634;649;650;652;653;660;661;664;667;668;669;674;675;677;678;680;683;690;691;692;695;697;698;700;701;706;707;772;773,64,1
6baa36c1-e4d0-4dbd-97b2-dff48ecf796e,What tool is being used on the window?,A scraper is being used.,A putty knife is being used on the window.,0;1;8;9;108;110;230;231;436;437;440;442;465;467;468;469;472;473;476;478;480;482;489;490;494;495;496;497;516;519;520;521;548;549;632;634;649;650;652;653;660;661;664;667;668;669;674;675;677;678;680;683;690;691;692;695;697;698;700;701;706;707;772;773,64,1
6baa36c1-e4d0-4dbd-97b2-dff48ecf796e,Does the video show paint being scraped off?,Yes.,"Yes, the video shows paint being scraped off the window frame.",0;1;8;9;108;110;230;231;436;437;440;442;465;467;468;469;472;473;476;478;480;482;489;490;494;495;496;497;516;519;520;521;548;549;632;634;649;650;652;653;660;661;664;667;668;669;674;675;677;678;680;683;690;691;692;695;697;698;700;701;706;707;772;773,64,1
6baa36c1-e4d0-4dbd-97b2-dff48ecf796e,Is the window frame being refinished?,Yes.,"Yes, the window frame is being refinished.",0;1;8;9;108;110;230;231;436;437;440;442;465;467;468;469;472;473;476;478;480;482;489;490;494;495;496;497;516;519;520;521;548;549;632;634;649;650;652;653;660;661;664;667;668;669;674;675;677;678;680;683;690;691;692;695;697;698;700;701;706;707;772;773,64,1
6baa36c1-e4d0-4dbd-97b2-dff48ecf796e,Is a tool being used for paint removal?,Yes.,"Yes, a tool is being used for paint removal.",0;1;8;9;108;110;230;231;436;437;440;442;465;467;468;469;472;473;476;478;480;482;489;490;494;495;496;497;516;519;520;521;548;549;632;634;649;650;652;653;660;661;664;667;668;669;674;675;677;678;680;683;690;691;692;695;697;698;700;701;706;707;772;773,64,1
6baa36c1-e4d0-4dbd-97b2-dff48ecf796e,Is the person working on interior maintenance?,No.,Yes.,0;1;8;9;108;110;230;231;436;437;440;442;465;467;468;469;472;473;476;478;480;482;489;490;494;495;496;497;516;519;520;521;548;549;632;634;649;650;652;653;660;661;664;667;668;669;674;675;677;678;680;683;690;691;692;695;697;698;700;701;706;707;772;773,64,1
6baa36c1-e4d0-4dbd-97b2-dff48ecf796e,Is the window frame being replaced?,No.,"No, the window frame is not being replaced. The person is working on the existing window frame, scraping off old paint and preparing it for a new coat of paint.",0;1;8;9;108;110;230;231;436;437;440;442;465;467;468;469;472;473;476;478;480;482;489;490;494;495;496;497;516;519;520;521;548;549;632;634;649;650;652;653;660;661;664;667;668;669;674;675;677;678;680;683;690;691;692;695;697;698;700;701;706;707;772;773,64,1
6baa36c1-e4d0-4dbd-97b2-dff48ecf796e,Is the window opened before the paint is scraped?,Yes,"No, the window is not opened before the paint is scraped.",0;1;8;9;108;110;230;231;436;437;440;442;465;467;468;469;472;473;476;478;480;482;489;490;494;495;496;497;516;519;520;521;548;549;632;634;649;650;652;653;660;661;664;667;668;669;674;675;677;678;680;683;690;691;692;695;697;698;700;701;706;707;772;773,64,1
6baa36c1-e4d0-4dbd-97b2-dff48ecf796e,Does the hand touch the window frame before using the scraper?,Yes,"Yes, the hand touches the window frame before using the scraper.",0;1;8;9;108;110;230;231;436;437;440;442;465;467;468;469;472;473;476;478;480;482;489;490;494;495;496;497;516;519;520;521;548;549;632;634;649;650;652;653;660;661;664;667;668;669;674;675;677;678;680;683;690;691;692;695;697;698;700;701;706;707;772;773,64,1
6baa36c1-e4d0-4dbd-97b2-dff48ecf796e,Is the paint on the window frame removed before the hand is visible?,No,"Yes, the paint on the window frame is removed before the hand is visible, as indicated by the presence of the red-handled putty knife and the partially stripped paint.",0;1;8;9;108;110;230;231;436;437;440;442;465;467;468;469;472;473;476;478;480;482;489;490;494;495;496;497;516;519;520;521;548;549;632;634;649;650;652;653;660;661;664;667;668;669;674;675;677;678;680;683;690;691;692;695;697;698;700;701;706;707;772;773,64,1
6baa36c1-e4d0-4dbd-97b2-dff48ecf796e,Does the window frame appear before the scraper is in motion?,Yes,"Yes, the window frame appears before the scraper is in motion.",0;1;8;9;108;110;230;231;436;437;440;442;465;467;468;469;472;473;476;478;480;482;489;490;494;495;496;497;516;519;520;521;548;549;632;634;649;650;652;653;660;661;664;667;668;669;674;675;677;678;680;683;690;691;692;695;697;698;700;701;706;707;772;773,64,1
6baa36c1-e4d0-4dbd-97b2-dff48ecf796e,Is the paint removed from the window frame before using the planer?,No,"Yes, the paint is removed from the window frame before using the planer.",0;1;8;9;108;110;230;231;436;437;440;442;465;467;468;469;472;473;476;478;480;482;489;490;494;495;496;497;516;519;520;521;548;549;632;634;649;650;652;653;660;661;664;667;668;669;674;675;677;678;680;683;690;691;692;695;697;698;700;701;706;707;772;773,64,1
6baa36c1-e4d0-4dbd-97b2-dff48ecf796e,Does the surface smoothing with a planer occur before the scraping?,Yes,"No, the surface smoothing with a planer occurs after the scraping.",0;1;8;9;108;110;230;231;248;249;436;437;440;442;465;467;468;469;472;473;476;478;480;482;489;490;496;497;516;519;520;521;548;549;632;634;649;650;652;653;660;661;664;667;668;669;674;675;677;678;680;683;690;691;692;695;697;698;700;701;706;707;772;773,64,1
6baa36c1-e4d0-4dbd-97b2-dff48ecf796e,Is the scraping of the surface completed before removing paint on the window frame?,No,"No, the scraping of the surface is ongoing, and the person is still in the process of removing paint on the window frame.",0;1;8;9;108;110;230;231;248;249;436;437;440;442;465;467;468;469;472;473;476;478;480;482;489;490;496;497;516;519;520;521;548;549;632;634;649;650;652;653;660;661;664;667;668;669;674;675;677;678;680;683;690;691;692;695;697;698;700;701;706;707;772;773,64,1
6baa36c1-e4d0-4dbd-97b2-dff48ecf796e,What occurs just before scraping the surface?,Smoothening with a planer,"Just before scraping the surface, the person removes the old paint with a putty knife.",0;1;8;9;108;110;230;231;436;437;440;442;465;467;468;469;472;473;476;478;480;482;489;490;494;495;496;497;516;519;520;521;548;549;632;634;649;650;652;653;660;661;664;667;668;669;674;675;677;678;680;683;690;691;692;695;697;698;700;701;706;707;772;773,64,1
6baa36c1-e4d0-4dbd-97b2-dff48ecf796e,What is the main activity taking place outside the house?,Smoothing and scraping surfaces.,The main activity is the person scraping off old paint from the window frame.,0;1;8;9;108;110;230;231;436;437;465;467;468;469;472;473;476;478;480;482;516;519;548;549;632;634;649;650;652;653;660;661;664;667;668;669;674;675;677;678;680;683;690;691;692;695;697;698;706;707;772;773;865;867;873;874;876;879;880;881;884;885;892;895,64,1
6baa36c1-e4d0-4dbd-97b2-dff48ecf796e,Where is the scene set?,Outside a house.,The scene is set in a garage or workshop area.,0;1;8;9;108;110;230;231;436;437;465;467;468;469;472;473;476;478;480;482;516;519;548;549;632;634;649;650;652;653;660;661;664;667;668;669;674;675;677;678;680;683;690;691;692;695;697;698;706;707;772;773;865;867;873;874;876;879;880;881;884;885;892;895,64,1
6baa36c1-e4d0-4dbd-97b2-dff48ecf796e,What tools are being used in this scene?,A planer and a scraper.,"The tools being used in this scene include a hammer, a chisel, and a piece of wood.",0;1;8;9;108;110;230;231;436;437;440;442;465;467;468;469;472;473;476;478;480;482;516;519;548;549;632;634;649;650;652;653;660;661;664;667;668;669;674;675;677;678;680;683;690;691;692;695;697;698;706;707;772;773;873;874;876;879;880;881;884;885;892;895,64,1
6baa36c1-e4d0-4dbd-97b2-dff48ecf796e,How can you describe the area in which the activity occurs?,It's a woodworking area outside the house.,"The area is a garage with a concrete floor, a workbench, and a window with a view of the outside.",0;1;8;9;108;110;436;437;440;442;465;467;468;469;472;473;476;478;480;482;516;519;548;549;632;634;649;650;652;653;660;661;664;667;668;669;674;675;677;678;680;683;690;691;692;695;697;698;706;707;772;773;865;867;873;874;876;879;880;881;884;885;892;895,64,1
6baa36c1-e4d0-4dbd-97b2-dff48ecf796e,What actions are being performed in this video clip?,Smoothing with a planer and scraping with a scraper.,"The video shows a person engaged in a home improvement or maintenance task. They are scraping off old paint or material from a wooden surface, likely a window frame or door, using a putty knife. The person is wearing a dark blue long-sleeve shirt and a watch on their left wrist. The surrounding area has some debris, indicating that the work is being done in an outdoor or semi-outdoor setting, possibly a garage or a shed. The focus is on the methodical scraping action, which is part of a larger renovation or repair process.",0;1;8;9;436;437;440;442;465;467;468;469;472;473;476;478;480;482;489;490;516;519;548;549;632;634;649;650;652;653;660;661;664;667;668;669;674;675;677;678;680;683;690;691;692;695;697;698;700;701;706;707;772;773;873;874;876;879;880;881;884;885;892;895,64,1
6baa36c1-e4d0-4dbd-97b2-dff48ecf796e,What is the focus of the activity in these frames?,Wood surface maintenance.,"The focus of the activity in these frames is the meticulous scraping of the window frame, with the person's hands and the tool being the main points of interest.",0;1;8;9;108;110;230;231;436;437;465;467;468;469;472;473;476;478;480;482;516;519;548;549;632;634;649;650;652;653;660;661;664;667;668;669;674;675;677;678;680;683;690;691;692;695;697;698;706;707;772;773;865;867;873;874;876;879;880;881;884;885;892;895,64,1
6baa36c1-e4d0-4dbd-97b2-dff48ecf796e,What is the sequence of actions performed outside?,"First smoothening, then scraping surfaces.","The sequence of actions performed outside includes scraping off old paint from the window frame, using a putty knife to remove paint, and then using a sanding block to smooth the surface.",0;1;8;9;108;110;436;437;440;442;465;467;468;469;472;473;476;478;480;482;516;519;548;549;632;634;649;650;652;653;660;661;664;667;668;669;674;675;677;678;680;683;690;691;692;695;697;698;700;701;706;707;772;773;873;874;876;879;880;881;884;885;892;895,64,1
6baa36c1-e4d0-4dbd-97b2-dff48ecf796e,How does the person handle the tools in the video?,With precision and care for the task.,"The person handles the tools with precision and care, ensuring that the tools are used effectively to remove the old paint and prepare the surface for new paint.",0;1;8;9;230;231;436;437;440;442;465;467;468;469;472;473;476;478;480;482;516;519;548;549;632;634;649;650;652;653;660;661;664;667;668;669;674;675;677;678;680;683;690;691;692;695;697;698;706;707;772;773;865;867;873;874;876;879;880;881;884;885;892;895,64,1
6baa36c1-e4d0-4dbd-97b2-dff48ecf796e,What are the visible results of the actions in this clip?,Smooth surfaces and wood shavings scattered.,The visible results of the actions in this clip include the removal of old paint and the preparation of the surface for new paint or another finish.,0;1;8;9;108;110;436;437;440;442;465;467;468;469;472;473;476;478;480;482;516;519;548;549;632;634;649;650;652;653;660;661;664;667;668;669;674;675;677;678;680;683;690;691;692;695;697;698;700;701;706;707;772;773;873;874;876;879;880;881;884;885;892;895,64,1
6baa36c1-e4d0-4dbd-97b2-dff48ecf796e,Does the video show the use of a woodworking planer?,Yes,"Yes, the video shows the use of a woodworking planer to remove layers of old paint from the window frame.",0;1;8;9;108;110;230;231;436;437;465;467;468;469;472;473;476;478;480;482;516;519;548;549;632;634;649;650;652;653;660;661;664;667;668;669;674;675;677;678;680;683;690;691;692;695;697;698;706;707;772;773;865;867;873;874;876;879;880;881;884;885;892;895,64,1
6baa36c1-e4d0-4dbd-97b2-dff48ecf796e,Is the person scraping a wooden surface?,Yes,Yes.,0;1;8;9;230;231;436;437;465;467;468;469;472;473;476;478;480;482;516;519;548;549;632;634;649;650;652;653;660;661;664;667;668;669;674;675;677;678;680;683;690;691;692;695;697;698;706;707;772;773;865;867;873;874;876;879;880;881;884;885;889;890;892;895,64,1
6baa36c1-e4d0-4dbd-97b2-dff48ecf796e,Are the actions performed indoor?,No,no,0;1;8;9;108;110;230;231;436;437;465;467;468;469;472;473;476;478;480;482;516;519;548;549;632;634;649;650;652;653;660;661;664;667;668;669;674;675;677;678;680;683;690;691;692;695;697;698;700;701;706;707;772;773;873;874;876;879;880;881;884;885;892;895,64,1
6baa36c1-e4d0-4dbd-97b2-dff48ecf796e,Does the activity involve painting or staining?,No,"No, the activity does not involve painting or staining.",0;1;8;9;230;231;436;437;465;467;468;469;472;473;476;478;480;482;489;490;516;519;548;549;632;634;649;650;652;653;660;661;664;667;668;669;674;675;677;678;680;683;690;691;692;695;697;698;706;707;772;773;865;867;873;874;876;879;880;881;884;885;892;895,64,1
6baa36c1-e4d0-4dbd-97b2-dff48ecf796e,Is the person wearing any safety gear?,No,"No, the person is not wearing any safety gear.",0;1;8;9;230;231;436;437;440;442;465;467;468;469;472;473;476;478;480;482;516;519;548;549;632;634;649;650;652;653;660;661;664;667;668;669;674;675;677;678;680;683;690;691;692;695;697;698;700;701;706;707;772;773;873;874;876;879;880;881;884;885;892;895,64,1
6baa36c1-e4d0-4dbd-97b2-dff48ecf796e,Was the window frame scraped before it was planed?,No,"Yes, the window frame was scraped before it was planed, as indicated by the presence of chipped paint and debris.",0;1;8;9;436;437;440;442;465;467;468;469;472;473;476;478;480;482;516;519;548;549;632;634;649;650;652;653;660;661;664;667;668;669;674;675;677;678;680;683;690;691;692;695;697;698;700;701;706;707;772;773;865;867;873;874;876;879;880;881;884;885;892;895,64,1
6baa36c1-e4d0-4dbd-97b2-dff48ecf796e,Did the scraping of a surface happen after smoothening it?,Yes,"No, the scraping of a surface happened before smoothening it.",0;1;8;9;108;110;230;231;436;437;465;467;468;469;472;473;476;478;480;482;516;519;548;549;632;634;649;650;652;653;660;661;664;667;668;669;674;675;677;678;680;683;690;691;692;695;697;698;706;707;772;773;865;867;873;874;876;879;880;881;884;885;892;895,64,1
6baa36c1-e4d0-4dbd-97b2-dff48ecf796e,What happens just before the scraper is used on the window frame?,The surface is smoothened with a planer,"Just before the scraper is used on the window frame, the person is seen holding a piece of paper or a small object near the window frame.",0;1;8;9;108;110;436;437;440;442;465;467;468;469;472;473;476;478;480;482;516;519;548;549;632;634;649;650;652;653;660;661;664;667;668;669;674;675;677;678;680;683;690;691;692;695;697;698;706;707;772;773;865;867;873;874;876;879;880;881;884;885;892;895,64,1
6baa36c1-e4d0-4dbd-97b2-dff48ecf796e,What is the action taken just prior to the planer being used in the video?,There is no action shown before the planer is used,The action taken just prior to the planer being used is scraping off the old paint with a putty knife.,0;1;8;9;108;110;436;437;440;442;465;467;468;469;472;473;476;478;480;482;516;519;548;549;632;634;649;650;652;653;660;661;664;667;668;669;674;675;677;678;680;683;690;691;692;695;697;698;700;701;706;707;772;773;873;874;876;879;880;881;884;885;892;895,64,1
6baa36c1-e4d0-4dbd-97b2-dff48ecf796e,Was the surface planed before the scraping of paint on the window frame?,Yes,"Yes, the surface was planed before the scraping of paint on the window frame.",0;1;8;9;108;110;230;231;436;437;465;467;468;469;472;473;476;478;480;482;516;519;548;549;632;634;649;650;652;653;660;661;664;667;668;669;674;675;677;678;680;683;690;691;692;695;697;698;706;707;772;773;865;867;873;874;876;879;880;881;884;885;892;895,64,1
6baa36c1-e4d0-4dbd-97b2-dff48ecf796e,Was the window frame scraped before planing the surface?,No,"Yes, the window frame was scraped before planing the surface.",0;1;8;9;108;110;436;437;465;467;468;469;472;473;476;478;480;482;516;519;548;549;632;634;649;650;652;653;660;661;664;667;668;669;674;675;677;678;680;683;690;691;692;695;697;698;706;707;772;773;865;867;873;874;876;879;880;881;884;885;889;890;892;895,64,1
6baa36c1-e4d0-4dbd-97b2-dff48ecf796e,Was the window frame scraped first before using any tools?,No,"Yes, the window frame was scraped first before using any tools.",0;1;8;9;230;231;436;437;440;442;465;467;468;469;472;473;476;478;480;482;516;519;548;549;632;634;649;650;652;653;660;661;664;667;668;669;674;675;677;678;680;683;690;691;692;695;697;698;706;707;772;773;865;867;873;874;876;879;880;881;884;885;892;895,64,1
6baa36c1-e4d0-4dbd-97b2-dff48ecf796e,What's the brief of the depicted scenario?,A person scrapes a surface outside a house.,"The video shows a person engaged in a home improvement or maintenance task, specifically working on a window frame. The individual is scraping off old paint or material from the window frame using a putty knife. The surrounding area appears to be a garage or workshop, with various tools and items scattered around, indicating an ongoing project. The person is wearing a dark blue long-sleeve shirt and a watch on their left wrist. The focus is on the methodical and careful removal of the old material, suggesting a preparation step for repainting or refinishing the window frame.",0;1;8;9;436;437;465;467;468;469;472;473;476;478;480;482;516;519;548;549;632;634;649;650;652;653;660;661;664;667;668;669;674;675;677;678;680;683;690;691;692;695;697;698;706;707;772;773;873;874;876;879;880;881;884;885;892;895;1017;1019;1028;1031;1037;1039,64,1
6baa36c1-e4d0-4dbd-97b2-dff48ecf796e,What can be inferred about the location in the video clip?,It's a residential outdoor area by a window.,"The location in the video clip appears to be a residential area, as indicated by the presence of a house with a green exterior and a window with a decorative pot on the sill.",0;1;8;9;436;437;465;467;468;469;472;473;476;478;516;519;548;549;632;634;649;650;660;661;664;667;668;669;674;675;677;678;680;683;690;691;692;695;697;698;706;707;772;773;873;874;876;879;880;881;884;885;892;895;1017;1019;1028;1031;1037;1039;1048;1049;1060;1063,64,1
6baa36c1-e4d0-4dbd-97b2-dff48ecf796e,How would you describe the environment surrounding the action?,It appears to be tranquil and domestic.,"The environment surrounding the action is a residential setting with a green exterior wall, a window with a colorful pot on the sill, and a pile of debris on the ground.",0;1;8;9;436;437;465;467;468;469;472;473;476;478;548;549;632;634;649;650;652;653;660;661;664;667;668;669;674;675;677;678;680;683;690;691;692;695;697;698;706;707;772;773;873;874;876;879;880;881;884;885;892;895;1017;1019;1028;1031;1037;1039;1060;1063;1068;1069,64,1
6baa36c1-e4d0-4dbd-97b2-dff48ecf796e,Is the person in the video using a tool for scraping?,Yes.,Yes.,0;1;8;9;436;437;465;467;468;469;472;473;476;478;480;482;516;519;548;549;632;634;649;650;660;661;664;667;668;669;674;675;677;678;680;683;690;691;692;695;697;698;706;707;772;773;873;874;876;879;880;881;884;885;892;895;1017;1019;1028;1031;1037;1039;1048;1049,64,1
6baa36c1-e4d0-4dbd-97b2-dff48ecf796e,Is the scraping happening indoors?,No.,No.,0;1;8;9;230;231;436;437;465;467;468;469;472;473;476;478;516;519;520;521;548;549;632;634;649;650;652;653;660;661;664;667;668;669;674;675;677;678;680;683;690;691;692;695;697;698;706;707;772;773;873;874;876;879;880;881;884;885;892;895;1017;1019;1037;1039,64,1
6baa36c1-e4d0-4dbd-97b2-dff48ecf796e,Does the footage show the completion of the scraping task?,No.,"No, the footage does not show the completion of the scraping task. The person continues to scrape the window sill, removing more paint and revealing more of the underlying surface.",0;1;8;9;230;231;436;437;465;467;468;469;472;473;476;478;548;549;632;634;649;650;660;661;664;667;668;669;674;675;677;678;680;683;690;691;692;695;697;698;706;707;772;773;873;874;876;879;880;881;884;885;892;895;1017;1019;1028;1031;1037;1039;1060;1063;1068;1069,64,1
6baa36c1-e4d0-4dbd-97b2-dff48ecf796e,Is the person wearing gloves while scraping?,No.,"No, the person is not wearing gloves while scraping.",0;1;8;9;230;231;436;437;465;467;468;469;472;473;476;478;516;519;548;549;632;634;649;650;660;661;664;667;668;669;674;675;677;678;680;683;690;691;692;695;697;698;706;707;772;773;873;874;876;879;880;881;884;885;892;895;1017;1019;1028;1031;1037;1039;1060;1063,64,1
6baa36c1-e4d0-4dbd-97b2-dff48ecf796e,Did I smoothen the surface with a planer before scraping it with a scraper?,Yes,"Yes, you used a planer to smoothen the surface before scraping it with a scraper.",0;1;8;9;436;437;465;467;468;469;472;473;476;478;516;519;548;549;632;634;649;650;660;661;664;667;668;669;674;675;677;678;680;683;690;691;692;695;697;698;706;707;772;773;873;874;876;879;880;881;884;885;892;895;1017;1019;1028;1031;1037;1039;1048;1049;1060;1063,64,1
6baa36c1-e4d0-4dbd-97b2-dff48ecf796e,What occurs just before I scrape the surface with the scraper?,Smoothening with a planer,"Just before scraping the surface with the scraper, the person is seen holding the scraper and preparing to scrape the surface.",0;1;8;9;436;437;465;467;468;469;472;473;476;478;480;482;516;519;548;549;632;634;649;650;660;661;664;667;668;669;674;675;677;678;680;683;690;691;692;695;697;698;706;707;772;773;873;874;876;879;880;881;884;885;892;895;1017;1019;1028;1031;1037;1039;1060;1063,64,1
6baa36c1-e4d0-4dbd-97b2-dff48ecf796e,Is the scraping of the window frame after smoothing the surface?,Yes,"Yes, the scraping of the window frame is after smoothing the surface.",0;1;8;9;436;437;465;467;468;469;472;473;476;478;548;549;632;634;649;650;660;661;664;667;668;669;674;675;677;678;680;683;690;691;692;695;697;698;706;707;772;773;873;874;876;879;880;881;884;885;892;895;1017;1019;1028;1031;1037;1039;1048;1049;1060;1063;1068;1069,64,1
6baa36c1-e4d0-4dbd-97b2-dff48ecf796e,What happens just before the window frame is scraped?,The surface is smoothened with a planer,"Just before the window frame is scraped, the person is seen holding a piece of wood against the frame, possibly to stabilize it or to mark the area for scraping.",0;1;8;9;436;437;465;467;468;469;472;473;476;478;516;519;548;549;632;634;649;650;660;661;664;667;668;669;674;675;677;678;680;683;690;691;692;695;697;698;706;707;772;773;873;874;876;879;880;881;884;885;892;895;1017;1019;1028;1031;1037;1039;1060;1063;1068;1069,64,1
6baa36c1-e4d0-4dbd-97b2-dff48ecf796e,What occurs right before the surface is smoothened?,The paint is removed with a scraper,"Right before the surface is smoothened, the person uses a putty knife to scrape off the remaining old paint and plaster.",0;1;8;9;436;437;465;467;468;469;472;473;476;478;516;519;548;549;632;634;649;650;660;661;664;667;668;669;674;675;677;678;680;683;690;691;692;695;697;698;706;707;772;773;873;874;876;879;880;881;884;885;892;895;1017;1019;1028;1031;1037;1039;1060;1063;1068;1069,64,1
6baa36c1-e4d0-4dbd-97b2-dff48ecf796e,Can you describe the setting in the video?,The setting is outdoor by the side of a house.,"The video takes place in a garage or workshop area with a concrete floor and a wooden door frame. There are various objects scattered around, including a bicycle, a ladder, and some tools. The person is wearing a blue long-sleeve shirt and a watch on their left wrist. The background shows a window with a view of the outside, where a car is parked. The person is scraping off old paint from the wooden door frame using a putty knife.",0;1;8;9;465;467;468;469;472;473;476;478;548;549;660;661;664;667;668;669;674;675;677;678;680;683;690;691;692;695;697;698;706;707;873;874;876;879;880;881;884;885;892;895;1037;1039;1108;1111;1132;1133;1141;1143;1144;1145;1164;1167;1181;1182;1197;1198;1200;1201;1205;1207,64,1
6baa36c1-e4d0-4dbd-97b2-dff48ecf796e,Does the person succeed in scraping off the material?,Yes.,"Yes, the person successfully scrapes off the material from the window frame.",0;1;8;9;465;467;468;469;472;473;548;549;632;634;660;661;664;667;668;669;674;675;677;678;680;683;690;691;692;695;697;698;706;707;873;874;876;879;880;881;884;885;892;895;1037;1039;1108;1111;1132;1133;1141;1143;1144;1145;1164;1167;1181;1182;1197;1198;1200;1201;1205;1207,64,1
6baa36c1-e4d0-4dbd-97b2-dff48ecf796e,Is the scraping being done on an interior wall?,No.,No.,0;1;8;9;465;467;468;469;472;473;476;478;548;549;632;634;660;661;664;667;668;669;674;675;677;678;680;683;690;691;692;695;697;698;706;707;873;874;876;879;880;881;884;885;892;895;1037;1039;1108;1111;1132;1133;1141;1143;1144;1145;1164;1167;1181;1182;1197;1198;1205;1207,64,1
6baa36c1-e4d0-4dbd-97b2-dff48ecf796e,Is the person using any tool other than a scraper?,No.,"No, the person is only using a metal scraper to remove the paint from the window frame.",0;1;8;9;436;437;465;467;468;469;472;473;476;478;548;549;660;661;664;667;668;669;674;675;677;678;680;683;690;691;692;695;697;698;706;707;873;874;876;879;880;881;884;885;892;895;1037;1039;1108;1111;1132;1133;1141;1143;1144;1145;1164;1167;1181;1182;1197;1198;1205;1207,64,1
6baa36c1-e4d0-4dbd-97b2-dff48ecf796e,Does the scrapping of the surface start before walking outside the house?,No,"Yes, the scrapping of the surface starts before walking outside the house.",0;1;8;9;465;467;468;469;472;473;548;549;660;661;664;667;668;669;674;675;677;678;680;683;690;691;692;695;697;698;706;707;873;874;876;879;880;881;884;885;892;895;1037;1039;1102;1103;1108;1111;1132;1133;1141;1143;1144;1145;1164;1167;1181;1182;1197;1198;1200;1201;1205;1207,64,1
6baa36c1-e4d0-4dbd-97b2-dff48ecf796e,"In the video, is the scraper used on the lower part of the wall before the upper part?",No,"Yes, the person in the video uses the scraper on the lower part of the wall before moving to the upper part.",0;1;8;9;465;467;468;469;472;473;476;478;548;549;660;661;664;667;668;669;674;675;677;678;680;683;690;691;692;695;697;698;706;707;873;874;876;879;880;881;884;885;892;895;1037;1039;1108;1111;1132;1133;1141;1143;1144;1145;1164;1167;1181;1182;1197;1198;1200;1201;1205;1207,64,1
6baa36c1-e4d0-4dbd-97b2-dff48ecf796e,Is the paint removal near the window sill done after removing paint near the flower pot?,Yes,"Yes, the paint removal near the window sill is shown after the paint removal near the flower pot.",0;1;8;9;465;467;468;469;472;473;548;549;660;661;664;667;668;669;674;675;677;678;680;683;690;691;692;695;697;698;706;707;873;874;876;879;880;881;884;885;892;895;1037;1039;1102;1103;1108;1111;1132;1133;1141;1143;1144;1145;1164;1167;1181;1182;1197;1198;1200;1201;1205;1207,64,1
6baa36c1-e4d0-4dbd-97b2-dff48ecf796e,What action occurs just before the paint near the flower pot is scraped off?,Scraping near the window sill,The paint near the flower pot is scraped off.,0;1;8;9;465;467;468;469;472;473;548;549;660;661;664;667;668;669;674;675;677;678;680;683;690;691;692;695;697;698;706;707;873;874;876;879;880;881;884;885;892;895;1037;1039;1102;1103;1108;1111;1132;1133;1141;1143;1144;1145;1164;1167;1181;1182;1197;1198;1200;1201;1205;1207,64,1
6baa36c1-e4d0-4dbd-97b2-dff48ecf796e,Is the planer used before the scraper?,Yes,"No, the planer is used after the scraper.",0;1;8;9;465;467;468;469;472;473;548;549;660;661;664;667;668;669;674;675;677;678;680;683;690;691;692;695;697;698;706;707;873;874;876;879;880;881;884;885;892;895;1037;1039;1102;1103;1108;1111;1132;1133;1141;1143;1144;1145;1164;1167;1181;1182;1197;1198;1200;1201;1205;1207,64,1
6baa36c1-e4d0-4dbd-97b2-dff48ecf796e,Is the scraping done before smoothing the surface?,No,"Yes, the scraping is done before smoothing the surface.",0;1;8;9;465;467;468;469;472;473;476;478;548;549;632;634;660;661;664;667;668;669;674;675;677;678;680;683;690;691;692;695;697;698;706;707;873;874;876;879;880;881;884;885;892;895;1037;1039;1108;1111;1132;1133;1141;1143;1144;1145;1164;1167;1181;1182;1197;1198;1205;1207,64,1
6baa36c1-e4d0-4dbd-97b2-dff48ecf796e,Does the planing occur after the scraping?,No,"Yes, the planing occurs after the scraping.",0;1;8;9;465;467;468;469;472;473;476;478;548;549;660;661;664;667;668;669;674;675;677;678;680;683;690;691;692;695;697;698;706;707;873;874;876;879;880;881;884;885;892;895;1037;1039;1108;1111;1132;1133;1141;1143;1144;1145;1164;1167;1181;1182;1197;1198;1200;1201;1205;1207,64,1
6baa36c1-e4d0-4dbd-97b2-dff48ecf796e,What happens before the scraping begins?,Smoothing with a planer,"Before the scraping begins, the person is seen holding a power tool, likely a drill or a similar device, and preparing to work on the window frame.",0;1;8;9;436;437;465;467;468;469;472;473;476;478;548;549;660;661;664;667;668;669;674;675;677;678;680;683;690;691;692;695;697;698;706;707;873;874;876;879;880;881;884;885;1037;1039;1108;1111;1132;1133;1141;1143;1144;1145;1164;1167;1181;1182;1197;1198;1200;1201;1205;1207,64,1
6baa36c1-e4d0-4dbd-97b2-dff48ecf796e,What task is being carried out outside the house?,Smoothening a surface with a planer and scraping.,The task being carried out is scraping off old paint from the window frame.,0;1;8;9;465;467;468;469;472;473;548;549;660;661;664;667;668;669;674;675;677;678;680;683;690;691;692;695;697;698;873;874;876;879;880;881;884;885;892;895;1108;1111;1132;1133;1141;1143;1144;1145;1164;1167;1181;1182;1197;1198;1205;1207;1276;1279;1297;1298;1349;1350;1358;1359,64,1
6baa36c1-e4d0-4dbd-97b2-dff48ecf796e,What tools are used in the latest frames for the outdoor task?,A planer and a scraper.,"In the latest frames, a person is using a paint roller and a paint tray to apply paint to the window frame.",0;1;8;9;465;467;468;469;472;473;548;549;660;661;664;667;668;669;674;675;677;678;680;683;690;691;692;695;697;698;706;707;873;874;876;879;880;881;884;885;1108;1111;1132;1133;1141;1143;1144;1145;1164;1167;1181;1182;1205;1207;1276;1279;1297;1298;1349;1350;1358;1359;1360;1361,64,1
6baa36c1-e4d0-4dbd-97b2-dff48ecf796e,Describe the surroundings where the task takes place.,"Outside a house, likely a work area with debris.","The surroundings include a garage or workshop with a concrete floor, a wooden workbench, and various tools and items scattered around. There is a window with a colorful vase and some plants visible inside. The person is wearing a blue long-sleeve shirt and a watch on their left wrist. The area outside the window shows a lawn with some debris and a parked car.",0;1;8;9;465;467;468;469;472;473;548;549;660;661;664;667;668;669;674;675;677;678;680;683;690;691;692;695;697;698;873;874;876;879;880;881;884;885;892;895;1102;1103;1108;1111;1132;1133;1141;1143;1144;1145;1164;1167;1181;1182;1197;1198;1205;1207;1276;1279;1349;1350;1358;1359,64,1
6baa36c1-e4d0-4dbd-97b2-dff48ecf796e,What process is demonstrated in the recent video footage?,Woodworking involving smoothing and scraping actions.,"The recent video footage demonstrates the process of scraping off old paint from a wooden surface, likely as part of a home improvement or renovation project.",0;1;8;9;465;467;468;469;472;473;548;549;660;661;664;667;668;669;674;675;677;678;680;683;690;691;692;695;697;698;706;707;873;874;876;879;880;881;884;885;1108;1111;1132;1133;1141;1143;1144;1145;1164;1167;1181;1182;1197;1198;1200;1201;1205;1207;1276;1279;1349;1350;1358;1359,64,1
6baa36c1-e4d0-4dbd-97b2-dff48ecf796e,What is the likely purpose of the actions shown in the clip?,"Preparing a wooden surface, possibly for painting or finishing.","The likely purpose of the actions shown in the clip is to prepare the wooden surface for painting or staining. The person is scraping off old paint or varnish, which is a common preparatory step before applying a new coat of paint or sealant.",0;1;8;9;465;467;468;469;472;473;476;478;548;549;660;661;664;667;668;669;674;675;677;678;680;683;690;691;692;695;697;698;873;874;876;879;880;881;1108;1111;1132;1133;1141;1143;1144;1145;1164;1167;1181;1182;1197;1198;1205;1207;1276;1279;1297;1298;1349;1350;1358;1359;1360;1361,64,1
6baa36c1-e4d0-4dbd-97b2-dff48ecf796e,Describe the sequential actions taken by the individual.,"First, using a planer for smoothing, then a scraper.","The video begins with a view of a garage or workshop area, showing a bicycle, a workbench, and various tools and items scattered around. The person, wearing a blue long-sleeve shirt and a watch, is seen working on a wooden surface, likely a door or window frame, using a power tool to scrape off old paint or material. The background includes a window with a view of the outside, where a car is parked in a driveway. The person methodically scrapes the surface, removing layers of white material, and the video captures the repetitive motion of the tool against the wood.The scene continues with the person still working on the wooden surface, focusing on the same area. The background remains consistent, showing the window and the parked car. The person's hands are visible, holding the power tool, and the video captures the detailed work being done, emphasizing the texture and the removal of material from the wood.The video progresses with the person continuing to scrape the wooden surface, maintaining the same methodical approach. The background remains unchanged, with the window and the parked car still visible. The person's hands are shown in detail, holding the power tool, and the video captures the ongoing work, highlighting the texture and the removal of material from the wood.",0;1;8;9;465;467;468;469;472;473;548;549;660;661;664;667;668;669;674;675;677;678;680;683;690;691;692;695;697;698;706;707;873;874;876;879;880;881;884;885;1108;1111;1132;1133;1141;1143;1144;1145;1164;1167;1181;1182;1197;1198;1200;1201;1205;1207;1276;1279;1349;1350;1358;1359,64,1
6baa36c1-e4d0-4dbd-97b2-dff48ecf796e,Has the person completed the smoothening task?,Yes.,"No, the person is still in the process of smoothing the surface of the window frame.",0;1;8;9;465;467;468;469;472;473;548;549;660;661;664;667;668;669;674;675;677;678;680;683;690;691;692;695;697;698;873;874;876;879;880;881;884;885;892;895;1108;1111;1132;1133;1141;1143;1144;1145;1164;1167;1181;1182;1197;1198;1205;1207;1276;1279;1349;1350;1358;1359;1360;1361,64,1
6baa36c1-e4d0-4dbd-97b2-dff48ecf796e,Does the individual use more than one tool?,Yes.,"Yes, the individual uses a hammer and a chisel to remove the paint from the wooden surface.",0;1;8;9;465;467;468;469;472;473;476;478;548;549;660;661;664;667;668;669;674;675;677;678;680;683;690;691;692;695;697;698;873;874;876;879;880;881;884;885;1108;1111;1132;1133;1141;1143;1144;1145;1164;1167;1181;1182;1205;1207;1276;1279;1297;1298;1349;1350;1358;1359;1360;1361,64,1
6baa36c1-e4d0-4dbd-97b2-dff48ecf796e,Is the work performed indoors in the latest frames?,"No, it's outside.",No.,0;1;8;9;465;467;468;469;472;473;548;549;660;661;664;667;668;669;674;675;677;678;680;683;690;691;692;695;697;698;873;874;876;879;880;881;884;885;1108;1111;1132;1133;1141;1143;1144;1145;1164;1167;1181;1182;1197;1198;1205;1207;1276;1279;1297;1298;1349;1350;1358;1359;1360;1361,64,1
6baa36c1-e4d0-4dbd-97b2-dff48ecf796e,Have any painting actions been depicted in the summary?,"No, only smoothening and scraping are shown.","Yes, the summary mentions that the person is scraping off old paint from the window frame, which is a preparatory step for painting.",0;1;8;9;465;467;468;469;472;473;548;549;660;661;664;667;668;669;674;675;677;678;680;683;690;691;692;695;697;698;873;874;876;879;880;881;884;885;1108;1111;1132;1133;1141;1143;1144;1145;1164;1167;1181;1182;1197;1198;1200;1201;1205;1207;1276;1279;1297;1298;1349;1350;1358;1359,64,1
6baa36c1-e4d0-4dbd-97b2-dff48ecf796e,"In the video, is scraping done before smoothing with a planer?",No,"Yes, scraping is done before smoothing with a planer.",0;1;8;9;465;467;468;469;472;473;548;549;660;661;664;667;668;669;674;675;677;678;680;683;690;691;692;695;697;698;873;874;876;879;880;881;884;885;1108;1111;1132;1133;1141;1143;1144;1145;1164;1167;1181;1182;1197;1198;1205;1207;1276;1279;1297;1298;1349;1350;1358;1359;1360;1361,64,1
6baa36c1-e4d0-4dbd-97b2-dff48ecf796e,Is the surface scraped after the house exterior is shown?,Yes,Yes.,0;1;8;9;465;467;468;469;472;473;548;549;660;661;664;667;668;669;674;675;677;678;680;683;690;691;692;695;697;698;873;874;876;879;880;881;884;885;892;895;1108;1111;1132;1133;1141;1143;1144;1145;1164;1167;1181;1182;1197;1198;1205;1207;1276;1279;1297;1298;1349;1350;1358;1359,64,1
6baa36c1-e4d0-4dbd-97b2-dff48ecf796e,What is seen happening before any tool is used on the surface?,Outside of the house shown,"Before any tool is used on the surface, the person's hand is seen touching the surface, possibly to feel the texture or to align the tool.",0;1;8;9;465;467;468;469;472;473;548;549;660;661;664;667;668;669;674;675;677;678;680;683;690;691;692;695;697;698;706;707;873;874;876;879;880;881;884;885;1108;1111;1132;1133;1141;1143;1144;1145;1164;1167;1181;1182;1197;1198;1205;1207;1276;1279;1297;1298;1349;1350;1358;1359,64,1
6baa36c1-e4d0-4dbd-97b2-dff48ecf796e,"In the sequence, is the scraper used before the planer?",No,"Yes, the scraper is used before the planer.",0;1;8;9;465;467;468;469;472;473;548;549;660;661;664;667;668;669;674;675;677;678;680;683;690;691;692;695;697;698;873;874;876;879;880;881;884;885;1108;1111;1132;1133;1141;1143;1144;1145;1164;1167;1181;1182;1197;1198;1205;1207;1276;1279;1297;1298;1349;1350;1358;1359;1360;1361,64,1
6baa36c1-e4d0-4dbd-97b2-dff48ecf796e,Does the scraping happen outdoors?,Yes,Yes.,0;1;8;9;465;467;468;469;472;473;548;549;660;661;664;667;668;669;674;675;677;678;680;683;690;691;692;695;697;698;873;874;876;879;880;881;884;885;892;895;1037;1039;1108;1111;1132;1133;1141;1143;1144;1145;1164;1167;1181;1182;1205;1207;1276;1279;1349;1350;1358;1359;1360;1361,64,1
6baa36c1-e4d0-4dbd-97b2-dff48ecf796e,Is the surface scraped after it is smoothened?,Yes,Yes.,0;1;8;9;465;467;468;469;472;473;548;549;660;661;664;667;668;669;674;675;677;678;680;683;690;691;692;695;697;698;873;874;876;879;880;881;884;885;1108;1111;1132;1133;1141;1143;1144;1145;1164;1167;1181;1182;1197;1198;1205;1207;1276;1279;1297;1298;1349;1350;1358;1359;1360;1361,64,1
6baa36c1-e4d0-4dbd-97b2-dff48ecf796e,Is the scraping performed before standing up?,No,"Yes, the scraping is performed before standing up.",0;1;8;9;465;467;468;469;472;473;548;549;660;661;664;667;668;669;674;675;677;678;680;683;690;691;692;695;697;698;873;874;876;879;880;881;884;885;1037;1039;1108;1111;1132;1133;1141;1143;1144;1145;1164;1167;1181;1182;1197;1198;1205;1207;1276;1279;1297;1298;1349;1350;1358;1359,64,1
6baa36c1-e4d0-4dbd-97b2-dff48ecf796e,What is done before using the scraper in the video?,Smoothening the surface with a planer,"Before using the scraper, the person removes the peeling paint from the window frame.",0;1;8;9;465;467;468;469;472;473;548;549;660;661;664;667;668;669;674;675;677;678;680;683;690;691;692;695;697;698;873;874;876;879;880;881;884;885;1108;1111;1132;1133;1141;1143;1144;1145;1164;1167;1181;1182;1197;1198;1205;1207;1276;1279;1297;1298;1349;1350;1358;1359;1360;1361,64,1
6baa36c1-e4d0-4dbd-97b2-dff48ecf796e,What happens just before the second scraping action?,The first scraping action,The person removes a piece of white material from the wooden surface.,0;1;8;9;465;467;468;469;472;473;548;549;660;661;664;667;668;669;674;675;677;678;680;683;690;691;692;695;697;698;873;874;876;879;880;881;884;885;1037;1039;1108;1111;1132;1133;1141;1143;1144;1145;1164;1167;1181;1182;1197;1198;1205;1207;1276;1279;1297;1298;1349;1350;1358;1359,64,1
6baa36c1-e4d0-4dbd-97b2-dff48ecf796e,What occurs just before the surface is smoothened?,Going outside the house,The surface is scraped with a tool to remove the old paint.,0;1;8;9;465;467;468;469;472;473;548;549;660;661;664;667;668;669;674;675;677;678;680;683;690;691;692;695;697;698;873;874;876;879;880;881;884;885;1108;1111;1132;1133;1141;1143;1144;1145;1164;1167;1181;1182;1197;1198;1205;1207;1276;1279;1297;1298;1349;1350;1358;1359;1360;1361,64,1
6baa36c1-e4d0-4dbd-97b2-dff48ecf796e,What is the setting of the video clip?,"The setting is outdoors, with a person removing unwanted cover.","The setting of the video clip is a garage or workshop with a wooden door, a workbench, and various tools and items scattered around.",0;1;8;9;465;467;468;469;472;473;548;549;660;661;664;667;668;669;677;678;680;683;690;691;692;695;697;698;873;874;876;879;880;881;1108;1111;1132;1133;1141;1143;1164;1167;1181;1182;1205;1207;1276;1279;1349;1350;1365;1366;1368;1369;1376;1377;1385;1387;1392;1393;1417;1419;1420;1422,64,1
6baa36c1-e4d0-4dbd-97b2-dff48ecf796e,What is the main focus of the video clip?,The main focus is on a person removing a cover from a surface.,"The main focus of the video clip is the person's hands as they work on a wooden surface, likely part of a window or door frame, using a tool to scrape or smooth the surface.",0;1;8;9;465;467;468;469;472;473;548;549;664;667;668;669;677;678;680;683;690;691;692;695;697;698;873;874;876;879;880;881;1108;1111;1132;1133;1141;1143;1164;1167;1181;1182;1205;1207;1276;1279;1349;1350;1358;1359;1365;1366;1368;1369;1376;1377;1385;1387;1392;1393;1417;1419;1420;1422,64,1
6baa36c1-e4d0-4dbd-97b2-dff48ecf796e,What is the person doing with their hand?,They are rubbing waste off with their hand.,The person is using their hand to apply pressure or guide the scraping tool.,0;1;8;9;465;467;468;469;472;473;548;549;664;667;668;669;677;678;680;683;690;691;692;695;697;698;873;874;876;879;880;881;1108;1111;1132;1133;1141;1143;1164;1167;1181;1182;1205;1207;1276;1279;1349;1350;1358;1359;1365;1366;1368;1369;1376;1377;1385;1387;1392;1393;1417;1419;1420;1422,64,1
6baa36c1-e4d0-4dbd-97b2-dff48ecf796e,What action follows rubbing the waste?,The person climbs a ladder.,The action that follows rubbing the waste is scraping the waste off the surface.,0;1;8;9;465;467;468;469;548;549;660;661;664;667;668;669;677;678;680;683;690;691;692;695;697;698;873;874;876;879;880;881;884;885;1108;1111;1132;1133;1141;1143;1164;1167;1181;1182;1205;1207;1276;1279;1349;1350;1365;1366;1368;1369;1376;1377;1385;1387;1392;1393;1417;1419;1420;1422,64,1
6baa36c1-e4d0-4dbd-97b2-dff48ecf796e,What tool is the person using in the action?,The person is using a scraper or a similar tool.,The person is using a sanding tool.,0;1;8;9;465;467;468;469;472;473;548;549;664;667;668;669;677;678;680;683;690;691;692;695;697;698;873;874;876;879;880;881;1108;1111;1132;1133;1141;1143;1164;1167;1181;1182;1205;1207;1276;1279;1349;1350;1358;1359;1365;1366;1368;1369;1376;1377;1385;1387;1392;1393;1417;1419;1420;1422,64,1
6baa36c1-e4d0-4dbd-97b2-dff48ecf796e,Did the person climb a ladder in the video?,Yes.,"Yes, the person climbed a ladder to reach the top of the window frame.",0;1;8;9;465;467;468;469;472;473;548;549;664;667;668;669;677;678;680;683;690;691;692;695;697;698;873;874;876;879;880;881;1108;1111;1132;1133;1141;1143;1164;1167;1181;1182;1205;1207;1276;1279;1349;1350;1358;1359;1365;1366;1368;1369;1376;1377;1385;1387;1392;1393;1417;1419;1420;1422,64,1
6baa36c1-e4d0-4dbd-97b2-dff48ecf796e,Does the video show the person successfully removing the cover?,Yes.,"Yes, the video shows the person successfully removing the cover, as indicated by the removal of the cover and the subsequent scraping of the surface.",0;1;8;9;465;467;468;469;472;473;548;549;660;661;664;667;668;669;677;678;680;683;692;695;873;874;876;879;880;881;884;885;1108;1111;1132;1133;1141;1143;1164;1167;1181;1182;1205;1207;1276;1279;1349;1350;1358;1359;1365;1366;1368;1369;1376;1377;1385;1387;1392;1393;1417;1419;1420;1422,64,1
6baa36c1-e4d0-4dbd-97b2-dff48ecf796e,Was the task performed indoors?,No.,No.,0;1;8;9;465;467;468;469;472;473;548;549;660;661;664;667;668;669;677;678;680;683;690;691;692;695;697;698;873;874;876;879;880;881;1108;1111;1132;1133;1141;1143;1164;1167;1181;1182;1205;1207;1276;1279;1349;1350;1365;1366;1368;1369;1376;1377;1385;1387;1392;1393;1417;1419;1420;1422,64,1
6baa36c1-e4d0-4dbd-97b2-dff48ecf796e,Did I smoothen the surface with a planer before scraping it with a scraper?,Yes.,"Yes, you first used a planer to smoothen the surface before scraping it with a scraper.",0;1;8;9;465;467;468;469;472;473;548;549;664;667;668;669;680;683;690;691;692;695;873;874;876;879;880;881;1108;1111;1132;1133;1141;1143;1144;1145;1164;1167;1181;1182;1205;1207;1276;1279;1349;1350;1358;1359;1360;1361;1365;1366;1368;1369;1376;1377;1385;1387;1392;1393;1417;1419;1420;1422,64,1
6baa36c1-e4d0-4dbd-97b2-dff48ecf796e,Did I climb the ladder before rubbing waste with my hand?,No.,"No, you did not climb the ladder before rubbing waste with your hand.",0;1;8;9;465;467;468;469;548;549;664;667;668;669;677;678;680;683;690;691;692;695;697;698;873;874;876;879;880;881;1108;1111;1132;1133;1141;1143;1144;1145;1164;1167;1181;1182;1205;1207;1276;1279;1349;1350;1358;1359;1365;1366;1368;1369;1376;1377;1385;1387;1392;1393;1417;1419;1420;1422,64,1
6baa36c1-e4d0-4dbd-97b2-dff48ecf796e,Did the removal of unwanted cover happen before climbing the ladder?,No.,"Yes, the removal of unwanted cover happened before climbing the ladder.",0;1;8;9;465;467;468;469;472;473;548;549;664;667;668;669;677;678;680;683;690;691;692;695;873;874;876;879;880;881;1108;1111;1132;1133;1141;1143;1144;1145;1164;1167;1181;1182;1205;1207;1276;1279;1349;1350;1358;1359;1365;1366;1368;1369;1376;1377;1385;1387;1392;1393;1417;1419;1420;1422,64,1
6baa36c1-e4d0-4dbd-97b2-dff48ecf796e,Did I scrape the surface before smoothening it with a planer?,No.,"Yes, you scraped the surface before smoothening it with a planer.",0;1;8;9;465;467;468;469;472;473;548;549;664;667;668;669;680;683;690;691;692;695;873;874;876;879;880;881;1108;1111;1132;1133;1141;1143;1144;1145;1164;1167;1181;1182;1205;1207;1276;1279;1349;1350;1358;1359;1360;1361;1365;1366;1368;1369;1376;1377;1385;1387;1392;1393;1417;1419;1420;1422,64,1
6baa36c1-e4d0-4dbd-97b2-dff48ecf796e,Did the drawing a planer happen after climbing the ladder?,No.,"Yes, the drawing a planer happened after climbing the ladder.",0;1;8;9;465;467;468;469;472;473;548;549;664;667;668;669;677;678;680;683;690;691;692;695;873;874;876;879;880;881;1108;1111;1132;1133;1141;1143;1144;1145;1164;1167;1181;1182;1205;1207;1276;1279;1349;1350;1358;1359;1365;1366;1368;1369;1376;1377;1385;1387;1392;1393;1417;1419;1420;1422,64,1
6baa36c1-e4d0-4dbd-97b2-dff48ecf796e,What takes place immediately before drawing a planer across the surface?,Being outside the house.,A hand holding a planer is seen preparing to draw it across the surface.,0;1;8;9;465;467;468;469;548;549;664;667;668;669;677;678;680;683;690;691;692;695;873;874;876;879;880;881;884;885;1108;1111;1132;1133;1141;1143;1144;1145;1164;1167;1181;1182;1205;1207;1276;1279;1349;1350;1358;1359;1365;1366;1368;1369;1376;1377;1385;1387;1392;1393;1417;1419;1420;1422,64,1
6baa36c1-e4d0-4dbd-97b2-dff48ecf796e,What do I do before rubbing waste with my hand?,Being outside.,"Before rubbing waste with your hand, it's important to ensure that your hand is clean and free of any substances that could transfer to the waste. If the waste is contaminated or hazardous, you should wear appropriate protective gear such as gloves, a mask, and possibly a face shield to prevent exposure to harmful substances. Additionally, you should make sure that the area where you will be handling the waste is well-ventilated and that you have a proper method for disposing of the waste to prevent environmental contamination. If the waste is in a container, make sure the container is secure and labeled appropriately.",0;1;8;9;465;467;468;469;472;473;548;549;664;667;668;669;677;678;680;683;690;691;692;695;697;698;873;874;876;879;880;881;1108;1111;1132;1133;1141;1143;1164;1167;1181;1182;1205;1207;1276;1279;1349;1350;1358;1359;1365;1366;1368;1369;1376;1377;1385;1387;1392;1393;1417;1419;1420;1422,64,1
6baa36c1-e4d0-4dbd-97b2-dff48ecf796e,Did I scrape the surface before using a planer?,No,"Yes, you scraped the surface before using a planer.",0;1;8;9;465;467;468;469;472;473;548;549;660;661;664;667;668;669;677;678;680;683;690;691;692;695;873;874;876;879;880;881;1108;1111;1132;1133;1141;1143;1164;1167;1181;1182;1205;1207;1276;1279;1349;1350;1358;1359;1365;1366;1368;1369;1376;1377;1385;1387;1392;1393;1417;1419;1420;1422,64,1
6baa36c1-e4d0-4dbd-97b2-dff48ecf796e,Did the planer use happen after the ladder climbing?,No,"Yes, the planer use happened after the ladder climbing.",0;1;8;9;465;467;468;469;472;473;548;549;664;667;668;669;677;678;680;683;690;691;692;695;873;874;876;879;880;881;1108;1111;1132;1133;1141;1143;1144;1145;1164;1167;1181;1182;1205;1207;1276;1279;1349;1350;1358;1359;1365;1366;1368;1369;1376;1377;1385;1387;1392;1393;1417;1419;1420;1422,64,1
6baa36c1-e4d0-4dbd-97b2-dff48ecf796e,Was the surface scraped after using the planer?,Yes,"Yes, the surface was scraped after using the planer.",0;1;8;9;465;467;468;469;472;473;548;549;660;661;664;667;668;669;677;678;680;683;690;691;692;695;873;874;876;879;880;881;1108;1111;1132;1133;1141;1143;1164;1167;1181;1182;1205;1207;1276;1279;1349;1350;1358;1359;1365;1366;1368;1369;1376;1377;1385;1387;1392;1393;1417;1419;1420;1422,64,1
6baa36c1-e4d0-4dbd-97b2-dff48ecf796e,Was the waste rubbed off before I climbed the ladder?,Yes,"Yes, the waste was rubbed off before climbing the ladder.",0;1;8;9;465;467;468;469;548;549;660;661;664;667;668;669;677;678;680;683;690;691;692;695;697;698;873;874;876;879;880;881;1108;1111;1132;1133;1141;1143;1164;1167;1181;1182;1205;1207;1276;1279;1349;1350;1358;1359;1365;1366;1368;1369;1376;1377;1385;1387;1392;1393;1417;1419;1420;1422,64,1
6baa36c1-e4d0-4dbd-97b2-dff48ecf796e,What happens just before I scrape the surface?,Smoothening with a planer,"Just before scraping the surface, the person prepares to remove the old paint or material from the wooden surface.",0;1;8;9;465;467;468;469;472;473;548;549;664;667;668;669;677;678;680;683;690;691;692;695;697;698;873;874;876;879;880;881;1108;1111;1132;1133;1141;1143;1164;1167;1181;1182;1205;1207;1276;1279;1349;1350;1358;1359;1365;1366;1368;1369;1376;1377;1385;1387;1392;1393;1417;1419;1420;1422,64,1
6baa36c1-e4d0-4dbd-97b2-dff48ecf796e,What event occurs before using the planer?,Climbing the ladder,"Before using the planer, the person removes the old paint from the wooden surface.",0;1;8;9;465;467;468;469;472;473;548;549;664;667;668;669;677;678;680;683;690;691;692;695;697;698;873;874;876;879;880;881;1108;1111;1132;1133;1141;1143;1164;1167;1181;1182;1205;1207;1276;1279;1349;1350;1358;1359;1365;1366;1368;1369;1376;1377;1385;1387;1392;1393;1417;1419;1420;1422,64,1
6baa36c1-e4d0-4dbd-97b2-dff48ecf796e,What is the focus of the video's depicted scenario?,Removing unwanted cover from wood surface.,"The focus of the video is on the meticulous process of scraping off old paint from a wooden surface, emphasizing the careful and methodical nature of the work.",0;1;8;9;465;467;468;469;472;473;548;549;664;667;668;669;680;683;873;874;876;879;880;881;1108;1111;1132;1133;1141;1143;1164;1167;1181;1182;1205;1207;1276;1279;1349;1350;1365;1366;1368;1369;1376;1377;1385;1387;1392;1393;1417;1419;1420;1422;1568;1570;1596;1598;1601;1602;1612;1615;1621;1622,64,1
6baa36c1-e4d0-4dbd-97b2-dff48ecf796e,Describe the setting shown in the video clip.,"Outside, near a window with a wood surface.","The video begins with a view of a garage or workshop area. The setting includes a concrete floor scattered with leaves and debris. There are two bicycles leaning against the wall, one with a blue frame and the other with a white frame. The wall is adorned with various tools and items, such as a red toolbox, a whiteboard with writing, and a shelf with miscellaneous objects. The ceiling has exposed beams and a fluorescent light fixture. The person in the video is wearing a dark blue long-sleeve shirt and a smartwatch on their left wrist. They are holding a red-handled tool, possibly a scraper or a putty knife, and are scraping or smoothing the surface of a wooden beam or panel. The background shows a window with a view of a residential area and a parked car. The person continues to work on the wooden surface, focusing on the area around the window. The video progresses with the person still working on the wooden surface, using the red-handled tool to scrape or smooth it. The background remains consistent, showing the residential area and the parked car. The person's movements are methodical and focused on the task at hand. The video wraps up with the person still working on the wooden surface, maintaining the same methodical and focused approach. The",0;1;8;9;465;467;468;469;548;549;664;667;668;669;677;678;680;683;873;874;876;879;880;881;1108;1111;1132;1133;1141;1143;1164;1167;1181;1182;1205;1207;1349;1350;1365;1366;1368;1369;1376;1377;1385;1387;1392;1393;1417;1419;1420;1422;1568;1570;1573;1575;1596;1598;1601;1602;1612;1615;1621;1622,64,1
6baa36c1-e4d0-4dbd-97b2-dff48ecf796e,What can be observed about the environment in the clip?,"It's outdoors, possibly at a residential location.","The environment in the clip is a garage or workshop with a concrete floor, wooden walls, and a window. There are various objects scattered around, including a bicycle, a ladder, and some tools. The lighting is natural, suggesting it is daytime.",0;1;8;9;465;467;468;469;548;549;664;667;668;669;680;683;873;874;876;879;880;881;1108;1111;1132;1133;1141;1143;1164;1167;1181;1182;1205;1207;1276;1279;1349;1350;1365;1366;1368;1369;1376;1377;1385;1387;1392;1393;1417;1419;1420;1422;1568;1570;1573;1575;1596;1598;1601;1602;1612;1615;1621;1622,64,1
6baa36c1-e4d0-4dbd-97b2-dff48ecf796e,Narrate the activity captured in this clip.,"Holding a scraper, staring at, and scraping a wood surface.","The video begins with a view of a garage or workshop area, showing various items such as bicycles, tools, and a workbench. The floor is scattered with leaves, indicating an outdoor or semi-outdoor setting. The camera then pans out to reveal a window with a view of a residential area and a car parked outside. The focus shifts to a close-up of a person's hands using a paint scraper to remove old paint from a wooden surface, likely a window frame or door. The person is wearing a dark blue long-sleeve shirt and a smartwatch on their left wrist. The paint scraper is red and black, and the person is methodically scraping off the peeling paint, revealing the bare wood underneath.The scene continues with the person's hands still using the paint scraper to remove the old paint from the wooden surface. The background remains consistent, showing the same residential area and the car parked outside. The person's movements are deliberate and focused on the task at hand. The video progresses with the person continuing to scrape the paint, with the paint scraper making contact with the wood and removing the old paint layer by layer. The person's hands are steady, and the paint scraper is used with precision to ensure the paint is removed evenly.The video wraps up with",0;1;8;9;465;467;468;469;548;549;664;667;668;669;680;683;692;695;873;874;876;879;880;881;1108;1111;1132;1133;1141;1143;1164;1167;1181;1182;1205;1207;1349;1350;1365;1366;1368;1369;1376;1377;1385;1387;1392;1393;1417;1419;1420;1422;1568;1570;1573;1575;1596;1598;1601;1602;1612;1615;1621;1622,64,1
6baa36c1-e4d0-4dbd-97b2-dff48ecf796e,Can you provide a caption for the action taking place?,Scraping Away: Unveiling the Wood Beneath.,"The person is meticulously scraping off old paint from a wooden surface, likely as part of a home improvement or renovation project.",0;1;8;9;465;467;468;469;548;549;664;667;668;669;677;678;680;683;873;874;876;879;880;881;1108;1111;1132;1133;1141;1143;1164;1167;1181;1182;1205;1207;1349;1350;1365;1366;1368;1369;1376;1377;1385;1387;1392;1393;1417;1419;1420;1422;1568;1570;1573;1575;1596;1598;1601;1602;1612;1615;1621;1622,64,1
6baa36c1-e4d0-4dbd-97b2-dff48ecf796e,Did the individual successfully remove some of the unwanted cover?,Yes.,"Yes, the individual successfully removed some of the unwanted cover, as indicated by the progress in the video.",0;1;8;9;465;467;468;469;548;549;664;667;668;669;680;683;873;874;876;879;880;881;1108;1111;1132;1133;1141;1143;1164;1167;1181;1182;1205;1207;1276;1279;1349;1350;1365;1366;1368;1369;1376;1377;1385;1387;1392;1393;1417;1419;1420;1422;1568;1570;1573;1575;1596;1598;1601;1602;1612;1615;1621;1622,64,1
6baa36c1-e4d0-4dbd-97b2-dff48ecf796e,Is the person using a tool to work on the surface?,Yes.,Yes.,0;1;8;9;465;467;468;469;548;549;664;667;668;669;680;683;873;874;876;879;880;881;1108;1111;1132;1133;1141;1143;1164;1167;1181;1182;1205;1207;1276;1279;1349;1350;1365;1366;1368;1369;1376;1377;1385;1387;1392;1393;1417;1419;1420;1422;1568;1570;1573;1575;1596;1598;1601;1602;1612;1615;1621;1622,64,1
6baa36c1-e4d0-4dbd-97b2-dff48ecf796e,Has the person been carefully examining the wood surface?,Yes.,"Yes, the person has been carefully examining the wood surface, as indicated by their deliberate and focused actions while scraping off the old paint.",0;1;8;9;465;467;468;469;548;549;664;667;668;669;680;683;873;874;876;879;880;881;1108;1111;1132;1133;1141;1143;1164;1167;1181;1182;1205;1207;1349;1350;1358;1359;1365;1366;1368;1369;1376;1377;1385;1387;1392;1393;1417;1419;1420;1422;1568;1570;1573;1575;1596;1598;1601;1602;1612;1615;1621;1622,64,1
6baa36c1-e4d0-4dbd-97b2-dff48ecf796e,Is the work being performed close to a window?,Yes.,Yes.,0;1;8;9;465;467;468;469;548;549;664;667;668;669;677;678;680;683;873;874;876;879;880;881;1108;1111;1132;1133;1141;1143;1164;1167;1181;1182;1205;1207;1349;1350;1365;1366;1368;1369;1376;1377;1385;1387;1392;1393;1417;1419;1420;1422;1568;1570;1573;1575;1596;1598;1601;1602;1612;1615;1621;1622,64,1
6baa36c1-e4d0-4dbd-97b2-dff48ecf796e,Did I rub waste with my hand before climbing the ladder?,Yes.,"The video does not show you rubbing waste with your hand before climbing the ladder. It shows you preparing to climb the ladder, but there is no indication of rubbing waste with your hand.",0;1;8;9;465;467;468;469;548;549;664;667;668;669;680;683;873;874;876;879;880;881;1108;1111;1132;1133;1141;1143;1164;1167;1181;1182;1205;1207;1276;1279;1349;1350;1365;1366;1368;1369;1376;1377;1385;1387;1392;1393;1417;1419;1420;1422;1568;1570;1573;1575;1596;1598;1601;1602;1612;1615;1621;1622,64,1
6baa36c1-e4d0-4dbd-97b2-dff48ecf796e,Is the unwanted cover removed after I stare at the wood surface?,No.,"Yes, the unwanted cover is removed after you stare at the wood surface.",0;1;8;9;465;467;468;469;548;549;664;667;668;669;680;683;873;874;876;879;880;881;1108;1111;1132;1133;1141;1143;1164;1167;1181;1182;1205;1207;1349;1350;1358;1359;1365;1366;1368;1369;1376;1377;1385;1387;1392;1393;1417;1419;1420;1422;1568;1570;1573;1575;1596;1598;1601;1602;1612;1615;1621;1622,64,1
6baa36c1-e4d0-4dbd-97b2-dff48ecf796e,Do I hold the scraper before removing the unwanted cover?,No.,"Yes, you hold the scraper before removing the unwanted cover.",0;1;8;9;465;467;468;469;548;549;664;667;668;669;680;683;873;874;876;879;880;881;1108;1111;1132;1133;1141;1143;1164;1167;1181;1182;1205;1207;1276;1279;1349;1350;1365;1366;1368;1369;1376;1377;1385;1387;1392;1393;1417;1419;1420;1422;1568;1570;1573;1575;1596;1598;1601;1602;1612;1615;1621;1622,64,1
6baa36c1-e4d0-4dbd-97b2-dff48ecf796e,Am I outside when I stare at the wood surface?,Yes.,"Yes, you are outside when you stare at the wood surface.",0;1;8;9;465;467;468;469;548;549;664;667;668;669;680;683;873;874;876;879;880;881;1108;1111;1132;1133;1141;1143;1164;1167;1181;1182;1205;1207;1349;1350;1358;1359;1365;1366;1368;1369;1376;1377;1385;1387;1392;1393;1417;1419;1420;1422;1568;1570;1573;1575;1596;1598;1601;1602;1612;1615;1621;1622,64,1
6baa36c1-e4d0-4dbd-97b2-dff48ecf796e,What happens just before I hold the scraper?,Staring at the wood surface.,"Just before holding the scraper, the person is seen holding a paint roller, which is used to apply paint to the wooden surface.",0;1;8;9;465;467;468;469;548;549;664;667;668;669;680;683;873;874;876;879;880;881;1108;1111;1132;1133;1141;1143;1164;1167;1181;1182;1205;1207;1276;1279;1349;1350;1365;1366;1368;1369;1376;1377;1385;1387;1392;1393;1417;1419;1420;1422;1568;1570;1573;1575;1596;1598;1601;1602;1612;1615;1621;1622,64,1
6baa36c1-e4d0-4dbd-97b2-dff48ecf796e,Did I smooth the surface with a planer before scraping it with a scraper?,Yes,"Yes, you first used a planer to smooth the surface before scraping it with a scraper.",0;1;8;9;465;467;468;469;548;549;664;667;668;669;680;683;873;874;876;879;880;881;1108;1111;1132;1133;1141;1143;1164;1167;1181;1182;1205;1207;1349;1350;1358;1359;1365;1366;1368;1369;1376;1377;1385;1387;1392;1393;1417;1419;1420;1422;1568;1570;1573;1575;1596;1598;1601;1602;1612;1615;1621;1622,64,1
6baa36c1-e4d0-4dbd-97b2-dff48ecf796e,Did I rub waste with my hand before climbing the ladder?,Yes,"The video does not show you rubbing waste with your hand before climbing the ladder. It shows you preparing to climb the ladder, but there is no indication of rubbing waste with your hand.",0;1;8;9;465;467;468;469;548;549;664;667;668;669;680;683;873;874;876;879;880;881;1108;1111;1132;1133;1141;1143;1164;1167;1181;1182;1205;1207;1276;1279;1349;1350;1365;1366;1368;1369;1376;1377;1385;1387;1392;1393;1417;1419;1420;1422;1568;1570;1573;1575;1596;1598;1601;1602;1612;1615;1621;1622,64,1
6baa36c1-e4d0-4dbd-97b2-dff48ecf796e,Did I climb the ladder before removing the unwanted cover from the surface?,Yes,"Yes, you climbed the ladder before removing the unwanted cover from the surface.",0;1;8;9;465;467;468;469;548;549;664;667;668;669;680;683;873;874;876;879;880;881;1108;1111;1132;1133;1141;1143;1164;1167;1181;1182;1205;1207;1349;1350;1358;1359;1365;1366;1368;1369;1376;1377;1385;1387;1392;1393;1417;1419;1420;1422;1568;1570;1573;1575;1596;1598;1601;1602;1612;1615;1621;1622,64,1
6baa36c1-e4d0-4dbd-97b2-dff48ecf796e,What is the setting depicted in the video clip?,It is an outdoor setting surrounding a window frame.,"The setting depicted in the video clip is a garage or workshop with various tools and items scattered around, including bicycles, a workbench, and a window.",0;1;8;9;465;467;468;469;548;549;664;667;668;669;680;683;873;874;876;879;880;881;1132;1133;1141;1143;1164;1167;1181;1182;1349;1350;1365;1366;1368;1369;1376;1377;1385;1387;1392;1393;1417;1419;1420;1422;1568;1570;1596;1598;1601;1602;1612;1615;1664;1666;1668;1671;1681;1682;1684;1686;1741;1742,64,1
6baa36c1-e4d0-4dbd-97b2-dff48ecf796e,What is the state of the window frame in the scene?,The window frame is in the process of being scraped.,"The window frame has peeling paint, indicating it needs to be repaired.",0;1;8;9;465;467;468;469;548;549;664;667;680;683;873;874;876;879;880;881;1132;1133;1141;1143;1164;1167;1181;1182;1349;1350;1365;1366;1368;1369;1376;1377;1385;1387;1392;1393;1417;1419;1420;1422;1568;1570;1596;1598;1601;1602;1612;1615;1621;1622;1664;1666;1668;1671;1681;1682;1684;1686;1741;1742,64,1
6baa36c1-e4d0-4dbd-97b2-dff48ecf796e,Describe the immediate environment around the window frame.,There's discarded material on the ground near the window frame.,The window frame is set against a backdrop of a light green exterior wall with a white window sill. There is a small patch of grass and a few plants visible outside the window.,0;1;8;9;468;469;548;549;664;667;668;669;680;683;873;874;876;879;880;881;1132;1133;1141;1143;1164;1167;1181;1182;1205;1207;1365;1366;1368;1369;1376;1377;1385;1387;1392;1393;1417;1419;1420;1422;1568;1570;1573;1575;1596;1598;1601;1602;1612;1615;1664;1666;1668;1671;1681;1682;1684;1686;1741;1742,64,1
6baa36c1-e4d0-4dbd-97b2-dff48ecf796e,What can be inferred about the surface condition in the scene?,"The surface likely needed maintenance, as it's being scraped.","The surface condition in the scene is rough and unfinished, with visible patches of white material, likely plaster or paint, that have been removed or are in the process of being removed.",0;1;8;9;465;467;468;469;548;549;664;667;680;683;873;874;876;879;880;881;1132;1133;1141;1143;1164;1167;1181;1182;1349;1350;1365;1366;1368;1369;1376;1377;1385;1387;1392;1393;1417;1419;1420;1422;1568;1570;1596;1598;1601;1602;1612;1615;1621;1622;1664;1666;1668;1671;1681;1682;1684;1686;1741;1742,64,1
6baa36c1-e4d0-4dbd-97b2-dff48ecf796e,Are there any signs of ongoing construction or repair in the video?,"Yes, the scraping indicates repair or renovation work.","Yes, there are signs of ongoing construction or repair in the video, such as the presence of a ladder and the person's attire, which includes a watch and a long-sleeved shirt.",0;1;8;9;465;467;468;469;548;549;664;667;680;683;873;874;876;879;880;881;1108;1111;1132;1133;1164;1167;1181;1182;1349;1350;1365;1366;1368;1369;1376;1377;1385;1387;1392;1393;1417;1419;1420;1422;1568;1570;1596;1598;1601;1602;1612;1615;1621;1622;1664;1666;1668;1671;1681;1682;1684;1686;1741;1742,64,1
6baa36c1-e4d0-4dbd-97b2-dff48ecf796e,What action is the person performing in the new frames?,The person is scraping the surface of a window frame.,The person is using a sanding tool to smooth out the surface of the wooden window frame.,0;1;8;9;465;467;468;469;548;549;664;667;680;683;873;874;876;879;880;881;1132;1133;1141;1143;1164;1167;1181;1182;1349;1350;1365;1366;1368;1369;1376;1377;1385;1387;1392;1393;1417;1419;1420;1422;1568;1570;1596;1598;1601;1602;1612;1615;1621;1622;1664;1666;1668;1671;1681;1682;1684;1686;1741;1742,64,1
6baa36c1-e4d0-4dbd-97b2-dff48ecf796e,How is the person preparing the window frame?,By removing unwanted cover and rubbing the surface.,"The person is using a sanding tool to smooth out the surface of the window frame, removing any rough patches or imperfections.",0;1;8;9;465;467;468;469;548;549;664;667;680;683;873;874;876;879;880;881;1132;1133;1164;1167;1181;1182;1205;1207;1349;1350;1365;1366;1368;1369;1376;1377;1385;1387;1392;1393;1417;1419;1420;1422;1568;1570;1596;1598;1601;1602;1612;1615;1621;1622;1664;1666;1668;1671;1681;1682;1684;1686;1741;1742,64,1
6baa36c1-e4d0-4dbd-97b2-dff48ecf796e,What maintenance task can be seen happening around a window?,Scraping off old paint or material from the window frame.,The maintenance task being performed around the window is scraping off old paint or plaster from the window frame.,0;1;8;9;465;467;468;469;548;549;664;667;668;669;680;683;873;874;876;879;880;881;1132;1133;1141;1143;1164;1167;1181;1182;1349;1350;1365;1366;1368;1369;1376;1377;1385;1387;1392;1393;1417;1419;1420;1422;1568;1570;1596;1598;1601;1602;1612;1615;1664;1666;1668;1671;1681;1682;1684;1686;1741;1742,64,1
6baa36c1-e4d0-4dbd-97b2-dff48ecf796e,Has the protective cover been removed from the window surface?,Yes.,"Yes, the protective cover has been removed from the window surface.",0;1;8;9;468;469;548;549;664;667;680;683;873;874;876;879;880;881;1108;1111;1132;1133;1164;1167;1181;1182;1349;1350;1365;1366;1368;1369;1376;1377;1385;1387;1392;1393;1417;1419;1420;1422;1568;1570;1573;1575;1596;1598;1601;1602;1612;1615;1621;1622;1664;1666;1668;1671;1681;1682;1684;1686;1741;1742,64,1
6baa36c1-e4d0-4dbd-97b2-dff48ecf796e,Is there any sign of the person completing the scraping action?,"No, the person is still holding the scraper.","Yes, the person's hands are visible, wearing a dark blue long-sleeve shirt and a watch on the left wrist.",0;1;8;9;465;467;468;469;548;549;664;667;680;683;873;874;876;879;880;881;1132;1133;1141;1143;1164;1167;1181;1182;1349;1350;1365;1366;1368;1369;1376;1377;1385;1387;1392;1393;1417;1419;1420;1422;1568;1570;1596;1598;1601;1602;1612;1615;1621;1622;1664;1666;1668;1671;1681;1682;1684;1686;1741;1742,64,1
6baa36c1-e4d0-4dbd-97b2-dff48ecf796e,Does the footage show a fully renovated window frame?,"No, the window is still being worked on.","No, the footage shows the window frame in the process of being renovated, with visible patches of white paint and areas where the original color is still visible.",0;1;8;9;465;467;468;469;548;549;664;667;668;669;680;683;873;874;876;879;880;881;1132;1133;1164;1167;1181;1182;1205;1207;1349;1350;1365;1366;1368;1369;1376;1377;1385;1387;1392;1393;1417;1419;1420;1422;1568;1570;1596;1598;1601;1602;1612;1615;1664;1666;1668;1671;1681;1682;1684;1686;1741;1742,64,1
6baa36c1-e4d0-4dbd-97b2-dff48ecf796e,Did the person in the video fully rub the surface?,"No, only part of the surface has been rubbed.","Yes, the person in the video fully rubbed the surface, ensuring that the area was thoroughly cleaned.",0;1;8;9;465;467;468;469;548;549;664;667;680;683;873;874;876;879;880;881;1132;1133;1164;1167;1181;1182;1205;1207;1349;1350;1365;1366;1368;1369;1376;1377;1385;1387;1392;1393;1417;1419;1420;1422;1568;1570;1596;1598;1601;1602;1612;1615;1621;1622;1664;1666;1668;1671;1681;1682;1684;1686;1741;1742,64,1
6baa36c1-e4d0-4dbd-97b2-dff48ecf796e,Has all the discarded material been cleared from the ground?,"No, the material is still on the ground.","No, there is still some discarded material on the ground.",0;1;8;9;465;467;468;469;548;549;664;667;668;669;680;683;873;874;876;879;880;881;1132;1133;1164;1167;1181;1182;1349;1350;1365;1366;1368;1369;1376;1377;1385;1387;1392;1393;1417;1419;1420;1422;1568;1570;1596;1598;1601;1602;1612;1615;1621;1622;1664;1666;1668;1671;1681;1682;1684;1686;1741;1742,64,1
6baa36c1-e4d0-4dbd-97b2-dff48ecf796e,"In the video, does staring at the wood surface occur before removing the unwanted cover?",No,"Yes, staring at the wood surface occurs before removing the unwanted cover.",0;1;8;9;465;467;468;469;548;549;664;667;680;683;873;874;876;879;880;881;1132;1133;1164;1167;1181;1182;1349;1350;1365;1366;1368;1369;1376;1377;1385;1387;1392;1393;1417;1419;1420;1422;1568;1570;1573;1575;1596;1598;1601;1602;1612;1615;1621;1622;1664;1666;1668;1671;1681;1682;1684;1686;1741;1742,64,1
6baa36c1-e4d0-4dbd-97b2-dff48ecf796e,Is the wood surface rubbed after removing the unwanted cover?,Yes,"Yes, the wood surface is rubbed after removing the unwanted cover.",0;1;8;9;465;467;468;469;548;549;664;667;668;669;680;683;873;874;876;879;880;881;1132;1133;1164;1167;1181;1182;1349;1350;1365;1366;1368;1369;1376;1377;1385;1387;1392;1393;1417;1419;1420;1422;1568;1570;1596;1598;1601;1602;1612;1615;1621;1622;1664;1666;1668;1671;1681;1682;1684;1686;1741;1742,64,1
6baa36c1-e4d0-4dbd-97b2-dff48ecf796e,"In the video, does holding the scraper happen before rubbing the surface?",Yes,"Yes, holding the scraper happens before rubbing the surface.",0;1;8;9;465;467;468;469;548;549;664;667;680;683;873;874;876;879;880;881;1132;1133;1164;1167;1181;1182;1205;1207;1349;1350;1365;1366;1368;1369;1376;1377;1385;1387;1392;1393;1417;1419;1420;1422;1568;1570;1596;1598;1601;1602;1612;1615;1621;1622;1664;1666;1668;1671;1681;1682;1684;1686;1741;1742,64,1
6baa36c1-e4d0-4dbd-97b2-dff48ecf796e,What happens just before rubbing the wood surface in the video?,Removing unwanted cover,"Just before rubbing the wood surface, the person is seen holding a red-handled sanding tool and preparing to sand the wood.",0;1;8;9;465;467;468;469;548;549;664;667;680;683;873;874;876;879;880;881;1132;1133;1141;1143;1164;1167;1181;1182;1349;1350;1365;1366;1368;1369;1376;1377;1385;1387;1392;1393;1417;1419;1420;1422;1568;1570;1596;1598;1601;1602;1612;1615;1621;1622;1664;1666;1668;1671;1681;1682;1684;1686;1741;1742,64,1
6baa36c1-e4d0-4dbd-97b2-dff48ecf796e,What happens just before removing the unwanted cover in the video?,Staring at the wood surface.,"Just before removing the unwanted cover, the person is seen holding a red-handled tool, likely a scraper or putty knife, and is in the process of scraping off the white material from the wooden surface.",0;1;8;9;465;467;468;469;548;549;664;667;668;669;680;683;873;874;876;879;880;881;1132;1133;1141;1143;1164;1167;1181;1182;1349;1350;1365;1366;1368;1369;1376;1377;1385;1387;1392;1393;1417;1419;1420;1422;1568;1570;1596;1598;1601;1602;1612;1615;1664;1666;1668;1671;1681;1682;1684;1686;1741;1742,64,1
6baa36c1-e4d0-4dbd-97b2-dff48ecf796e,Did rubbing the surface happen before staring at the wood surface?,No,"No, rubbing the surface happened after staring at the wood surface.",0;1;8;9;465;467;468;469;548;549;664;667;680;683;873;874;876;879;880;881;1132;1133;1164;1167;1181;1182;1349;1350;1365;1366;1368;1369;1376;1377;1385;1387;1392;1393;1417;1419;1420;1422;1568;1570;1573;1575;1596;1598;1601;1602;1612;1615;1621;1622;1664;1666;1668;1671;1681;1682;1684;1686;1741;1742,64,1
6baa36c1-e4d0-4dbd-97b2-dff48ecf796e,Was the ladder climbed before removing the unwanted cover?,Yes,"Yes, the ladder was climbed before removing the unwanted cover.",0;1;8;9;468;469;548;549;664;667;668;669;680;683;873;874;876;879;880;881;1132;1133;1164;1167;1181;1182;1205;1207;1349;1350;1365;1366;1368;1369;1376;1377;1385;1387;1392;1393;1417;1419;1420;1422;1568;1570;1596;1598;1601;1602;1612;1615;1621;1622;1664;1666;1668;1671;1681;1682;1684;1686;1741;1742,64,1
6baa36c1-e4d0-4dbd-97b2-dff48ecf796e,Was the unwanted cover removed after rubbing waste with hand?,Yes,"Yes, the unwanted cover was removed after rubbing waste with hand.",0;1;8;9;468;469;548;549;664;667;668;669;680;683;873;874;876;879;880;881;1132;1133;1141;1143;1164;1167;1181;1182;1205;1207;1349;1350;1365;1366;1368;1369;1376;1377;1385;1387;1392;1393;1417;1419;1420;1422;1568;1570;1596;1598;1601;1602;1612;1615;1664;1666;1668;1671;1681;1682;1684;1686;1741;1742,64,1
6baa36c1-e4d0-4dbd-97b2-dff48ecf796e,Did staring at the wood surface happen before holding the scraper?,No,"Yes, staring at the wood surface happened before holding the scraper.",0;1;8;9;465;467;468;469;548;549;664;667;680;683;873;874;876;879;880;881;1132;1133;1164;1167;1181;1182;1349;1350;1365;1366;1368;1369;1376;1377;1385;1387;1392;1393;1417;1419;1420;1422;1568;1570;1573;1575;1596;1598;1601;1602;1612;1615;1621;1622;1664;1666;1668;1671;1681;1682;1684;1686;1741;1742,64,1
6baa36c1-e4d0-4dbd-97b2-dff48ecf796e,What is done after staring at the wood surface?,Holding the scraper,"After staring at the wood surface, the person uses a red-handled sanding tool to smooth out the rough edges of the wood.",0;1;8;9;465;467;468;469;548;549;664;667;680;683;873;874;876;879;880;881;1132;1133;1164;1167;1181;1182;1349;1350;1365;1366;1368;1369;1376;1377;1385;1387;1392;1393;1417;1419;1420;1422;1568;1570;1573;1575;1596;1598;1601;1602;1612;1615;1621;1622;1664;1666;1668;1671;1681;1682;1684;1686;1741;1742,64,1
6baa36c1-e4d0-4dbd-97b2-dff48ecf796e,What is the overall setting of the video clip?,"Outside, near a building with unwanted cover being removed.","The video clip is set in a garage or workshop with various tools and items scattered around, including bicycles, a workbench, and a window.",0;1;8;9;468;469;548;549;664;667;680;683;873;874;876;879;880;881;1132;1133;1164;1167;1181;1182;1349;1350;1365;1366;1368;1369;1376;1377;1385;1387;1392;1393;1417;1419;1420;1422;1568;1570;1596;1598;1601;1602;1612;1615;1664;1666;1668;1671;1681;1682;1684;1686;1741;1742;1777;1778;1780;1781;1796;1797,64,1
6baa36c1-e4d0-4dbd-97b2-dff48ecf796e,What's the main focus of the scene?,A person cleaning an area by a building.,"The main focus of the scene is the person's hands as they work on the wooden surface, using a tool to scrape or smooth it.",0;1;8;9;465;467;468;469;548;549;664;667;680;683;873;874;876;879;880;881;1164;1167;1181;1182;1349;1350;1365;1366;1368;1369;1376;1377;1385;1387;1392;1393;1417;1419;1420;1422;1568;1570;1596;1598;1601;1602;1612;1615;1621;1622;1664;1666;1668;1671;1681;1682;1684;1686;1741;1742;1777;1778;1780;1781,64,1
6baa36c1-e4d0-4dbd-97b2-dff48ecf796e,What kind of location is shown in the video?,An outdoor location by a building.,The video shows a garage or workshop with various tools and items scattered around.,0;1;8;9;468;469;548;549;664;667;680;683;873;874;876;879;880;881;1132;1133;1141;1143;1164;1167;1181;1182;1349;1350;1365;1366;1368;1369;1376;1377;1385;1387;1392;1393;1417;1419;1420;1422;1568;1570;1596;1598;1601;1602;1612;1615;1664;1666;1668;1671;1681;1682;1684;1686;1741;1742;1777;1778;1780;1781,64,1
6baa36c1-e4d0-4dbd-97b2-dff48ecf796e,What task is being performed in the frames?,Scraping off unwanted cover from a surface.,"The frames depict a person engaged in the task of scraping off old paint from a wooden surface, likely as part of a home improvement or renovation project.",0;1;8;9;468;469;548;549;664;667;680;683;873;874;876;879;880;881;1132;1133;1141;1143;1164;1167;1181;1182;1349;1350;1365;1366;1368;1369;1376;1377;1385;1387;1392;1393;1417;1419;1420;1422;1568;1570;1596;1598;1601;1602;1612;1615;1664;1666;1668;1671;1681;1682;1684;1686;1741;1742;1777;1778;1780;1781,64,1
6baa36c1-e4d0-4dbd-97b2-dff48ecf796e,Can you detail the activity taking place?,A person removing a covering layer from a window.,"The video depicts a series of activities focused on the maintenance and preparation of a wooden structure, likely a part of a house or a shed. The setting appears to be outdoors, with a clear view of a residential area in the background. The wooden structure has a vertical surface with peeling paint, indicating that it requires refurbishment.The individual in the video is wearing a dark blue long-sleeve shirt and a smartwatch on their left wrist. They are using a red-handled putty knife to scrape off the old, flaking paint from the wooden surface. The person's hands are steady and methodical, ensuring that the paint is removed thoroughly. The background shows a window with a view of a residential area, including a parked car and some greenery.The video progresses with the person continuing to scrape the paint off the wooden surface, revealing the bare wood underneath. The focus remains on the meticulous removal of the old paint, with the person's hands moving in a consistent, back-and-forth motion to ensure all the flaking paint is removed. The background remains consistent, showing the same residential area with the window and parked car.The video wraps up with the person still engaged in the task of scraping the paint off the wooden surface. The person's hands are",0;1;8;9;468;469;548;549;664;667;680;683;873;874;876;879;880;881;1132;1133;1164;1167;1181;1182;1349;1350;1365;1366;1368;1369;1376;1377;1385;1387;1392;1393;1417;1419;1420;1422;1568;1570;1596;1598;1601;1602;1612;1615;1664;1666;1668;1671;1681;1682;1684;1686;1741;1742;1777;1778;1780;1781;1796;1797,64,1
6baa36c1-e4d0-4dbd-97b2-dff48ecf796e,What is the immediate action captured?,A hand using a tool to clean a window.,The immediate action captured is the person scraping off the old paint from the wooden surface.,0;1;8;9;468;469;548;549;664;667;668;669;680;683;873;874;876;879;880;881;1132;1133;1141;1143;1164;1167;1181;1182;1365;1366;1368;1369;1376;1377;1385;1387;1392;1393;1417;1419;1420;1422;1568;1570;1596;1598;1601;1602;1612;1615;1664;1666;1668;1671;1681;1682;1684;1686;1741;1742;1777;1778;1780;1781,64,1
6baa36c1-e4d0-4dbd-97b2-dff48ecf796e,What is the implication of the depicted movement?,Preparation or cleaning of a building's exterior.,"The depicted movement implies that the person is actively engaged in the task of scraping off the old paint from the window frame, which is a preparatory step for repainting or refinishing the wood.",0;1;465;467;468;469;548;549;664;667;680;683;873;874;876;879;880;881;1132;1133;1164;1167;1181;1182;1349;1350;1365;1366;1368;1369;1376;1377;1385;1387;1392;1393;1417;1419;1420;1422;1568;1570;1596;1598;1601;1602;1612;1615;1664;1666;1668;1671;1681;1682;1684;1686;1741;1742;1777;1778;1780;1781;1796;1797,64,1
6baa36c1-e4d0-4dbd-97b2-dff48ecf796e,Did the camera wearer completely remove the unwanted cover?,No.,"Yes, the camera wearer completely removed the unwanted cover.",0;1;8;9;465;467;468;469;548;549;664;667;680;683;873;874;876;879;880;881;1132;1133;1164;1167;1181;1182;1365;1366;1368;1369;1376;1377;1385;1387;1392;1393;1417;1419;1420;1422;1568;1570;1596;1598;1601;1602;1612;1615;1664;1666;1668;1671;1681;1682;1684;1686;1741;1742;1777;1778;1780;1781;1796;1797,64,1
6baa36c1-e4d0-4dbd-97b2-dff48ecf796e,Did the video contain any interaction with another person?,"No, it only shows a person working alone.","No, the video does not contain any interaction with another person.",0;1;8;9;465;467;468;469;548;549;664;667;680;683;873;874;876;879;880;881;1164;1167;1181;1182;1349;1350;1365;1366;1368;1369;1376;1377;1385;1387;1392;1393;1417;1419;1420;1422;1568;1570;1596;1598;1601;1602;1612;1615;1664;1666;1668;1671;1681;1682;1684;1686;1741;1742;1777;1778;1780;1781;1796;1797,64,1
6baa36c1-e4d0-4dbd-97b2-dff48ecf796e,Does the frame convey the completion of the task?,"No, the task appears to be in progress.","No, the frame does not convey the completion of the task.",0;1;8;9;465;467;468;469;548;549;664;667;680;683;873;874;876;879;880;881;1164;1167;1181;1182;1349;1350;1365;1366;1368;1369;1376;1377;1385;1387;1392;1393;1417;1419;1420;1422;1568;1570;1596;1598;1601;1602;1612;1615;1664;1666;1668;1671;1681;1682;1684;1686;1741;1742;1777;1778;1780;1781;1796;1797,64,1
6baa36c1-e4d0-4dbd-97b2-dff48ecf796e,Did the rubbing of the surface happen before walking outside?,No,"Yes, the rubbing of the surface happened before walking outside.",0;1;8;9;468;469;548;549;664;667;680;683;873;874;876;879;880;881;1132;1133;1164;1167;1181;1182;1349;1350;1365;1366;1368;1369;1376;1377;1385;1387;1392;1393;1417;1419;1420;1422;1568;1570;1596;1598;1601;1602;1612;1615;1621;1622;1664;1666;1668;1671;1681;1682;1684;1686;1741;1742;1777;1778;1780;1781,64,1
6baa36c1-e4d0-4dbd-97b2-dff48ecf796e,Is the scraper held after removing unwanted cover from the surface?,Yes,Yes.,0;1;8;9;468;469;548;549;664;667;668;669;680;683;873;874;876;879;880;881;1132;1133;1164;1167;1181;1182;1205;1207;1365;1366;1368;1369;1376;1377;1385;1387;1392;1393;1417;1419;1420;1422;1568;1570;1596;1598;1601;1602;1612;1615;1664;1666;1668;1671;1681;1682;1684;1686;1741;1742;1777;1778;1780;1781,64,1
6baa36c1-e4d0-4dbd-97b2-dff48ecf796e,Does the unwanted cover get removed before the surface is rubbed?,Yes,"Yes, the unwanted cover is removed before the surface is rubbed.",0;1;8;9;468;469;548;549;664;667;680;683;873;874;876;879;880;881;1132;1133;1164;1167;1181;1182;1349;1350;1365;1366;1368;1369;1376;1377;1385;1387;1392;1393;1417;1419;1420;1422;1568;1570;1596;1598;1601;1602;1612;1615;1621;1622;1664;1666;1668;1671;1681;1682;1684;1686;1741;1742;1777;1778;1780;1781,64,1
6baa36c1-e4d0-4dbd-97b2-dff48ecf796e,Did walking outside occur before holding the scraper?,Yes,"No, walking outside did not occur before holding the scraper.",0;1;8;9;468;469;548;549;664;667;680;683;873;874;876;879;880;881;1164;1167;1181;1182;1205;1207;1349;1350;1365;1366;1368;1369;1376;1377;1385;1387;1392;1393;1417;1419;1420;1422;1568;1570;1596;1598;1601;1602;1612;1615;1664;1666;1668;1671;1681;1682;1684;1686;1741;1742;1777;1778;1780;1781;1796;1797,64,1
6baa36c1-e4d0-4dbd-97b2-dff48ecf796e,What happens before the surface is rubbed?,Unwanted cover is removed.,"Before the surface is rubbed, the person is seen holding a red-handled sanding tool and preparing to sand the surface.",0;1;8;9;465;467;468;469;548;549;664;667;680;683;873;874;876;879;880;881;1132;1133;1164;1167;1181;1182;1349;1350;1365;1366;1368;1369;1376;1377;1385;1387;1392;1393;1417;1419;1420;1422;1568;1570;1596;1598;1601;1602;1612;1615;1664;1666;1668;1671;1681;1682;1684;1686;1741;1742;1777;1778;1780;1781,64,1
6baa36c1-e4d0-4dbd-97b2-dff48ecf796e,What occurs just before the scraper is held?,The surface is rubbed.,"A hand wearing a watch appears, holding a red-handled tool, likely a scraper.",0;1;8;9;468;469;548;549;664;667;680;683;873;874;876;879;880;881;1132;1133;1164;1167;1181;1182;1349;1350;1365;1366;1368;1369;1376;1377;1385;1387;1392;1393;1417;1419;1420;1422;1568;1570;1596;1598;1601;1602;1612;1615;1664;1666;1668;1671;1681;1682;1684;1686;1741;1742;1777;1778;1780;1781;1796;1797,64,1
6baa36c1-e4d0-4dbd-97b2-dff48ecf796e,What takes place just before removing unwanted cover?,Being outside.,"Just before removing unwanted cover, the person uses a putty knife to scrape off the old, flaking paint from the window frame.",0;1;8;9;468;469;548;549;664;667;680;683;873;874;876;879;880;881;1132;1133;1141;1143;1164;1167;1181;1182;1205;1207;1365;1366;1368;1369;1376;1377;1385;1387;1392;1393;1417;1419;1420;1422;1568;1570;1596;1598;1601;1602;1612;1615;1664;1666;1668;1671;1681;1682;1684;1686;1741;1742;1777;1778;1780;1781,64,1
6baa36c1-e4d0-4dbd-97b2-dff48ecf796e,What action occurs before the unwanted cover is removed a second time?,Holding the scraper.,"Before the unwanted cover is removed a second time, the person uses a red-handled putty knife to scrape off the remaining white substance from the window frame.",0;1;8;9;468;469;548;549;664;667;680;683;873;874;876;879;880;881;1132;1133;1141;1143;1164;1167;1181;1182;1349;1350;1365;1366;1368;1369;1376;1377;1385;1387;1392;1393;1417;1419;1420;1422;1568;1570;1596;1598;1601;1602;1612;1615;1664;1666;1668;1671;1681;1682;1684;1686;1741;1742;1777;1778;1780;1781,64,1
6baa36c1-e4d0-4dbd-97b2-dff48ecf796e,Did I stare at the wood surface before removing the unwanted cover?,No,"Yes, you stared at the wood surface before removing the unwanted cover.",0;1;8;9;468;469;548;549;664;667;680;683;873;874;876;879;880;881;1132;1133;1164;1167;1181;1182;1349;1350;1365;1366;1368;1369;1376;1377;1385;1387;1392;1393;1417;1419;1420;1422;1568;1570;1596;1598;1601;1602;1612;1615;1621;1622;1664;1666;1668;1671;1681;1682;1684;1686;1741;1742;1777;1778;1780;1781,64,1
6baa36c1-e4d0-4dbd-97b2-dff48ecf796e,Did I rub the surface after removing the unwanted cover?,Yes,"Yes, after removing the unwanted cover, the surface was rubbed to smooth it out.",0;1;8;9;468;469;548;549;664;667;680;683;873;874;876;879;880;881;1132;1133;1164;1167;1181;1182;1349;1350;1365;1366;1368;1369;1376;1377;1385;1387;1392;1393;1417;1419;1420;1422;1568;1570;1596;1598;1601;1602;1612;1615;1621;1622;1664;1666;1668;1671;1681;1682;1684;1686;1741;1742;1777;1778;1780;1781,64,1
6baa36c1-e4d0-4dbd-97b2-dff48ecf796e,Did I remove the unwanted cover before walking outside?,Yes,"Yes, you removed the unwanted cover before walking outside.",0;1;8;9;468;469;548;549;664;667;680;683;873;874;876;879;880;881;1132;1133;1141;1143;1164;1167;1181;1182;1205;1207;1365;1366;1368;1369;1376;1377;1385;1387;1392;1393;1417;1419;1420;1422;1568;1570;1596;1598;1601;1602;1612;1615;1664;1666;1668;1671;1681;1682;1684;1686;1741;1742;1777;1778;1780;1781,64,1
6baa36c1-e4d0-4dbd-97b2-dff48ecf796e,What happened before I held the scraper?,Removed unwanted cover and stared at the surface,"Before holding the scraper, I was engaged in the process of scraping off old paint from a wooden surface. The wooden surface appears to be part of a window frame or a similar structure, and the paint being removed is white. The area being worked on shows a significant amount of old paint that has already been scraped off, revealing the bare wood underneath. The surrounding area has some scattered debris from the scraping process, and the weather appears to be overcast.",0;1;8;9;465;467;468;469;548;549;664;667;680;683;873;874;876;879;880;881;1132;1133;1164;1167;1181;1182;1365;1366;1368;1369;1376;1377;1385;1387;1392;1393;1417;1419;1420;1422;1568;1570;1596;1598;1601;1602;1612;1615;1664;1666;1668;1671;1681;1682;1684;1686;1741;1742;1777;1778;1780;1781;1796;1797,64,1
6baa36c1-e4d0-4dbd-97b2-dff48ecf796e,What occurred just before walking outside?,Removed the unwanted cover,The person was engaged in scraping off old paint from a wooden surface.,0;1;8;9;468;469;548;549;664;667;680;683;873;874;876;879;880;881;1132;1133;1141;1143;1164;1167;1181;1182;1205;1207;1365;1366;1368;1369;1376;1377;1385;1387;1392;1393;1417;1419;1420;1422;1568;1570;1596;1598;1601;1602;1612;1615;1664;1666;1668;1671;1681;1682;1684;1686;1741;1742;1777;1778;1780;1781,64,1
6baa36c1-e4d0-4dbd-97b2-dff48ecf796e,What takes place right before removing the unwanted cover?,"Nothing, it's the initial action","Right before removing the unwanted cover, the person uses a putty knife to scrape off the old paint from the window frame.",0;1;8;9;468;469;548;549;664;667;680;683;873;874;876;879;880;881;1132;1133;1141;1143;1164;1167;1181;1182;1205;1207;1365;1366;1368;1369;1376;1377;1385;1387;1392;1393;1417;1419;1420;1422;1568;1570;1596;1598;1601;1602;1612;1615;1664;1666;1668;1671;1681;1682;1684;1686;1741;1742;1777;1778;1780;1781,64,1
6baa36c1-e4d0-4dbd-97b2-dff48ecf796e,What action occurred immediately before rubbing the surface?,Removed unwanted cover,The action that occurred immediately before rubbing the surface was scraping off the old paint with a putty knife.,0;1;8;9;468;469;548;549;664;667;680;683;873;874;876;879;880;881;1132;1133;1141;1143;1164;1167;1181;1182;1205;1207;1365;1366;1368;1369;1376;1377;1385;1387;1392;1393;1417;1419;1420;1422;1568;1570;1596;1598;1601;1602;1612;1615;1664;1666;1668;1671;1681;1682;1684;1686;1741;1742;1777;1778;1780;1781,64,1
e58207f1-84ec-424b-a997-ff64a57eb13b,What is the setting of the video clip?,The setting is inside a house.,"The setting of the video clip is a modern office or workspace with large windows, a couch, a lamp, and a whiteboard.",0;1;4;7;9;11;12;14;16;19;20;23;25;27;32;34;36;37;41;42;49;51;54;55;58;59;60;62;65;66;69;70;73;74;81;82;84;87;90;91;94;95;96;99;101;103;109;110;114;115;116;118;124;126;128;129;132;134;136;138;140;143;144;145,64,1
e58207f1-84ec-424b-a997-ff64a57eb13b,What activity occurs in the scene?,Walking around and checking items.,"A person wearing a black jacket and shorts enters the frame, walks towards the camera, and then exits the frame.",0;1;4;7;9;11;12;14;16;19;20;23;25;27;32;34;36;37;41;42;49;51;54;55;58;59;60;62;65;66;69;70;73;74;81;82;84;87;90;91;94;95;96;99;101;103;109;110;114;115;116;118;124;126;128;129;132;134;136;138;140;143;144;145,64,1
e58207f1-84ec-424b-a997-ff64a57eb13b,Are there multiple people in the video?,"Yes, two people are present.","Yes, there are multiple people in the video.",0;1;4;7;9;11;12;14;16;19;20;23;25;27;32;34;36;37;41;42;49;51;54;55;58;59;60;62;65;66;69;70;73;74;81;82;84;87;90;91;94;95;96;99;101;103;109;110;114;115;116;118;124;126;128;129;132;134;136;138;140;143;144;145,64,1
e58207f1-84ec-424b-a997-ff64a57eb13b,Did I exit the house during the video?,No.,"No, you did not exit the house during the video. The video shows you moving around the house, but you remain within the premises.",0;1;4;7;9;11;12;14;16;19;20;23;25;27;32;34;36;37;41;42;49;51;54;55;58;59;60;62;65;66;69;70;73;74;81;82;84;87;90;91;94;95;96;99;101;103;109;110;114;115;116;118;124;126;128;129;132;134;136;138;140;143;144;145,64,1
e58207f1-84ec-424b-a997-ff64a57eb13b,Did I ignore any rooms while checking?,No.,"It appears that you have not mentioned any specific rooms that you ignored while checking. You've described various rooms and areas within a building, including a living room, a hallway, a room with a bed, and other spaces. If you have any specific rooms in mind that you did not mention, please let me know, and I can provide more information about those areas.",0;1;4;7;9;11;12;14;16;19;20;23;25;27;32;34;36;37;41;42;49;51;54;55;58;59;60;62;65;66;69;70;73;74;81;82;84;87;90;91;94;95;96;99;101;103;109;110;114;115;116;118;124;126;128;129;132;134;136;138;140;143;144;145,64,1
e58207f1-84ec-424b-a997-ff64a57eb13b,Did the interaction with the other person seem hostile?,No.,no,0;1;4;7;9;11;12;14;16;19;20;23;25;27;32;34;36;37;41;42;49;51;54;55;58;59;60;62;65;66;69;70;73;74;81;82;84;87;90;91;94;95;96;99;101;103;109;110;114;115;116;118;124;126;128;129;132;134;136;138;140;143;144;145,64,1
e58207f1-84ec-424b-a997-ff64a57eb13b,Did I find anything unusual in the items?,The video does not indicate that.,"It seems you've provided a series of images that appear to be taken from a first-person perspective, possibly from a video or a series of photographs. The images show an indoor setting with various objects and furniture, such as a couch, a lamp, a plant, and some framed pictures on the wall. There's also a glimpse of a person in one of the images.Without more context or specific questions about the items, it's challenging to determine what might be considered unusual. Everything seems to be typical of an indoor living space. If there's something specific you're curious about or find unusual, please provide more details or ask a direct question about it.",0;1;4;7;9;11;12;14;16;19;20;23;25;27;32;34;36;37;41;42;49;51;54;55;58;59;60;62;65;66;69;70;73;74;81;82;84;87;90;91;94;95;96;99;101;103;109;110;114;115;116;118;124;126;128;129;132;134;136;138;140;143;144;145,64,1
e58207f1-84ec-424b-a997-ff64a57eb13b,What setting is introduced in this video clip?,An interior of a house.,"The video clip introduces a modern, well-lit interior space with large windows, a gray sofa, a white coffee table with a magazine, and a tall floor lamp.",9;11;32;34;36;37;41;42;60;62;109;110;140;143;150;151;156;157;160;162;164;165;169;171;173;174;176;178;180;183;184;187;188;190;194;195;196;197;205;207;217;219;228;231;232;234;237;239;241;243;252;253;258;259;264;265;268;269;272;274;278;279;280;282,64,1
e58207f1-84ec-424b-a997-ff64a57eb13b,What objects are central to the scene in this video?,A magazine and a woman.,"The central objects in the scene are the gray sofa, the white lamp, and the magazine with a cover image of a person.",9;11;32;34;36;37;41;42;60;62;109;110;140;143;150;151;156;157;160;162;164;165;169;171;173;174;176;178;180;183;184;187;188;190;194;195;196;197;205;207;217;219;228;231;232;234;237;239;241;243;252;253;258;259;264;265;268;269;272;274;278;279;280;282,64,1
e58207f1-84ec-424b-a997-ff64a57eb13b,Describe the layout of the room shown.,Room with large windows and modern lighting.,"The room is spacious with a modern design, featuring a large window on the left side that allows natural light to flood the space. The floor is made of polished concrete, and the walls are painted white, creating a bright and airy atmosphere. The ceiling has exposed ductwork and pipes, adding an industrial touch to the room. There is a gray sofa with white cushions and a glass coffee table in the center of the room. A floor lamp with a white shade stands next to the sofa, providing additional lighting. On the right side of the room, there is a black wall with a large, colorful abstract mural. A white cabinet with a television on top is positioned against the wall, and a small table with a plant on it is placed near the window. The room also contains a few other decorative items, such as a small table with a plant and a lamp, and a few chairs scattered around.",9;11;32;34;36;37;41;42;60;62;109;110;140;143;150;151;156;157;160;162;164;165;169;171;173;174;176;178;180;183;184;187;188;190;194;195;196;197;200;203;205;207;217;219;228;231;232;234;237;239;241;243;252;253;258;259;268;269;272;274;278;279;280;282,64,1
e58207f1-84ec-424b-a997-ff64a57eb13b,What activity dominates this scene?,Reading and interacting with another person.,"The scene is dominated by a person sitting on a gray armchair in a modern, well-lit interior space, possibly a waiting area or lounge. The person is wearing a black hoodie with a graphic design and shorts, and they are engaged in an activity that involves interacting with a magazine or booklet placed on a glass coffee table in front of them. The environment is bright and airy, with large windows allowing natural light to fill the room. There are various decorative elements such as plants, a floor lamp, and a red circular artwork on the wall. The person appears to be either reading or examining the contents of the magazine, with their legs crossed and one hand resting on their knee. The overall atmosphere is calm and relaxed.",9;11;32;34;36;37;41;42;60;62;109;110;132;134;140;143;150;151;156;157;160;162;164;165;169;171;173;174;176;178;180;183;184;187;188;190;194;195;196;197;205;207;217;219;228;231;232;234;237;239;241;243;252;253;258;259;268;269;272;274;278;279;280;282,64,1
e58207f1-84ec-424b-a997-ff64a57eb13b,What is the relationship between the primary elements in this scene?,They involve engagement with reading material and human interaction.,"The primary elements in this scene are the lamp, the table, and the magazine. The lamp is positioned on the table, and the magazine is placed on the table as well, suggesting that they are all part of a single setting, likely a living room or a similar space. The lamp provides illumination, the table serves as a surface for the lamp and the magazine, and the magazine is there for reading or decoration. The relationship between these elements is one of functional and aesthetic arrangement within a domestic or office environment.",9;11;32;34;36;37;41;42;60;62;109;110;140;143;150;151;156;157;160;162;164;165;169;171;173;174;176;178;180;183;184;187;188;190;194;195;196;197;200;203;205;207;217;219;228;231;232;234;237;239;241;243;252;253;258;259;268;269;272;274;278;279;280;282,64,1
e58207f1-84ec-424b-a997-ff64a57eb13b,What action am I performing in these frames?,Holding and looking at a magazine.,"In the frames provided, it appears that you are moving through a modern indoor space, possibly an office or a lounge area. You are seen walking past various pieces of furniture, such as couches and chairs, and passing by decorative elements like plants and lamps. The environment is well-lit with natural light coming through large windows, and there are colorful wall art pieces and a magazine on a table that you pass by. The action seems to be a casual stroll through the space, possibly exploring or moving from one area to another within the room.",9;11;32;34;36;37;41;42;60;62;109;110;132;134;140;143;150;151;156;157;160;162;164;165;169;171;173;174;176;178;180;183;184;187;188;190;194;195;196;197;205;207;217;219;228;231;232;234;237;239;241;243;252;253;258;259;268;269;272;274;278;279;280;282,64,1
e58207f1-84ec-424b-a997-ff64a57eb13b,What activity follows holding the magazine?,Looking at the magazine.,The person places the magazine on the table.,9;11;32;34;36;37;41;42;60;62;109;110;140;143;150;151;156;157;160;162;164;165;169;171;173;174;176;178;180;183;184;187;188;190;194;195;196;197;205;207;217;219;228;231;232;234;237;239;241;243;252;253;258;259;264;265;268;269;272;274;278;279;280;282,64,1
e58207f1-84ec-424b-a997-ff64a57eb13b,Did I hold the magazine before walking around the house?,No,"Yes, you held the magazine before walking around the house.",9;11;32;34;36;37;41;42;60;62;109;110;140;143;150;151;156;157;160;162;164;165;169;171;173;174;176;178;180;183;184;187;188;190;194;195;196;197;200;203;205;207;217;219;228;231;232;234;237;239;241;243;252;253;258;259;268;269;272;274;278;279;280;282,64,1
e58207f1-84ec-424b-a997-ff64a57eb13b,Did I look at the magazine before walking around with another person?,Yes,"Yes, you looked at the magazine before walking around with another person.",9;11;32;34;36;37;41;42;60;62;109;110;140;143;150;151;156;157;160;162;164;165;169;171;173;174;176;178;180;183;184;187;188;190;194;195;196;197;200;203;205;207;217;219;228;231;232;234;237;239;241;243;252;253;258;259;268;269;272;274;278;279;280;282,64,1
e58207f1-84ec-424b-a997-ff64a57eb13b,Was the magazine held after checking on items in the house?,No,"Yes, the magazine was held after checking on items in the house.",9;11;32;34;36;37;41;42;60;62;109;110;140;143;150;151;156;157;160;162;164;165;169;171;173;174;176;178;180;183;184;187;188;190;194;195;196;197;200;203;205;207;217;219;228;231;232;234;237;239;241;243;252;253;258;259;268;269;272;274;278;279;280;282,64,1
e58207f1-84ec-424b-a997-ff64a57eb13b,What do I do just before interacting with the woman?,Holding the magazine,"Just before interacting with the woman, you would likely be in the living room area, which is well-lit with natural light coming through the windows. The room is furnished with modern, comfortable seating options, including a gray sofa and a matching armchair. There is a coffee table with a magazine on it, and a floor lamp with a large white shade provides additional lighting. The walls are adorned with framed artwork, and there are decorative plants adding a touch of greenery to the space. The overall atmosphere is relaxed and inviting, suggesting a casual and comfortable environment.",9;11;32;34;36;37;41;42;60;62;109;110;140;143;150;151;156;157;160;162;164;165;169;171;173;174;176;178;180;183;184;187;188;190;194;195;196;197;200;203;205;207;217;219;228;231;232;234;237;239;241;243;252;253;258;259;268;269;272;274;278;279;280;282,64,1
e58207f1-84ec-424b-a997-ff64a57eb13b,What action is performed just before I check on items?,Walking around the house,"The action performed just before ""I check on items"" is ""I sit on the couch.""",9;11;32;34;36;37;41;42;60;62;109;110;140;143;150;151;156;157;160;162;164;165;169;171;173;174;176;178;180;183;184;187;188;190;194;195;196;197;205;207;217;219;228;231;232;234;237;239;241;243;252;253;258;259;264;265;268;269;272;274;278;279;280;282,64,1
e58207f1-84ec-424b-a997-ff64a57eb13b,What happens right before I hold the magazine?,Walking with another person,"The person is sitting on a gray armchair in a modern, well-lit room with large windows and a high ceiling. They are wearing a black hoodie with a graphic design on the back and shorts. The room has a contemporary aesthetic with a neutral color palette, featuring gray sofas, a white floor lamp, and a coffee table with a magazine on it. The person is adjusting their hair and appears to be in a relaxed posture.",9;11;32;34;36;37;41;42;60;62;109;110;140;143;150;151;156;157;160;162;164;165;169;171;173;174;176;178;180;183;184;187;188;190;194;195;196;197;205;207;217;219;228;231;232;234;237;239;241;243;252;253;258;259;264;265;268;269;272;274;278;279;280;282,64,1
e58207f1-84ec-424b-a997-ff64a57eb13b,What is done immediately before walking around the house?,Being inside the house,"Immediately before walking around the house, the person is seen sitting on a gray armchair, adjusting their hair and looking around the room.",9;11;32;34;36;37;41;42;60;62;109;110;140;143;150;151;156;157;160;162;164;165;169;171;173;174;176;178;180;183;184;187;188;190;194;195;196;197;205;207;217;219;228;231;232;234;237;239;241;243;252;253;258;259;264;265;268;269;272;274;278;279;280;282,64,1
e58207f1-84ec-424b-a997-ff64a57eb13b,What does the environment indicate about the video's setting?,"The video is set in a modern, well-lit living space.","The environment indicates a modern, well-lit, and stylish interior, possibly a lounge or waiting area, with a focus on comfort and aesthetics.",9;11;32;34;36;37;41;42;109;110;140;143;156;157;160;162;164;165;176;178;180;183;194;195;196;197;217;219;232;234;237;239;241;243;258;259;272;274;278;279;285;286;289;290;293;294;296;299;301;302;304;305;316;317;330;331;333;334;400;402;408;409;413;414,64,1
e58207f1-84ec-424b-a997-ff64a57eb13b,What activity is being undertaken in the living area?,Reading and interacting with another person.,The person is reading a magazine.,9;11;32;34;36;37;41;42;109;110;140;143;156;157;160;162;164;165;176;178;180;183;194;195;196;197;217;219;232;234;237;239;241;243;258;259;272;274;278;279;285;286;289;290;293;294;296;299;301;302;304;305;316;317;330;331;333;334;400;402;408;409;413;414,64,1
e58207f1-84ec-424b-a997-ff64a57eb13b,Describe the indoor setting captured in the video.,"A living room with a TV unit, books, and seating areas.","The video captures a modern, well-lit indoor setting with large windows allowing natural light to fill the space. The room features a gray sofa with white cushions, a glass coffee table with decorative items, and a floor lamp with a white shade. The walls are adorned with framed artwork and a large, colorful abstract mural. The floor is a dark, polished material, and there are various plants and small decorative items scattered throughout the room. The ceiling has exposed ductwork and recessed lighting.",9;11;32;34;36;37;41;42;109;110;140;143;150;151;156;157;160;162;164;165;176;178;194;195;196;197;217;219;232;234;237;239;241;243;258;259;272;274;278;279;285;286;289;290;293;294;296;299;301;302;304;305;316;317;330;331;333;334;400;402;408;409;413;414,64,1
e58207f1-84ec-424b-a997-ff64a57eb13b,What items in the room indicate leisure activities?,A television and books suggest leisure or relaxation.,"The presence of a magazine on the coffee table, a lamp, and a comfortable seating area with a couch and a chair indicate leisure activities.",9;11;32;34;36;37;41;42;109;110;140;143;156;157;160;162;164;165;176;178;180;183;194;195;196;197;217;219;232;234;237;239;241;243;258;259;272;274;278;279;285;286;289;290;293;294;296;299;301;302;304;305;316;317;330;331;333;334;400;402;408;409;413;414,64,1
e58207f1-84ec-424b-a997-ff64a57eb13b,What furnishings can be observed in the video scene?,"A TV stand, shelves, and magazines can be seen.","The video scene includes a gray sofa, a glass coffee table with a plant and a magazine on it, a white floor lamp, and a white chair.",9;11;32;34;36;37;41;42;109;110;140;143;150;151;156;157;160;162;164;165;176;178;180;183;194;195;217;219;232;234;237;239;241;243;258;259;272;274;278;279;285;286;289;290;293;294;296;299;301;302;304;305;316;317;330;331;333;334;400;402;408;409;413;414,64,1
e58207f1-84ec-424b-a997-ff64a57eb13b,What actions are performed by the individual regarding the books?,The individual is turning the pages and reading a book.,"The individual picks up a book, flips through its pages, and then places it back on the table.",9;11;32;34;36;37;41;42;109;110;140;143;156;157;160;162;164;165;176;178;180;183;194;195;196;197;217;219;232;234;237;239;241;243;258;259;272;274;278;279;285;286;289;290;293;294;296;299;301;302;304;305;316;317;330;331;333;334;400;402;408;409;413;414,64,1
e58207f1-84ec-424b-a997-ff64a57eb13b,How does the person engage with the media in the room?,The person seems to ignore the TV and focuses on the book.,The person engages with the media by flipping through a magazine and using a smartphone.,9;11;32;34;36;37;41;42;109;110;140;143;150;151;156;157;160;162;164;165;176;178;194;195;196;197;217;219;232;234;237;239;241;243;258;259;272;274;278;279;285;286;289;290;293;294;296;299;301;302;304;305;316;317;330;331;333;334;400;402;408;409;413;414,64,1
e58207f1-84ec-424b-a997-ff64a57eb13b,Did the person read a book in the video?,Yes.,"Yes, the person was seen reading a magazine in the video.",9;11;32;34;36;37;41;42;109;110;140;143;150;151;156;157;160;162;164;165;176;178;194;195;196;197;217;219;232;234;237;239;241;243;258;259;272;274;278;279;285;286;289;290;293;294;296;299;301;302;304;305;316;317;330;331;333;334;400;402;408;409;413;414,64,1
e58207f1-84ec-424b-a997-ff64a57eb13b,Did the individual change the page of the book at least once?,Yes.,"Yes, the individual turned the page of the book at least once.",9;11;32;34;36;37;41;42;109;110;140;143;150;151;156;157;160;162;164;165;176;178;194;195;196;197;217;219;232;234;237;239;241;243;258;259;272;274;278;279;285;286;289;290;293;294;296;299;301;302;304;305;316;317;330;331;333;334;400;402;408;409;413;414,64,1
e58207f1-84ec-424b-a997-ff64a57eb13b,Did the person have an interaction with someone in the room?,Yes.,"Yes, the person interacts with someone who enters the room, suggesting a social interaction.",32;34;36;37;41;42;109;110;140;143;150;151;156;157;160;162;164;165;176;178;194;195;196;197;217;219;232;234;237;239;241;243;258;259;272;274;278;279;285;286;289;290;293;294;296;299;301;302;304;305;316;317;330;331;333;334;344;345;405;406;408;409;413;414,64,1
e58207f1-84ec-424b-a997-ff64a57eb13b,"In the video, is the magazine held before turning book pages?",Yes.,"Yes, the magazine is held before turning book pages.",9;11;32;34;36;37;41;42;109;110;140;143;150;151;156;157;160;162;164;165;176;178;194;195;196;197;217;219;232;234;237;239;241;243;258;259;272;274;278;279;285;286;289;290;293;294;296;299;301;302;304;305;316;317;330;331;333;334;400;402;408;409;413;414,64,1
e58207f1-84ec-424b-a997-ff64a57eb13b,Is the book read after interacting with a woman?,No.,No.,9;11;32;34;36;37;41;42;109;110;140;143;150;151;156;157;160;162;164;165;176;178;194;195;217;219;232;234;237;239;241;243;258;259;272;274;278;279;285;286;289;290;293;294;296;299;301;302;304;305;316;317;330;331;333;334;344;345;405;406;408;409;413;414,64,1
e58207f1-84ec-424b-a997-ff64a57eb13b,"In the video, does looking around occur before holding the magazine?",No.,"Yes, looking around occurs before holding the magazine.",9;11;32;34;36;37;41;42;109;110;140;143;150;151;156;157;160;162;164;165;176;178;194;195;196;197;217;219;232;234;237;239;241;243;258;259;272;274;278;279;285;286;289;290;293;294;296;299;301;302;304;305;316;317;330;331;333;334;400;402;408;409;413;414,64,1
e58207f1-84ec-424b-a997-ff64a57eb13b,What is done just before interacting with a woman?,Looking at the magazine.,"Just before interacting with a woman, the person is seen sitting on a gray armchair, holding a magazine, and appears to be in a relaxed posture.",32;34;36;37;41;42;109;110;140;143;150;151;156;157;160;162;164;165;176;178;194;195;196;197;217;219;232;234;237;239;241;243;258;259;272;274;278;279;285;286;289;290;293;294;296;299;301;302;304;305;316;317;330;331;333;334;344;345;405;406;408;409;413;414,64,1
e58207f1-84ec-424b-a997-ff64a57eb13b,What occurs just before turning book pages?,Looking around.,"Just before turning book pages, the person is seen sitting on a gray armchair, holding a magazine, and looking at the camera.",9;11;32;34;36;37;41;42;109;110;140;143;150;151;156;157;160;162;164;165;176;178;180;183;194;195;196;197;217;219;232;234;237;239;241;243;258;259;272;274;278;279;285;286;289;290;293;294;296;299;301;302;304;305;316;317;330;331;400;402;408;409;413;414,64,1
e58207f1-84ec-424b-a997-ff64a57eb13b,What is performed just before reading a book?,Turning book pages.,adjusting the position of the legs,32;34;36;37;41;42;109;110;140;143;150;151;156;157;160;162;164;165;176;178;180;183;194;195;196;197;217;219;232;234;237;239;241;243;258;259;272;274;278;279;285;286;289;290;293;294;296;299;301;302;304;305;316;317;330;331;333;334;400;402;408;409;413;414,64,1
e58207f1-84ec-424b-a997-ff64a57eb13b,"In the video sequence, what is done before interacting with a different woman?",Reading a book.,"Before interacting with a different woman, the person in the video sequence is seen sitting on a gray armchair, holding a magazine, and looking at it.",32;34;36;37;41;42;109;110;140;143;150;151;156;157;160;162;164;165;176;178;194;195;196;197;217;219;232;234;237;239;241;243;258;259;272;274;278;279;285;286;289;290;293;294;296;299;301;302;304;305;316;317;330;331;333;334;344;345;405;406;408;409;413;414,64,1
e58207f1-84ec-424b-a997-ff64a57eb13b,Did I walk around the house before holding the magazine?,Yes.,"Yes, you walked around the house before holding the magazine.",9;11;32;34;36;37;41;42;109;110;140;143;150;151;156;157;160;162;164;165;176;178;194;195;196;197;217;219;232;234;237;239;241;243;258;259;272;274;278;279;285;286;289;290;293;294;296;299;301;302;304;305;316;317;330;331;333;334;400;402;408;409;413;414,64,1
e58207f1-84ec-424b-a997-ff64a57eb13b,Was the magazine held before reading a book?,Yes.,"No, the magazine was not held before reading a book. The video shows a person sitting on a couch, holding a magazine, and then later reading a book.",9;11;32;34;36;37;41;42;109;110;140;143;150;151;156;157;160;162;164;165;176;178;194;195;196;197;217;219;232;234;237;239;241;243;258;259;272;274;278;279;285;286;289;290;293;294;296;299;301;302;304;305;316;317;330;331;333;334;400;402;408;409;413;414,64,1
e58207f1-84ec-424b-a997-ff64a57eb13b,Did reading a book happen before walking around the house?,No.,"No, reading a book did not happen before walking around the house. The video shows the person walking around the house before reading a book.",9;11;32;34;36;37;41;42;109;110;140;143;150;151;156;157;160;162;164;165;176;178;194;195;196;197;217;219;232;234;237;239;241;243;258;259;272;274;278;279;285;286;289;290;293;294;296;299;301;302;304;305;316;317;330;331;333;334;400;402;408;409;413;414,64,1
e58207f1-84ec-424b-a997-ff64a57eb13b,What occurs just before reading a book?,Turn book pages.,"Just before reading a book, the person is seen sitting on a gray armchair in a well-lit room with large windows, wearing a black hoodie with a colorful graphic on the front and black shorts. They are holding a book titled ""CURL POWER"" and appear to be in a relaxed posture, possibly preparing to read.",32;34;36;37;41;42;109;110;140;143;150;151;156;157;160;162;164;165;176;178;180;183;194;195;196;197;217;219;232;234;237;239;241;243;258;259;272;274;278;279;285;286;289;290;293;294;296;299;301;302;304;305;316;317;330;331;333;334;400;402;408;409;413;414,64,1
e58207f1-84ec-424b-a997-ff64a57eb13b,What action takes place before walking around the house?,No preceding action mentioned.,"Before walking around the house, the person is seen sitting on a gray armchair, holding a magazine, and adjusting their position.",9;11;32;34;36;37;41;42;109;110;140;143;150;151;156;157;160;162;164;165;176;178;180;183;194;195;196;197;217;219;232;234;237;239;241;243;258;259;272;274;278;279;285;286;289;290;293;294;296;299;301;302;304;305;316;317;330;331;400;402;408;409;413;414,64,1
e58207f1-84ec-424b-a997-ff64a57eb13b,What is the location setting in this video clip?,Inside a house.,"The video clip is set in a modern, well-lit interior space with large windows allowing natural light to fill the room. The decor includes gray sofas, a glass coffee table, and a floor lamp with a white shade. There are also framed artworks on the walls, a potted plant, and a magazine with the title ""VARIETY"" visible on the cover. The setting appears to be a lounge or waiting area, possibly within a commercial or office building.",32;34;36;37;41;42;109;110;156;157;160;162;164;165;176;178;194;195;217;219;232;234;237;239;241;243;272;274;278;279;285;286;289;290;293;294;296;299;301;302;304;305;316;317;330;331;413;414;420;422;472;474;510;511;513;515;516;519;520;521;544;545;548;551,64,1
e58207f1-84ec-424b-a997-ff64a57eb13b,Describe the atmosphere of the scene.,"A casual, indoor environment.","The scene takes place in a modern, well-lit room with large windows allowing ample natural light. The room is furnished with a gray sofa, a glass coffee table, and a floor lamp with a white shade. There are several decorative items on the coffee table, including a magazine with a cover featuring a person and the text ""VARIETY."" The walls are adorned with framed artwork and a large, colorful abstract painting. The floor is a dark, polished material, and there are plants placed in various corners of the room, adding a touch of greenery. The overall atmosphere is calm and inviting, with a focus on comfort and modern design.",32;34;36;37;41;42;109;110;156;157;160;162;164;165;194;195;217;219;232;234;237;239;241;243;272;274;278;279;285;286;289;290;293;294;296;299;301;302;304;305;316;317;330;331;333;334;413;414;420;422;472;474;510;511;513;515;516;519;520;521;544;545;548;551,64,1
e58207f1-84ec-424b-a997-ff64a57eb13b,What is the relationship between the participants in the video?,They appear to be acquaintances.,The video does not provide information about the relationship between the participants.,32;34;36;37;41;42;109;110;156;157;160;162;164;165;176;178;194;195;217;219;232;234;237;239;241;243;272;274;278;279;285;286;289;290;293;294;296;299;301;302;304;305;316;317;330;331;413;414;420;422;472;474;510;511;513;515;516;519;520;521;544;545;548;551,64,1
e58207f1-84ec-424b-a997-ff64a57eb13b,Did the characters engage in any recreational activity?,"Yes, they read magazines.","Yes, the characters engaged in recreational activities such as reading a magazine and relaxing on a couch.",32;34;36;37;41;42;109;110;156;157;160;162;164;165;176;178;194;195;217;219;232;234;237;239;241;243;272;274;278;279;285;286;289;290;293;294;296;299;301;302;304;305;316;317;330;331;413;414;420;422;472;474;510;511;513;515;516;519;520;521;544;545;548;551,64,1
e58207f1-84ec-424b-a997-ff64a57eb13b,Did the characters sit down for a formal meeting?,No.,"No, the characters did not sit down for a formal meeting. They were seen sitting in a relaxed manner, engaging in casual activities such as reading a magazine and having a conversation.",32;34;36;37;41;42;109;110;156;157;160;162;164;165;176;178;194;195;217;219;232;234;237;239;241;243;272;274;278;279;285;286;289;290;293;294;296;299;301;302;304;305;316;317;330;331;413;414;420;422;472;474;510;511;513;515;516;519;520;521;544;545;548;551,64,1
e58207f1-84ec-424b-a997-ff64a57eb13b,Are the characters in the video clip outdoors?,No.,No.,32;34;36;37;41;42;109;110;156;157;160;162;164;165;176;178;194;195;217;219;232;234;237;239;241;243;272;274;278;279;285;286;289;290;293;294;296;299;301;302;304;305;316;317;330;331;413;414;420;422;472;474;510;511;513;515;516;519;520;521;544;545;548;551,64,1
e58207f1-84ec-424b-a997-ff64a57eb13b,Is there any sign of an argument happening in the video?,No.,"No, there is no sign of an argument happening in the video.",32;34;36;37;41;42;109;110;156;157;160;162;164;165;176;178;194;195;217;219;232;234;237;239;241;243;272;274;278;279;285;286;289;290;293;294;296;299;301;302;304;305;316;317;330;331;413;414;420;422;472;474;510;511;513;515;516;519;520;521;544;545;548;551,64,1
e58207f1-84ec-424b-a997-ff64a57eb13b,Did the characters watch television in the clip?,No.,"No, the characters did not watch television in the clip. The video shows them engaging in various activities such as reading, relaxing, and having a conversation.",32;34;36;37;41;42;109;110;156;157;160;162;164;165;176;178;194;195;217;219;232;234;237;239;241;243;272;274;278;279;285;286;289;290;293;294;296;299;301;302;304;305;316;317;330;331;413;414;420;422;472;474;510;511;513;515;516;519;520;521;544;545;548;551,64,1
e58207f1-84ec-424b-a997-ff64a57eb13b,Is there any physical activity performed by the characters?,No.,"No, there is no physical activity performed by the characters in the video.",32;34;36;37;41;42;109;110;140;143;156;157;160;162;164;165;176;178;194;195;217;219;232;234;237;239;241;243;278;279;285;286;289;290;293;294;296;299;301;302;304;305;316;317;330;331;413;414;420;422;472;474;510;511;513;515;516;519;520;521;544;545;548;551,64,1
e58207f1-84ec-424b-a997-ff64a57eb13b,Does reading a book happen before talking to the woman?,Yes.,"No, reading a book does not happen before talking to the woman. The video shows the woman sitting on a couch, reading a magazine, and then engaging in a conversation with someone off-camera.",32;34;36;37;41;42;109;110;156;157;160;162;164;165;176;178;194;195;217;219;232;234;237;239;241;243;272;274;278;279;285;286;289;290;293;294;296;299;301;302;304;305;316;317;330;331;413;414;420;422;472;474;510;511;513;515;516;519;520;521;544;545;548;551,64,1
e58207f1-84ec-424b-a997-ff64a57eb13b,Is looking around done before turning book pages?,Yes.,"Yes, looking around is done before turning book pages.",32;34;36;37;41;42;109;110;156;157;160;162;164;165;176;178;194;195;217;219;232;234;237;239;241;243;272;274;278;279;285;286;289;290;293;294;296;299;301;302;304;305;316;317;330;331;413;414;420;422;472;474;510;511;513;515;516;519;520;521;544;545;548;551,64,1
e58207f1-84ec-424b-a997-ff64a57eb13b,What occurs just before reading the magazines?,Talking to each other.,"Just before reading the magazines, the person is seen adjusting their hair and looking around the room.",32;34;36;37;41;42;109;110;156;157;160;162;164;165;176;178;194;195;217;219;232;234;237;239;241;243;272;274;278;279;285;286;289;290;293;294;296;299;301;302;304;305;316;317;330;331;413;414;420;422;472;474;510;511;513;515;516;519;520;521;544;545;548;551,64,1
e58207f1-84ec-424b-a997-ff64a57eb13b,What takes place immediately before looking around?,Turning book pages.,"Before looking around, the person is seen sitting on a gray armchair, holding a magazine, and adjusting their hair.",32;34;109;110;140;143;156;157;160;162;164;165;176;178;194;195;217;219;232;234;237;239;241;243;258;259;278;279;285;286;289;290;293;294;296;299;301;302;304;305;316;317;330;331;400;402;413;414;420;422;472;474;510;511;513;515;516;519;520;521;544;545;548;551,64,1
e58207f1-84ec-424b-a997-ff64a57eb13b,What action is performed just before talking to each other?,Looking around.,"Just before talking to each other, the person in the black hoodie and shorts is seen adjusting their hair.",32;34;36;37;41;42;109;110;156;157;160;162;164;165;176;178;194;195;217;219;232;234;237;239;241;243;272;274;278;279;285;286;289;290;293;294;296;299;301;302;304;305;316;317;330;331;413;414;420;422;472;474;510;511;513;515;516;519;520;521;544;545;548;551,64,1
e58207f1-84ec-424b-a997-ff64a57eb13b,Did I look around before holding the magazine?,No.,"Yes, you looked around the room before holding the magazine.",32;34;36;37;41;42;109;110;156;157;160;162;164;165;176;178;194;195;217;219;232;234;237;239;241;243;272;274;278;279;285;286;289;290;293;294;296;299;301;302;304;305;316;317;330;331;413;414;420;422;472;474;510;511;513;515;516;519;520;521;544;545;548;551,64,1
e58207f1-84ec-424b-a997-ff64a57eb13b,What activities were performed in the room?,Reading a magazine and making coffee.,"The video shows a person sitting on a gray armchair, interacting with a magazine, and adjusting their hair. The room is well-lit with natural light coming through large windows, and there are various decorative elements such as a floor lamp, a small plant, and a coffee table with a magazine on it. The person appears to be relaxed and engaged in a leisurely activity, possibly reading or browsing through the magazine.",32;34;36;37;41;42;109;110;156;157;160;162;164;165;176;178;217;219;232;234;237;239;241;243;278;279;285;286;289;290;293;294;301;302;304;305;413;414;420;422;472;474;510;511;513;515;516;519;520;521;544;545;548;551;552;555;557;558;570;571;572;573;600;601,64,1
e58207f1-84ec-424b-a997-ff64a57eb13b,Describe the environment where the actions occurred.,"A room with a seated person, magazine, and phone.","The video takes place in a modern, well-lit interior space with large windows allowing ample natural light. The room is furnished with gray sofas, a glass coffee table, and a floor lamp with a white shade. The walls are adorned with framed artwork and decorative items, and there is a large, colorful abstract painting on the wall. The floor is a dark, polished material, and there are plants placed around the room, adding a touch of greenery. The overall ambiance is calm and inviting, with a focus on comfort and relaxation.",32;34;36;37;41;42;109;110;156;157;160;162;164;165;217;219;232;234;237;239;241;243;278;279;285;286;289;290;293;294;296;299;301;302;304;305;316;317;413;414;472;474;510;511;513;515;516;519;520;521;544;545;548;551;552;555;557;558;570;571;572;573;600;601,64,1
e58207f1-84ec-424b-a997-ff64a57eb13b,What devices were used in the scenario?,A magazine and a phone.,"In the scenario, a smartphone was used to take a photo of the person sitting on the couch.",32;34;36;37;41;42;109;110;156;157;160;162;164;165;176;178;232;234;237;239;241;243;278;279;285;286;289;290;293;294;301;302;304;305;316;317;330;331;413;414;472;474;510;511;513;515;516;519;520;521;544;545;548;551;552;555;557;558;570;571;572;573;600;601,64,1
e58207f1-84ec-424b-a997-ff64a57eb13b,What was the person doing with the magazine?,The person was reading the magazine.,The person was flipping through the pages of the magazine.,32;34;36;37;41;42;109;110;156;157;160;162;164;165;176;178;232;234;237;239;241;243;272;274;278;279;289;290;293;294;301;302;304;305;316;317;330;331;413;414;472;474;510;511;513;515;516;519;520;521;544;545;548;551;552;555;557;558;570;571;572;573;600;601,64,1
e58207f1-84ec-424b-a997-ff64a57eb13b,What activity followed reading the magazine?,The person operated the phone.,The person placed the magazine on the coffee table and started using a smartphone.,32;34;36;37;41;42;109;110;156;157;160;162;164;165;176;178;217;219;232;234;237;239;241;243;278;279;285;286;289;290;293;294;301;302;304;305;413;414;420;422;472;474;510;511;513;515;516;519;520;521;544;545;548;551;552;555;557;558;570;571;572;573;600;601,64,1
e58207f1-84ec-424b-a997-ff64a57eb13b,Did the person remain seated throughout?,"No, they got up to make coffee.","Yes, the person remained seated throughout the video.",32;34;36;37;41;42;109;110;156;157;160;162;164;165;176;178;217;219;232;234;237;239;241;243;278;279;285;286;289;290;293;294;301;302;304;305;316;317;413;414;472;474;510;511;513;515;516;519;520;521;544;545;548;551;552;555;557;558;570;571;572;573;600;601,64,1
e58207f1-84ec-424b-a997-ff64a57eb13b,Did the person leave the room?,"No, the actions happened in the room.","No, the person did not leave the room. They remained seated on the armchair throughout the video.",32;34;36;37;41;42;109;110;156;157;160;162;164;165;217;219;232;234;237;239;241;243;278;279;285;286;289;290;293;294;301;302;304;305;316;317;330;331;413;414;472;474;510;511;513;515;516;519;520;521;544;545;548;551;552;555;557;558;570;571;572;573;600;601,64,1
e58207f1-84ec-424b-a997-ff64a57eb13b,Did the person use a laptop?,"No, the person used a phone.","No, the person did not use a laptop. The video shows the person interacting with a smartphone.",32;34;36;37;41;42;109;110;156;157;160;162;164;165;176;178;232;234;237;239;241;243;272;274;278;279;289;290;293;294;301;302;304;305;316;317;330;331;413;414;472;474;510;511;513;515;516;519;520;521;544;545;548;551;552;555;557;558;570;571;572;573;600;601,64,1
e58207f1-84ec-424b-a997-ff64a57eb13b,Did I talk to the woman before reading the magazine?,Yes,"No, the video does not show you talking to the woman before reading the magazine.",32;34;36;37;41;42;109;110;156;157;160;162;164;165;217;219;232;234;237;239;241;243;272;274;278;279;289;290;293;294;301;302;304;305;316;317;330;331;413;414;472;474;510;511;513;515;516;519;520;521;544;545;548;551;552;555;557;558;570;571;572;573;600;601,64,1
e58207f1-84ec-424b-a997-ff64a57eb13b,Did I read the magazine before making coffee?,Yes,The video does not provide information about whether you read the magazine before making coffee.,32;34;36;37;41;42;109;110;156;157;160;162;164;165;217;219;232;234;237;239;241;243;278;279;289;290;293;294;301;302;304;305;316;317;330;331;413;414;420;422;472;474;510;511;513;515;516;519;520;521;544;545;548;551;552;555;557;558;570;571;572;573;600;601,64,1
e58207f1-84ec-424b-a997-ff64a57eb13b,Did I operate the phone before talking to the woman?,No,The video does not provide information about whether you operated the phone before talking to the woman.,32;34;36;37;41;42;109;110;156;157;160;162;164;165;232;234;237;239;241;243;272;274;278;279;285;286;289;290;293;294;301;302;304;305;316;317;330;331;413;414;472;474;510;511;513;515;516;519;520;521;544;545;548;551;552;555;557;558;570;571;572;573;600;601,64,1
e58207f1-84ec-424b-a997-ff64a57eb13b,Did I make coffee before sitting in the room?,No,"The video does not provide information about whether coffee was made before sitting in the room. It focuses on the person's activities and movements within the space, including sitting on a couch, interacting with a magazine, and adjusting their position.",32;34;36;37;41;42;109;110;156;157;160;162;164;165;217;219;232;234;237;239;241;243;278;279;285;286;289;290;293;294;301;302;304;305;316;317;330;331;413;414;472;474;510;511;513;515;516;519;520;521;544;545;548;551;552;555;557;558;570;571;572;573;600;601,64,1
e58207f1-84ec-424b-a997-ff64a57eb13b,Did I make coffee before reading a magazine?,No,"The video does not provide information about whether coffee was made before reading a magazine. It shows a person sitting on a couch in a modern living room, holding a magazine, and appears to be reading it. However, there is no clear indication of whether coffee was made beforehand.",32;34;36;37;41;42;109;110;156;157;160;162;164;165;217;219;232;234;237;239;241;243;278;279;285;286;289;290;293;294;301;302;304;305;316;317;330;331;413;414;472;474;510;511;513;515;516;519;520;521;544;545;548;551;552;555;557;558;570;571;572;573;600;601,64,1
e58207f1-84ec-424b-a997-ff64a57eb13b,Did I interact with the woman before reading the book?,Yes,"No, you did not interact with the woman before reading the book. The video shows you sitting on the couch, looking at the magazine, and then turning to the book on the coffee table.",32;34;36;37;41;42;109;110;156;157;160;162;164;165;217;219;232;234;237;239;241;243;278;279;285;286;289;290;293;294;301;302;304;305;316;317;330;331;413;414;472;474;510;511;513;515;516;519;520;521;544;545;548;551;552;555;557;558;570;571;572;573;600;601,64,1
e58207f1-84ec-424b-a997-ff64a57eb13b,Was the magazine read before interacting with the woman?,No,"No, the magazine was not read before interacting with the woman.",32;34;36;37;41;42;109;110;156;157;160;162;164;165;217;219;232;234;237;239;241;243;272;274;278;279;289;290;293;294;301;302;304;305;316;317;330;331;413;414;472;474;510;511;513;515;516;519;520;521;544;545;548;551;552;555;557;558;570;571;572;573;600;601,64,1
e58207f1-84ec-424b-a997-ff64a57eb13b,Was the phone operated before making coffee?,Yes,The video does not provide information about whether the phone was operated before making coffee.,32;34;36;37;41;42;109;110;156;157;160;162;164;165;217;219;232;234;237;239;241;243;278;279;285;286;289;290;293;294;301;302;304;305;316;317;413;414;420;422;472;474;510;511;513;515;516;519;520;521;544;545;548;551;552;555;557;558;570;571;572;573;600;601,64,1
e58207f1-84ec-424b-a997-ff64a57eb13b,What occurs just before I make coffee?,Operate the phone,I pour coffee into a cup,32;34;36;37;41;42;109;110;156;157;160;162;164;165;217;219;232;234;237;239;241;243;278;279;285;286;289;290;293;294;301;302;304;305;316;317;413;414;420;422;472;474;510;511;513;515;516;519;520;521;544;545;548;551;552;555;557;558;570;571;572;573;600;601,64,1
e58207f1-84ec-424b-a997-ff64a57eb13b,What do I do before reading the magazine?,Talk to the woman,"Before reading the magazine, you would typically sit down in a comfortable position, perhaps on a couch or a chair, and make sure you have a good place to set the magazine down. You might also adjust the lighting if necessary to ensure it's comfortable for reading. Once you're settled, you can open the magazine and start flipping through the pages to find an article or section that interests you.",32;34;36;37;41;42;109;110;156;157;160;162;164;165;176;178;217;219;232;234;237;239;241;243;278;279;289;290;293;294;301;302;304;305;330;331;413;414;420;422;472;474;510;511;513;515;516;519;520;521;544;545;548;551;552;555;557;558;570;571;572;573;600;601,64,1
e58207f1-84ec-424b-a997-ff64a57eb13b,What is done just before looking around?,Turn book pages,"Just before looking around, the person is seen adjusting their hair.",32;34;109;110;156;157;160;162;164;165;176;178;217;219;232;234;237;239;241;243;278;279;285;286;289;290;293;294;296;299;301;302;304;305;330;331;413;414;420;422;472;474;510;511;513;515;516;519;520;521;544;545;548;551;552;555;557;558;570;571;572;573;600;601,64,1
e58207f1-84ec-424b-a997-ff64a57eb13b,What action takes place before reading the book?,Look around,"Before reading the book, the person is seen sitting on the couch, adjusting their position, and then picking up the book to start reading.",32;34;36;37;41;42;109;110;156;157;160;162;164;165;176;178;217;219;232;234;237;239;241;243;278;279;285;286;289;290;293;294;301;302;304;305;413;414;420;422;472;474;510;511;513;515;516;519;520;521;544;545;548;551;552;555;557;558;570;571;572;573;600;601,64,1
e58207f1-84ec-424b-a997-ff64a57eb13b,Describe the setting where the activity is taking place.,The activity is in an indoor room with modern furnishings.,"The activity is taking place in a modern, well-lit room with a gray couch, a glass coffee table, and a lamp with a white shade. The room has a large window with a view of a colorful wall art and a door leading to another room. The coffee table has a box of Jenga, a teal-colored mug, and a smartphone on it.",278;279;293;294;510;511;557;558;572;573;600;601;724;725;748;749;760;763;772;774;777;778;781;782;786;787;788;790;792;793;796;799;805;807;808;810;820;821;825;826;856;858;860;863;864;866;868;870;872;875;876;879;905;906;913;915;925;926;928;931;936;938;952;953,64,1
e58207f1-84ec-424b-a997-ff64a57eb13b,Identify the furniture used by the individuals in the clip.,Chairs are used for seating during the card game.,"In the video, the individuals are seen using a glass coffee table, a gray sofa, and a white couch. There is also a lamp with a white shade, a teal-colored mug, and a box of crackers on the coffee table.",232;234;278;279;293;294;472;474;510;511;557;558;572;573;600;601;724;725;748;749;760;763;772;774;777;778;786;787;788;790;792;793;796;799;805;807;808;810;820;821;825;826;856;858;860;863;868;870;872;875;876;879;905;906;913;915;925;926;928;931;936;938;952;953,64,1
e58207f1-84ec-424b-a997-ff64a57eb13b,Did the individual participate in a recreational game?,Yes.,"Yes, the individual participated in a recreational game.",232;234;278;279;293;294;472;474;510;511;557;558;572;573;600;601;724;725;748;749;760;763;772;774;777;778;786;787;788;790;792;793;796;799;805;807;808;810;820;821;825;826;856;858;860;863;868;870;872;875;876;879;905;906;913;915;925;926;928;931;936;938;952;953,64,1
e58207f1-84ec-424b-a997-ff64a57eb13b,Was there any interaction with another person during the game?,Yes.,"Yes, there was a brief interaction with another person who entered the frame holding a card with the number '2' on it.",278;279;293;294;472;474;510;511;557;558;572;573;600;601;724;725;748;749;760;763;772;774;777;778;781;782;786;787;788;790;792;793;796;799;805;807;808;810;820;821;825;826;856;858;860;863;868;870;872;875;876;879;905;906;913;915;925;926;928;931;936;938;952;953,64,1
e58207f1-84ec-424b-a997-ff64a57eb13b,Does the setting include contemporary room decor?,Yes.,Yes.,278;279;293;294;472;474;510;511;557;558;572;573;724;725;748;749;760;763;772;774;777;778;786;787;788;790;792;793;796;799;805;807;808;810;820;821;825;826;845;846;856;858;860;863;864;866;868;870;872;875;876;879;905;906;913;915;925;926;928;931;936;938;952;953,64,1
e58207f1-84ec-424b-a997-ff64a57eb13b,Name one activity that is clearly not happening in this scene.,Cooking food is clearly not happening in this scene.,"Based on the image provided, the activity that is clearly not happening in this scene is any form of competitive or intense gaming, as the person is seen in a relaxed posture, sitting on a couch with a board game in front of them, and there are no signs of active gameplay or competition.",278;279;293;294;510;511;557;558;724;725;748;749;772;774;777;778;786;787;788;790;792;793;796;799;805;807;808;810;820;821;825;826;856;858;860;863;872;875;876;879;905;906;925;926;928;931;936;938;952;953;966;967;972;975;976;978;980;983;1005;1006;1028;1029;1076;1077,64,1
e58207f1-84ec-424b-a997-ff64a57eb13b,What parallel activity accompanies the main action in this clip?,A discussion with another person accompanies the main action.,"The parallel activity accompanying the main action of playing Jenga is the person's contemplative and relaxed demeanor, occasionally adjusting their position and interacting with the game pieces.",278;279;510;511;572;573;724;725;748;749;772;774;777;778;786;787;788;790;792;793;796;799;805;807;808;810;820;821;825;826;856;858;860;863;872;875;876;879;905;906;925;926;928;931;936;938;952;953;966;967;972;975;976;978;980;983;1005;1006;1028;1029;1076;1077;1084;1085,64,1
e58207f1-84ec-424b-a997-ff64a57eb13b,Is there a creative or construction-related task shown?,"Yes, arranging wooden bricks can be considered a construction-related task.","No, there is no creative or construction-related task shown in the video. The video focuses on a person playing a board game.",278;279;510;511;557;558;572;573;724;725;748;749;772;774;777;778;786;787;788;790;792;793;796;799;805;807;808;810;820;821;825;826;856;858;860;863;872;875;876;879;905;906;925;926;928;931;936;938;952;953;966;967;972;975;976;978;980;983;1005;1006;1028;1029;1076;1077,64,1
e58207f1-84ec-424b-a997-ff64a57eb13b,Does the video show any form of artistic painting?,No.,"No, the video does not show any form of artistic painting. It focuses on the person playing a board game and interacting with the game pieces.",278;279;510;511;557;558;572;573;724;725;748;749;772;774;777;778;786;787;788;790;792;793;796;799;805;807;808;810;820;821;825;826;856;858;860;863;872;875;876;879;905;906;925;926;928;931;936;938;952;953;966;967;972;975;976;978;980;983;1005;1006;1028;1029;1076;1077,64,1
e58207f1-84ec-424b-a997-ff64a57eb13b,Is there a solo performance happening in the video?,No.,"No, there is no solo performance happening in the video. The video features a person playing a board game, but there are no other individuals performing.",278;279;293;294;510;511;557;558;572;573;724;725;748;749;772;774;777;778;786;787;788;790;792;793;796;799;805;807;808;810;820;821;825;826;860;863;872;875;876;879;905;906;925;926;928;931;936;938;952;953;966;967;972;975;976;978;980;983;1005;1006;1028;1029;1076;1077,64,1
e58207f1-84ec-424b-a997-ff64a57eb13b,Did I interact with Lady A after I sat on the chair?,Yes.,"No, you did not interact with Lady A after sitting on the chair. The video shows you sitting on the chair and then Lady A appears in the scene, but there is no interaction between the two of you.",278;279;293;294;510;511;557;558;572;573;724;725;748;749;772;774;777;778;786;787;788;790;792;793;796;799;805;807;808;810;820;821;825;826;856;858;860;863;872;875;876;879;905;906;925;926;928;931;936;938;952;953;966;967;972;975;976;978;980;983;1005;1006;1028;1029,64,1
e58207f1-84ec-424b-a997-ff64a57eb13b,What happens just before I sit on the chair?,Entering the room.,"Just before sitting on the chair, the person is seen standing and holding a box of crackers.",278;279;293;294;510;511;572;573;724;725;748;749;772;774;777;778;786;787;788;790;792;793;796;799;805;807;808;810;820;821;825;826;860;863;872;875;876;879;905;906;925;926;928;931;936;938;952;953;966;967;972;975;976;978;980;983;1005;1006;1028;1029;1076;1077;1084;1085,64,1
e58207f1-84ec-424b-a997-ff64a57eb13b,What did I engage in right before sitting in a room?,I did not engage in anything; I was already seated.,You were playing a board game.,278;279;293;294;510;511;572;573;724;725;748;749;772;774;777;778;786;787;788;790;792;793;796;799;805;807;808;810;820;821;825;826;860;863;872;875;876;879;905;906;925;926;928;931;936;938;952;953;966;967;972;975;976;978;980;983;1005;1006;1028;1029;1076;1077;1084;1085,64,1
e58207f1-84ec-424b-a997-ff64a57eb13b,Where is this scene set?,In a room with another person.,"The scene is set in a modern, well-lit indoor space that appears to be a living room or a lounge area. The room has a contemporary design with a neutral color palette, featuring gray sofas, a glass coffee table, and decorative elements like a potted plant and a teal-colored mug. The lighting is bright, with a combination of natural light coming from windows and artificial light from ceiling fixtures. The overall atmosphere is casual and comfortable, suggesting a relaxed environment where people might gather for leisure activities.",278;279;510;511;724;725;748;749;772;774;777;778;786;787;788;790;792;793;796;799;805;807;808;810;820;821;825;826;860;863;872;875;876;879;905;906;925;926;936;938;952;953;966;967;972;975;980;983;1005;1006;1121;1123;1132;1133;1152;1154;1164;1167;1193;1194;1198;1199;1200;1201,64,1
e58207f1-84ec-424b-a997-ff64a57eb13b,What are the main elements present in this scenario?,A Jenga game and two individuals.,"The video features a person sitting on a couch in a modern, well-lit room with a neutral color palette. The individual is wearing a dark hoodie with the word ""Mexico"" printed on it and black shorts. They are engaged in playing a board game, specifically Jenga, which is placed on a glass coffee table in front of them. The game board is colorful with various game pieces and the word ""SORRY!"" prominently displayed. The person is holding a Jenga block in their hand, indicating they are in the process of playing the game.The room has a contemporary design with gray couches, white pillows, and a large lamp with a white shade. There is also a teal-colored mug on the coffee table. The background includes a wall with a large, colorful abstract design and a doorway leading to another room. The lighting in the room is bright, with natural light coming from the left side of the frame.The person appears to be focused on the game, occasionally looking at the board and adjusting their grip on the Jenga block. The video captures the person's actions and reactions as they play the game, providing a detailed view of the game setup and the surrounding environment.",278;279;510;511;724;725;748;749;772;774;777;778;786;787;788;790;792;793;796;799;805;807;808;810;820;821;825;826;860;863;872;875;876;879;905;906;925;926;936;938;952;953;966;967;976;978;980;983;1005;1006;1121;1123;1132;1133;1152;1154;1164;1167;1193;1194;1198;1199;1200;1201,64,1
e58207f1-84ec-424b-a997-ff64a57eb13b,What can be observed on the table in the video?,A Jenga tower and blocks.,"The table has a Jenga game, a teal-colored mug, and a box of crackers.",278;279;293;294;510;511;724;725;748;749;772;774;777;778;786;787;788;790;792;793;796;799;805;807;808;810;820;821;825;826;860;863;872;875;876;879;905;906;925;926;952;953;980;983;1005;1006;1121;1123;1132;1133;1152;1154;1164;1167;1189;1190;1193;1194;1198;1199;1200;1201;1208;1209,64,1
e58207f1-84ec-424b-a997-ff64a57eb13b,Who is actively participating in the game shown in the video?,The person in the frame and another woman.,"The person wearing a black hoodie with ""New Mexico"" written on it is actively participating in the game.",278;279;510;511;724;725;748;749;772;774;777;778;786;787;788;790;792;793;796;799;805;807;808;810;820;821;825;826;860;863;872;875;876;879;905;906;925;926;936;938;952;953;966;967;976;978;980;983;1005;1006;1121;1123;1132;1133;1152;1154;1164;1167;1193;1194;1198;1199;1200;1201,64,1
e58207f1-84ec-424b-a997-ff64a57eb13b,How is the game of Jenga progressing in the clip?,Blocks are being stacked atop the tower.,"The game of Jenga is progressing with the person carefully removing and placing wooden blocks, maintaining the tower's stability.",278;279;293;294;510;511;724;725;748;749;772;774;777;778;786;787;788;790;792;793;796;799;805;807;820;821;825;826;860;863;872;875;876;879;905;906;925;926;952;953;966;967;972;975;976;978;980;983;1005;1006;1121;1123;1132;1133;1152;1154;1164;1167;1193;1194;1198;1199;1200;1201,64,1
e58207f1-84ec-424b-a997-ff64a57eb13b,What is the consequence of the actions performed with the Jenga blocks?,The Jenga tower is becoming taller.,The consequence of the actions performed with the Jenga blocks is that the stack collapses.,278;279;510;511;724;725;748;749;772;774;777;778;786;787;788;790;792;793;796;799;805;807;820;821;825;826;860;863;872;875;876;879;905;906;925;926;952;953;966;967;972;975;976;978;980;983;1005;1006;1121;1123;1132;1133;1152;1154;1164;1167;1189;1190;1193;1194;1198;1199;1200;1201,64,1
e58207f1-84ec-424b-a997-ff64a57eb13b,What action precedes placing a block atop the Jenga tower?,Removing a block from the Jenga tower.,The action that precedes placing a block atop the Jenga tower is reaching for a block from the box.,278;279;510;511;572;573;724;725;748;749;772;774;777;778;786;787;788;790;792;793;796;799;805;807;820;821;825;826;860;863;872;875;876;879;905;906;925;926;952;953;966;967;972;975;976;978;980;983;1005;1006;1121;1123;1132;1133;1152;1154;1164;1167;1193;1194;1198;1199;1200;1201,64,1
e58207f1-84ec-424b-a997-ff64a57eb13b,Does the video show a Jenga tower on a glass table?,Yes.,Yes.,278;279;510;511;724;725;748;749;772;774;777;778;786;787;788;790;792;793;796;799;805;807;820;821;825;826;860;863;872;875;876;879;905;906;925;926;952;953;966;967;972;975;976;978;980;983;1005;1006;1121;1123;1132;1133;1152;1154;1164;1167;1189;1190;1193;1194;1198;1199;1200;1201,64,1
e58207f1-84ec-424b-a997-ff64a57eb13b,Are the Jenga blocks being carefully handled?,Yes.,"Yes, the person is seen carefully handling the Jenga blocks, indicating a focus on maintaining the structure of the tower.",278;279;510;511;724;725;748;749;772;774;777;778;786;787;788;790;792;793;796;799;805;807;820;821;825;826;860;863;872;875;876;879;905;906;925;926;952;953;966;967;972;975;976;978;980;983;1005;1006;1028;1029;1121;1123;1132;1133;1152;1154;1164;1167;1193;1194;1198;1199;1200;1201,64,1
e58207f1-84ec-424b-a997-ff64a57eb13b,Is the Jenga tower intact at this moment in the video?,Yes.,"Yes, the Jenga tower is intact at this moment in the video.",278;279;293;294;510;511;724;725;748;749;772;774;777;778;786;787;788;790;792;793;796;799;805;807;820;821;825;826;860;863;872;875;876;879;905;906;925;926;952;953;966;967;972;975;976;978;980;983;1005;1006;1121;1123;1132;1133;1152;1154;1164;1167;1193;1194;1198;1199;1200;1201,64,1
e58207f1-84ec-424b-a997-ff64a57eb13b,What action occurred just before placing the blocks atop the Jenga tower?,Took Jenga blocks from the tower,"Just before placing the blocks atop the Jenga tower, the person was seen holding a block in their hand, preparing to add it to the tower.",278;279;510;511;724;725;748;749;772;774;777;778;786;787;788;790;792;793;796;799;805;807;820;821;825;826;860;863;872;875;876;879;905;906;925;926;952;953;966;967;972;975;976;978;980;983;1005;1006;1028;1029;1121;1123;1132;1133;1152;1154;1164;1167;1193;1194;1198;1199;1200;1201,64,1
e58207f1-84ec-424b-a997-ff64a57eb13b,What happened just before taking Jenga blocks from the tower?,Played game of Jenga,"Just before taking Jenga blocks from the tower, the person was seen sitting on the couch, holding a Jenga block, and looking at the camera.",278;279;510;511;724;725;748;749;772;774;777;778;786;787;788;790;792;793;796;799;805;807;820;821;825;826;860;863;872;875;876;879;905;906;925;926;952;953;966;967;972;975;976;978;980;983;1005;1006;1121;1123;1132;1133;1152;1154;1164;1167;1189;1190;1193;1194;1198;1199;1200;1201,64,1
e58207f1-84ec-424b-a997-ff64a57eb13b,Did I arrange wooden bricks before playing a card game?,No,"Yes, you arranged wooden bricks before playing a card game.",278;279;510;511;572;573;724;725;748;749;772;774;777;778;786;787;788;790;792;793;796;799;805;807;820;821;825;826;860;863;872;875;876;879;905;906;925;926;952;953;966;967;972;975;976;978;980;983;1005;1006;1121;1123;1132;1133;1152;1154;1164;1167;1193;1194;1198;1199;1200;1201,64,1
e58207f1-84ec-424b-a997-ff64a57eb13b,Did I sit on a chair before talking to a lady?,Yes,"No, you did not sit on a chair before talking to the lady. The video shows you sitting on a couch.",278;279;293;294;510;511;572;573;724;725;748;749;772;774;777;778;786;787;788;790;792;793;796;799;805;807;820;821;825;826;860;863;872;875;876;879;905;906;925;926;936;938;952;953;976;978;980;983;1005;1006;1121;1123;1132;1133;1152;1154;1164;1167;1193;1194;1198;1199;1200;1201,64,1
e58207f1-84ec-424b-a997-ff64a57eb13b,What activities are occurring inside the house?,Two individuals are playing Jenga.,"The video shows a person sitting on a couch, playing a board game, and interacting with a stack of wooden blocks. The environment is a modern living room with a neutral color palette, featuring a glass coffee table, a teal mug, and a lamp. The person is wearing a black hoodie with ""New Mexico"" written on it and has a green lanyard around their neck. They are also wearing sunglasses and appear to be focused on the game. The room has a relaxed and casual atmosphere, with natural light coming in from the windows.",278;279;510;511;724;725;748;749;772;774;777;778;786;787;788;790;792;793;796;799;805;807;820;821;825;826;860;863;872;875;876;879;905;906;925;926;936;938;952;953;980;983;1005;1006;1121;1123;1132;1133;1152;1154;1164;1167;1193;1194;1198;1199;1200;1201;1260;1261;1284;1285;1345;1347,64,1
e58207f1-84ec-424b-a997-ff64a57eb13b,What is on the table between the participants?,A Jenga tower is on the table.,There is a teal-colored mug and a box of crackers on the table between the participants.,278;279;510;511;724;725;748;749;772;774;777;778;786;787;788;790;792;793;796;799;805;807;820;821;825;826;860;863;872;875;876;879;905;906;925;926;952;953;966;967;980;983;1005;1006;1121;1123;1132;1133;1152;1154;1164;1167;1193;1194;1198;1199;1200;1201;1260;1261;1284;1285;1345;1347,64,1
e58207f1-84ec-424b-a997-ff64a57eb13b,How are the participants utilizing the wooden blocks?,They are carefully pulling blocks from the Jenga tower.,The participants are utilizing the wooden blocks to play a game of Jenga.,278;279;510;511;572;573;724;725;748;749;772;774;777;778;786;787;788;790;792;793;796;799;805;807;820;821;825;826;860;863;872;875;876;879;905;906;925;926;952;953;976;978;980;983;1005;1006;1121;1123;1132;1133;1152;1154;1164;1167;1193;1194;1198;1199;1200;1201;1284;1285;1345;1347,64,1
e58207f1-84ec-424b-a997-ff64a57eb13b,Is the Jenga tower still standing?,Yes.,"Yes, the Jenga tower is still standing.",278;279;510;511;724;725;748;749;772;774;777;778;786;787;788;790;792;793;796;799;805;807;820;821;825;826;860;863;872;875;876;879;905;906;925;926;952;953;972;975;976;978;980;983;1005;1006;1121;1123;1132;1133;1152;1154;1164;1167;1193;1194;1198;1199;1200;1201;1260;1261;1284;1285,64,1
e58207f1-84ec-424b-a997-ff64a57eb13b,Has a Jenga block just been successfully moved?,Yes.,"Yes, a Jenga block has just been successfully moved.",278;279;510;511;724;725;748;749;772;774;777;778;786;787;788;790;792;793;796;799;805;807;820;821;825;826;860;863;872;875;876;879;905;906;925;926;952;953;980;983;1005;1006;1028;1029;1121;1123;1132;1133;1152;1154;1164;1167;1193;1194;1198;1199;1200;1201;1260;1261;1284;1285;1313;1315,64,1
e58207f1-84ec-424b-a997-ff64a57eb13b,Are the participants seated during the game?,Yes.,"Yes, the participants are seated during the game.",278;279;510;511;724;725;748;749;772;774;777;778;786;787;788;790;792;793;796;799;805;807;820;821;825;826;860;863;872;875;876;879;905;906;925;926;952;953;976;978;980;983;1005;1006;1121;1123;1132;1133;1152;1154;1164;1167;1193;1194;1198;1199;1200;1201;1260;1261;1284;1285;1313;1315,64,1
e58207f1-84ec-424b-a997-ff64a57eb13b,Is there a game being played on the floor?,No.,Yes.,278;279;510;511;724;725;748;749;772;774;777;778;786;787;788;790;792;793;796;799;805;807;820;821;825;826;860;863;872;875;876;879;905;906;925;926;952;953;980;983;1005;1006;1121;1123;1132;1133;1152;1154;1164;1167;1189;1190;1193;1194;1198;1199;1200;1201;1260;1261;1284;1285;1313;1315,64,1
e58207f1-84ec-424b-a997-ff64a57eb13b,Does the frame display a competitive match in progress?,Yes.,"No, the frame does not display a competitive match in progress.",278;279;510;511;724;725;748;749;772;774;777;778;786;787;788;790;792;793;796;799;805;807;820;821;825;826;860;863;872;875;876;879;905;906;925;926;936;938;952;953;980;983;1005;1006;1121;1123;1132;1133;1152;1154;1164;1167;1193;1194;1198;1199;1200;1201;1260;1261;1284;1285;1345;1347,64,1
e58207f1-84ec-424b-a997-ff64a57eb13b,Did I sit on the chairs before playing Jenga?,Yes.,"No, you did not sit on the chairs before playing Jenga. The video shows you sitting on a couch while playing Jenga.",278;279;510;511;724;725;748;749;772;774;777;778;786;787;788;790;792;793;796;799;805;807;820;821;825;826;860;863;872;875;876;879;905;906;925;926;952;953;972;975;976;978;980;983;1005;1006;1121;1123;1132;1133;1152;1154;1164;1167;1193;1194;1198;1199;1200;1201;1260;1261;1284;1285,64,1
e58207f1-84ec-424b-a997-ff64a57eb13b,Did I take Jenga blocks from the tower before adding to its top?,Yes.,"The video shows a person sitting on a couch with a Jenga game in front of them. The game appears to be in progress, with some blocks removed from the tower. The person is seen reaching for a block from the top of the tower, suggesting they are in the process of playing the game. However, the exact sequence of events is not clear from the still images provided.",278;279;510;511;724;725;748;749;772;774;777;778;786;787;788;790;792;793;796;799;805;807;820;821;825;826;860;863;872;875;876;879;905;906;925;926;952;953;972;975;976;978;980;983;1005;1006;1121;1123;1132;1133;1152;1154;1164;1167;1193;1194;1198;1199;1200;1201;1260;1261;1284;1285,64,1
e58207f1-84ec-424b-a997-ff64a57eb13b,Did the Jenga game happen before relaxing on the chairs?,No.,"Yes, the Jenga game happened before the person relaxed on the chairs.",278;279;510;511;724;725;748;749;772;774;777;778;786;787;788;790;792;793;796;799;805;807;820;821;825;826;860;863;872;875;876;879;905;906;925;926;952;953;972;975;976;978;980;983;1005;1006;1121;1123;1132;1133;1152;1154;1164;1167;1193;1194;1198;1199;1200;1201;1260;1261;1284;1285,64,1
e58207f1-84ec-424b-a997-ff64a57eb13b,Was placing blocks atop the Jenga tower before taking blocks from it?,No.,"Yes, the person was placing blocks atop the Jenga tower before taking blocks from it.",278;279;510;511;724;725;748;749;772;774;777;778;786;787;788;790;792;793;796;799;805;807;820;821;825;826;860;863;872;875;876;879;905;906;925;926;952;953;972;975;976;978;980;983;1005;1006;1121;1123;1132;1133;1152;1154;1164;1167;1193;1194;1198;1199;1200;1201;1260;1261;1284;1285,64,1
e58207f1-84ec-424b-a997-ff64a57eb13b,What occurs just before placing the blocks atop the Jenga tower?,Taking Jenga blocks from the tower.,"Just before placing the blocks atop the Jenga tower, the person is seen contemplating their next move.",278;279;510;511;724;725;748;749;772;774;777;778;786;787;788;790;792;793;796;799;805;807;820;821;825;826;860;863;872;875;876;879;905;906;925;926;952;953;972;975;976;978;980;983;1005;1006;1121;1123;1132;1133;1152;1154;1164;1167;1193;1194;1198;1199;1200;1201;1260;1261;1284;1285,64,1
e58207f1-84ec-424b-a997-ff64a57eb13b,What happens just before sitting on the chairs to play?,Entering the room.,"Just before sitting on the chairs to play, the person is seen holding a box of crackers and a cup, and there is a stack of cards on the table.",278;279;510;511;724;725;748;749;772;774;777;778;786;787;788;790;792;793;796;799;805;807;820;821;825;826;860;863;872;875;876;879;905;906;925;926;952;953;976;978;980;983;1005;1006;1121;1123;1132;1133;1152;1154;1164;1167;1193;1194;1198;1199;1200;1201;1260;1261;1284;1285;1345;1347,64,1
e58207f1-84ec-424b-a997-ff64a57eb13b,Did the game start before arranging wooden bricks on a block?,No,"No, the game started after arranging wooden bricks on a block.",278;279;510;511;572;573;724;725;748;749;772;774;777;778;786;787;788;790;792;793;796;799;805;807;820;821;825;826;860;863;872;875;876;879;905;906;925;926;952;953;972;975;980;983;1005;1006;1121;1123;1132;1133;1152;1154;1164;1167;1193;1194;1198;1199;1200;1201;1260;1261;1284;1285,64,1
e58207f1-84ec-424b-a997-ff64a57eb13b,What is the setting of the current video clip?,The setting is inside a house.,"The setting of the current video clip is a modern, well-lit room with a glass coffee table, a couch with pillows, and a lamp.",278;279;510;511;724;725;748;749;772;774;777;778;786;787;788;790;792;793;796;799;805;807;820;821;825;826;860;863;872;875;876;879;905;906;925;926;952;953;980;983;1005;1006;1121;1123;1132;1133;1152;1154;1164;1167;1193;1194;1198;1199;1200;1201;1284;1285;1432;1435;1448;1450;1488;1489,64,1
e58207f1-84ec-424b-a997-ff64a57eb13b,Describe the occupants in the house in the video.,"There are multiple individuals, both men and women.","The video features a person sitting on a gray couch in a modern living room. The individual is wearing a black hoodie with ""New Mexico"" written on it, black shorts, and has a green lanyard around their neck. They are also wearing black sunglasses. The person is engaged in playing a board game, specifically Jenga, which is placed on a glass coffee table in front of them. The living room has a contemporary design with a white lamp, a teal mug, and a potted plant on the coffee table. The background includes a white wall with a colorful abstract design and a doorway leading to another room. The person appears to be focused on the game, occasionally reaching for the Jenga blocks and placing them on the tower.",278;279;510;511;724;725;748;749;772;774;777;778;786;787;788;790;792;793;796;799;805;807;820;821;825;826;860;863;872;875;876;879;905;906;925;926;952;953;980;983;1005;1006;1132;1133;1152;1154;1164;1167;1193;1194;1198;1199;1200;1201;1284;1285;1432;1435;1448;1450;1468;1469;1488;1489,64,1
e58207f1-84ec-424b-a997-ff64a57eb13b,What were the individuals doing with wood in the video?,They were arranging pieces of wood.,The individuals were playing a game of Jenga.,278;279;510;511;724;725;748;749;777;778;786;787;788;790;792;793;796;799;805;807;820;821;825;826;860;863;872;875;876;879;905;906;925;926;952;953;980;983;1005;1006;1121;1123;1132;1133;1152;1154;1164;1167;1193;1194;1198;1199;1200;1201;1284;1285;1432;1435;1448;1450;1468;1469;1488;1489,64,1
e58207f1-84ec-424b-a997-ff64a57eb13b,What type of interaction occurred among the individuals?,They interacted with each other.,"The individuals engaged in a game of Jenga, with one person adding blocks to the tower and another person removing blocks, indicating a cooperative and competitive interaction.",278;279;510;511;724;725;748;749;772;774;777;778;786;787;788;790;792;793;796;799;805;807;820;821;825;826;860;863;872;875;876;879;905;906;925;926;952;953;980;983;1005;1006;1121;1123;1132;1133;1152;1154;1164;1167;1193;1194;1198;1199;1200;1201;1284;1285;1432;1435;1448;1450;1488;1489,64,1
e58207f1-84ec-424b-a997-ff64a57eb13b,Are the people stationary or moving about in the clip?,They are moving about the space.,"The people are stationary, with the focus on the person playing Jenga.",278;279;510;511;724;725;748;749;772;774;777;778;786;787;788;790;792;793;796;799;805;807;820;821;825;826;860;863;872;875;876;879;905;906;925;926;952;953;980;983;1005;1006;1132;1133;1152;1154;1164;1167;1193;1194;1198;1199;1200;1201;1284;1285;1432;1435;1448;1450;1468;1469;1488;1489,64,1
e58207f1-84ec-424b-a997-ff64a57eb13b,Is the Jenga game played before arranging wood pieces?,Yes.,"Yes, the Jenga game is played before arranging wood pieces.",278;279;510;511;724;725;748;749;777;778;786;787;788;790;792;793;796;799;805;807;820;821;825;826;860;863;872;875;876;879;905;906;925;926;952;953;972;975;976;978;980;983;1005;1006;1132;1133;1152;1154;1164;1167;1193;1194;1198;1199;1200;1201;1284;1285;1432;1435;1448;1450;1488;1489,64,1
e58207f1-84ec-424b-a997-ff64a57eb13b,Does sitting on chairs happen before interacting with each other?,Yes.,"No, sitting on chairs happens after interacting with each other.",278;279;510;511;724;725;748;749;777;778;786;787;788;790;792;793;796;799;805;807;820;821;825;826;860;863;872;875;876;879;905;906;925;926;952;953;980;983;1005;1006;1121;1123;1132;1133;1152;1154;1164;1167;1193;1194;1198;1199;1200;1201;1284;1285;1432;1435;1448;1450;1468;1469;1488;1489,64,1
e58207f1-84ec-424b-a997-ff64a57eb13b,Is the wood arrangement completed before the Jenga tower is built?,No.,"No, the wood arrangement is not completed before the Jenga tower is built.",278;279;510;511;724;725;748;749;777;778;786;787;788;790;792;793;796;799;805;807;820;821;825;826;860;863;872;875;876;879;905;906;925;926;952;953;976;978;980;983;1005;1006;1132;1133;1152;1154;1164;1167;1193;1194;1198;1199;1200;1201;1284;1285;1432;1435;1448;1450;1468;1469;1488;1489,64,1
e58207f1-84ec-424b-a997-ff64a57eb13b,What happens before arranging the wood pieces?,Playing Jenga.,"Before arranging the wood pieces, the person is seen sitting on a couch with a Jenga game box and a teal-colored mug on a glass coffee table.",278;279;510;511;724;725;748;749;777;778;786;787;788;790;792;793;796;799;805;807;820;821;825;826;860;863;872;875;876;879;905;906;925;926;952;953;966;967;980;983;1005;1006;1121;1123;1132;1133;1152;1154;1164;1167;1193;1194;1198;1199;1200;1201;1284;1285;1432;1435;1448;1450;1488;1489,64,1
e58207f1-84ec-424b-a997-ff64a57eb13b,What takes place before the Jenga block is touched?,Sitting down.,"Before the Jenga block is touched, the person is seen sitting on a couch with a Jenga block in front of them, and a teal-colored mug on the table.",278;279;510;511;724;725;748;749;777;778;786;787;788;790;792;793;796;799;805;807;820;821;825;826;860;863;872;875;876;879;905;906;925;926;952;953;980;983;1005;1006;1121;1123;1132;1133;1152;1154;1164;1167;1193;1194;1198;1199;1200;1201;1260;1261;1284;1285;1432;1435;1448;1450;1488;1489,64,1
e58207f1-84ec-424b-a997-ff64a57eb13b,Did the Jenga game occur before sitting on the chairs?,No.,"Yes, the Jenga game occurred before sitting on the chairs.",278;279;510;511;724;725;748;749;777;778;786;787;788;790;792;793;796;799;805;807;820;821;825;826;860;863;872;875;876;879;905;906;925;926;952;953;980;983;1005;1006;1121;1123;1132;1133;1152;1154;1164;1167;1193;1194;1198;1199;1200;1201;1284;1285;1432;1435;1448;1450;1468;1469;1488;1489,64,1
e58207f1-84ec-424b-a997-ff64a57eb13b,Was taking Jenga blocks from the tower after sitting on the chairs?,Yes.,"The video shows a person sitting on a couch and taking Jenga blocks from the tower. The setting appears to be a casual, indoor environment, possibly a living room or a lounge area. The person is wearing a dark hoodie with a logo on the front and shorts, and they are seated on a gray couch. There are several Jenga blocks visible on the table in front of them, and the person is seen taking a block from the tower, which is a standard game of Jenga where players take turns removing blocks from the tower and placing them on top, trying not to cause the tower to fall.",278;279;510;511;724;725;748;749;777;778;786;787;788;790;792;793;796;799;805;807;820;821;825;826;860;863;872;875;876;879;905;906;925;926;952;953;980;983;1005;1006;1121;1123;1132;1133;1152;1154;1164;1167;1193;1194;1198;1199;1200;1201;1284;1285;1432;1435;1448;1450;1468;1469;1488;1489,64,1
e58207f1-84ec-424b-a997-ff64a57eb13b,What happened just before placing blocks atop the Jenga tower?,Taking Jenga blocks from the tower.,A hand is seen placing blocks atop the Jenga tower.,278;279;510;511;724;725;748;749;772;774;777;778;786;787;788;790;792;793;796;799;805;807;820;821;825;826;860;863;872;875;876;879;905;906;925;926;952;953;980;983;1005;1006;1121;1123;1132;1133;1152;1154;1164;1167;1193;1194;1198;1199;1200;1201;1284;1285;1432;1435;1448;1450;1488;1489,64,1
e58207f1-84ec-424b-a997-ff64a57eb13b,What happens before arranging the pieces of wood?,Playing the Jenga wooden blocks game.,"Before arranging the pieces of wood, the person is seen sitting on a couch with a Jenga game in front of them, holding a piece of wood, and looking at the game.",278;279;510;511;724;725;748;749;777;778;786;787;788;790;792;793;796;799;805;807;820;821;825;826;860;863;872;875;876;879;905;906;925;926;952;953;966;967;980;983;1005;1006;1121;1123;1132;1133;1152;1154;1164;1167;1193;1194;1198;1199;1200;1201;1284;1285;1432;1435;1448;1450;1488;1489,64,1
e58207f1-84ec-424b-a997-ff64a57eb13b,What is the setting of the video clip?,An office.,"The setting of the video clip is a modern, well-lit room with a glass coffee table, a couch with pillows, and a lamp.",278;279;510;511;724;725;748;749;777;778;786;787;788;790;792;793;796;799;805;807;820;821;825;826;860;863;872;875;876;879;905;906;925;926;952;953;980;983;1005;1006;1121;1123;1132;1133;1152;1154;1164;1167;1193;1194;1198;1199;1200;1201;1284;1285;1432;1435;1448;1450;1488;1489;1553;1554,64,1
e58207f1-84ec-424b-a997-ff64a57eb13b,What activities are taking place in the clip?,Talking to a person and using a phone.,"The clip shows a person sitting on a couch, playing a board game, and interacting with a smartphone. The setting is a modern, well-lit room with a neutral color palette, featuring a glass coffee table, a lamp, and decorative items. The person is wearing a dark hoodie with a logo on the front and shorts, and they have a green lanyard around their neck. The board game appears to be Jenga, and the person is seen placing a block on the tower, adjusting their position, and interacting with the smartphone, possibly taking a photo or video of the game.",278;279;510;511;724;725;748;749;777;778;786;787;788;790;792;793;796;799;805;807;820;821;825;826;860;863;872;875;876;879;905;906;925;926;952;953;980;983;1005;1006;1121;1123;1132;1133;1152;1154;1164;1167;1193;1194;1198;1199;1200;1201;1284;1285;1432;1435;1448;1450;1488;1489;1553;1554,64,1
e58207f1-84ec-424b-a997-ff64a57eb13b,What is the primary action in the recent frames?,Engaging in a discussion and using the phone.,The primary action in the recent frames is the person playing with a Jenga game.,278;279;510;511;724;725;748;749;772;774;777;778;786;787;788;790;792;793;796;799;805;807;820;821;825;826;860;863;872;875;876;879;905;906;925;926;952;953;980;983;1005;1006;1132;1133;1152;1154;1164;1167;1193;1194;1198;1199;1200;1201;1284;1285;1432;1435;1448;1450;1488;1489;1553;1554,64,1
e58207f1-84ec-424b-a997-ff64a57eb13b,What technology is in use in the action?,A phone.,Augmented reality glasses,278;279;510;511;724;725;748;749;772;774;777;778;786;787;788;790;792;793;796;799;805;807;820;821;825;826;860;863;872;875;876;879;905;906;925;926;952;953;980;983;1005;1006;1132;1133;1152;1154;1164;1167;1193;1194;1198;1199;1200;1201;1284;1285;1432;1435;1448;1450;1488;1489;1553;1554,64,1
e58207f1-84ec-424b-a997-ff64a57eb13b,Is the person alone in the scene?,No.,Yes.,278;279;510;511;724;725;748;749;777;778;786;787;788;790;792;793;796;799;805;807;820;821;825;826;860;863;872;875;876;879;905;906;925;926;952;953;980;983;1005;1006;1132;1133;1152;1154;1164;1167;1193;1194;1198;1199;1200;1201;1284;1285;1432;1435;1448;1450;1468;1469;1488;1489;1553;1554,64,1
e58207f1-84ec-424b-a997-ff64a57eb13b,Did I interact with others after being at the office?,Yes,"The video shows you sitting on a couch in a modern office environment, surrounded by various office furniture and decor. You are seen interacting with a game of Jenga, which is placed on a glass coffee table in front of you. There are no other individuals visible in the immediate vicinity, suggesting that you are alone in this setting. However, the office environment is designed for collaboration and interaction, so it's possible that you might have interacted with others outside of the frame or in other parts of the office.",278;279;510;511;724;725;748;749;777;778;786;787;788;790;792;793;796;799;805;807;820;821;825;826;860;863;872;875;876;879;905;906;925;926;952;953;980;983;1005;1006;1132;1133;1152;1154;1164;1167;1193;1194;1198;1199;1200;1201;1284;1285;1432;1435;1448;1450;1468;1469;1488;1489;1553;1554,64,1
e58207f1-84ec-424b-a997-ff64a57eb13b,Did the office scene occur before the house activities?,Yes,"No, the office scene occurred after the house activities.",278;279;510;511;724;725;748;749;772;774;777;778;786;787;788;790;792;793;796;799;805;807;820;821;860;863;872;875;876;879;905;906;925;926;952;953;980;983;1005;1006;1121;1123;1132;1133;1152;1154;1164;1167;1193;1194;1198;1199;1200;1201;1284;1285;1432;1435;1448;1450;1488;1489;1553;1554,64,1
e58207f1-84ec-424b-a997-ff64a57eb13b,What happened right before I was at the office?,I was in the house,"It seems like you were at a location that had a casual and relaxed atmosphere, possibly a break room or a lounge area within an office or a similar setting. There were several people present, and it looks like they were engaged in a game of Jenga. The environment was informal, with comfortable seating, a coffee table, and some decorative elements like plants and a lamp. The presence of a Jenga box and pieces on the table indicates that the game was in progress or had just concluded. The overall mood appears to be light-hearted and social, with people enjoying their time together.",278;279;510;511;724;725;748;749;777;778;786;787;788;790;792;793;796;799;805;807;820;821;825;826;860;863;872;875;876;879;905;906;925;926;952;953;980;983;1005;1006;1132;1133;1152;1154;1164;1167;1193;1194;1198;1199;1200;1201;1260;1261;1284;1285;1432;1435;1448;1450;1488;1489;1553;1554,64,1
e58207f1-84ec-424b-a997-ff64a57eb13b,Did I play Jenga before arranging pieces of wood?,Yes.,"Yes, you played Jenga before arranging pieces of wood.",278;279;510;511;724;725;748;749;777;778;786;787;788;790;792;793;796;799;805;807;820;821;825;826;860;863;872;875;876;879;905;906;925;926;952;953;972;975;980;983;1005;1006;1132;1133;1152;1154;1164;1167;1193;1194;1198;1199;1200;1201;1284;1285;1432;1435;1448;1450;1488;1489;1553;1554,64,1
e58207f1-84ec-424b-a997-ff64a57eb13b,Did I use the phone before playing Jenga?,No.,"It appears that you were using the phone before playing Jenga. In the video, you can see the phone on the table, and it seems like you were interacting with it before the game started.",278;279;510;511;724;725;748;749;777;778;786;787;788;790;792;793;796;799;805;807;820;821;825;826;860;863;872;875;876;879;905;906;925;926;952;953;980;983;1005;1006;1121;1123;1132;1133;1152;1154;1164;1167;1193;1194;1198;1199;1200;1201;1284;1285;1432;1435;1448;1450;1488;1489;1553;1554,64,1
e58207f1-84ec-424b-a997-ff64a57eb13b,Was I at the office before playing with the Jenga blocks?,Yes.,"Yes, you were at the office before playing with the Jenga blocks.",278;279;510;511;724;725;748;749;777;778;786;787;788;790;792;793;796;799;805;807;820;821;825;826;860;863;872;875;876;879;905;906;925;926;952;953;980;983;1005;1006;1132;1133;1152;1154;1164;1167;1193;1194;1198;1199;1200;1201;1260;1261;1284;1285;1432;1435;1448;1450;1488;1489;1553;1554,64,1
89a95cd8-ca13-4edf-807e-d62138fd30e0,Describe the environment displayed in the video clip.,The video depicts a kitchen scenario.,"The video takes place in a kitchen with a tiled wall and a black countertop. On the countertop, there is a stainless steel grinder with a purple base, a blue plastic cup, a white container with a yellow lid, and a large plastic container with a floral design filled with flour. There are also some onions and a bag of lentils on the countertop. The background includes a window with a metal frame and a white wall with a power outlet. The video shows a hand reaching for the blue plastic cup and then moving towards the large plastic container with the floral design. The hand picks up the container and moves it slightly. The video concludes with the hand still holding the container and the blue plastic cup on the countertop.",0;1;4;6;10;11;14;15;22;23;26;27;30;31;33;34;36;37;40;41;44;47;48;50;53;55;58;59;62;63;64;65;69;71;72;74;76;79;82;83;85;86;88;89;92;93;96;98;100;101;104;106;108;110;128;129;132;135;136;138;140;141;144;145,64,1
89a95cd8-ca13-4edf-807e-d62138fd30e0,Identify the items being interacted with in the video clip.,Flour and onions are being used with water and a knife.,"In the video, the following items are being interacted with:1. A stainless steel container with a purple base, possibly a grinder or mixer.2. A large plastic container with a yellow lid, containing a white powdery substance, likely flour.3. A blue cup.4. A small container with a blue lid, possibly containing a spice or seasoning.5. A stack of books or magazines, with the topmost book titled ""BAY"".6. A plastic bag with a label that reads ""SIFT"".7. A small container with a purple lid, possibly containing a spice or seasoning.8. A white container with a blue lid, possibly containing a spice or seasoning.9. A white container with a red lid, possibly containing a spice or seasoning.10. A white container with a yellow lid, possibly containing a spice or seasoning.11. A white container with a blue lid, possibly containing a spice or seasoning.12. A white container with a red lid, possibly containing a spice or seasoning.13. A white container with a yellow lid, possibly containing a spice or seasoning.14. A white container with a blue lid, possibly containing a spice or seasoning.15. A white container with",0;1;4;6;10;11;14;15;22;23;26;27;30;31;33;34;36;37;40;41;44;47;48;50;53;55;58;59;62;63;64;65;69;71;72;74;76;79;82;83;85;86;88;89;92;93;96;98;100;101;104;106;108;110;128;129;132;135;136;138;140;141;144;145,64,1
89a95cd8-ca13-4edf-807e-d62138fd30e0,What's the main activity in the scene?,"The main activity is preparing ingredients, mixing and chopping.","The main activity in the scene is the preparation of ingredients, likely for cooking or baking.",0;1;4;6;10;11;14;15;22;23;26;27;30;31;33;34;36;37;40;41;44;47;48;50;53;55;58;59;62;63;64;65;69;71;72;74;76;79;82;83;85;86;88;89;92;93;96;98;100;101;104;106;108;110;128;129;132;135;136;138;140;141;144;145,64,1
89a95cd8-ca13-4edf-807e-d62138fd30e0,What objects are present in the scene related to the activity?,"Container of flour, a knife, and mixed dough are noticeable.","The scene includes a pot of water, a container of flour, a purple container, a stack of books, a blue cup, and a white container with a yellow lid.",0;1;4;6;10;11;14;15;22;23;26;27;30;31;33;34;36;37;40;41;44;47;48;50;53;55;58;59;62;63;64;65;69;71;72;74;76;79;82;83;85;86;88;89;92;93;96;98;100;101;104;106;108;110;128;129;132;135;136;138;140;141;144;145,64,1
89a95cd8-ca13-4edf-807e-d62138fd30e0,Did the person use a knife on the onions?,Yes.,"Yes, the person used a knife on the onions.",0;1;4;6;10;11;14;15;22;23;26;27;30;31;33;34;36;37;40;41;44;47;48;50;53;55;58;59;62;63;64;65;69;71;72;74;76;79;82;83;85;86;88;89;92;93;96;98;100;101;104;106;108;110;128;129;132;135;136;138;140;141;144;145,64,1
89a95cd8-ca13-4edf-807e-d62138fd30e0,Was water added to the flour in the video?,Yes.,"Yes, water was added to the flour in the video.",0;1;4;6;10;11;14;15;22;23;26;27;30;31;33;34;36;37;40;41;44;47;48;50;53;55;58;59;62;63;64;65;69;71;72;74;76;79;82;83;85;86;88;89;92;93;96;98;100;101;104;106;108;110;128;129;132;135;136;138;140;141;144;145,64,1
89a95cd8-ca13-4edf-807e-d62138fd30e0,Did the preparation seem to be for baking?,"No, more likely for cooking.","Yes, the preparation seems to be for baking, as indicated by the presence of flour and the use of a mixer.",0;1;4;6;10;11;14;15;22;23;26;27;30;31;33;34;36;37;40;41;44;47;48;50;53;55;58;59;62;63;64;65;69;71;72;74;76;79;82;83;85;86;88;89;92;93;96;98;100;101;104;106;108;110;128;129;132;135;136;138;140;141;144;145,64,1
89a95cd8-ca13-4edf-807e-d62138fd30e0,Describe the environment where the cooking is taking place.,The cooking is taking place in a kitchen.,"The cooking is taking place in a kitchen with a tiled wall, a black countertop, and various kitchen utensils and containers.",0;1;10;11;22;23;26;27;30;31;33;34;48;50;53;55;58;59;62;63;64;65;69;71;82;83;85;86;96;98;140;141;160;161;173;174;176;179;180;181;184;185;188;189;193;194;196;199;200;201;204;205;208;209;214;215;220;221;233;234;244;245;268;269,64,1
89a95cd8-ca13-4edf-807e-d62138fd30e0,What step is being performed with the pan?,Oil is being poured into the pan.,The pan is being used to cook or heat something.,0;1;10;11;22;23;26;27;30;31;33;34;48;50;53;55;58;59;62;63;64;65;69;71;82;83;85;86;96;98;140;141;160;161;173;174;176;179;180;181;184;185;188;189;193;194;196;199;200;201;204;205;208;209;214;215;220;221;233;234;244;245;268;269,64,1
89a95cd8-ca13-4edf-807e-d62138fd30e0,Are there any other objects visible associated with cooking?,"Yes, there are kitchen utensils and containers.","Yes, there are other objects visible associated with cooking, such as a blue cutting board with sliced onions, a container with a yellow lid, and a white container with a floral design.",0;1;4;6;10;11;22;23;26;27;30;31;33;34;48;50;53;55;58;59;64;65;69;71;85;86;96;98;140;141;160;161;173;174;176;179;180;181;184;185;188;189;193;194;196;199;200;201;204;205;208;209;214;215;220;221;233;234;244;245;268;269;278;279,64,1
89a95cd8-ca13-4edf-807e-d62138fd30e0,Are there any ingredients ready to be cooked?,"Yes, there are chopped ingredients on the cutting board.","Yes, there are ingredients ready to be cooked, including chopped onions and a container of flour.",0;1;4;6;10;11;22;23;26;27;30;31;33;34;48;50;53;55;58;59;64;65;69;71;85;86;96;98;140;141;160;161;173;174;176;179;180;181;184;185;188;189;193;194;196;199;200;201;204;205;208;209;214;215;220;221;233;234;244;245;268;269;278;279,64,1
89a95cd8-ca13-4edf-807e-d62138fd30e0,What is implied by the action of pouring oil in the pan?,The person is preparing to cook or fry food.,The action of pouring oil in the pan implies that cooking is about to begin.,0;1;10;11;22;23;26;27;30;31;33;34;48;50;53;55;58;59;64;65;69;71;82;83;85;86;96;98;136;138;140;141;160;161;173;174;176;179;180;181;184;185;188;189;193;194;196;199;200;201;204;205;208;209;214;215;220;221;233;234;244;245;268;269,64,1
89a95cd8-ca13-4edf-807e-d62138fd30e0,What will likely happen next in the cooking process?,The food will be added to the heated oil for cooking.,"The next step in the cooking process will likely involve using the chopped onions, which are already on the cutting board, to prepare a dish.",0;1;4;6;10;11;22;23;26;27;30;31;33;34;48;50;53;55;58;59;64;65;69;71;85;86;96;98;140;141;160;161;173;174;176;179;180;181;184;185;188;189;193;194;196;199;200;201;204;205;208;209;214;215;220;221;233;234;244;245;268;269;278;279,64,1
89a95cd8-ca13-4edf-807e-d62138fd30e0,Did the person start cooking as soon as the video began?,No.,"No, the person did not start cooking immediately. They first prepared the ingredients, including chopping onions, before beginning to cook.",0;1;10;11;22;23;26;27;30;31;33;34;48;50;53;55;58;59;64;65;69;71;85;86;96;98;140;141;160;161;173;174;176;179;180;181;184;185;188;189;193;194;196;199;200;201;204;205;208;209;214;215;220;221;233;234;244;245;260;261;268;269;278;279,64,1
89a95cd8-ca13-4edf-807e-d62138fd30e0,Has the person used any kitchen utensils yet?,Yes.,"Yes, the person has used a knife to cut the onion.",0;1;10;11;22;23;26;27;30;31;33;34;48;50;53;55;58;59;64;65;69;71;85;86;96;98;136;138;140;141;160;161;173;174;176;179;180;181;184;185;188;189;193;194;196;199;200;201;204;205;208;209;214;215;220;221;233;234;244;245;268;269;278;279,64,1
89a95cd8-ca13-4edf-807e-d62138fd30e0,Is the person cooking unattended or seen in the frame?,"The person is unattended, not seen in the frame.","The person is seen in the frame, actively engaged in the cooking process.",0;1;10;11;22;23;26;27;30;31;33;34;48;50;53;55;58;59;62;63;64;65;69;71;82;83;85;86;96;98;140;141;160;161;173;174;176;179;180;181;184;185;188;189;193;194;196;199;200;201;204;205;208;209;214;215;220;221;233;234;244;245;268;269,64,1
89a95cd8-ca13-4edf-807e-d62138fd30e0,Has the heat been turned on under the pan yet?,No.,"No, the heat has not been turned on under the pan yet.",0;1;10;11;22;23;26;27;30;31;33;34;48;50;53;55;58;59;62;63;64;65;69;71;82;83;85;86;96;98;140;141;160;161;173;174;176;179;180;181;184;185;188;189;193;194;196;199;200;201;204;205;208;209;214;215;220;221;233;234;244;245;268;269,64,1
89a95cd8-ca13-4edf-807e-d62138fd30e0,"In the video, does mixing flour with water happen before cutting onions?",Yes.,"No, mixing flour with water happens after cutting onions.",0;1;4;6;10;11;22;23;26;27;30;31;33;34;48;50;53;55;58;59;64;65;85;86;96;98;136;138;140;141;160;161;173;174;176;179;180;181;184;185;188;189;193;194;196;199;200;201;204;205;208;209;214;215;220;221;233;234;244;245;268;269;278;279,64,1
89a95cd8-ca13-4edf-807e-d62138fd30e0,Is cooking the food shown before opening the door in the video?,Yes.,"No, the video does not show cooking the food before opening the door; it shows the preparation process.",0;1;10;11;22;23;26;27;30;31;33;34;48;50;53;55;58;59;64;65;69;71;82;83;85;86;96;98;140;141;160;161;173;174;176;179;180;181;184;185;188;189;193;194;196;199;200;201;204;205;208;209;214;215;220;221;233;234;244;245;268;269;278;279,64,1
89a95cd8-ca13-4edf-807e-d62138fd30e0,"In the video, does pouring oil in the pan occur after cutting onions?",Yes.,"Yes, pouring oil in the pan occurs after cutting onions.",0;1;10;11;22;23;26;27;30;31;33;34;48;50;53;55;58;59;64;65;69;71;85;86;96;98;136;138;140;141;160;161;173;174;176;179;180;181;184;185;188;189;193;194;196;199;200;201;204;205;208;209;214;215;220;221;233;234;244;245;268;269;278;279,64,1
89a95cd8-ca13-4edf-807e-d62138fd30e0,"In the video, is oil poured into the pan before cooking the food?",No.,"Yes, oil is poured into the pan before cooking the food.",0;1;10;11;22;23;26;27;30;31;33;34;48;50;53;55;58;59;64;65;69;71;82;83;85;86;96;98;140;141;160;161;173;174;176;179;180;181;184;185;188;189;193;194;196;199;200;201;204;205;208;209;214;215;220;221;233;234;244;245;268;269;278;279,64,1
89a95cd8-ca13-4edf-807e-d62138fd30e0,What is the setting of the video clip?,The setting is a kitchen.,The setting of the video clip is a kitchen.,304;305;308;309;312;313;316;317;320;321;324;325;328;329;332;333;336;337;340;341;344;345;349;351;352;353;356;357;360;361;364;366;368;369;372;373;376;377;380;381;384;385;388;389;392;393;396;397;400;401;404;405;408;409;413;414;416;417;420;421;424;425;428;429,64,1
89a95cd8-ca13-4edf-807e-d62138fd30e0,What tasks are being performed in the scene?,"Cooking food, cleaning the counter, rolling dough.","The scene depicts a kitchen where a person is engaged in cooking. The individual is seen stirring a pot on the stove, which suggests they are preparing a meal. The presence of a cutting board and various kitchen utensils indicates that food preparation is ongoing. The person is likely following a recipe or cooking instructions, as evidenced by the focused attention on the pot. The kitchen environment, with its organized layout and necessary appliances, supports the idea that cooking is the primary activity taking place.",304;305;308;309;312;313;316;317;320;321;324;325;328;329;332;333;336;337;340;341;344;345;349;351;352;353;356;357;360;361;364;366;368;369;372;373;376;377;380;381;384;385;388;389;392;393;396;397;400;401;404;405;408;409;413;414;416;417;420;421;424;425;428;429,64,1
89a95cd8-ca13-4edf-807e-d62138fd30e0,Can you caption the cleaning action in the clip?,Tidying up the kitchen counter.,"The clip shows a person cleaning a kitchen counter. The individual is using a cloth or sponge to wipe down the surface, removing any dirt or spills. The focus is on the cleaning action, which is thorough and methodical, ensuring the counter is spotless.",304;305;308;309;312;313;316;317;320;321;324;325;328;329;332;333;336;337;340;341;344;345;349;351;352;353;356;357;360;361;364;366;368;369;372;373;376;377;380;381;384;385;388;389;392;393;396;397;400;401;404;405;408;409;413;414;416;417;420;421;424;425;428;429,64,1
89a95cd8-ca13-4edf-807e-d62138fd30e0,How is the dough being prepared?,The dough is being rolled.,The dough is being prepared by kneading it on a wooden surface.,304;305;308;309;312;313;316;317;320;321;324;325;328;329;332;333;336;337;340;341;344;345;349;351;352;353;356;357;360;361;364;366;368;369;372;373;376;377;380;381;384;385;388;389;392;393;396;397;400;401;404;405;408;409;413;414;416;417;420;421;424;425;428;429,64,1
89a95cd8-ca13-4edf-807e-d62138fd30e0,Does the video show someone cooking?,Yes.,"No, the video does not show someone cooking. It shows a kitchen setting with various utensils and ingredients, but there is no cooking activity taking place.",304;305;308;309;312;313;316;317;320;321;324;325;328;329;332;333;336;337;340;341;344;345;349;351;352;353;356;357;360;361;364;366;368;369;372;373;376;377;380;381;384;385;388;389;392;393;396;397;400;401;404;405;408;409;413;414;416;417;420;421;424;425;428;429,64,1
89a95cd8-ca13-4edf-807e-d62138fd30e0,Is the counter being cleaned in the video?,Yes.,"Yes, the video shows a person cleaning the counter.",304;305;308;309;312;313;316;317;320;321;324;325;328;329;332;333;336;337;340;341;344;345;349;351;352;353;356;357;360;361;364;366;368;369;372;373;376;377;380;381;384;385;388;389;392;393;396;397;400;401;404;405;408;409;413;414;416;417;420;421;424;425;428;429,64,1
89a95cd8-ca13-4edf-807e-d62138fd30e0,Is there a scene of rolling dough in the video?,Yes.,"Yes, there is a scene of rolling dough in the video.",304;305;308;309;312;313;316;317;320;321;324;325;328;329;332;333;336;337;340;341;344;345;349;351;352;353;356;357;360;361;364;366;368;369;372;373;376;377;380;381;384;385;388;389;392;393;396;397;400;401;404;405;408;409;413;414;416;417;420;421;424;425;428;429,64,1
89a95cd8-ca13-4edf-807e-d62138fd30e0,Does rolling the dough happen before cleaning the counter?,No,"No, rolling the dough happens after cleaning the counter.",304;305;308;309;312;313;316;317;320;321;324;325;328;329;332;333;336;337;340;341;344;345;349;351;352;353;356;357;360;361;364;366;368;369;372;373;376;377;380;381;384;385;388;389;392;393;396;397;400;401;404;405;408;409;413;414;416;417;420;421;424;425;428;429,64,1
89a95cd8-ca13-4edf-807e-d62138fd30e0,Is the food cooked after I clean the counter?,Yes,"No, the food is not cooked after you clean the counter.",304;305;308;309;312;313;316;317;320;321;324;325;328;329;332;333;336;337;340;341;344;345;349;351;352;353;356;357;360;361;364;366;368;369;372;373;376;377;380;381;384;385;388;389;392;393;396;397;400;401;404;405;408;409;413;414;416;417;420;421;424;425;428;429,64,1
89a95cd8-ca13-4edf-807e-d62138fd30e0,"Before the food is cooked, what do I do?",In the kitchen.,go to the kitchen,304;305;308;309;312;313;316;317;320;321;324;325;328;329;332;333;336;337;340;341;344;345;349;351;352;353;356;357;360;361;364;366;368;369;372;373;376;377;380;381;384;385;388;389;392;393;396;397;400;401;404;405;408;409;413;414;416;417;420;421;424;425;428;429,64,1
89a95cd8-ca13-4edf-807e-d62138fd30e0,What occurs just before I clean the counter?,Cook food.,I wash the dishes.,304;305;308;309;312;313;316;317;320;321;324;325;328;329;332;333;336;337;340;341;344;345;349;351;352;353;356;357;360;361;364;366;368;369;372;373;376;377;380;381;384;385;388;389;392;393;396;397;400;401;404;405;408;409;413;414;416;417;420;421;424;425;428;429,64,1
89a95cd8-ca13-4edf-807e-d62138fd30e0,"In the video, what takes place right before rolling the dough?",Clean the counter.,"Right before rolling the dough, the video shows a person preparing the dough on a floured surface.",304;305;308;309;312;313;316;317;320;321;324;325;328;329;332;333;336;337;340;341;344;345;349;351;352;353;356;357;360;361;364;366;368;369;372;373;376;377;380;381;384;385;388;389;392;393;396;397;400;401;404;405;408;409;413;414;416;417;420;421;424;425;428;429,64,1
89a95cd8-ca13-4edf-807e-d62138fd30e0,"In the video, does the mixing of flour with water happen before cutting the onions?",Yes,"Yes, the mixing of flour with water happens before cutting the onions.",304;305;308;309;312;313;316;317;320;321;324;325;328;329;332;333;336;337;340;341;344;345;349;351;352;353;356;357;360;361;364;366;368;369;372;373;376;377;380;381;384;385;388;389;392;393;396;397;400;401;404;405;408;409;413;414;416;417;420;421;424;425;428;429,64,1
89a95cd8-ca13-4edf-807e-d62138fd30e0,What is the setting of the video clip?,"Inside a house, in the kitchen.",The setting of the video clip is a kitchen.,304;305;308;309;312;313;316;317;320;321;324;325;328;329;332;333;336;337;340;341;344;345;349;351;352;353;356;357;360;361;364;366;368;369;372;373;376;377;380;381;384;385;388;389;392;393;396;397;400;401;404;405;408;409;413;414;416;417;420;421;424;425;428;429,64,1
89a95cd8-ca13-4edf-807e-d62138fd30e0,What activity is depicted in the scene?,Making dough for cooking.,"The scene depicts a person engaging in a leisurely activity, likely reading or enjoying a book in a serene and peaceful environment.",304;305;308;309;312;313;316;317;320;321;324;325;328;329;332;333;336;337;340;341;344;345;349;351;352;353;356;357;360;361;364;366;368;369;372;373;376;377;380;381;384;385;388;389;392;393;396;397;400;401;404;405;408;409;413;414;416;417;420;421;424;425;428;429,64,1
89a95cd8-ca13-4edf-807e-d62138fd30e0,What tools are being utilized in the scene?,"Hands, rolling pin, flour container.","The tools being utilized in the scene include a hammer, a saw, and a chisel.",304;305;308;309;312;313;316;317;320;321;324;325;328;329;332;333;336;337;340;341;344;345;349;351;352;353;356;357;360;361;364;366;368;369;372;373;376;377;380;381;384;385;388;389;392;393;396;397;400;401;404;405;408;409;413;414;416;417;420;421;424;425;428;429,64,1
89a95cd8-ca13-4edf-807e-d62138fd30e0,Where specifically is the dough preparation taking place?,On a newspaper-covered surface.,"The dough preparation is taking place in a kitchen, as indicated by the presence of a kitchen counter and various kitchen utensils.",304;305;308;309;312;313;316;317;320;321;324;325;328;329;332;333;336;337;340;341;344;345;349;351;352;353;356;357;360;361;364;366;368;369;372;373;376;377;380;381;384;385;388;389;392;393;396;397;400;401;404;405;408;409;413;414;416;417;420;421;424;425;428;429,64,1
89a95cd8-ca13-4edf-807e-d62138fd30e0,What is the immediate environment around the dough-making area?,Nearby kitchen appliances and utensils.,The immediate environment around the dough-making area is a kitchen with a wooden countertop and a tiled floor.,304;305;308;309;312;313;316;317;320;321;324;325;328;329;332;333;336;337;340;341;344;345;349;351;352;353;356;357;360;361;364;366;368;369;372;373;376;377;380;381;384;385;388;389;392;393;396;397;400;401;404;405;408;409;413;414;416;417;420;421;424;425;428;429,64,1
89a95cd8-ca13-4edf-807e-d62138fd30e0,What is the main action taking place in these frames?,The dough is being rolled out.,"The main action in these frames is the person's hand reaching towards the camera, possibly to adjust the camera or to interact with it in some way.",304;305;308;309;312;313;316;317;320;321;324;325;328;329;332;333;336;337;340;341;344;345;349;351;352;353;356;357;360;361;364;366;368;369;372;373;376;377;380;381;384;385;388;389;392;393;396;397;400;401;404;405;408;409;413;414;416;417;420;421;424;425;428;429,64,1
89a95cd8-ca13-4edf-807e-d62138fd30e0,What action precedes the rolling of the dough?,Dipping the dough in flour.,"The action that precedes the rolling of the dough is the preparation of the dough, which involves kneading and resting.",304;305;308;309;312;313;316;317;320;321;324;325;328;329;332;333;336;337;340;341;344;345;349;351;352;353;356;357;360;361;364;366;368;369;372;373;376;377;380;381;384;385;388;389;392;393;396;397;400;401;404;405;408;409;413;414;416;417;420;421;424;425;428;429,64,1
89a95cd8-ca13-4edf-807e-d62138fd30e0,How is the dough initially shaped?,It is shaped by hand.,The dough is initially shaped into a ball.,304;305;308;309;312;313;316;317;320;321;324;325;328;329;332;333;336;337;340;341;344;345;349;351;352;353;356;357;360;361;364;366;368;369;372;373;376;377;380;381;384;385;388;389;392;393;396;397;400;401;404;405;408;409;413;414;416;417;420;421;424;425;428;429,64,1
89a95cd8-ca13-4edf-807e-d62138fd30e0,What is the purpose of the flour in the dough rolling process?,To prevent sticking to the rolling pin.,"The flour serves as a dry ingredient that helps to absorb the moisture from the water in the dough, creating a cohesive mass. It also helps to strengthen the gluten structure in the dough, which is essential for the dough's elasticity and ability to hold its shape when rolled out.",304;305;308;309;312;313;316;317;320;321;324;325;328;329;332;333;336;337;340;341;344;345;349;351;352;353;356;357;360;361;364;366;368;369;372;373;376;377;380;381;384;385;388;389;392;393;396;397;400;401;404;405;408;409;413;414;416;417;420;421;424;425;428;429,64,1
89a95cd8-ca13-4edf-807e-d62138fd30e0,What may likely be the next step after rolling the dough?,Cutting or shaping the dough for cooking.,"The next step after rolling the dough would likely be to use the dough cutter to cut out the dough into specific shapes, such as circles or squares, depending on the intended final product. This step is crucial for creating uniform pieces that will cook evenly.",304;305;308;309;312;313;316;317;320;321;324;325;328;329;332;333;336;337;340;341;344;345;349;351;352;353;356;357;360;361;364;366;368;369;372;373;376;377;380;381;384;385;388;389;392;393;396;397;400;401;404;405;408;409;413;414;416;417;420;421;424;425;428;429,64,1
89a95cd8-ca13-4edf-807e-d62138fd30e0,Did the person use a rolling pin in the video?,Yes.,"Yes, the person used a rolling pin to roll out the dough.",304;305;308;309;312;313;316;317;320;321;324;325;328;329;332;333;336;337;340;341;344;345;349;351;352;353;356;357;360;361;364;366;368;369;372;373;376;377;380;381;384;385;388;389;392;393;396;397;400;401;404;405;408;409;413;414;416;417;420;421;424;425;428;429,64,1
89a95cd8-ca13-4edf-807e-d62138fd30e0,Did the dough-making happen on a bare countertop?,No.,"Yes, the dough-making happened on a bare countertop.",304;305;308;309;312;313;316;317;320;321;324;325;328;329;332;333;336;337;340;341;344;345;349;351;352;353;356;357;360;361;364;366;368;369;372;373;376;377;380;381;384;385;388;389;392;393;396;397;400;401;404;405;408;409;413;414;416;417;420;421;424;425;428;429,64,1
89a95cd8-ca13-4edf-807e-d62138fd30e0,Was an electrical appliance used to roll the dough?,No.,"No, a rolling pin was used to roll the dough.",304;305;308;309;312;313;316;317;320;321;324;325;328;329;332;333;336;337;340;341;344;345;349;351;352;353;356;357;360;361;364;366;368;369;372;373;376;377;380;381;384;385;388;389;392;393;396;397;400;401;404;405;408;409;413;414;416;417;420;421;424;425;428;429,64,1
89a95cd8-ca13-4edf-807e-d62138fd30e0,Did the person complete the dough rolling in one try?,"Not specified, unclear.",The video caption does not provide information about whether the person completed the dough rolling in one try or not.,304;305;308;309;312;313;316;317;320;321;324;325;328;329;332;333;336;337;340;341;344;345;349;351;352;353;356;357;360;361;364;366;368;369;372;373;376;377;380;381;384;385;388;389;392;393;396;397;400;401;404;405;408;409;413;414;416;417;420;421;424;425;428;429,64,1
89a95cd8-ca13-4edf-807e-d62138fd30e0,Is the flour container closed in the scene?,Yes.,"Yes, the flour container is closed in the scene.",304;305;308;309;312;313;316;317;320;321;324;325;328;329;332;333;336;337;340;341;344;345;349;351;352;353;356;357;360;361;364;366;368;369;372;373;376;377;380;381;384;385;388;389;392;393;396;397;400;401;404;405;408;409;413;414;416;417;420;421;424;425;428;429,64,1
89a95cd8-ca13-4edf-807e-d62138fd30e0,"In the video, is the dough rolled with hands before it's dipped in flour?",Yes,"No, the dough is not rolled with hands before it's dipped in flour.",304;305;308;309;312;313;316;317;320;321;324;325;328;329;332;333;336;337;340;341;344;345;349;351;352;353;356;357;360;361;364;366;368;369;372;373;376;377;380;381;384;385;388;389;392;393;396;397;400;401;404;405;408;409;413;414;416;417;420;421;424;425;428;429,64,1
89a95cd8-ca13-4edf-807e-d62138fd30e0,Is the food cooked before the counter is cleaned?,Yes,"Yes, the food is cooked before the counter is cleaned.",304;305;308;309;312;313;316;317;320;321;324;325;328;329;332;333;336;337;340;341;344;345;349;351;352;353;356;357;360;361;364;366;368;369;372;373;376;377;380;381;384;385;388;389;392;393;396;397;400;401;404;405;408;409;413;414;416;417;420;421;424;425;428;429,64,1
89a95cd8-ca13-4edf-807e-d62138fd30e0,Does the dough rolling with a rolling pin happen after hand rolling?,Yes,"Yes, the dough rolling with a rolling pin happens after hand rolling.",304;305;308;309;312;313;316;317;320;321;324;325;328;329;332;333;336;337;340;341;344;345;349;351;352;353;356;357;360;361;364;366;368;369;372;373;376;377;380;381;384;385;388;389;392;393;396;397;400;401;404;405;408;409;413;414;416;417;420;421;424;425;428;429,64,1
89a95cd8-ca13-4edf-807e-d62138fd30e0,Is the counter cleaned before the dough is rolled with hands?,Yes,"Yes, the counter is cleaned before the dough is rolled with hands.",304;305;308;309;312;313;316;317;320;321;324;325;328;329;332;333;336;337;340;341;344;345;349;351;352;353;356;357;360;361;364;366;368;369;372;373;376;377;380;381;384;385;388;389;392;393;396;397;400;401;404;405;408;409;413;414;416;417;420;421;424;425;428;429,64,1
89a95cd8-ca13-4edf-807e-d62138fd30e0,"In the video, is the rolling pin used before the dough is dipped in flour?",Yes,"No, the rolling pin is not used before the dough is dipped in flour.",304;305;308;309;312;313;316;317;320;321;324;325;328;329;332;333;336;337;340;341;344;345;349;351;352;353;356;357;360;361;364;366;368;369;372;373;376;377;380;381;384;385;388;389;392;393;396;397;400;401;404;405;408;409;413;414;416;417;420;421;424;425;428;429,64,1
89a95cd8-ca13-4edf-807e-d62138fd30e0,What is done just before the dough is dipped in flour?,Roll dough with hands,The dough is rolled out on a floured surface.,304;305;308;309;312;313;316;317;320;321;324;325;328;329;332;333;336;337;340;341;344;345;349;351;352;353;356;357;360;361;364;366;368;369;372;373;376;377;380;381;384;385;388;389;392;393;396;397;400;401;404;405;408;409;413;414;416;417;420;421;424;425;428;429,64,1
89a95cd8-ca13-4edf-807e-d62138fd30e0,What action is performed before cleaning the counter?,Cook food,"Before cleaning the counter, the person washes their hands.",304;305;308;309;312;313;316;317;320;321;324;325;328;329;332;333;336;337;340;341;344;345;349;351;352;353;356;357;360;361;364;366;368;369;372;373;376;377;380;381;384;385;388;389;392;393;396;397;400;401;404;405;408;409;413;414;416;417;420;421;424;425;428;429,64,1
89a95cd8-ca13-4edf-807e-d62138fd30e0,What activity happens before the dough is rolled with hands?,Nothing is specified before hand rolling,The dough is kneaded on a wooden board.,304;305;308;309;312;313;316;317;320;321;324;325;328;329;332;333;336;337;340;341;344;345;349;351;352;353;356;357;360;361;364;366;368;369;372;373;376;377;380;381;384;385;388;389;392;393;396;397;400;401;404;405;408;409;413;414;416;417;420;421;424;425;428;429,64,1
89a95cd8-ca13-4edf-807e-d62138fd30e0,Was the counter cleaned after cooking food?,Yes,"Yes, the counter was cleaned after cooking food.",304;305;308;309;312;313;316;317;320;321;324;325;328;329;332;333;336;337;340;341;344;345;349;351;352;353;356;357;360;361;364;366;368;369;372;373;376;377;380;381;384;385;388;389;392;393;396;397;400;401;404;405;408;409;413;414;416;417;420;421;424;425;428;429,64,1
89a95cd8-ca13-4edf-807e-d62138fd30e0,Did I roll the dough before dipping it in flour?,No,"It seems like you might have missed the step of rolling the dough before dipping it in flour. Typically, rolling out dough to a uniform thickness helps to ensure even cooking and prevents the dough from sticking to the flour. If you haven't rolled the dough yet, it's a good idea to do so before dipping it in flour to prevent it from sticking and to achieve a more even coating.",304;305;308;309;312;313;316;317;320;321;324;325;328;329;332;333;336;337;340;341;344;345;349;351;352;353;356;357;360;361;364;366;368;369;372;373;376;377;380;381;384;385;388;389;392;393;396;397;400;401;404;405;408;409;413;414;416;417;420;421;424;425;428;429,64,1
89a95cd8-ca13-4edf-807e-d62138fd30e0,Did I roll dough with hands before rolling it with a rolling pin?,Yes,"It sounds like you might have started by rolling dough with your hands before using a rolling pin. This is a common practice, especially when you're just beginning to work with dough and want to get a feel for its texture and consistency. Once you have a rough shape and a sense of how the dough behaves, you typically switch to a rolling pin to achieve a more even and precise thickness. If you haven't done so already, you might want to try rolling the dough with your hands first to get a better feel for it before using the rolling pin.",304;305;308;309;312;313;316;317;320;321;324;325;328;329;332;333;336;337;340;341;344;345;349;351;352;353;356;357;360;361;364;366;368;369;372;373;376;377;380;381;384;385;388;389;392;393;396;397;400;401;404;405;408;409;413;414;416;417;420;421;424;425;428;429,64,1
89a95cd8-ca13-4edf-807e-d62138fd30e0,What happens right before I dip the dough in flour?,Rolling the dough with hands,"I'm sorry, but it seems there might be a misunderstanding. I'm an AI and I don't have the ability to perform actions or interact with physical objects. I can only provide information and answer questions to the best of my ability based on the data I've been trained on. If you have a specific question or need information about a process, feel free to ask!",304;305;308;309;312;313;316;317;320;321;324;325;328;329;332;333;336;337;340;341;344;345;349;351;352;353;356;357;360;361;364;366;368;369;372;373;376;377;380;381;384;385;388;389;392;393;396;397;400;401;404;405;408;409;413;414;416;417;420;421;424;425;428;429,64,1
89a95cd8-ca13-4edf-807e-d62138fd30e0,What action occurs just before I roll the dough with a rolling pin?,Dipping dough in flour,I place the dough on a floured surface.,304;305;308;309;312;313;316;317;320;321;324;325;328;329;332;333;336;337;340;341;344;345;349;351;352;353;356;357;360;361;364;366;368;369;372;373;376;377;380;381;384;385;388;389;392;393;396;397;400;401;404;405;408;409;413;414;416;417;420;421;424;425;428;429,64,1
89a95cd8-ca13-4edf-807e-d62138fd30e0,What do I do just before pouring oil in the pan?,Open the door,"Before pouring oil into the pan, you should first heat the pan over medium to medium-high heat. This step is crucial because it allows the oil to spread evenly across the surface of the pan and to reach a temperature that is suitable for cooking. Once the pan is heated, you can then pour in the oil, making sure to cover the entire surface of the pan. This will ensure that the oil is evenly distributed and that your food will cook evenly and not stick to the pan.",304;305;308;309;312;313;316;317;320;321;324;325;328;329;332;333;336;337;340;341;344;345;349;351;352;353;356;357;360;361;364;366;368;369;372;373;376;377;380;381;384;385;388;389;392;393;396;397;400;401;404;405;408;409;413;414;416;417;420;421;424;425;428;429,64,1
89a95cd8-ca13-4edf-807e-d62138fd30e0,What takes place immediately before I clean the counter?,Cook food,I wash the dishes.,304;305;308;309;312;313;316;317;320;321;324;325;328;329;332;333;336;337;340;341;344;345;349;351;352;353;356;357;360;361;364;366;368;369;372;373;376;377;380;381;384;385;388;389;392;393;396;397;400;401;404;405;408;409;413;414;416;417;420;421;424;425;428;429,64,1
89a95cd8-ca13-4edf-807e-d62138fd30e0,What location is shown in this video clip?,The kitchen.,The video clip shows a location with a black background.,304;305;308;309;312;313;316;317;320;321;324;325;328;329;332;333;336;337;340;341;344;345;349;351;352;353;356;357;360;361;364;366;368;369;372;373;376;377;380;381;384;385;388;389;392;393;396;397;400;401;404;405;408;409;413;414;416;417;420;421;424;425;428;429,64,1
89a95cd8-ca13-4edf-807e-d62138fd30e0,What task is being performed in this scene?,Making dough.,"The scene shows a person using a sewing machine to sew fabric. The individual appears to be engaged in a sewing or tailoring task, possibly creating or altering clothing or other fabric items. The presence of the sewing machine and the person's focused posture suggest that they are in the process of stitching or assembling pieces of fabric.",304;305;308;309;312;313;316;317;320;321;324;325;328;329;332;333;336;337;340;341;344;345;349;351;352;353;356;357;360;361;364;366;368;369;372;373;376;377;380;381;384;385;388;389;392;393;396;397;400;401;404;405;408;409;413;414;416;417;420;421;424;425;428;429,64,1
89a95cd8-ca13-4edf-807e-d62138fd30e0,What is the setting of this clip?,A kitchen counter.,The setting of this clip is a kitchen.,304;305;308;309;312;313;316;317;320;321;324;325;328;329;332;333;336;337;340;341;344;345;349;351;352;353;356;357;360;361;364;366;368;369;372;373;376;377;380;381;384;385;388;389;392;393;396;397;400;401;404;405;408;409;413;414;416;417;420;421;424;425;428;429,64,1
89a95cd8-ca13-4edf-807e-d62138fd30e0,What cooking action is taking place?,Rolling dough with a roller.,"The video shows a cooking action where a person is stirring a pot on a stove. The pot appears to be filled with a liquid, possibly a soup or sauce, and the person is using a utensil to mix the contents. The stove is on, indicating that the cooking process is active.",304;305;308;309;312;313;316;317;320;321;324;325;328;329;332;333;336;337;340;341;344;345;349;351;352;353;356;357;360;361;364;366;368;369;372;373;376;377;380;381;384;385;388;389;392;393;396;397;400;401;404;405;408;409;413;414;416;417;420;421;424;425;428;429,64,1
89a95cd8-ca13-4edf-807e-d62138fd30e0,Does the frame capture using a rolling pin?,Yes.,"No, the frame does not capture using a rolling pin.",304;305;308;309;312;313;316;317;320;321;324;325;328;329;332;333;336;337;340;341;344;345;349;351;352;353;356;357;360;361;364;366;368;369;372;373;376;377;380;381;384;385;388;389;392;393;396;397;400;401;404;405;408;409;413;414;416;417;420;421;424;425;428;429,64,1
89a95cd8-ca13-4edf-807e-d62138fd30e0,Is dough being prepared in this scene?,Yes.,"Yes, dough is being prepared in this scene.",304;305;308;309;312;313;316;317;320;321;324;325;328;329;332;333;336;337;340;341;344;345;349;351;352;353;356;357;360;361;364;366;368;369;372;373;376;377;380;381;384;385;388;389;392;393;396;397;400;401;404;405;408;409;413;414;416;417;420;421;424;425;428;429,64,1
89a95cd8-ca13-4edf-807e-d62138fd30e0,Are there ingredients visible on the kitchen counter?,Yes.,"No, there are no visible ingredients on the kitchen counter.",304;305;308;309;312;313;316;317;320;321;324;325;328;329;332;333;336;337;340;341;344;345;349;351;352;353;356;357;360;361;364;366;368;369;372;373;376;377;380;381;384;385;388;389;392;393;396;397;400;401;404;405;408;409;413;414;416;417;420;421;424;425;428;429,64,1
89a95cd8-ca13-4edf-807e-d62138fd30e0,"In the video, is the dough cut before it's rolled with hands?",No,"Yes, the dough is cut before it's rolled with hands.",304;305;308;309;312;313;316;317;320;321;324;325;328;329;332;333;336;337;340;341;344;345;349;351;352;353;356;357;360;361;364;366;368;369;372;373;376;377;380;381;384;385;388;389;392;393;396;397;400;401;404;405;408;409;413;414;416;417;420;421;424;425;428;429,64,1
89a95cd8-ca13-4edf-807e-d62138fd30e0,Does the dipping of dough in flour happen after using the rolling pin?,No,"Yes, the dipping of dough in flour happens after using the rolling pin.",304;305;308;309;312;313;316;317;320;321;324;325;328;329;332;333;336;337;340;341;344;345;349;351;352;353;356;357;360;361;364;366;368;369;372;373;376;377;380;381;384;385;388;389;392;393;396;397;400;401;404;405;408;409;413;414;416;417;420;421;424;425;428;429,64,1
89a95cd8-ca13-4edf-807e-d62138fd30e0,Does rolling the dough with hands happen before cutting the dough?,Yes,"Yes, rolling the dough with hands happens before cutting the dough.",304;305;308;309;312;313;316;317;320;321;324;325;328;329;332;333;336;337;340;341;344;345;349;351;352;353;356;357;360;361;364;366;368;369;372;373;376;377;380;381;384;385;388;389;392;393;396;397;400;401;404;405;408;409;413;414;416;417;420;421;424;425;428;429,64,1
89a95cd8-ca13-4edf-807e-d62138fd30e0,Is the dough rolled with a roller after being dipped in flour?,Yes,"Yes, the dough is rolled with a roller after being dipped in flour.",304;305;308;309;312;313;316;317;320;321;324;325;328;329;332;333;336;337;340;341;344;345;349;351;352;353;356;357;360;361;364;366;368;369;372;373;376;377;380;381;384;385;388;389;392;393;396;397;400;401;404;405;408;409;413;414;416;417;420;421;424;425;428;429,64,1
89a95cd8-ca13-4edf-807e-d62138fd30e0,What occurs just before rolling dough with a roller in the video?,The dough is cut,"Just before rolling dough with a roller in the video, a person is seen preparing the dough on a floured surface.",304;305;308;309;312;313;316;317;320;321;324;325;328;329;332;333;336;337;340;341;344;345;349;351;352;353;356;357;360;361;364;366;368;369;372;373;376;377;380;381;384;385;388;389;392;393;396;397;400;401;404;405;408;409;413;414;416;417;420;421;424;425;428;429,64,1
89a95cd8-ca13-4edf-807e-d62138fd30e0,"In the video sequence, what happens before rolling dough with hands?","Nothing, it's the first action","Before rolling dough with hands, the video shows a person preparing dough on a surface.",304;305;308;309;312;313;316;317;320;321;324;325;328;329;332;333;336;337;340;341;344;345;349;351;352;353;356;357;360;361;364;366;368;369;372;373;376;377;380;381;384;385;388;389;392;393;396;397;400;401;404;405;408;409;413;414;416;417;420;421;424;425;428;429,64,1
89a95cd8-ca13-4edf-807e-d62138fd30e0,What is done just before cutting the dough?,The dough is rolled with hands,A hand is seen pressing down on the dough.,304;305;308;309;312;313;316;317;320;321;324;325;328;329;332;333;336;337;340;341;344;345;349;351;352;353;356;357;360;361;364;366;368;369;372;373;376;377;380;381;384;385;388;389;392;393;396;397;400;401;404;405;408;409;413;414;416;417;420;421;424;425;428;429,64,1
89a95cd8-ca13-4edf-807e-d62138fd30e0,Did I clean the counter before rolling the dough?,Yes,"Yes, you cleaned the counter before rolling the dough.",304;305;308;309;312;313;316;317;320;321;324;325;328;329;332;333;336;337;340;341;344;345;349;351;352;353;356;357;360;361;364;366;368;369;372;373;376;377;380;381;384;385;388;389;392;393;396;397;400;401;404;405;408;409;413;414;416;417;420;421;424;425;428;429,64,1
89a95cd8-ca13-4edf-807e-d62138fd30e0,Was the dough cut before being rolled?,Yes,"No, the dough was not cut before being rolled.",304;305;308;309;312;313;316;317;320;321;324;325;328;329;332;333;336;337;340;341;344;345;349;351;352;353;356;357;360;361;364;366;368;369;372;373;376;377;380;381;384;385;388;389;392;393;396;397;400;401;404;405;408;409;413;414;416;417;420;421;424;425;428;429,64,1
89a95cd8-ca13-4edf-807e-d62138fd30e0,Did I dip the dough in flour before using the rolling pin?,Yes,"Yes, you did dip the dough in flour before using the rolling pin.",304;305;308;309;312;313;316;317;320;321;324;325;328;329;332;333;336;337;340;341;344;345;349;351;352;353;356;357;360;361;364;366;368;369;372;373;376;377;380;381;384;385;388;389;392;393;396;397;400;401;404;405;408;409;413;414;416;417;420;421;424;425;428;429,64,1
89a95cd8-ca13-4edf-807e-d62138fd30e0,Did I cook food after rolling the dough with my hands?,No,"It seems like you might have been in the process of cooking or baking, but the video caption doesn't provide information about whether you actually cooked the food after rolling the dough with your hands. If you did cook it, that's great! If not, you might want to try baking or cooking the dough to enjoy a delicious treat.",304;305;308;309;312;313;316;317;320;321;324;325;328;329;332;333;336;337;340;341;344;345;349;351;352;353;356;357;360;361;364;366;368;369;372;373;376;377;380;381;384;385;388;389;392;393;396;397;400;401;404;405;408;409;413;414;416;417;420;421;424;425;428;429,64,1
89a95cd8-ca13-4edf-807e-d62138fd30e0,Was the counter cleaned after the dough was cut?,No,"Yes, the counter was cleaned after the dough was cut.",304;305;308;309;312;313;316;317;320;321;324;325;328;329;332;333;336;337;340;341;344;345;349;351;352;353;356;357;360;361;364;366;368;369;372;373;376;377;380;381;384;385;388;389;392;393;396;397;400;401;404;405;408;409;413;414;416;417;420;421;424;425;428;429,64,1
89a95cd8-ca13-4edf-807e-d62138fd30e0,What do I do before rolling the dough with a roller?,Cut the dough,"Before rolling the dough with a roller, you should first make sure the dough is properly prepared and rested. Here are some steps you can follow:1. **Prepare the Dough**: Ensure the dough has been mixed and kneaded to the right consistency. It should be smooth, elastic, and not too sticky or too dry.2. **Rest the Dough**: Allow the dough to rest for a period of time, usually 30 minutes to an hour, to relax the gluten. This makes the dough easier to roll out without tearing.3. **Flour the Surface**: Dust the surface where you will roll out the dough with a light coating of flour to prevent the dough from sticking.4. **Shape the Dough**: If necessary, shape the dough into a ball or a rectangle, depending on the type of dough and the final product you are making.5. **Roll Out the Dough**: Place the dough on the floured surface and start rolling it out with a rolling pin. Apply gentle to moderate pressure, moving the rolling pin back and forth in a straight line. Roll from the center outward to prevent the dough from developing cracks.6. **Check Thickness**: Keep an eye on the thickness of the dough. For most recipes, the dough should be rolled out",304;305;308;309;312;313;316;317;320;321;324;325;328;329;332;333;336;337;340;341;344;345;349;351;352;353;356;357;360;361;364;366;368;369;372;373;376;377;380;381;384;385;388;389;392;393;396;397;400;401;404;405;408;409;413;414;416;417;420;421;424;425;428;429,64,1
89a95cd8-ca13-4edf-807e-d62138fd30e0,What occurs just before cutting the dough?,Rolling dough with hands,"Just before cutting the dough, the dough is rolled out on a floured surface.",304;305;308;309;312;313;316;317;320;321;324;325;328;329;332;333;336;337;340;341;344;345;349;351;352;353;356;357;360;361;364;366;368;369;372;373;376;377;380;381;384;385;388;389;392;393;396;397;400;401;404;405;408;409;413;414;416;417;420;421;424;425;428;429,64,1
89a95cd8-ca13-4edf-807e-d62138fd30e0,What do I do before cleaning the counter?,Cook food,gather cleaning supplies,304;305;308;309;312;313;316;317;320;321;324;325;328;329;332;333;336;337;340;341;344;345;349;351;352;353;356;357;360;361;364;366;368;369;372;373;376;377;380;381;384;385;388;389;392;393;396;397;400;401;404;405;408;409;413;414;416;417;420;421;424;425;428;429,64,1
89a95cd8-ca13-4edf-807e-d62138fd30e0,Describe the main activity occurring in this section of video.,Food preparation for a meal.,"The video begins with a scene of a kitchen where a person is preparing food. The person is seen chopping vegetables on a cutting board and then placing them into a pot on the stove. The kitchen is well-lit and the person is wearing a white apron. The video then transitions to a scene of a person sitting at a desk, working on a computer. The person is wearing a black shirt and appears to be focused on the screen. The desk is cluttered with various items, including papers and a cup. The video then cuts to a scene of a person walking down a hallway. The person is wearing a red shirt and carrying a bag. The hallway is dimly lit and the person appears to be in a hurry. The video then transitions to a scene of a person sitting in a chair, looking out of a window. The person is wearing a blue shirt and appears to be deep in thought. The window is open and the view outside is of a cityscape. The video then cuts to a scene of a person standing in a room, looking at a painting on the wall. The person is wearing a green shirt and appears to be admiring the artwork. The room is well-lit and the painting is colorful. The video then transitions to a scene of",304;305;308;309;312;313;316;317;320;321;324;325;328;329;332;333;336;337;340;341;344;345;349;351;352;353;356;357;360;361;364;366;368;369;372;373;376;377;380;381;384;385;388;389;392;393;396;397;400;401;404;405;408;409;413;414;416;417;420;421;424;425;428;429,64,1
89a95cd8-ca13-4edf-807e-d62138fd30e0,What is the current culinary action captured here?,Ready to cook flatbread on the pan.,"The image you've provided appears to be a blank or empty image with no visible content. If there is supposed to be an image here, it is not displaying correctly. Please provide a different image for analysis.",304;305;308;309;312;313;316;317;320;321;324;325;328;329;332;333;336;337;340;341;344;345;349;351;352;353;356;357;360;361;364;366;368;369;372;373;376;377;380;381;384;385;388;389;392;393;396;397;400;401;404;405;408;409;413;414;416;417;420;421;424;425;428;429,64,1
89a95cd8-ca13-4edf-807e-d62138fd30e0,Did the person successfully slice the cucumber?,Yes.,"Based on the video, it appears that the person successfully sliced the cucumber. The sequence of images shows the person holding the cucumber and the knife, and the final image shows the sliced cucumber on the cutting board, indicating that the slicing was completed.",304;305;308;309;312;313;316;317;320;321;324;325;328;329;332;333;336;337;340;341;344;345;349;351;352;353;356;357;360;361;364;366;368;369;372;373;376;377;380;381;384;385;388;389;392;393;396;397;400;401;404;405;408;409;413;414;416;417;420;421;424;425;428;429,64,1
89a95cd8-ca13-4edf-807e-d62138fd30e0,Has the lemon been placed on the cucumber slices?,Yes.,"No, the lemon has not been placed on the cucumber slices.",304;305;308;309;312;313;316;317;320;321;324;325;328;329;332;333;336;337;340;341;344;345;349;351;352;353;356;357;360;361;364;366;368;369;372;373;376;377;380;381;384;385;388;389;392;393;396;397;400;401;404;405;408;409;413;414;416;417;420;421;424;425;428;429,64,1
89a95cd8-ca13-4edf-807e-d62138fd30e0,Describe the setting in this video clip.,A kitchen with a person cooking roti on a stove.,"The video begins with a scene of a kitchen where a person is preparing food. The kitchen is well-lit and has a modern design with stainless steel appliances. The person is wearing a white apron and is seen chopping vegetables on a wooden cutting board. The kitchen counter is cluttered with various cooking utensils and ingredients. The person then moves to a stove where they are cooking the vegetables. The stove is a gas range with multiple burners. The person is seen stirring the vegetables in a pan. The kitchen has a window that provides natural light. The video then transitions to a scene of a person sitting at a table with a laptop. The person is wearing a white shirt and is focused on the laptop screen. The table is cluttered with various items, including a coffee cup and a notebook. The person then puts on a pair of headphones and starts listening to music. The video then transitions to a scene of a person walking on a sidewalk. The person is wearing a black jacket and is carrying a bag. The sidewalk is lined with trees and buildings. The person then enters a building and is seen walking through a hallway. The hallway has a carpeted floor and is lined with pictures on the walls. The person then enters a room and is seen sitting on a couch",304;305;308;309;312;313;316;317;320;321;324;325;328;329;332;333;336;337;340;341;344;345;349;351;352;353;356;357;360;361;364;366;368;369;372;373;376;377;380;381;384;385;388;389;392;393;396;397;400;401;404;405;408;409;413;414;416;417;420;421;424;425;428;429,64,1
89a95cd8-ca13-4edf-807e-d62138fd30e0,What is the visual focal point of this scene?,The pan with the roti being roasted.,"The visual focal point of this scene is the large, open space of the room, which is accentuated by the high ceiling and the natural light streaming in through the windows.",304;305;308;309;312;313;316;317;320;321;324;325;328;329;332;333;336;337;340;341;344;345;349;351;352;353;356;357;360;361;364;366;368;369;372;373;376;377;380;381;384;385;388;389;392;393;396;397;400;401;404;405;408;409;413;414;416;417;420;421;424;425;428;429,64,1
89a95cd8-ca13-4edf-807e-d62138fd30e0,Where is the roti being placed after roasting?,In a pot next to the stove.,The roti is being placed on a plate after roasting.,304;305;308;309;312;313;316;317;320;321;324;325;328;329;332;333;336;337;340;341;344;345;349;351;352;353;356;357;360;361;364;366;368;369;372;373;376;377;380;381;384;385;388;389;392;393;396;397;400;401;404;405;408;409;413;414;416;417;420;421;424;425;428;429,64,1
89a95cd8-ca13-4edf-807e-d62138fd30e0,What kitchen equipment is being utilized in this action?,A frying pan and a stove.,"The kitchen equipment being utilized in this action includes a stove, a pot, and a pan.",304;305;308;309;312;313;316;317;320;321;324;325;328;329;332;333;336;337;340;341;344;345;349;351;352;353;356;357;360;361;364;366;368;369;372;373;376;377;380;381;384;385;388;389;392;393;396;397;400;401;404;405;408;409;413;414;416;417;420;421;424;425;428;429,64,1
89a95cd8-ca13-4edf-807e-d62138fd30e0,Does the clip show a person flipping the roti?,No.,"No, the clip does not show a person flipping the roti.",304;305;308;309;312;313;316;317;320;321;324;325;328;329;332;333;336;337;340;341;344;345;349;351;352;353;356;357;360;361;364;366;368;369;372;373;376;377;380;381;384;385;388;389;392;393;396;397;400;401;404;405;408;409;413;414;416;417;420;421;424;425;428;429,64,1
89a95cd8-ca13-4edf-807e-d62138fd30e0,Is the roti being taken out of the pan in this frame?,Yes.,"No, the roti is not being taken out of the pan in this frame.",304;305;308;309;312;313;316;317;320;321;324;325;328;329;332;333;336;337;340;341;344;345;349;351;352;353;356;357;360;361;364;366;368;369;372;373;376;377;380;381;384;385;388;389;392;393;396;397;400;401;404;405;408;409;413;414;416;417;420;421;424;425;428;429,64,1
89a95cd8-ca13-4edf-807e-d62138fd30e0,Does the clip involve any baking activity?,No.,"No, the clip does not involve any baking activity.",304;305;308;309;312;313;316;317;320;321;324;325;328;329;332;333;336;337;340;341;344;345;349;351;352;353;356;357;360;361;364;366;368;369;372;373;376;377;380;381;384;385;388;389;392;393;396;397;400;401;404;405;408;409;413;414;416;417;420;421;424;425;428;429,64,1
89a95cd8-ca13-4edf-807e-d62138fd30e0,Is there another person assisting with the cooking?,No.,"No, there is no other person assisting with the cooking.",304;305;308;309;312;313;316;317;320;321;324;325;328;329;332;333;336;337;340;341;344;345;349;351;352;353;356;357;360;361;364;366;368;369;372;373;376;377;380;381;384;385;388;389;392;393;396;397;400;401;404;405;408;409;413;414;416;417;420;421;424;425;428;429,64,1
89a95cd8-ca13-4edf-807e-d62138fd30e0,Was the flat bread prepared before the roti was roasted?,Yes,"Yes, the flat bread was prepared before the roti was roasted.",304;305;308;309;312;313;316;317;320;321;324;325;328;329;332;333;336;337;340;341;344;345;349;351;352;353;356;357;360;361;364;366;368;369;372;373;376;377;380;381;384;385;388;389;392;393;396;397;400;401;404;405;408;409;413;414;416;417;420;421;424;425;428;429,64,1
89a95cd8-ca13-4edf-807e-d62138fd30e0,Did I put the roasted roti in the pot before cutting the cucumber?,No,"No, you did not put the roasted roti in the pot before cutting the cucumber.",304;305;308;309;312;313;316;317;320;321;324;325;328;329;332;333;336;337;340;341;344;345;349;351;352;353;356;357;360;361;364;366;368;369;372;373;376;377;380;381;384;385;388;389;392;393;396;397;400;401;404;405;408;409;413;414;416;417;420;421;424;425;428;429,64,1
89a95cd8-ca13-4edf-807e-d62138fd30e0,Did I roast the roti after preparing the flat bread?,Yes,"Yes, you roasted the roti after preparing the flat bread.",304;305;308;309;312;313;316;317;320;321;324;325;328;329;332;333;336;337;340;341;344;345;349;351;352;353;356;357;360;361;364;366;368;369;372;373;376;377;380;381;384;385;388;389;392;393;396;397;400;401;404;405;408;409;413;414;416;417;420;421;424;425;428;429,64,1
89a95cd8-ca13-4edf-807e-d62138fd30e0,What cooking method is used for tortillas?,They are placed in a hot pot.,"Tortillas are typically cooked using a method called ""frying"" or ""grilling.""",304;305;308;309;312;313;316;317;320;321;324;325;328;329;332;333;336;337;340;341;344;345;349;351;352;353;356;357;360;361;364;366;368;369;372;373;376;377;380;381;384;385;388;389;392;393;396;397;400;401;404;405;408;409;413;414;416;417;420;421;424;425;428;429,64,1
89a95cd8-ca13-4edf-807e-d62138fd30e0,Is the person wearing oven mitts?,No.,"No, the person is not wearing oven mitts.",304;305;308;309;312;313;316;317;320;321;324;325;328;329;332;333;336;337;340;341;344;345;349;351;352;353;356;357;360;361;364;366;368;369;372;373;376;377;380;381;384;385;388;389;392;393;396;397;400;401;404;405;408;409;413;414;416;417;420;421;424;425;428;429,64,1
89a95cd8-ca13-4edf-807e-d62138fd30e0,"In the video, is the pot closed after the roti is put inside?",Yes,"Yes, the pot is closed after the roti is put inside.",304;305;308;309;312;313;316;317;320;321;324;325;328;329;332;333;336;337;340;341;344;345;349;351;352;353;356;357;360;361;364;366;368;369;372;373;376;377;380;381;384;385;388;389;392;393;396;397;400;401;404;405;408;409;413;414;416;417;420;421;424;425;428;429,64,1
89a95cd8-ca13-4edf-807e-d62138fd30e0,Did I use a spatula to roast the roti before placing it in the pot?,Yes,"No, you did not use a spatula to roast the roti.",304;305;308;309;312;313;316;317;320;321;324;325;328;329;332;333;336;337;340;341;344;345;349;351;352;353;356;357;360;361;364;366;368;369;372;373;376;377;380;381;384;385;388;389;392;393;396;397;400;401;404;405;408;409;413;414;416;417;420;421;424;425;428;429,64,1
89a95cd8-ca13-4edf-807e-d62138fd30e0,What activity is shown just before the roti comes in contact with the pan?,The roti is picked up,The activity shown just before the roti comes in contact with the pan is the person's hand pressing down on the roti.,304;305;308;309;312;313;316;317;320;321;324;325;328;329;332;333;336;337;340;341;344;345;349;351;352;353;356;357;360;361;364;366;368;369;372;373;376;377;380;381;384;385;388;389;392;393;396;397;400;401;404;405;408;409;413;414;416;417;420;421;424;425;428;429,64,1
2bb31b69-fcda-4f54-8338-f590944df999,What activity is depicted in this snapshot?,A card game is being played.,"The snapshot depicts a person sitting on the floor with a patterned rug, surrounded by various items including a pair of boots, a pair of socks, and some papers. The person is holding a small object in their hands, which appears to be a piece of paper or a card. The setting suggests a casual, indoor environment, possibly a living room or a similar space. The person seems to be engaged in an activity that involves handling these items, possibly sorting or organizing them.",5;7;9;11;12;15;16;17;20;23;24;26;29;30;32;33;38;39;40;42;44;46;49;51;53;55;57;59;68;69;73;75;76;79;80;81;84;87;89;91;93;94;96;97;101;103;104;105;109;110;114;115;116;117;120;121;124;125;129;130;140;142;144;145,64,1
2bb31b69-fcda-4f54-8338-f590944df999,Where is this scene likely taking place?,"The scene is indoors, possibly in a living room.",The scene is likely taking place in a living room or a similar domestic setting.,5;7;9;11;12;15;16;17;20;23;24;26;29;30;32;33;38;39;40;42;44;46;49;51;53;55;57;59;68;69;73;75;76;79;80;81;84;87;89;91;93;94;96;97;104;105;109;110;114;115;116;117;120;121;124;125;129;130;136;138;140;142;144;145,64,1
2bb31b69-fcda-4f54-8338-f590944df999,What objects are present in this setting?,"Cards, a piece of paper, and a plant.","In the setting shown in the video, there are several objects present:1. A patterned rug on the floor.2. A pair of boots.3. A pair of socks.4. A smartphone.5. A piece of paper or document.6. A small plastic bag.7. A pair of glasses.8. A chair with a patterned cushion.9. A potted plant.10. A piece of furniture with shelves, possibly a bookshelf or storage unit.The person in the video is interacting with these objects, particularly the paper or document, and the smartphone.",5;7;9;11;12;15;16;17;20;23;24;26;29;30;32;33;38;39;40;42;44;46;49;51;53;55;57;59;68;69;73;75;76;79;80;81;84;87;89;91;93;94;96;97;101;103;104;105;109;110;114;115;116;117;120;121;124;125;129;130;140;142;144;145,64,1
2bb31b69-fcda-4f54-8338-f590944df999,How is the room furnished?,"With a couch, a rug, and various personal items.","The room is furnished with a patterned rug, a gray armchair, a leopard print bag, and a potted plant.",5;7;9;11;12;15;16;17;20;23;24;26;29;30;32;33;38;39;40;42;44;46;49;51;53;55;57;59;68;69;73;75;76;79;80;81;84;87;89;91;93;94;96;97;104;105;109;110;114;115;116;117;120;121;124;125;129;130;136;138;140;142;144;145,64,1
2bb31b69-fcda-4f54-8338-f590944df999,What is the approximate time of day in this scene?,It's not discernible from this image.,"The scene appears to be set during the day, as indicated by the natural light coming through the window.",5;7;9;11;12;15;16;17;20;23;24;26;29;30;32;33;38;39;40;42;44;46;49;51;53;55;57;59;68;69;73;75;76;79;80;81;84;87;89;91;93;94;96;97;104;105;109;110;114;115;116;117;120;121;124;125;129;130;136;138;140;142;144;145,64,1
2bb31b69-fcda-4f54-8338-f590944df999,What action is being performed with the cards?,The cards are being reshuffled.,The person is shuffling the cards and then dealing them out in a specific order.,5;7;9;11;12;15;16;17;20;23;24;26;29;30;32;33;38;39;40;42;44;46;49;51;53;55;57;59;68;69;73;75;76;79;80;81;84;87;89;91;93;94;96;97;104;105;109;110;114;115;116;117;120;121;124;125;129;130;136;138;140;142;144;145,64,1
2bb31b69-fcda-4f54-8338-f590944df999,What is the person across doing?,The person is holding and possibly organizing cards.,The person across is holding a deck of cards and appears to be in the process of shuffling them.,5;7;9;11;12;15;16;17;20;23;24;26;29;30;32;33;38;39;40;42;44;46;49;51;53;55;57;59;68;69;73;75;76;79;80;81;84;87;89;91;93;94;96;97;104;105;109;110;114;115;116;117;120;121;124;125;129;130;136;138;140;142;144;145,64,1
2bb31b69-fcda-4f54-8338-f590944df999,What follow-up activity to shuffling is likely?,Dealing the cards to players.,dealing,5;7;9;11;12;15;16;17;20;23;24;26;29;30;32;33;38;39;40;42;44;46;49;51;53;55;57;59;68;69;73;75;76;79;80;81;84;87;89;91;93;94;96;97;104;105;109;110;114;115;116;117;120;121;124;125;129;130;136;138;140;142;144;145,64,1
2bb31b69-fcda-4f54-8338-f590944df999,Is there more than one participant in the card activity?,Yes.,Yes.,5;7;9;11;12;15;16;17;20;23;24;26;29;30;32;33;38;39;40;42;44;46;49;51;53;55;57;59;68;69;73;75;76;79;80;81;84;87;89;91;93;94;96;97;104;105;109;110;114;115;116;117;120;121;124;125;129;130;136;138;140;142;144;145,64,1
2bb31b69-fcda-4f54-8338-f590944df999,Is any reading material involved in the activity?,"Yes, there's a piece of paper being held.","Yes, there is a piece of paper with text on it that is being held by one of the individuals.",5;7;9;11;12;15;16;17;20;23;24;26;29;30;32;33;38;39;40;42;44;46;49;51;53;55;57;59;68;69;73;75;76;79;80;81;84;87;89;91;93;94;96;97;104;105;109;110;114;115;116;117;120;121;124;125;129;130;136;138;140;142;144;145,64,1
2bb31b69-fcda-4f54-8338-f590944df999,Are any electronic devices being used in the game?,No visible electronic devices are used.,"No, there are no electronic devices being used in the game.",5;7;9;11;12;15;16;17;20;23;24;26;29;30;32;33;38;39;40;42;44;46;49;51;53;55;57;59;68;69;73;75;76;79;80;81;84;87;89;91;93;94;96;97;104;105;109;110;114;115;116;117;120;121;124;125;129;130;136;138;140;142;144;145,64,1
2bb31b69-fcda-4f54-8338-f590944df999,Has any card been laid out on the floor?,"No, they're being held or shuffled.","Yes, a card has been laid out on the floor.",5;7;9;11;12;15;16;17;20;23;24;26;29;30;32;33;38;39;40;42;44;46;49;51;53;55;57;59;68;69;73;75;76;79;80;81;84;87;89;91;93;94;96;97;104;105;109;110;114;115;116;117;120;121;124;125;129;130;136;138;140;142;144;145,64,1
2bb31b69-fcda-4f54-8338-f590944df999,What activity is taking place in the room?,Playing poker.,A card game is taking place in the room.,9;11;16;17;20;23;29;30;32;33;38;39;40;42;44;46;49;51;53;55;57;59;73;75;76;79;93;94;96;97;114;115;116;117;120;121;124;125;129;130;140;142;144;145;150;151;154;155;156;159;164;167;177;178;180;182;205;206;232;233;248;250;278;279,64,1
2bb31b69-fcda-4f54-8338-f590944df999,What is the setting of this clip?,"Indoors, in a room.",The setting of the clip is a cozy indoor environment with a person sitting on a patterned rug on the floor.,9;11;16;17;20;23;29;30;32;33;38;39;40;42;44;46;49;51;53;55;57;59;73;75;76;79;80;81;93;94;96;97;114;115;116;117;124;125;129;130;140;142;144;145;150;151;154;155;156;159;164;167;177;178;180;182;205;206;232;233;248;250;278;279,64,1
2bb31b69-fcda-4f54-8338-f590944df999,What objects are visible in the scene?,"Cards, a carpet, and furniture.","The scene includes a patterned rug, a pair of boots, a leopard print bag, a pair of socks, a pair of shoes, a pair of glasses, a pair of boots, a pair of socks, a pair of shoes, a pair of glasses, a pair of boots, a pair of socks, a pair of shoes, a pair of glasses, a pair of boots, a pair of socks, a pair of shoes, a pair of glasses, a pair of boots, a pair of socks, a pair of shoes, a pair of glasses, a pair of boots, a pair of socks, a pair of shoes, a pair of glasses, a pair of boots, a pair of socks, a pair of shoes, a pair of glasses, a pair of boots, a pair of socks, a pair of shoes, a pair of glasses, a pair of boots, a pair of socks, a pair of shoes, a pair of glasses, a pair of boots, a pair of socks, a pair of shoes, a pair of glasses, a pair of boots, a pair of socks, a pair of shoes, a pair of glasses, a pair of boots, a pair of socks, a pair of shoes, a pair of glasses, a pair of",9;11;16;17;20;23;29;30;32;33;38;39;40;42;44;46;49;51;53;55;57;59;73;75;76;79;93;94;96;97;114;115;116;117;120;121;124;125;129;130;140;142;144;145;150;151;154;155;156;159;164;167;177;178;180;182;205;206;232;233;248;250;278;279,64,1
2bb31b69-fcda-4f54-8338-f590944df999,Describe the atmosphere of the room.,Casual and leisurely.,"The room has a cozy and lived-in atmosphere, with a patterned rug on the floor, a leopard print bag, a pair of boots, and a potted plant in the background.",9;11;16;17;20;23;29;30;32;33;38;39;40;42;44;46;49;51;53;55;57;59;73;75;76;79;93;94;96;97;114;115;116;117;120;121;124;125;129;130;140;142;144;145;150;151;154;155;156;159;164;167;177;178;180;182;205;206;232;233;248;250;278;279,64,1
2bb31b69-fcda-4f54-8338-f590944df999,What precedes the dealing of cards in poker?,Reshuffling the cards.,The dealing of cards in poker precedes the betting round.,9;11;16;17;20;23;29;30;32;33;38;39;40;42;44;46;49;51;53;55;57;59;73;75;76;79;93;94;96;97;114;115;116;117;120;121;124;125;129;130;140;142;144;145;150;151;154;155;156;159;164;167;177;178;180;182;205;206;232;233;248;250;278;279,64,1
2bb31b69-fcda-4f54-8338-f590944df999,Did someone shuffle cards in this video?,Yes.,"Yes, in the video, a person is seen shuffling a deck of cards.",16;17;20;23;29;30;32;33;38;39;40;42;44;46;49;51;53;55;57;59;73;75;76;79;80;81;89;91;93;94;96;97;114;115;116;117;124;125;129;130;140;142;144;145;150;151;154;155;156;159;164;167;177;178;180;182;205;206;232;233;248;250;278;279,64,1
2bb31b69-fcda-4f54-8338-f590944df999,Is the room set up for a large gathering?,No.,"No, the room is not set up for a large gathering.",9;11;16;17;20;23;29;30;32;33;38;39;40;42;44;46;49;51;53;55;57;59;73;75;76;79;93;94;96;97;114;115;116;117;120;121;124;125;129;130;140;142;144;145;150;151;154;155;156;159;164;167;177;178;180;182;205;206;232;233;248;250;278;279,64,1
2bb31b69-fcda-4f54-8338-f590944df999,Are the individuals standing in this video?,No.,"No, the individuals are not standing; they are sitting on the floor.",9;11;16;17;20;23;29;30;32;33;38;39;40;42;44;46;49;51;53;55;57;59;73;75;76;79;93;94;96;97;114;115;116;117;120;121;124;125;129;130;140;142;144;145;150;151;154;155;156;159;164;167;177;178;180;182;205;206;232;233;248;250;278;279,64,1
2bb31b69-fcda-4f54-8338-f590944df999,Was the deck reshuffled before playing the cards?,Yes.,"Yes, the deck was reshuffled before playing the cards.",9;11;16;17;20;23;29;30;32;33;38;39;40;42;44;46;49;51;53;55;57;59;73;75;76;79;93;94;96;97;114;115;116;117;120;121;124;125;129;130;140;142;144;145;150;151;154;155;156;159;164;167;177;178;180;182;205;206;232;233;248;250;278;279,64,1
2bb31b69-fcda-4f54-8338-f590944df999,What occurs just before picking up the cards?,The cards are spread on floor.,"Just before picking up the cards, the person in the video is seen holding a small stack of cash and appears to be counting or organizing it.",9;11;16;17;20;23;29;30;32;33;38;39;40;42;44;46;49;51;53;55;57;59;73;75;76;79;93;94;96;97;114;115;116;117;120;121;124;125;129;130;140;142;144;145;150;151;154;155;156;159;164;167;177;178;180;182;205;206;232;233;248;250;278;279,64,1
2bb31b69-fcda-4f54-8338-f590944df999,What action occurs before the deck is seen in a unified stack?,Separate the cards.,"Before the deck is seen in a unified stack, the person in the striped sweater is seen holding a small stack of cards and then spreading them out on the mat.",9;11;16;17;20;23;29;30;32;33;38;39;40;42;44;46;49;51;53;55;57;59;73;75;76;79;93;94;96;97;114;115;116;117;120;121;124;125;129;130;140;142;144;145;150;151;154;155;156;159;164;167;177;178;180;182;205;206;232;233;248;250;278;279,64,1
2bb31b69-fcda-4f54-8338-f590944df999,What is visible before I separate cards?,Floor and unorganized cards.,before I separate cards,9;11;16;17;20;23;29;30;32;33;38;39;40;42;44;46;49;51;53;55;57;59;73;75;76;79;93;94;96;97;114;115;116;117;120;121;124;125;129;130;140;142;144;145;150;151;154;155;156;159;164;167;177;178;180;182;205;206;232;233;248;250;278;279,64,1
2bb31b69-fcda-4f54-8338-f590944df999,What is the setting of the current video clip?,A room with two people playing cards.,"The setting of the current video clip is a living room with a person sitting on the floor, surrounded by various items including a patterned rug, a pair of boots, and some papers.",16;17;20;23;29;30;32;33;40;42;44;46;49;51;53;55;73;75;93;94;116;117;140;142;144;145;150;151;154;155;177;178;205;206;232;233;248;250;278;279;306;307;322;323;324;326;340;343;350;351;352;353;358;359;377;378;385;387;388;391;400;403;404;405,64,1
2bb31b69-fcda-4f54-8338-f590944df999,What objects are prominent in the video scene?,"Playing cards, a phone, and a paper.","The video scene prominently features a person sitting on a patterned rug, a pair of brown boots, a leopard print bag, a pair of blue jeans, a pair of striped socks, a pair of white socks, a pair of black socks, a pair of red socks, a pair of green socks, a pair of blue socks, a pair of purple socks, a pair of pink socks, a pair of orange socks, a pair of yellow socks, a pair of white socks, a pair of black socks, a pair of red socks, a pair of green socks, a pair of blue socks, a pair of purple socks, a pair of pink socks, a pair of orange socks, a pair of yellow socks, a pair of white socks, a pair of black socks, a pair of red socks, a pair of green socks, a pair of blue socks, a pair of purple socks, a pair of pink socks, a pair of orange socks, a pair of yellow socks, a pair of white socks, a pair of black socks, a pair of red socks, a pair of green socks, a pair of blue socks, a pair of purple socks, a pair of pink socks, a pair of orange socks, a pair of yellow socks, a pair of",16;17;20;23;29;30;32;33;40;42;44;46;49;51;53;55;73;75;93;94;116;117;140;142;144;145;150;151;154;155;177;178;205;206;232;233;248;250;278;279;306;307;322;323;324;326;340;343;350;351;352;353;358;359;377;378;385;387;388;391;400;403;404;405,64,1
2bb31b69-fcda-4f54-8338-f590944df999,How would you characterize the atmosphere in the video?,Casual and leisurely.,"The atmosphere in the video is casual and relaxed, with a focus on the activity of card handling and possibly card counting.",16;17;20;23;29;30;32;33;38;39;40;42;44;46;49;51;53;55;73;75;93;94;116;117;140;142;144;145;150;151;154;155;177;178;205;206;232;233;248;250;278;279;306;307;322;323;324;326;340;343;350;351;358;359;377;378;385;387;388;391;400;403;404;405,64,1
2bb31b69-fcda-4f54-8338-f590944df999,What actions are being performed in the video clip?,"Shuffling, picking, and playing cards.","The video clip shows a person sitting on the floor with a patterned rug, wearing a multicolored sweater, dark pants, and striped socks. They are holding a smartphone and appear to be engaged in an activity that involves the phone, possibly texting or browsing. The person is also holding a small object, which could be a piece of paper or a card, and is looking at it while occasionally glancing at the phone. The setting includes a casual, lived-in environment with various items scattered around, such as a pair of boots, a leopard print bag, and some papers or cards on the floor. The person's actions suggest they are multitasking between using the phone and examining the small object.",16;17;20;23;29;30;32;33;40;42;44;46;49;51;53;55;73;75;93;94;116;117;140;142;144;145;150;151;154;155;177;178;205;206;232;233;248;250;278;279;306;307;322;323;324;326;340;343;350;351;352;353;358;359;377;378;385;387;388;391;400;403;404;405,64,1
2bb31b69-fcda-4f54-8338-f590944df999,Did the individuals reshuffle the cards in the video?,Yes.,"Yes, the individuals in the video are seen handling the cards, possibly reshuffling them.",16;17;20;23;29;30;32;33;38;39;40;42;44;46;49;51;53;55;73;75;93;94;116;117;140;142;144;145;150;151;154;155;177;178;205;206;232;233;248;250;278;279;306;307;322;323;324;326;340;343;350;351;358;359;377;378;385;387;388;391;400;403;404;405,64,1
2bb31b69-fcda-4f54-8338-f590944df999,Was a phone used during the gameplay?,Yes.,"Yes, a phone was used during the gameplay.",16;17;20;23;29;30;32;33;40;42;44;46;49;51;53;55;73;75;93;94;116;117;140;142;144;145;150;151;154;155;177;178;205;206;232;233;248;250;278;279;306;307;322;323;324;326;340;343;350;351;352;353;358;359;377;378;385;387;388;391;400;403;404;405,64,1
2bb31b69-fcda-4f54-8338-f590944df999,Was a new game started in the video clip?,Yes.,"Yes, a new game was started in the video clip.",16;17;20;23;29;30;32;33;38;39;40;42;44;46;49;51;53;55;73;75;93;94;116;117;140;142;144;145;150;151;154;155;177;178;205;206;232;233;248;250;278;279;306;307;322;323;324;326;340;343;350;351;358;359;377;378;385;387;388;391;400;403;404;405,64,1
2bb31b69-fcda-4f54-8338-f590944df999,Did the scene capture any form of disagreement?,No.,"No, the scene did not capture any form of disagreement.",16;17;20;23;29;30;32;33;40;42;44;46;49;51;53;55;73;75;93;94;116;117;140;142;144;145;150;151;154;155;177;178;180;182;205;206;232;233;248;250;278;279;306;307;322;323;324;326;340;343;350;351;358;359;377;378;385;387;388;391;400;403;404;405,64,1
2bb31b69-fcda-4f54-8338-f590944df999,"In the video, is the poker game started before the cards are reshuffled?",No.,"No, the poker game is not started before the cards are reshuffled.",16;17;20;23;29;30;32;33;40;42;44;46;49;51;53;55;73;75;93;94;116;117;140;142;144;145;150;151;154;155;177;178;205;206;232;233;248;250;278;279;306;307;322;323;324;326;340;343;350;351;352;353;358;359;377;378;385;387;388;391;400;403;404;405,64,1
2bb31b69-fcda-4f54-8338-f590944df999,Is the deck spread out on the floor after picking a card?,Yes.,Yes.,16;17;20;23;29;30;32;33;38;39;40;42;44;46;49;51;53;55;73;75;93;94;116;117;140;142;144;145;150;151;154;155;177;178;205;206;232;233;248;250;278;279;306;307;322;323;324;326;340;343;350;351;358;359;377;378;385;387;388;391;400;403;404;405,64,1
2bb31b69-fcda-4f54-8338-f590944df999,Does the card shuffling happen before sitting on the floor?,No.,"No, the card shuffling happens after sitting on the floor.",16;17;20;23;29;30;32;33;40;42;44;46;49;51;53;55;73;75;93;94;116;117;140;142;144;145;150;151;154;155;177;178;205;206;232;233;248;250;278;279;306;307;322;323;324;326;340;343;350;351;352;353;358;359;377;378;385;387;388;391;400;403;404;405,64,1
2bb31b69-fcda-4f54-8338-f590944df999,"In the video, is the card game initiated before sitting with the lady?",No.,"No, the card game is not initiated before sitting with the lady. The video shows the person sitting on the floor with the lady, and the cards are being dealt and played during their interaction.",16;17;20;23;29;30;32;33;40;42;44;46;49;51;53;55;73;75;93;94;116;117;140;142;144;145;150;151;154;155;177;178;205;206;232;233;248;250;278;279;306;307;322;323;324;326;340;343;350;351;352;353;358;359;377;378;385;387;388;391;400;403;404;405,64,1
2bb31b69-fcda-4f54-8338-f590944df999,What happens before the poker game is played in the video?,Cards are picked.,"Before the poker game is played, the person in the video is seen holding a deck of cards and a stack of money, preparing for the game.",16;17;20;23;29;30;32;33;40;42;44;46;49;51;53;55;73;75;93;94;116;117;140;142;144;145;150;151;154;155;177;178;205;206;232;233;248;250;278;279;306;307;322;323;324;326;340;343;350;351;352;353;358;359;377;378;385;387;388;391;400;403;404;405,64,1
2bb31b69-fcda-4f54-8338-f590944df999,What occurs right before reshuffling the cards?,I sit with the lady.,"The person in the striped sweater is seen holding a small stack of cards, possibly preparing to deal or shuffle them.",16;17;20;23;29;30;32;33;40;42;44;46;49;51;53;55;93;94;116;117;140;142;144;145;150;151;154;155;177;178;205;206;232;233;248;250;278;279;306;307;322;323;324;326;340;343;350;351;352;353;358;359;377;378;381;383;385;387;388;391;400;403;404;405,64,1
2bb31b69-fcda-4f54-8338-f590944df999,What is done just before spreading the cards on the floor?,Cards are picked.,"Just before spreading the cards on the floor, the person in the striped sweater is seen holding a small stack of cards and appears to be organizing or counting them.",16;17;20;23;29;30;32;33;40;42;44;46;49;51;53;55;73;75;93;94;116;117;140;142;144;145;150;151;154;155;177;178;205;206;232;233;248;250;278;279;306;307;322;323;324;326;340;343;350;351;352;353;358;359;377;378;385;387;388;391;400;403;404;405,64,1
2bb31b69-fcda-4f54-8338-f590944df999,"In the video, did I play cards before shuffling them?",No.,"Yes, you played cards before shuffling them.",16;17;20;23;29;30;32;33;40;42;44;46;49;51;53;55;73;75;93;94;116;117;140;142;144;145;150;151;154;155;177;178;205;206;232;233;248;250;278;279;306;307;322;323;324;326;340;343;350;351;352;353;358;359;377;378;385;387;388;391;400;403;404;405,64,1
2bb31b69-fcda-4f54-8338-f590944df999,"In the video, did I shuffle the cards before picking them?",Yes.,"Yes, in the video, you can see the cards being shuffled before being picked up.",16;17;20;23;29;30;32;33;38;39;40;42;44;46;49;51;53;55;73;75;93;94;116;117;140;142;144;145;150;151;154;155;177;178;205;206;232;233;248;250;278;279;306;307;322;323;324;326;340;343;350;351;358;359;377;378;385;387;388;391;400;403;404;405,64,1
2bb31b69-fcda-4f54-8338-f590944df999,What is the action before reshuffling the cards in the video?,Separating the cards.,The action before reshuffling the cards is the person in the striped sweater holding a small stack of cards and looking at them.,16;17;20;23;29;30;32;33;40;42;44;46;49;51;53;55;73;75;93;94;116;117;140;142;144;145;150;151;154;155;177;178;205;206;232;233;248;250;278;279;306;307;322;323;324;326;340;343;350;351;352;353;358;359;377;378;385;387;388;391;400;403;404;405,64,1
2bb31b69-fcda-4f54-8338-f590944df999,What is the setting of the video?,A room with two people playing poker.,"The setting of the video is a cozy indoor environment with a person sitting on a patterned rug, surrounded by various items including a pair of boots, a leopard print bag, and a smartphone.",16;17;20;23;29;30;32;33;40;42;44;46;49;51;53;55;116;117;140;142;144;145;150;151;154;155;205;206;232;233;278;279;306;307;322;323;324;326;340;343;350;351;358;359;377;378;385;387;388;391;404;405;452;453;464;466;525;526;528;529;533;535;548;549,64,1
2bb31b69-fcda-4f54-8338-f590944df999,What objects are present in the scene?,"Cards, a tablecloth, and personal items on the floor.","The scene includes a person sitting on the floor, a patterned rug, a pair of boots, a leopard print bag, a smartphone, a pair of socks, a pair of glasses, a deck of cards, and some papers.",16;17;20;23;29;30;32;33;40;42;44;46;49;51;53;55;140;142;144;145;150;151;154;155;177;178;205;206;232;233;278;279;306;307;322;323;324;326;340;343;350;351;358;359;377;378;385;387;388;391;404;405;452;453;464;466;525;526;528;529;533;535;548;549,64,1
2bb31b69-fcda-4f54-8338-f590944df999,What is the main focus of the camera?,The poker game and the players' actions.,The main focus of the camera is the person's hands as they shuffle and deal the cards.,16;17;20;23;29;30;32;33;40;42;44;46;49;51;53;55;140;142;144;145;150;151;154;155;177;178;205;206;232;233;278;279;306;307;322;323;324;326;340;343;350;351;358;359;377;378;385;387;388;391;400;403;404;405;452;453;464;466;525;526;533;535;548;549,64,1
2bb31b69-fcda-4f54-8338-f590944df999,What stage of the game is shown?,"The preparation phase, shuffling and dealing cards.","The video shows a person dealing cards from a deck to another person, who is holding a stack of cash, indicating that the game involves betting or wagering.",16;17;20;23;32;33;40;42;49;51;53;55;93;94;116;117;140;142;144;145;150;151;154;155;177;178;205;206;232;233;278;279;306;307;322;323;324;326;340;343;350;351;358;359;377;378;385;387;388;391;404;405;452;453;464;466;525;526;528;529;533;535;548;549,64,1
2bb31b69-fcda-4f54-8338-f590944df999,Capture the essence of the action in a short phrase.,An intense poker game in progress.,Two people playing a card game on a patterned rug.,16;17;20;23;29;30;32;33;40;42;44;46;49;51;53;55;140;142;144;145;150;151;154;155;177;178;205;206;232;233;278;279;306;307;322;323;324;326;340;343;350;351;358;359;377;378;385;387;388;391;404;405;452;453;464;466;525;526;528;529;533;535;548;549,64,1
2bb31b69-fcda-4f54-8338-f590944df999,Did the person shuffle the cards more than once?,Yes.,"Yes, the person shuffled the cards multiple times.",16;17;20;23;29;30;32;33;40;42;44;46;49;51;53;55;140;142;144;145;150;151;154;155;177;178;205;206;232;233;278;279;306;307;322;323;324;326;340;343;350;351;358;359;377;378;385;387;388;391;400;403;404;405;452;453;464;466;525;526;533;535;548;549,64,1
2bb31b69-fcda-4f54-8338-f590944df999,Is there another activity besides poker being portrayed?,No.,"Yes, there is another activity portrayed, which is the person holding a smartphone and interacting with it while seated on the floor.",16;17;20;23;32;33;40;42;49;51;53;55;93;94;140;142;144;145;150;151;154;155;177;178;205;206;232;233;278;279;306;307;322;323;324;326;340;343;350;351;358;359;377;378;385;387;388;391;400;403;404;405;452;453;464;466;525;526;528;529;533;535;548;549,64,1
2bb31b69-fcda-4f54-8338-f590944df999,Are both players sitting on chairs?,"No, they are sitting on the floor.","No, both players are sitting on the floor.",16;17;20;23;29;30;32;33;40;42;44;46;49;51;53;55;73;75;140;142;144;145;150;151;154;155;177;178;205;206;232;233;278;279;306;307;322;323;324;326;340;343;350;351;358;359;377;378;385;387;388;391;404;405;452;453;464;466;525;526;533;535;548;549,64,1
2bb31b69-fcda-4f54-8338-f590944df999,"In the video, is the card reshuffling performed before picking the cards?",No,"Yes, the card reshuffling is performed before picking the cards.",16;17;20;23;29;30;32;33;40;42;44;46;49;51;53;55;140;142;144;145;150;151;154;155;177;178;205;206;232;233;278;279;306;307;322;323;324;326;340;343;350;351;358;359;377;378;385;387;388;391;404;405;452;453;464;466;525;526;528;529;533;535;548;549,64,1
2bb31b69-fcda-4f54-8338-f590944df999,Is the lady X present in the room before I reshuffle the cards?,Yes,"Yes, the lady X is present in the room before you reshuffle the cards.",16;17;20;23;32;33;40;42;44;46;49;51;53;55;140;142;144;145;150;151;154;155;177;178;205;206;232;233;278;279;306;307;322;323;324;326;340;343;350;351;358;359;377;378;385;387;388;391;400;403;404;405;452;453;464;466;525;526;528;529;533;535;548;549,64,1
2bb31b69-fcda-4f54-8338-f590944df999,Do I play the cards before lady X picks her phone?,No,"The video shows a sequence of events where a person is playing cards with another individual. The person who is playing cards is not identified as ""lady X,"" but rather as someone who is handling the cards and possibly dealing or playing a card game. The individual with the phone is not involved in the card game and is seen picking up their phone at one point. The card game continues after the person picks up their phone, and the focus remains on the card game.",16;17;20;23;32;33;40;42;44;46;49;51;53;55;93;94;140;142;144;145;150;151;154;155;177;178;205;206;232;233;278;279;306;307;322;323;324;326;340;343;350;351;358;359;377;378;385;387;388;391;404;405;452;453;464;466;525;526;528;529;533;535;548;549,64,1
2bb31b69-fcda-4f54-8338-f590944df999,Are the cards picked before they are played?,Yes,"No, the cards are not picked before they are played. The video shows a person holding a deck of cards and another person holding a hand of cards, indicating that the cards are being dealt during the game.",16;17;20;23;29;30;32;33;40;42;44;46;49;51;53;55;140;142;144;145;150;151;154;155;177;178;205;206;232;233;278;279;306;307;322;323;324;326;340;343;350;351;358;359;377;378;385;387;388;391;404;405;452;453;464;466;525;526;528;529;533;535;548;549,64,1
2bb31b69-fcda-4f54-8338-f590944df999,What happens just before the cards are played in the video?,The cards are reshuffled.,"Just before the cards are played, the person in the striped sweater is seen holding a small stack of cards, possibly preparing to deal or organize them.",16;17;20;23;29;30;32;33;40;42;44;46;49;51;53;55;140;142;144;145;150;151;154;155;177;178;205;206;232;233;278;279;306;307;322;323;324;326;340;343;350;351;358;359;377;378;385;387;388;391;404;405;452;453;464;466;525;526;528;529;533;535;548;549,64,1
2bb31b69-fcda-4f54-8338-f590944df999,What do we see happening just before the cards are picked?,The cards are reshuffled.,"Just before the cards are picked, the person in the striped sweater is seen holding a small stack of cards, possibly preparing to deal or pick them up.",16;17;20;23;29;30;32;33;40;42;44;46;49;51;53;55;140;142;144;145;150;151;154;155;177;178;205;206;232;233;278;279;306;307;322;323;324;326;340;343;350;351;358;359;377;378;385;387;388;391;404;405;452;453;464;466;525;526;528;529;533;535;548;549,64,1
2bb31b69-fcda-4f54-8338-f590944df999,What action takes place before reshuffling the cards?,The cards are picked.,"Before reshuffling the cards, the person in the striped sweater is seen holding a stack of cards and appears to be counting or organizing them.",16;17;20;23;32;33;40;42;44;46;49;51;53;55;93;94;140;142;144;145;150;151;154;155;177;178;205;206;232;233;278;279;306;307;322;323;324;326;340;343;350;351;358;359;377;378;385;387;388;391;404;405;452;453;464;466;525;526;528;529;533;535;548;549,64,1
2bb31b69-fcda-4f54-8338-f590944df999,"Before the poker game begins, what is the last action performed?",The cards are reshuffled.,The last action performed before the poker game begins is the person in the striped sweater shuffling the deck of cards.,16;17;20;23;29;30;32;33;40;42;44;46;49;51;53;55;140;142;144;145;150;151;154;155;177;178;205;206;232;233;278;279;306;307;322;323;324;326;340;343;350;351;358;359;377;378;385;387;388;391;404;405;452;453;464;466;525;526;528;529;533;535;548;549,64,1
2bb31b69-fcda-4f54-8338-f590944df999,Did the card reshuffling happen before picking the cards?,No,"Yes, the card reshuffling happened before picking the cards.",16;17;20;23;29;30;32;33;40;42;44;46;49;51;53;55;140;142;144;145;150;151;154;155;177;178;205;206;232;233;278;279;306;307;322;323;324;326;340;343;350;351;358;359;377;378;385;387;388;391;404;405;452;453;464;466;525;526;528;529;533;535;548;549,64,1
2bb31b69-fcda-4f54-8338-f590944df999,Was playing cards done after picking the cards?,Yes,"Yes, playing cards was done after picking the cards.",16;17;20;23;29;30;32;33;40;42;44;46;49;51;53;55;140;142;144;145;150;151;154;155;177;178;205;206;232;233;278;279;306;307;322;323;324;326;340;343;350;351;358;359;377;378;385;387;388;391;404;405;452;453;464;466;525;526;528;529;533;535;548;549,64,1
2bb31b69-fcda-4f54-8338-f590944df999,What happened just before playing poker cards?,Reshuffled the cards,"The person in the video was shown holding a deck of cards and a stack of money, indicating they were preparing to play poker.",16;17;20;23;32;33;40;42;49;51;53;55;93;94;140;142;144;145;150;151;154;155;177;178;205;206;232;233;278;279;306;307;322;323;324;326;340;343;350;351;358;359;377;378;385;387;388;391;400;403;404;405;452;453;464;466;525;526;528;529;533;535;548;549,64,1
2bb31b69-fcda-4f54-8338-f590944df999,What occurs right before reshuffling the cards?,Picked the cards,"The person in the striped sweater is seen holding a small stack of cards, possibly preparing to deal or shuffle them.",16;17;20;23;32;33;40;42;44;46;49;51;53;55;140;142;144;145;150;151;154;155;177;178;205;206;232;233;278;279;306;307;322;323;324;326;340;343;350;351;358;359;377;378;385;387;388;391;400;403;404;405;452;453;464;466;525;526;528;529;533;535;548;549,64,1
2bb31b69-fcda-4f54-8338-f590944df999,What action took place just before picking the cards?,Reshuffled the cards,"Just before picking the cards, the person was holding a stack of cards and looking at them.",16;17;20;23;32;33;40;42;49;51;53;55;93;94;116;117;140;142;144;145;150;151;154;155;177;178;205;206;232;233;278;279;306;307;322;323;324;326;340;343;350;351;358;359;377;378;385;387;388;391;404;405;452;453;464;466;525;526;528;529;533;535;548;549,64,1
2bb31b69-fcda-4f54-8338-f590944df999,What environment is presented in the video?,A casual indoor space with a card game being played.,"The video presents a casual indoor environment with a person sitting on a patterned rug, surrounded by various items such as a leopard print bag, a pair of brown boots, and a white cup with a black straw.",16;17;32;33;40;42;49;51;53;55;140;142;144;145;150;151;154;155;205;206;278;279;322;323;324;326;340;343;350;351;358;359;377;378;385;387;388;391;404;405;525;526;533;535;548;549;568;569;581;582;584;585;592;595;600;601;608;609;621;622;637;638;641;642,64,1
2bb31b69-fcda-4f54-8338-f590944df999,What sequence of actions is depicted here?,"Selecting, organizing, and using cards in a game is depicted.","The sequence of actions depicted in the video involves two individuals sitting on a patterned rug, engaged in a card game. The person on the left is holding a smartphone and appears to be looking at it while the person on the right is handling a deck of cards. The cards are spread out on the rug, and there are some papers and a plastic bag nearby, suggesting that the game might involve money or betting. The person on the right is dealing cards, and the person on the left is interacting with the cards, possibly placing bets or making a move in the game. The setting appears to be a casual, indoor environment, and the atmosphere seems relaxed and social.",16;17;32;33;40;42;49;51;53;55;140;142;144;145;150;151;154;155;205;206;278;279;322;323;324;326;340;343;350;351;358;359;377;378;385;387;388;391;404;405;525;526;533;535;548;549;558;559;568;569;581;582;584;585;592;595;600;601;608;609;621;622;641;642,64,1
2bb31b69-fcda-4f54-8338-f590944df999,How are the participants utilizing the items?,They are using cards for a recreational activity.,"The participants are utilizing the items for a card game, with one person dealing cards and the other person holding a stack of cash, indicating a betting or wagering aspect to the game.",16;17;20;23;32;33;40;42;49;51;53;55;140;142;144;145;150;151;154;155;205;206;278;279;322;323;324;326;350;351;358;359;377;378;385;387;388;391;404;405;464;466;525;526;533;535;548;549;568;569;581;582;584;585;592;595;600;601;608;609;621;622;641;642,64,1
2bb31b69-fcda-4f54-8338-f590944df999,Is there a competitive game being played in this scene?,Yes.,"Yes, there is a competitive game being played in this scene.",16;17;32;33;40;42;49;51;53;55;140;142;144;145;150;151;154;155;205;206;232;233;278;279;322;323;324;326;340;343;350;351;358;359;377;378;385;387;388;391;404;405;525;526;533;535;548;549;581;582;584;585;592;595;600;601;608;609;621;622;637;638;641;642,64,1
2bb31b69-fcda-4f54-8338-f590944df999,Has any card been placed face-up on the carpet?,Yes.,"Yes, a card has been placed face-up on the carpet.",16;17;32;33;40;42;49;51;53;55;140;142;144;145;150;151;154;155;205;206;232;233;278;279;322;323;324;326;340;343;350;351;358;359;377;378;385;387;388;391;404;405;525;526;533;535;548;549;581;582;584;585;592;595;600;601;608;609;621;622;637;638;641;642,64,1
2bb31b69-fcda-4f54-8338-f590944df999,Are there drinks present on the floor beside the players?,Yes.,Yes.,16;17;32;33;40;42;49;51;53;55;140;142;144;145;150;151;154;155;205;206;278;279;322;323;324;326;340;343;350;351;358;359;377;378;385;387;388;391;404;405;525;526;533;535;548;549;568;569;581;582;584;585;592;595;600;601;608;609;621;622;637;638;641;642,64,1
2bb31b69-fcda-4f54-8338-f590944df999,Is there a document visible on the floor?,Yes.,Yes.,16;17;32;33;40;42;49;51;53;55;140;142;144;145;150;151;154;155;205;206;232;233;278;279;322;323;324;326;340;343;350;351;358;359;377;378;385;387;388;391;404;405;525;526;533;535;548;549;581;582;584;585;592;595;600;601;608;609;621;622;637;638;641;642,64,1
2bb31b69-fcda-4f54-8338-f590944df999,Are both participants actively selecting cards?,Yes.,"Yes, both participants are actively selecting cards.",16;17;32;33;40;42;49;51;53;55;140;142;144;145;150;151;154;155;205;206;278;279;322;323;324;326;350;351;358;359;377;378;385;387;388;391;404;405;464;466;525;526;533;535;548;549;558;559;568;569;581;582;584;585;592;595;600;601;608;609;621;622;641;642,64,1
2bb31b69-fcda-4f54-8338-f590944df999,Is the poker game played before reshuffling the cards?,No,"Yes, the poker game was played before reshuffling the cards.",16;17;20;23;32;33;40;42;49;51;53;55;140;142;144;145;150;151;154;155;205;206;278;279;322;323;324;326;350;351;358;359;377;378;385;387;388;391;404;405;525;526;533;535;548;549;558;559;581;582;584;585;592;595;600;601;608;609;621;622;637;638;641;642,64,1
2bb31b69-fcda-4f54-8338-f590944df999,What action is performed immediately before reshuffling?,Picking the cards,The action performed immediately before reshuffling is the person in the striped sweater and blue sleeves holding a stack of cards and preparing to shuffle them.,16;17;32;33;40;42;49;51;53;55;140;142;144;145;150;151;154;155;205;206;278;279;306;307;322;323;324;326;340;343;350;351;358;359;377;378;385;387;388;391;404;405;525;526;533;535;548;549;581;582;584;585;592;595;600;601;608;609;621;622;637;638;641;642,64,1
2bb31b69-fcda-4f54-8338-f590944df999,Was the poker card played after the cards were picked?,Yes.,"Yes, the poker card was played after the cards were picked.",16;17;32;33;40;42;49;51;53;55;140;142;144;145;150;151;154;155;205;206;232;233;278;279;322;323;324;326;340;343;350;351;358;359;377;378;385;387;388;391;404;405;525;526;533;535;548;549;581;582;584;585;592;595;600;601;608;609;621;622;637;638;641;642,64,1
2bb31b69-fcda-4f54-8338-f590944df999,What action occurs before playing the card game?,Separating cards.,"Before playing the card game, the person in the striped sweater shuffles the deck of cards.",16;17;32;33;40;42;49;51;53;55;140;142;144;145;150;151;154;155;205;206;232;233;278;279;322;323;324;326;340;343;350;351;358;359;377;378;385;387;388;391;404;405;525;526;533;535;548;549;581;582;584;585;592;595;600;601;608;609;621;622;637;638;641;642,64,1
2bb31b69-fcda-4f54-8338-f590944df999,What is done just before reshuffling the cards?,Picking the cards.,"Just before reshuffling the cards, the person in the striped sweater is seen holding a smartphone and appears to be looking at it while the other person is holding a stack of cards.",16;17;20;23;32;33;40;42;49;51;53;55;140;142;144;145;150;151;154;155;205;206;278;279;322;323;324;326;350;351;358;359;377;378;385;387;388;391;404;405;525;526;533;535;548;549;558;559;581;582;584;585;592;595;600;601;608;609;621;622;637;638;641;642,64,1
2bb31b69-fcda-4f54-8338-f590944df999,What is the main setting of this scene?,The setting is a room where a poker card game is being played.,"The main setting of this scene is a room with a person sitting on the floor, surrounded by various items including a patterned rug, a pair of boots, a white cup, and some papers.",16;17;32;33;40;42;49;51;53;55;140;142;154;155;205;206;278;279;322;323;324;326;350;351;358;359;385;387;388;391;525;526;548;549;581;582;584;585;592;595;600;601;608;609;621;622;641;642;708;711;712;714;716;718;744;747;754;755;761;762;764;765;796;799,64,1
2bb31b69-fcda-4f54-8338-f590944df999,How many participants are involved in the card game?,There are two participants in the card game.,Two participants are involved in the card game.,16;17;32;33;40;42;49;51;53;55;140;142;154;155;205;206;278;279;322;323;324;326;350;351;358;359;385;387;388;391;525;526;548;549;581;582;584;585;592;595;600;601;608;609;621;622;641;642;708;711;712;714;716;718;744;747;754;755;761;762;764;765;796;799,64,1
2bb31b69-fcda-4f54-8338-f590944df999,What objects are primarily visible on the table?,Visible objects include poker cards and scattered items.,"The primary objects visible on the table are playing cards, a white plastic cup, and a pair of brown boots.",16;17;32;33;40;42;49;51;53;55;140;142;154;155;205;206;278;279;322;323;324;326;350;351;358;359;377;378;388;391;525;526;548;549;581;582;584;585;592;595;600;601;608;609;621;622;641;642;708;711;712;714;716;718;744;747;754;755;761;762;764;765;796;799,64,1
2bb31b69-fcda-4f54-8338-f590944df999,Describe the sequence of actions with the poker cards.,"The poker cards are picked up, shuffled, then played in turns.","The sequence of actions with the poker cards involves one person dealing cards from a deck while the other person observes and occasionally interacts with the cards. The cards are spread out on a patterned rug, and the dealer shuffles and deals them in a methodical manner. The observer occasionally reaches out to pick up or examine the cards. The cards are standard playing cards with a traditional design, featuring suits such as hearts, diamonds, clubs, and spades. The dealer's actions are consistent and focused on the task of dealing the cards, while the observer's actions are more casual and exploratory.",16;17;32;33;40;42;49;51;53;55;140;142;154;155;205;206;278;279;322;323;324;326;350;351;358;359;377;378;385;387;388;391;525;526;548;549;581;582;584;585;592;595;600;601;608;609;621;622;641;642;708;711;712;714;744;747;754;755;761;762;764;765;796;799,64,1
2bb31b69-fcda-4f54-8338-f590944df999,Did I carry out a reshuffle of the poker cards?,Yes.,"Yes, you carried out a reshuffle of the poker cards.",16;17;32;33;40;42;49;51;53;55;140;142;144;145;154;155;205;206;278;279;322;323;324;326;350;351;377;378;385;387;388;391;525;526;548;549;581;582;584;585;592;595;600;601;608;609;621;622;641;642;708;711;712;714;744;747;754;755;761;762;764;765;796;799,64,1
2bb31b69-fcda-4f54-8338-f590944df999,Was a complete poker game played in this clip?,Yes.,"No, the clip does not show a complete poker game. It shows a sequence of events where two individuals are engaged in a card game, possibly poker, but the game is not fully played out within the duration of the clip. The cards are being dealt, and the players are examining their hands, but the progression of the game is not shown in its entirety.",16;17;32;33;40;42;49;51;53;55;140;142;154;155;205;206;278;279;322;323;324;326;350;351;358;359;377;378;388;391;525;526;533;535;548;549;581;582;584;585;592;595;600;601;608;609;621;622;641;642;708;711;712;714;744;747;754;755;761;762;764;765;796;799,64,1
2bb31b69-fcda-4f54-8338-f590944df999,Did the game involve more than two players?,No.,"Yes, the game involved more than two players, as indicated by the presence of multiple hands of cards and the interaction between at least two individuals.",16;17;32;33;40;42;49;51;53;55;140;142;144;145;154;155;205;206;278;279;322;323;324;326;350;351;385;387;388;391;525;526;548;549;581;582;584;585;592;595;600;601;608;609;621;622;641;642;708;711;712;714;716;718;744;747;754;755;761;762;764;765;796;799,64,1
2bb31b69-fcda-4f54-8338-f590944df999,Did I participate in dealing the cards?,Yes.,"Yes, you did participate in dealing the cards. In the video, you can be seen holding a deck of cards and dealing them out on the table.",16;17;29;30;32;33;40;42;49;51;53;55;140;142;154;155;205;206;278;279;322;323;324;326;350;351;377;378;385;387;388;391;525;526;548;549;581;582;584;585;592;595;600;601;608;609;621;622;641;642;708;711;712;714;744;747;754;755;761;762;764;765;796;799,64,1
2bb31b69-fcda-4f54-8338-f590944df999,"In the video, did the card shuffling happen before playing the game?",Yes.,"Yes, the card shuffling happened before playing the game.",16;17;32;33;40;42;49;51;53;55;140;142;144;145;154;155;205;206;278;279;322;323;324;326;350;351;358;359;388;391;525;526;548;549;581;582;584;585;592;595;600;601;608;609;621;622;641;642;708;711;712;714;716;718;744;747;754;755;761;762;764;765;796;799,64,1
2bb31b69-fcda-4f54-8338-f590944df999,Did the playing of poker cards occur before reshuffling the cards?,No.,"Yes, the playing of poker cards occurred before reshuffling the cards.",16;17;32;33;40;42;49;51;53;55;140;142;154;155;205;206;278;279;322;323;324;326;350;351;358;359;377;378;388;391;525;526;548;549;581;582;584;585;592;595;600;601;608;609;621;622;641;642;708;711;712;714;716;718;744;747;754;755;761;762;764;765;796;799,64,1
2bb31b69-fcda-4f54-8338-f590944df999,Did picking the cards happen after playing the card game?,No.,"No, picking the cards happened during the card game.",16;17;32;33;40;42;49;51;53;55;140;142;154;155;205;206;278;279;322;323;324;326;350;351;358;359;388;391;525;526;533;535;548;549;581;582;584;585;592;595;600;601;608;609;621;622;641;642;708;711;712;714;716;718;744;747;754;755;761;762;764;765;796;799,64,1
2bb31b69-fcda-4f54-8338-f590944df999,What happens just before playing the poker card game in the video?,Reshuffling the cards.,"Just before playing the poker card game, the person in the striped sweater is seen holding a deck of cards and a stack of cash, indicating they are preparing to play.",16;17;32;33;49;51;53;55;140;142;144;145;154;155;205;206;278;279;322;323;324;326;350;351;358;359;388;391;525;526;533;535;548;549;581;582;584;585;592;595;600;601;608;609;621;622;641;642;708;711;712;714;716;718;744;747;754;755;761;762;764;765;796;799,64,1
2bb31b69-fcda-4f54-8338-f590944df999,What occurs directly before playing the card game?,Separating the cards.,"Directly before playing the card game, the person in the striped sweater is seen holding a stack of cash and a smartphone, while the other person is holding a deck of cards.",16;17;32;33;49;51;53;55;140;142;144;145;154;155;205;206;278;279;322;323;324;326;350;351;358;359;385;387;388;391;525;526;548;549;581;582;584;585;592;595;600;601;608;609;621;622;641;642;708;711;712;714;716;718;744;747;754;755;761;762;764;765;796;799,64,1
2bb31b69-fcda-4f54-8338-f590944df999,"In the video, was the poker card played before they were reshuffled?",No,"Yes, the poker card was played before it was reshuffled.",16;17;32;33;40;42;49;51;53;55;140;142;144;145;154;155;205;206;278;279;322;323;324;326;350;351;358;359;377;378;388;391;525;526;548;549;581;582;584;585;592;595;600;601;608;609;621;622;641;642;708;711;712;714;744;747;754;755;761;762;764;765;796;799,64,1
2bb31b69-fcda-4f54-8338-f590944df999,"In the clip, was the poker card reshuffled after card separation?",Yes,"Yes, the poker card was reshuffled after card separation.",16;17;32;33;40;42;49;51;53;55;140;142;144;145;154;155;205;206;278;279;322;323;324;326;350;351;358;359;377;378;388;391;525;526;548;549;581;582;584;585;592;595;600;601;608;609;621;622;641;642;708;711;712;714;744;747;754;755;761;762;764;765;796;799,64,1
2bb31b69-fcda-4f54-8338-f590944df999,What occurs just before playing the poker card in the video?,Reshuffling the cards,"Just before playing the poker card, the person in the striped sweater is seen holding a stack of poker chips and a deck of cards, preparing to deal.",16;17;32;33;40;42;49;51;53;55;140;142;144;145;154;155;205;206;278;279;322;323;324;326;350;351;358;359;388;391;525;526;548;549;581;582;584;585;592;595;600;601;608;609;621;622;641;642;708;711;712;714;716;718;744;747;754;755;761;762;764;765;796;799,64,1
2bb31b69-fcda-4f54-8338-f590944df999,"In the video, what event precedes playing the card game?",Separating cards,The event that precedes playing the card game is the person in the striped sweater and blue sleeves preparing the deck of cards.,16;17;32;33;40;42;49;51;53;55;140;142;144;145;154;155;205;206;278;279;322;323;324;326;350;351;358;359;385;387;388;391;525;526;548;549;581;582;584;585;592;595;600;601;608;609;621;622;641;642;708;711;712;714;744;747;754;755;761;762;764;765;796;799,64,1
2bb31b69-fcda-4f54-8338-f590944df999,What does this video clip depict in the room scene?,The video shows a card game session in a room.,"The video clip depicts a casual indoor setting where two individuals are seated on a patterned rug, engaged in a card game. The room has a cozy, lived-in feel with various items scattered around, including a leopard print blanket, a pair of boots, and a white cup. The person on the left is wearing a multicolored sweater with blue, pink, and white stripes, and the person on the right is wearing a blue long-sleeve shirt. They are both holding cards and appear to be in the middle of a game, with a deck of cards and some cards laid out on the rug. The atmosphere is relaxed and informal, suggesting a friendly or familial interaction.",16;17;32;33;49;51;53;55;140;142;154;155;205;206;278;279;324;326;350;351;358;359;388;391;525;526;548;549;581;582;584;585;600;601;608;609;621;622;641;642;708;711;744;747;754;755;764;765;796;799;825;826;832;835;838;839;921;923;932;933;944;945;956;957,64,1
2bb31b69-fcda-4f54-8338-f590944df999,What can you infer about the location in the video?,"It is a casual, home-like space with a seated person.","The location in the video appears to be a casual, indoor setting, likely a living room or a similar communal space.",16;17;32;33;40;42;49;51;53;55;140;142;154;155;205;206;278;279;324;326;350;351;388;391;525;526;548;549;581;582;584;585;600;601;608;609;621;622;641;642;708;711;712;714;744;747;754;755;764;765;796;799;825;826;832;835;838;839;932;933;944;945;956;957,64,1
2bb31b69-fcda-4f54-8338-f590944df999,Do these frames show any specific action with the cards?,"Yes, the cards are being reshuffled by the person.","Yes, the frames show the individuals handling the cards, with one person holding a hand of cards and the other person either dealing or holding their own hand of cards. The cards are being arranged and possibly being played with, as indicated by the positions and orientations of the cards on the mat.",16;17;32;33;40;42;49;51;53;55;140;142;154;155;205;206;278;279;322;323;324;326;350;351;388;391;525;526;548;549;581;582;584;585;600;601;608;609;621;622;641;642;708;711;744;747;754;755;761;762;764;765;825;826;832;835;838;839;932;933;944;945;956;957,64,1
2bb31b69-fcda-4f54-8338-f590944df999,Did the scene show a game in progress?,Yes.,"Yes, the scene showed a game in progress with cards being dealt and a hand of cards being held by one of the players.",16;17;32;33;40;42;49;51;53;55;140;142;154;155;205;206;278;279;350;351;358;359;388;391;525;526;548;549;581;582;584;585;600;601;608;609;621;622;641;642;708;711;744;747;754;755;764;765;796;799;825;826;832;835;838;839;921;923;932;933;944;945;956;957,64,1
2bb31b69-fcda-4f54-8338-f590944df999,Was there a card shuffle taking place?,Yes.,"Yes, there was a card shuffle taking place.",16;17;49;51;53;55;140;142;154;155;205;206;278;279;322;323;324;326;350;351;358;359;388;391;525;526;548;549;581;582;584;585;600;601;608;609;621;622;641;642;708;711;744;747;754;755;761;762;764;765;796;799;825;826;832;835;838;839;932;933;944;945;956;957,64,1
2bb31b69-fcda-4f54-8338-f590944df999,Did they play the cards on a traditional table?,No.,"No, they played the cards on a patterned rug.",16;17;32;33;40;42;49;51;53;55;140;142;154;155;205;206;278;279;350;351;358;359;388;391;525;526;548;549;581;582;584;585;600;601;608;609;621;622;641;642;708;711;712;714;744;747;754;755;764;765;796;799;825;826;832;835;838;839;932;933;944;945;956;957,64,1
2bb31b69-fcda-4f54-8338-f590944df999,Was the person alone in this activity?,No.,"No, the person was not alone in this activity. There was another person present who was also handling cards and participating in the activity.",16;17;32;33;40;42;49;51;53;55;140;142;154;155;205;206;278;279;322;323;324;326;350;351;388;391;525;526;548;549;581;582;584;585;600;601;608;609;621;622;641;642;708;711;744;747;754;755;764;765;796;799;825;826;832;835;838;839;932;933;944;945;956;957,64,1
2bb31b69-fcda-4f54-8338-f590944df999,Did the video capture an outdoor event?,No.,"No, the video did not capture an outdoor event. It was an indoor setting.",16;17;32;33;40;42;49;51;53;55;140;142;154;155;205;206;278;279;322;323;350;351;388;391;525;526;548;549;581;582;584;585;600;601;608;609;621;622;641;642;708;711;744;747;761;762;764;765;825;826;832;835;838;839;904;906;921;923;932;933;944;945;956;957,64,1
2bb31b69-fcda-4f54-8338-f590944df999,What action takes place immediately before the carpet is covered?,Sitting down.,The carpet is covered with playing cards and a piece of paper.,16;17;49;51;53;55;140;142;154;155;205;206;278;279;322;323;324;326;350;351;358;359;388;391;525;526;548;549;581;582;584;585;600;601;608;609;621;622;641;642;708;711;712;714;744;747;754;755;764;765;796;799;825;826;832;835;838;839;932;933;944;945;956;957,64,1
2bb31b69-fcda-4f54-8338-f590944df999,Is the card game played before reshuffling the cards?,No,"Yes, the card game was played before reshuffling the cards.",16;17;32;33;40;42;49;51;53;55;140;142;154;155;205;206;350;351;388;391;525;526;548;549;581;582;584;585;592;595;600;601;608;609;621;622;641;642;708;711;712;714;744;747;754;755;761;762;764;765;796;799;825;826;832;835;838;839;932;933;944;945;956;957,64,1
2bb31b69-fcda-4f54-8338-f590944df999,Is picking the cards shown before separating them?,Yes,"Yes, the person is shown picking up the cards before separating them.",16;17;32;33;40;42;49;51;53;55;140;142;154;155;205;206;278;279;350;351;388;391;525;526;548;549;581;582;584;585;600;601;608;609;621;622;641;642;708;711;712;714;744;747;754;755;761;762;764;765;796;799;825;826;832;835;838;839;932;933;944;945;956;957,64,1
2bb31b69-fcda-4f54-8338-f590944df999,Does separating cards happen before reshuffling?,Yes,"Yes, separating cards happens before reshuffling.",16;17;32;33;40;42;49;51;53;55;140;142;154;155;205;206;278;279;322;323;350;351;388;391;525;526;548;549;581;582;584;585;592;595;600;601;608;609;621;622;641;642;708;711;712;714;744;747;761;762;764;765;825;826;832;835;838;839;932;933;944;945;956;957,64,1
2bb31b69-fcda-4f54-8338-f590944df999,Is reshuffling the cards shown before playing poker?,Yes,"Yes, the video shows the cards being shuffled before being dealt.",16;17;32;33;40;42;49;51;53;55;140;142;154;155;205;206;278;279;350;351;388;391;525;526;548;549;581;582;584;585;592;595;600;601;608;609;621;622;641;642;708;711;712;714;744;747;761;762;764;765;796;799;825;826;832;835;838;839;932;933;944;945;956;957,64,1
2bb31b69-fcda-4f54-8338-f590944df999,Does picking cards occur before playing the card game?,Yes,"Yes, picking cards occurs before playing the card game.",16;17;49;51;53;55;140;142;154;155;205;206;278;279;350;351;358;359;388;391;525;526;548;549;581;582;584;585;592;595;600;601;608;609;621;622;641;642;708;711;712;714;744;747;754;755;761;762;764;765;796;799;825;826;832;835;838;839;932;933;944;945;956;957,64,1
2bb31b69-fcda-4f54-8338-f590944df999,What is the current setting in the video clip?,A room where a card game is being played.,"The current setting in the video clip is a living room with a person sitting on the floor, surrounded by various items including a leopard print bag, a pair of brown boots, a white cup with a pink straw, and a pair of blue jeans.",16;17;49;51;53;55;140;142;154;155;388;391;525;526;548;549;581;582;584;585;608;609;621;622;708;711;744;747;764;765;825;826;832;835;838;839;932;933;944;945;956;957;964;967;969;970;974;975;981;982;1000;1001;1020;1021;1024;1025;1048;1049;1060;1063;1065;1067;1088;1089,64,1
2bb31b69-fcda-4f54-8338-f590944df999,What objects are central to the scene in the video?,A deck of poker cards.,The central objects in the scene are the playing cards and the red and blue patterned rug.,16;17;49;51;53;55;140;142;154;155;388;391;525;526;548;549;581;582;584;585;608;609;621;622;708;711;744;747;764;765;825;826;832;835;838;839;932;933;944;945;956;957;964;967;969;970;974;975;981;982;1000;1001;1020;1021;1024;1025;1048;1049;1060;1063;1065;1067;1088;1089,64,1
2bb31b69-fcda-4f54-8338-f590944df999,What is the main focus of the scene?,The act of playing a poker game.,The main focus of the scene is the card game being played by the two individuals.,16;17;49;51;53;55;140;142;154;155;388;391;525;526;548;549;581;582;584;585;608;609;621;622;708;711;744;747;764;765;825;826;832;835;838;839;932;933;944;945;956;957;964;967;969;970;974;975;981;982;1000;1001;1020;1021;1024;1025;1048;1049;1060;1063;1065;1067;1088;1089,64,1
2bb31b69-fcda-4f54-8338-f590944df999,Detail the sequence of actions with the cards.,"Cards are being selected, shuffled, and dealt for poker.","The video shows a sequence of actions involving playing cards. Initially, a person is seen sitting on the floor with a patterned rug, holding a deck of cards. They are wearing a multicolored sweater with shades of pink, blue, and white, and striped socks. The person is engaged in a card game, possibly dealing cards or preparing to play.As the video progresses, the person continues to handle the cards, shuffling and dealing them. The cards are standard playing cards with a traditional design, featuring suits such as hearts, diamonds, clubs, and spades. The person's actions are methodical, indicating a structured gameplay.Throughout the video, the environment remains consistent with the person sitting on the floor, surrounded by the patterned rug, and various items such as a white cup, a pair of boots, and a pink object that could be a piece of clothing or a bag. The background includes a gray armchair and a green potted plant, adding to the casual, homey atmosphere.The person's focus on the cards and the careful handling suggest a level of concentration and enjoyment in the activity. The video captures the essence of a leisurely card game session, with the person's actions centered around the cards and the game itself.",16;17;49;51;53;55;140;142;154;155;388;391;525;526;548;549;581;582;608;609;621;622;708;711;744;747;764;765;825;826;832;835;838;839;932;933;944;945;956;957;964;967;969;970;974;975;981;982;1000;1001;1020;1021;1024;1025;1048;1049;1060;1063;1065;1067;1069;1070;1088;1089,64,1
2bb31b69-fcda-4f54-8338-f590944df999,Does the scene show a poker game in action?,Yes.,"Yes, the scene shows a poker game in action with players dealing cards and examining their hands.",16;17;49;51;53;55;140;142;154;155;388;391;525;526;548;549;581;582;608;609;621;622;641;642;708;711;744;747;764;765;825;826;832;835;838;839;932;933;944;945;956;957;964;967;969;970;974;975;981;982;1000;1001;1020;1021;1024;1025;1048;1049;1060;1063;1065;1067;1088;1089,64,1
2bb31b69-fcda-4f54-8338-f590944df999,Does the video include a moment of card shuffling?,Yes.,"Yes, the video includes a moment of card shuffling, as indicated by the person in the striped sweater shuffling a deck of cards.",16;17;49;51;53;55;140;142;154;155;388;391;525;526;548;549;581;582;584;585;608;609;621;622;708;711;744;747;764;765;825;826;832;835;838;839;932;933;944;945;956;957;964;967;969;970;974;975;981;982;1000;1001;1020;1021;1024;1025;1048;1049;1060;1063;1065;1067;1088;1089,64,1
2bb31b69-fcda-4f54-8338-f590944df999,Is a card game being organized on a carpet?,Yes.,Yes.,16;17;49;51;53;55;140;142;154;155;388;391;525;526;548;549;581;582;584;585;608;609;621;622;708;711;744;747;764;765;825;826;832;835;838;839;932;933;944;945;956;957;964;967;969;970;974;975;981;982;1000;1001;1020;1021;1024;1025;1048;1049;1060;1063;1065;1067;1088;1089,64,1
2bb31b69-fcda-4f54-8338-f590944df999,Does the clip show someone dealing cards?,Yes.,"Yes, the clip shows someone dealing cards.",16;17;40;42;49;51;53;55;140;142;154;155;205;206;388;391;525;526;548;549;581;582;608;609;621;622;708;711;744;747;764;765;825;826;832;835;838;839;932;933;944;945;956;957;969;970;974;975;981;982;1000;1001;1020;1021;1024;1025;1048;1049;1060;1063;1065;1067;1088;1089,64,1
2bb31b69-fcda-4f54-8338-f590944df999,Is the lady sitting on the floor while playing cards?,Yes.,Yes.,16;17;49;51;53;55;140;142;154;155;388;391;525;526;548;549;581;582;584;585;608;609;621;622;708;711;744;747;764;765;825;826;832;835;838;839;932;933;944;945;956;957;964;967;969;970;974;975;981;982;1000;1001;1020;1021;1024;1025;1048;1049;1060;1063;1065;1067;1088;1089,64,1
2bb31b69-fcda-4f54-8338-f590944df999,Did the card shuffling happen before playing cards?,Yes,"Yes, the card shuffling happened before playing cards.",16;17;49;51;53;55;140;142;154;155;205;206;388;391;525;526;548;549;581;582;608;609;621;622;708;711;744;747;764;765;825;826;832;835;838;839;932;933;944;945;956;957;969;970;974;975;981;982;1000;1001;1020;1021;1024;1025;1048;1049;1060;1063;1065;1067;1069;1070;1088;1089,64,1
2bb31b69-fcda-4f54-8338-f590944df999,Was the room entered before the cards were reshuffled?,Yes,"Yes, the room was entered before the cards were reshuffled.",16;17;49;51;53;55;140;142;154;155;388;391;525;526;548;549;581;582;584;585;608;609;621;622;708;711;744;747;764;765;825;826;832;835;838;839;932;933;944;945;956;957;964;967;969;970;974;975;981;982;1000;1001;1020;1021;1024;1025;1048;1049;1060;1063;1065;1067;1088;1089,64,1
2bb31b69-fcda-4f54-8338-f590944df999,Did card shuffling occur before the cards were picked?,No,"Yes, card shuffling occurred before the cards were picked.",16;17;49;51;53;55;140;142;154;155;205;206;388;391;525;526;548;549;581;582;608;609;621;622;708;711;744;747;764;765;825;826;832;835;838;839;932;933;944;945;956;957;969;970;974;975;981;982;1000;1001;1020;1021;1024;1025;1048;1049;1060;1063;1065;1067;1069;1070;1088;1089,64,1
2bb31b69-fcda-4f54-8338-f590944df999,What action is performed right before playing cards?,Reshuffling the cards,The action performed right before playing cards is shuffling the deck.,16;17;49;51;53;55;140;142;154;155;388;391;525;526;548;549;581;582;608;609;621;622;641;642;708;711;744;747;764;765;825;826;832;835;838;839;932;933;944;945;956;957;964;967;969;970;974;975;981;982;1000;1001;1020;1021;1024;1025;1048;1049;1060;1063;1065;1067;1088;1089,64,1
2bb31b69-fcda-4f54-8338-f590944df999,What happens just before reshuffling the cards?,Picking up the cards,"Just before reshuffling the cards, the person in the striped sweater is seen holding a small stack of cards, possibly preparing to deal or organize them.",16;17;49;51;53;55;140;142;154;155;388;391;525;526;548;549;581;582;584;585;608;609;621;622;708;711;744;747;764;765;825;826;832;835;838;839;932;933;944;945;956;957;969;970;974;975;981;982;1000;1001;1020;1021;1024;1025;1048;1049;1060;1063;1065;1067;1069;1070;1088;1089,64,1
2bb31b69-fcda-4f54-8338-f590944df999,What is done immediately before picking up cards?,Entering the room,"Immediately before picking up cards, the person in the striped sweater is seen holding a small stack of cash.",16;17;49;51;53;55;140;142;154;155;388;391;525;526;548;549;581;582;584;585;608;609;621;622;708;711;744;747;764;765;825;826;832;835;838;839;932;933;944;945;956;957;964;967;969;970;974;975;981;982;1000;1001;1020;1021;1024;1025;1048;1049;1060;1063;1065;1067;1088;1089,64,1
2bb31b69-fcda-4f54-8338-f590944df999,What takes place immediately after reshuffling cards?,Playing cards,"After reshuffling cards, the person deals them out into a fan shape on the mat.",16;17;49;51;53;55;140;142;154;155;388;391;525;526;548;549;581;582;608;609;621;622;708;711;744;747;764;765;825;826;832;835;838;839;932;933;944;945;956;957;964;967;969;970;974;975;981;982;1000;1001;1020;1021;1024;1025;1048;1049;1060;1063;1065;1067;1069;1070;1088;1089,64,1
2bb31b69-fcda-4f54-8338-f590944df999,"In the video, is the poker game started before reshuffling the cards?",No,"No, the poker game is not started before reshuffling the cards.",16;17;40;42;49;51;53;55;140;142;154;155;388;391;525;526;548;549;581;582;584;585;608;609;621;622;708;711;744;747;764;765;825;826;832;835;838;839;932;933;944;945;956;957;969;970;974;975;981;982;1000;1001;1020;1021;1024;1025;1048;1049;1060;1063;1065;1067;1088;1089,64,1
2bb31b69-fcda-4f54-8338-f590944df999,"In the video, is the poker game initiated before the cards are spread out on the floor?",Yes,"No, the poker game is not initiated before the cards are spread out on the floor. The cards are spread out on the floor before the poker game is initiated.",16;17;49;51;53;55;140;142;154;155;388;391;525;526;548;549;581;582;584;585;608;609;621;622;708;711;744;747;764;765;825;826;832;835;838;839;932;933;944;945;956;957;964;967;969;970;974;975;981;982;1000;1001;1020;1021;1024;1025;1048;1049;1060;1063;1065;1067;1088;1089,64,1
2bb31b69-fcda-4f54-8338-f590944df999,What happens just before the cards are reshuffled in the video?,The cards are picked up,"Just before the cards are reshuffled, the person in the striped sweater is seen holding a small stack of cards, possibly preparing to deal or shuffle them.",16;17;49;51;53;55;140;142;154;155;388;391;525;526;548;549;581;582;584;585;608;609;621;622;708;711;744;747;764;765;825;826;832;835;838;839;932;933;944;945;956;957;964;967;969;970;974;975;981;982;1000;1001;1020;1021;1024;1025;1048;1049;1060;1063;1065;1067;1088;1089,64,1
2bb31b69-fcda-4f54-8338-f590944df999,What happens immediately before the cards are spread out on the floor?,Poker game is played,"Immediately before the cards are spread out on the floor, the person in the striped sweater is seen holding a small stack of cards, possibly preparing to deal or organize them.",16;17;49;51;53;55;140;142;154;155;388;391;525;526;548;549;581;582;584;585;608;609;621;622;708;711;744;747;764;765;825;826;832;835;838;839;932;933;944;945;956;957;964;967;969;970;974;975;981;982;1000;1001;1020;1021;1024;1025;1048;1049;1060;1063;1065;1067;1088;1089,64,1
2bb31b69-fcda-4f54-8338-f590944df999,What activity is being depicted in this room?,A card game is being played in the room.,The activity depicted in this room is a card game.,16;17;49;51;53;55;154;155;388;391;525;526;548;549;581;582;608;609;621;622;708;711;744;747;825;826;832;835;838;839;932;933;956;957;969;970;974;975;981;982;1000;1001;1020;1021;1024;1025;1048;1049;1060;1063;1088;1089;1152;1153;1177;1179;1209;1210;1216;1217;1220;1223;1224;1225,64,1
2bb31b69-fcda-4f54-8338-f590944df999,What can you deduce about the space shown?,"It's a lived-in room with a casual, cozy setting.","The space shown appears to be a casual, lived-in room with a focus on a game of cards being played on a patterned rug. The room has a cozy, informal atmosphere, with various items scattered around, such as a leopard print bag, a pair of boots, and a white cup. There is a gray armchair in the background, suggesting a comfortable seating area. The lighting is soft and ambient, indicating either an indoor setting with warm lighting or a time of day when natural light is not harsh. The presence of the cards and the focused activity of the individuals suggest a leisurely or social activity, possibly among friends or family.",16;17;49;51;53;55;154;155;388;391;525;526;548;549;581;582;608;609;621;622;708;711;744;747;764;765;825;826;832;835;838;839;932;933;956;957;969;970;974;975;981;982;1000;1001;1020;1021;1024;1025;1048;1049;1060;1063;1088;1089;1152;1153;1177;1179;1209;1210;1216;1217;1220;1223,64,1
2bb31b69-fcda-4f54-8338-f590944df999,Where are the players sitting in the scenario?,The players are seated on the floor.,The players are sitting on a patterned rug.,16;17;49;51;53;55;154;155;388;391;525;526;548;549;581;582;608;609;621;622;708;711;744;747;825;826;832;835;838;839;932;933;956;957;969;970;974;975;981;982;1000;1001;1020;1021;1024;1025;1048;1049;1060;1063;1088;1089;1152;1153;1177;1179;1209;1210;1216;1217;1220;1223;1224;1225,64,1
2bb31b69-fcda-4f54-8338-f590944df999,What are the visible objects associated with the activity?,Playing cards and casual footwear are visible.,"Visible objects associated with the activity include a deck of playing cards, a patterned rug, a white plastic cup, a pair of brown boots, a pink object, and a leopard print bag.",16;17;49;51;53;55;154;155;388;391;525;526;548;549;581;582;608;609;621;622;708;711;744;747;825;826;832;835;838;839;932;933;956;957;969;970;974;975;981;982;1000;1001;1020;1021;1024;1025;1048;1049;1060;1063;1088;1089;1152;1153;1177;1179;1209;1210;1216;1217;1220;1223;1224;1225,64,1
2bb31b69-fcda-4f54-8338-f590944df999,Does playing poker occur after picking cards?,Yes,"Yes, playing poker occurs after picking cards.",16;17;49;51;53;55;154;155;388;391;525;526;548;549;581;582;608;609;621;622;708;711;744;747;764;765;825;826;832;835;838;839;932;933;956;957;969;970;974;975;981;982;1000;1001;1020;1021;1024;1025;1048;1049;1060;1063;1088;1089;1152;1153;1177;1179;1209;1210;1216;1217;1220;1223,64,1
2bb31b69-fcda-4f54-8338-f590944df999,Are cards picked before reshuffling?,Yes,"Yes, cards are picked before reshuffling.",16;17;49;51;53;55;154;155;388;391;525;526;548;549;581;582;608;609;621;622;708;711;744;747;825;826;832;835;838;839;932;933;956;957;969;970;974;975;981;982;1000;1001;1020;1021;1024;1025;1048;1049;1060;1063;1088;1089;1152;1153;1177;1179;1209;1210;1216;1217;1220;1223;1224;1225,64,1
2bb31b69-fcda-4f54-8338-f590944df999,Is the poker card played after reshuffling?,Yes,Yes.,16;17;49;51;53;55;154;155;388;391;525;526;548;549;581;582;608;609;621;622;708;711;744;747;825;826;832;835;838;839;932;933;944;945;956;957;969;970;974;975;981;982;1000;1001;1020;1021;1024;1025;1048;1049;1060;1063;1088;1089;1152;1153;1177;1179;1209;1210;1216;1217;1220;1223,64,1
2bb31b69-fcda-4f54-8338-f590944df999,What happens just before reshuffling the cards?,Picking the cards,"Just before reshuffling the cards, the person in the striped sweater is seen holding a small stack of cards, possibly preparing to deal or organize them.",16;17;49;51;53;55;154;155;388;391;525;526;548;549;581;582;608;609;621;622;708;711;744;747;825;826;832;835;838;839;932;933;956;957;969;970;974;975;981;982;1000;1001;1020;1021;1024;1025;1048;1049;1060;1063;1088;1089;1152;1153;1177;1179;1209;1210;1216;1217;1220;1223;1224;1225,64,1
2bb31b69-fcda-4f54-8338-f590944df999,"In the video, is a card picked up before reshuffling the deck?",No,"Yes, a card is picked up before reshuffling the deck.",16;17;49;51;53;55;154;155;388;391;525;526;548;549;581;582;608;609;621;622;708;711;744;747;764;765;825;826;832;835;838;839;932;933;956;957;969;970;974;975;981;982;1000;1001;1020;1021;1024;1025;1048;1049;1060;1063;1088;1089;1152;1153;1177;1179;1209;1210;1216;1217;1220;1223,64,1
2bb31b69-fcda-4f54-8338-f590944df999,"In the video, does playing cards occur before picking any card from the deck?",No,"Yes, playing cards occurs before picking any card from the deck.",16;17;49;51;53;55;154;155;388;391;525;526;548;549;581;582;608;609;621;622;708;711;744;747;764;765;825;826;832;835;838;839;932;933;956;957;969;970;974;975;981;982;1000;1001;1020;1021;1024;1025;1048;1049;1060;1063;1088;1089;1152;1153;1177;1179;1209;1210;1216;1217;1220;1223,64,1
2bb31b69-fcda-4f54-8338-f590944df999,"In the video, what happens before reshuffling the cards?",Picking up the cards,"Before reshuffling the cards, the person in the striped sweater is seen holding a small stack of cards, possibly preparing to deal or shuffle them.",16;17;49;51;53;55;154;155;388;391;525;526;548;549;581;582;608;609;621;622;708;711;744;747;825;826;832;835;838;839;932;933;956;957;969;970;974;975;981;982;1000;1001;1020;1021;1024;1025;1048;1049;1060;1063;1088;1089;1152;1153;1177;1179;1209;1210;1216;1217;1220;1223;1224;1225,64,1
2bb31b69-fcda-4f54-8338-f590944df999,What takes place just after the cards are picked up?,Reshuffling the cards,The cards are spread out on the rug.,16;17;49;51;53;55;154;155;388;391;525;526;548;549;581;582;608;609;621;622;708;711;744;747;764;765;825;826;832;835;838;839;932;933;956;957;969;970;974;975;981;982;1000;1001;1020;1021;1024;1025;1048;1049;1060;1063;1088;1089;1152;1153;1177;1179;1209;1210;1216;1217;1220;1223,64,1
2bb31b69-fcda-4f54-8338-f590944df999,What is done right after reshuffling the deck?,Playing poker cards,"After reshuffling the deck, the person deals cards from the deck.",16;17;49;51;53;55;154;155;388;391;525;526;548;549;581;582;608;609;621;622;708;711;744;747;825;826;832;835;838;839;932;933;956;957;969;970;974;975;981;982;1000;1001;1020;1021;1024;1025;1048;1049;1060;1063;1088;1089;1152;1153;1177;1179;1209;1210;1216;1217;1220;1223;1224;1225,64,1
2bb31b69-fcda-4f54-8338-f590944df999,What is the setting of the scene depicted?,The setting is inside a room with two individuals playing poker.,"The scene is set in a cozy living room with a patterned rug, a leopard print bag, a pair of brown boots, and a white cup with a straw.",16;17;49;51;53;55;388;391;525;526;548;549;608;609;708;711;744;747;825;826;832;835;932;933;956;957;969;970;974;975;1020;1021;1048;1049;1060;1063;1177;1179;1209;1210;1216;1217;1220;1223;1230;1231;1234;1235;1244;1245;1250;1251;1260;1261;1265;1266;1276;1278;1280;1283;1285;1286;1344;1345,64,1
2bb31b69-fcda-4f54-8338-f590944df999,What objects are prominent in this scene?,Poker cards and hands are prominent in the scene.,"The scene features a person sitting on the floor with a patterned rug, wearing a multicolored sweater with shades of pink, blue, and white, and dark pants. They are holding a deck of playing cards and appear to be engaged in a card game. The person has long hair and is wearing striped socks. Various objects are scattered around them, including a white cup with a straw, a pair of brown boots, a pink item, and a leopard print bag. There are also several cards laid out on the rug, some of which are face-up, showing a variety of card faces such as hearts, clubs, and numbers. The person is interacting with the cards, possibly dealing or organizing them. The background includes a gray armchair and a green potted plant.",16;17;49;51;53;55;388;391;525;526;548;549;708;711;744;747;825;826;832;835;932;933;956;957;969;970;974;975;1020;1021;1048;1049;1060;1063;1177;1179;1209;1210;1216;1217;1220;1223;1230;1231;1234;1235;1244;1245;1250;1251;1260;1261;1265;1266;1276;1278;1280;1283;1285;1286;1344;1345;1348;1349,64,1
2bb31b69-fcda-4f54-8338-f590944df999,Is there a card game being played in this video?,Yes.,"Yes, the video shows two individuals playing a card game on a patterned rug.",49;51;154;155;388;391;525;526;548;549;608;609;708;711;744;747;825;826;832;835;932;933;956;957;969;970;974;975;1020;1021;1048;1049;1060;1063;1177;1179;1209;1210;1216;1217;1220;1223;1234;1235;1244;1245;1250;1251;1260;1261;1265;1266;1276;1278;1280;1283;1285;1286;1344;1345;1348;1349;1352;1353,64,1
2bb31b69-fcda-4f54-8338-f590944df999,Does this video show a person dealing cards?,Yes.,"Yes, the video shows a person dealing cards as part of a card game.",16;17;49;51;53;55;154;155;388;391;525;526;708;711;744;747;825;826;832;835;932;933;956;957;969;970;974;975;1020;1021;1048;1049;1060;1063;1177;1179;1209;1210;1216;1217;1220;1223;1230;1231;1234;1235;1244;1245;1250;1251;1260;1261;1265;1266;1276;1278;1280;1283;1285;1286;1344;1345;1348;1349,64,1
2bb31b69-fcda-4f54-8338-f590944df999,Are the poker cards being reshuffled in this scene?,Yes.,"Yes, the poker cards are being reshuffled in this scene.",16;17;49;51;53;55;388;391;525;526;548;549;708;711;744;747;825;826;832;835;932;933;956;957;969;970;974;975;1020;1021;1048;1049;1060;1063;1177;1179;1209;1210;1216;1217;1220;1223;1230;1231;1234;1235;1244;1245;1250;1251;1260;1261;1265;1266;1276;1278;1280;1283;1285;1286;1344;1345;1348;1349,64,1
2bb31b69-fcda-4f54-8338-f590944df999,Did the card reshuffling occur before playing poker?,Yes.,"Yes, the card reshuffling occurred before playing poker.",16;17;49;51;154;155;388;391;525;526;548;549;708;711;744;747;825;826;832;835;932;933;956;957;969;970;974;975;1020;1021;1048;1049;1060;1063;1177;1179;1209;1210;1216;1217;1220;1223;1230;1231;1234;1235;1244;1245;1250;1251;1260;1261;1265;1266;1276;1278;1280;1283;1285;1286;1344;1345;1348;1349,64,1
2bb31b69-fcda-4f54-8338-f590944df999,Do I wear blue sleeves before the lady reads a card?,Yes.,Yes,16;17;49;51;154;155;388;391;525;526;548;549;708;711;744;747;825;826;832;835;932;933;956;957;969;970;974;975;1020;1021;1048;1049;1060;1063;1177;1179;1209;1210;1216;1217;1220;1223;1230;1231;1234;1235;1244;1245;1250;1251;1260;1261;1265;1266;1276;1278;1280;1283;1285;1286;1344;1345;1348;1349,64,1
2bb31b69-fcda-4f54-8338-f590944df999,Are poker cards spread on the carpet before organizing them into rows?,Yes.,"Yes, poker cards are spread out on the carpet before being organized into rows.",16;17;49;51;53;55;154;155;388;391;525;526;708;711;744;747;825;826;832;835;932;933;956;957;969;970;974;975;1020;1021;1048;1049;1060;1063;1177;1179;1209;1210;1216;1217;1220;1223;1230;1231;1234;1235;1244;1245;1250;1251;1260;1261;1265;1266;1276;1278;1280;1283;1285;1286;1344;1345;1348;1349,64,1
2bb31b69-fcda-4f54-8338-f590944df999,Is the picking of cards done before reshuffling?,No,"Yes, the picking of cards is done before reshuffling.",16;17;49;51;53;55;388;391;525;526;548;549;708;711;744;747;825;826;832;835;932;933;956;957;969;970;974;975;1020;1021;1048;1049;1060;1063;1177;1179;1209;1210;1216;1217;1220;1223;1230;1231;1234;1235;1244;1245;1250;1251;1260;1261;1265;1266;1276;1278;1280;1283;1285;1286;1344;1345;1348;1349,64,1
2bb31b69-fcda-4f54-8338-f590944df999,Is playing poker done after reshuffling cards?,Yes,"Yes, playing poker is done after reshuffling cards.",16;17;49;51;53;55;388;391;525;526;548;549;708;711;744;747;825;826;832;835;932;933;956;957;969;970;974;975;1020;1021;1048;1049;1060;1063;1177;1179;1209;1210;1216;1217;1220;1223;1230;1231;1234;1235;1244;1245;1250;1251;1260;1261;1265;1266;1276;1278;1280;1283;1285;1286;1344;1345;1348;1349,64,1
2bb31b69-fcda-4f54-8338-f590944df999,Does the reshuffling occur before arranging cards on the floor?,Yes,"Yes, the reshuffling occurs before arranging cards on the floor.",16;17;49;51;53;55;388;391;525;526;548;549;708;711;744;747;825;826;832;835;932;933;956;957;969;970;974;975;1020;1021;1048;1049;1060;1063;1177;1179;1209;1210;1216;1217;1220;1223;1230;1231;1234;1235;1244;1245;1250;1251;1260;1261;1265;1266;1276;1278;1280;1283;1285;1286;1344;1345;1348;1349,64,1
2bb31b69-fcda-4f54-8338-f590944df999,What takes place right before picking cards?,Sitting in the room,The person in the striped sweater picks up a card from the deck.,49;51;154;155;388;391;525;526;548;549;608;609;708;711;744;747;825;826;832;835;932;933;956;957;969;970;974;975;981;982;1020;1021;1048;1049;1060;1063;1177;1179;1209;1210;1216;1217;1220;1223;1234;1235;1244;1245;1250;1251;1260;1261;1265;1266;1276;1278;1280;1283;1285;1286;1344;1345;1348;1349,64,1
2bb31b69-fcda-4f54-8338-f590944df999,What activity is taking place in this clip?,Playing cards with a woman.,The activity taking place in this clip is a card game.,49;51;154;155;388;391;525;526;548;549;608;609;708;711;744;747;825;826;832;835;932;933;956;957;969;970;974;975;1020;1021;1048;1049;1060;1063;1177;1179;1209;1210;1216;1217;1220;1223;1234;1235;1244;1245;1250;1251;1260;1261;1265;1266;1276;1278;1280;1283;1285;1286;1344;1345;1348;1349;1372;1373,64,1
2bb31b69-fcda-4f54-8338-f590944df999,What is the setting of this scene?,Inside a house.,"The scene is set in a cozy, lived-in room with a person sitting cross-legged on a patterned rug, surrounded by various items such as a leopard print bag, a pair of brown boots, a white cup with a straw, and a pink object. The person is wearing a multicolored sweater with blue, pink, and white stripes, and striped socks. They are engaged in a card game, with a deck of cards spread out on the rug. The room has a comfortable and casual atmosphere, with a gray armchair and a potted plant in the background.",16;17;49;51;53;55;388;391;525;526;548;549;608;609;708;711;744;747;825;826;832;835;932;933;956;957;969;970;974;975;1048;1049;1060;1063;1177;1179;1209;1210;1216;1217;1220;1223;1230;1231;1234;1235;1244;1245;1250;1251;1260;1261;1265;1266;1276;1278;1280;1283;1285;1286;1344;1345;1372;1373,64,1
2bb31b69-fcda-4f54-8338-f590944df999,What objects are prominently featured in this clip?,Cards and a carpet.,"The prominently featured objects in this clip include a colorful rug, playing cards, a white plastic cup with a straw, a pair of brown boots, a pink item, and a leopard print bag.",16;17;49;51;53;55;388;391;525;526;548;549;708;711;744;747;825;826;832;835;932;933;956;957;969;970;974;975;1020;1021;1048;1049;1060;1063;1177;1179;1209;1210;1216;1217;1220;1223;1230;1231;1234;1235;1244;1245;1250;1251;1260;1261;1265;1266;1276;1278;1280;1283;1285;1286;1344;1345;1372;1373,64,1
2bb31b69-fcda-4f54-8338-f590944df999,What is the atmosphere in this scene?,Casual indoor leisure.,"The atmosphere in this scene appears to be casual and relaxed. The individuals are sitting on the floor, engaged in a leisure activity, which is playing cards. The setting is informal, with personal items like shoes and a drink container visible around them, suggesting a comfortable and laid-back environment. The focus on the cards and the interaction between the players indicates a social and possibly friendly gathering.",16;17;49;51;53;55;388;391;525;526;548;549;608;609;708;711;744;747;825;826;832;835;932;933;956;957;969;970;974;975;1048;1049;1060;1063;1177;1179;1209;1210;1216;1217;1220;1223;1230;1231;1234;1235;1244;1245;1250;1251;1260;1261;1265;1266;1276;1278;1280;1283;1285;1286;1344;1345;1372;1373,64,1
2bb31b69-fcda-4f54-8338-f590944df999,Is there any interaction between the players?,"Yes, they are playing a game together.","Yes, there is interaction between the players as they engage in the card game.",49;51;154;155;388;391;525;526;548;549;708;711;744;747;825;826;832;835;932;933;956;957;969;970;974;975;1020;1021;1048;1049;1060;1063;1177;1179;1209;1210;1216;1217;1220;1223;1230;1231;1234;1235;1244;1245;1250;1251;1260;1261;1265;1266;1276;1278;1280;1283;1285;1286;1344;1345;1348;1349;1372;1373,64,1
2bb31b69-fcda-4f54-8338-f590944df999,Can you describe the table setup for the game?,Cards are spread out haphazardly on the carpet.,"The table setup for the game includes a patterned rug, a deck of cards, and a few stacks of money.",16;17;49;51;53;55;154;155;388;391;525;526;548;549;708;711;744;747;825;826;832;835;932;933;956;957;969;970;974;975;1020;1021;1048;1049;1060;1063;1177;1179;1209;1210;1216;1217;1220;1223;1234;1235;1244;1245;1250;1251;1260;1261;1265;1266;1276;1278;1280;1283;1285;1286;1344;1345;1372;1373,64,1
2bb31b69-fcda-4f54-8338-f590944df999,How are the players seated during the game?,They are sitting cross-legged on the floor.,The players are seated cross-legged on a patterned rug.,16;17;49;51;53;55;388;391;525;526;708;711;744;747;825;826;832;835;932;933;956;957;969;970;974;975;1020;1021;1048;1049;1060;1063;1177;1179;1209;1210;1216;1217;1220;1223;1230;1231;1234;1235;1244;1245;1250;1251;1260;1261;1265;1266;1276;1278;1280;1283;1285;1286;1344;1345;1348;1349;1372;1373,64,1
2bb31b69-fcda-4f54-8338-f590944df999,Did the game just start?,"No, it is in progress as cards are already spread out.","It appears that the game is in progress, as there are multiple cards laid out on the mat and the individuals are actively engaged in the game. The exact stage of the game cannot be determined from the image alone, but it is clear that it is not the beginning of the game.",16;17;49;51;388;391;525;526;608;609;708;711;744;747;825;826;832;835;932;933;956;957;969;970;974;975;1020;1021;1048;1049;1060;1063;1177;1179;1209;1210;1216;1217;1220;1223;1230;1231;1234;1235;1244;1245;1250;1251;1260;1261;1265;1266;1276;1278;1280;1283;1285;1286;1344;1345;1348;1349;1372;1373,64,1
2bb31b69-fcda-4f54-8338-f590944df999,Did reshuffling the cards happen before playing the poker cards?,Yes.,"Yes, the cards were reshuffled before playing the poker cards.",16;17;49;51;53;55;388;391;525;526;708;711;744;747;825;826;832;835;932;933;956;957;969;970;974;975;1020;1021;1048;1049;1060;1063;1177;1179;1209;1210;1216;1217;1220;1223;1230;1231;1234;1235;1244;1245;1250;1251;1260;1261;1265;1266;1276;1278;1280;1283;1285;1286;1344;1345;1348;1349;1372;1373,64,1
2bb31b69-fcda-4f54-8338-f590944df999,Did laying out the cards on the floor occur after sitting down?,Yes.,"Yes, laying out the cards on the floor occurred after sitting down.",16;17;49;51;53;55;388;391;525;526;708;711;744;747;825;826;832;835;932;933;956;957;969;970;974;975;1020;1021;1048;1049;1060;1063;1177;1179;1209;1210;1216;1217;1220;1223;1230;1231;1234;1235;1244;1245;1250;1251;1260;1261;1265;1266;1276;1278;1280;1283;1285;1286;1344;1345;1348;1349;1372;1373,64,1
2bb31b69-fcda-4f54-8338-f590944df999,Did the game of cards start after the cards were laid out?,Yes.,"Yes, the game of cards started after the cards were laid out.",16;17;49;51;53;55;388;391;525;526;708;711;744;747;825;826;832;835;932;933;956;957;969;970;974;975;1020;1021;1048;1049;1060;1063;1177;1179;1209;1210;1216;1217;1220;1223;1230;1231;1234;1235;1244;1245;1250;1251;1260;1261;1265;1266;1276;1278;1280;1283;1285;1286;1344;1345;1348;1349;1372;1373,64,1
2bb31b69-fcda-4f54-8338-f590944df999,Did I play cards before reshuffling them?,No,"It appears that you played cards before reshuffling them. The video shows a sequence where cards are dealt and played, and later, they are reshuffled. This indicates that a game was played and then the cards were prepared for another round.",16;17;49;51;154;155;388;391;525;526;548;549;708;711;744;747;825;826;832;835;932;933;956;957;969;970;974;975;1020;1021;1048;1049;1060;1063;1177;1179;1209;1210;1216;1217;1220;1223;1234;1235;1244;1245;1250;1251;1260;1261;1265;1266;1276;1278;1280;1283;1285;1286;1344;1345;1348;1349;1372;1373,64,1
2bb31b69-fcda-4f54-8338-f590944df999,Was the rug visible before I dealt the cards?,Yes,"Yes, the rug was visible before you dealt the cards.",16;17;49;51;53;55;388;391;525;526;708;711;744;747;825;826;832;835;932;933;956;957;969;970;974;975;1020;1021;1048;1049;1060;1063;1177;1179;1209;1210;1216;1217;1220;1223;1230;1231;1234;1235;1244;1245;1250;1251;1260;1261;1265;1266;1276;1278;1280;1283;1285;1286;1344;1345;1348;1349;1372;1373,64,1
2bb31b69-fcda-4f54-8338-f590944df999,Did I spread cards on the floor before sitting down?,Yes,"Yes, you spread cards on the floor before sitting down.",16;17;49;51;53;55;388;391;525;526;548;549;708;711;744;747;825;826;832;835;932;933;956;957;969;970;974;975;1020;1021;1048;1049;1060;1063;1177;1179;1209;1210;1216;1217;1220;1223;1234;1235;1244;1245;1250;1251;1260;1261;1265;1266;1276;1278;1280;1283;1285;1286;1344;1345;1348;1349;1372;1373,64,1
2bb31b69-fcda-4f54-8338-f590944df999,Were cards in my hand before reshuffling?,No,"Yes, before reshuffling, you had cards in your hand.",16;17;49;51;388;391;525;526;548;549;708;711;744;747;825;826;832;835;932;933;956;957;969;970;974;975;1020;1021;1048;1049;1060;1063;1177;1179;1209;1210;1216;1217;1220;1223;1230;1231;1234;1235;1244;1245;1250;1251;1260;1261;1265;1266;1276;1278;1280;1283;1285;1286;1344;1345;1348;1349;1372;1373,64,1
2bb31b69-fcda-4f54-8338-f590944df999,Was I seated before the cards were displayed face-up?,Yes,"Yes, you were seated before the cards were displayed face-up.",49;51;154;155;388;391;525;526;548;549;608;609;708;711;744;747;825;826;832;835;932;933;956;957;969;970;974;975;1020;1021;1048;1049;1060;1063;1177;1179;1209;1210;1216;1217;1220;1223;1234;1235;1244;1245;1250;1251;1260;1261;1265;1266;1276;1278;1280;1283;1285;1286;1344;1345;1348;1349;1372;1373,64,1
2bb31b69-fcda-4f54-8338-f590944df999,What happened just before playing cards?,Reshuffled the cards,"Just before playing cards, the person in the video was sitting on the floor with a colorful rug, holding a deck of cards and a drink in their hands. They were in a relaxed posture, with their legs crossed and leaning back slightly. The room had a cozy atmosphere with a comfortable chair, a leopard print bag, and a pair of boots visible in the background. The person was preparing to play a card game, as indicated by the cards being spread out on the rug and the focused attention on the cards in their hands.",49;51;154;155;388;391;525;526;548;549;608;609;708;711;744;747;825;826;832;835;932;933;956;957;969;970;974;975;1020;1021;1048;1049;1060;1063;1177;1179;1209;1210;1216;1217;1220;1223;1234;1235;1244;1245;1250;1251;1260;1261;1265;1266;1276;1278;1280;1283;1285;1286;1344;1345;1348;1349;1372;1373,64,1
2bb31b69-fcda-4f54-8338-f590944df999,What happened before reshuffling the cards?,Sat in the room,"Before reshuffling the cards, the person was seen holding a small stack of cards, possibly preparing to deal or organize them.",16;17;49;51;53;55;388;391;525;526;708;711;744;747;825;826;832;835;932;933;956;957;969;970;974;975;1020;1021;1048;1049;1060;1063;1177;1179;1209;1210;1216;1217;1220;1223;1230;1231;1234;1235;1244;1245;1250;1251;1260;1261;1265;1266;1276;1278;1280;1283;1285;1286;1344;1345;1348;1349;1372;1373,64,1
2bb31b69-fcda-4f54-8338-f590944df999,What did I do before spreading cards on the floor?,Reshuffled them,"Before spreading cards on the floor, you were sitting cross-legged on a patterned rug, holding a deck of playing cards in your hands. You were in the process of dealing the cards out in a specific pattern on the rug.",16;17;49;51;154;155;388;391;525;526;548;549;708;711;744;747;825;826;832;835;932;933;956;957;969;970;974;975;1020;1021;1048;1049;1060;1063;1177;1179;1209;1210;1216;1217;1220;1223;1234;1235;1244;1245;1250;1251;1260;1261;1265;1266;1276;1278;1280;1283;1285;1286;1344;1345;1348;1349;1372;1373,64,1
2bb31b69-fcda-4f54-8338-f590944df999,What action took place before sitting down?,Entered the room,"Before sitting down, the person was holding a deck of cards and was in the process of dealing them out.",49;51;154;155;388;391;525;526;548;549;608;609;708;711;744;747;825;826;832;835;932;933;956;957;969;970;974;975;1020;1021;1024;1025;1048;1049;1060;1063;1177;1179;1216;1217;1220;1223;1234;1235;1244;1245;1250;1251;1260;1261;1265;1266;1276;1278;1280;1283;1285;1286;1344;1345;1348;1349;1372;1373,64,1
2bb31b69-fcda-4f54-8338-f590944df999,What activity is being performed in the scene?,Playing cards is the activity.,Playing cards,49;51;154;155;388;391;525;526;548;549;608;609;708;711;744;747;825;826;832;835;932;933;956;957;969;970;974;975;1020;1021;1048;1049;1060;1063;1177;1179;1209;1210;1216;1217;1220;1223;1234;1235;1244;1245;1250;1251;1260;1261;1265;1266;1276;1278;1280;1283;1285;1286;1344;1345;1348;1349;1372;1373,64,1
2bb31b69-fcda-4f54-8338-f590944df999,How many individuals are participating in the activity?,Two individuals are participating.,Two individuals are participating in the activity.,16;17;49;51;154;155;388;391;525;526;608;609;708;711;744;747;825;826;832;835;932;933;956;957;969;970;974;975;1020;1021;1048;1049;1060;1063;1177;1179;1209;1210;1216;1217;1220;1223;1230;1231;1234;1235;1244;1245;1250;1251;1260;1261;1265;1266;1276;1278;1280;1283;1285;1286;1344;1345;1372;1373,64,1
2bb31b69-fcda-4f54-8338-f590944df999,Can you describe the setting of the video clip?,"The setting is indoors, on the floor with a rug.","The video takes place in a cozy living room with a person sitting cross-legged on a patterned rug. The person is wearing a multicolored sweater with blue, pink, and white stripes, black pants, and striped socks. They are holding a deck of cards and appear to be playing a card game. The room has a comfortable and casual atmosphere, with a gray armchair, a leopard print bag, and a pink cup visible in the background. The lighting is warm and inviting, suggesting an indoor setting during the evening or night.",16;17;49;51;154;155;388;391;525;526;708;711;744;747;825;826;832;835;932;933;956;957;969;970;974;975;1020;1021;1048;1049;1060;1063;1177;1179;1209;1210;1216;1217;1220;1223;1230;1231;1234;1235;1244;1245;1250;1251;1260;1261;1265;1266;1276;1278;1280;1283;1285;1286;1344;1345;1348;1349;1372;1373,64,1
2bb31b69-fcda-4f54-8338-f590944df999,What is the gender composition of the participants?,One male and one female are participating.,"The video shows two participants, one female and one male.",16;17;49;51;388;391;525;526;548;549;708;711;744;747;825;826;832;835;932;933;956;957;969;970;974;975;1020;1021;1048;1049;1060;1063;1177;1179;1209;1210;1216;1217;1220;1223;1230;1231;1234;1235;1244;1245;1250;1251;1260;1261;1265;1266;1276;1278;1280;1283;1285;1286;1344;1345;1348;1349;1372;1373,64,1
2bb31b69-fcda-4f54-8338-f590944df999,How are the participants positioned in the clip?,They are sitting on the floor.,"The participants are seated on a patterned rug, with one person holding a deck of cards and the other person's hands visible as they play.",16;17;49;51;53;55;154;155;388;391;525;526;708;711;744;747;825;826;832;835;932;933;956;957;969;970;974;975;1020;1021;1048;1049;1060;1063;1177;1179;1209;1210;1216;1217;1220;1223;1230;1231;1234;1235;1244;1245;1250;1251;1260;1261;1265;1266;1276;1278;1280;1283;1285;1286;1344;1345;1372;1373,64,1
2bb31b69-fcda-4f54-8338-f590944df999,Describe the interaction between the individuals.,They are engaged in a card game.,"The video depicts a casual and relaxed interaction between two individuals engaged in a card game. The setting is a cozy indoor environment with a patterned rug on the floor, a comfortable chair, and various items scattered around, such as a pink cup, a pair of boots, and a leopard print bag. The person on the left is dressed in a multicolored sweater with blue, pink, and white sleeves, black pants, and striped socks. They are holding a deck of cards and appear to be in the process of dealing or organizing them. The person on the right is partially visible, with only their legs and hands shown, indicating they are also participating in the card game. They are holding a hand of cards and seem to be either playing or preparing to play. The atmosphere is casual and friendly, with both individuals focused on the game.",49;51;154;155;388;391;525;526;608;609;708;711;744;747;825;826;832;835;932;933;956;957;969;970;974;975;1020;1021;1048;1049;1060;1063;1177;1179;1209;1210;1216;1217;1220;1223;1230;1231;1234;1235;1244;1245;1250;1251;1260;1261;1265;1266;1276;1278;1280;1283;1285;1286;1344;1345;1348;1349;1372;1373,64,1
2bb31b69-fcda-4f54-8338-f590944df999,Are there any other objects involved in the action?,"Yes, a deck of cards is involved.","Yes, there are playing cards and a white plastic cup involved in the action.",16;17;49;51;154;155;388;391;525;526;708;711;744;747;825;826;832;835;932;933;956;957;969;970;974;975;1020;1021;1048;1049;1060;1063;1177;1179;1209;1210;1216;1217;1220;1223;1230;1231;1234;1235;1244;1245;1250;1251;1260;1261;1265;1266;1276;1278;1280;1283;1285;1286;1344;1345;1348;1349;1372;1373,64,1
2bb31b69-fcda-4f54-8338-f590944df999,Is there a competitive activity occurring in the video?,Yes.,"Yes, there is a competitive activity occurring in the video as the individuals are playing a card game.",16;17;49;51;154;155;388;391;525;526;548;549;708;711;744;747;825;826;832;835;932;933;956;957;969;970;974;975;1020;1021;1048;1049;1060;1063;1177;1179;1209;1210;1216;1217;1220;1223;1234;1235;1244;1245;1250;1251;1260;1261;1265;1266;1276;1278;1280;1283;1285;1286;1344;1345;1348;1349;1372;1373,64,1
2bb31b69-fcda-4f54-8338-f590944df999,Is there a visible winner in the card game?,No.,"No, there is no visible winner in the card game.",49;51;154;155;388;391;525;526;548;549;608;609;708;711;744;747;825;826;832;835;932;933;956;957;969;970;974;975;1020;1021;1048;1049;1060;1063;1177;1179;1209;1210;1216;1217;1220;1223;1234;1235;1244;1245;1250;1251;1260;1261;1265;1266;1276;1278;1280;1283;1285;1286;1344;1345;1348;1349;1372;1373,64,1
2bb31b69-fcda-4f54-8338-f590944df999,Did I pick up a card before shuffling the deck?,No,"No, you did not pick up a card before shuffling the deck.",16;17;49;51;53;55;388;391;525;526;708;711;744;747;825;826;832;835;932;933;956;957;969;970;974;975;1020;1021;1048;1049;1060;1063;1177;1179;1209;1210;1216;1217;1220;1223;1230;1231;1234;1235;1244;1245;1250;1251;1260;1261;1265;1266;1276;1278;1280;1283;1285;1286;1344;1345;1348;1349;1372;1373,64,1
2bb31b69-fcda-4f54-8338-f590944df999,Was the woman seen holding cards before I laid mine on the floor?,Yes,"Yes, the woman was seen holding cards before you laid your cards on the floor.",49;51;154;155;388;391;525;526;548;549;708;711;744;747;825;826;832;835;932;933;956;957;969;970;974;975;1020;1021;1048;1049;1060;1063;1177;1179;1209;1210;1216;1217;1220;1223;1230;1231;1234;1235;1244;1245;1250;1251;1260;1261;1265;1266;1276;1278;1280;1283;1285;1286;1344;1345;1348;1349;1372;1373,64,1
2bb31b69-fcda-4f54-8338-f590944df999,Did I deal cards to the woman before sitting down?,No,"Yes, you dealt cards to the woman before sitting down.",16;17;49;51;53;55;388;391;525;526;708;711;744;747;825;826;832;835;932;933;956;957;969;970;974;975;1020;1021;1048;1049;1060;1063;1177;1179;1209;1210;1216;1217;1220;1223;1230;1231;1234;1235;1244;1245;1250;1251;1260;1261;1265;1266;1276;1278;1280;1283;1285;1286;1344;1345;1348;1349;1372;1373,64,1
2bb31b69-fcda-4f54-8338-f590944df999,Did the woman adjust her glasses before smiling at me?,Yes,"Yes, the woman adjusted her glasses before smiling at me.",16;17;49;51;53;55;388;391;525;526;708;711;744;747;825;826;832;835;932;933;956;957;969;970;974;975;1020;1021;1048;1049;1060;1063;1177;1179;1209;1210;1216;1217;1220;1223;1230;1231;1234;1235;1244;1245;1250;1251;1260;1261;1265;1266;1276;1278;1280;1283;1285;1286;1344;1345;1348;1349;1372;1373,64,1
2bb31b69-fcda-4f54-8338-f590944df999,Was the woman's sock visible before she crossed her legs?,Yes,"Yes, her sock was visible before she crossed her legs.",49;51;154;155;388;391;525;526;548;549;708;711;744;747;825;826;832;835;932;933;956;957;969;970;974;975;1020;1021;1048;1049;1060;1063;1177;1179;1209;1210;1216;1217;1220;1223;1230;1231;1234;1235;1244;1245;1250;1251;1260;1261;1265;1266;1276;1278;1280;1283;1285;1286;1344;1345;1348;1349;1372;1373,64,1
2bb31b69-fcda-4f54-8338-f590944df999,What did the woman do before looking at her hand of cards?,She crossed her legs,She was holding a stack of cards and looking at them.,16;17;49;51;154;155;388;391;525;526;548;549;708;711;744;747;825;826;832;835;932;933;956;957;969;970;974;975;1020;1021;1048;1049;1060;1063;1177;1179;1209;1210;1216;1217;1220;1223;1234;1235;1244;1245;1250;1251;1260;1261;1265;1266;1276;1278;1280;1283;1285;1286;1344;1345;1348;1349;1372;1373,64,1
2bb31b69-fcda-4f54-8338-f590944df999,What occurred before the woman adjusted her glasses?,She held her cards,"Before the woman adjusted her glasses, she was holding a card and looking at it.",16;17;49;51;388;391;525;526;548;549;708;711;744;747;825;826;832;835;932;933;956;957;969;970;974;975;1020;1021;1048;1049;1060;1063;1177;1179;1209;1210;1216;1217;1220;1223;1230;1231;1234;1235;1244;1245;1250;1251;1260;1261;1265;1266;1276;1278;1280;1283;1285;1286;1344;1345;1348;1349;1372;1373,64,1
2bb31b69-fcda-4f54-8338-f590944df999,What action took place before I dealt the cards?,I picked up the deck,"Before I dealt the cards, the person was holding a deck of cards and preparing to deal.",49;51;154;155;388;391;525;526;548;549;608;609;708;711;744;747;825;826;832;835;932;933;956;957;969;970;974;975;1020;1021;1048;1049;1060;1063;1177;1179;1209;1210;1216;1217;1220;1223;1234;1235;1244;1245;1250;1251;1260;1261;1265;1266;1276;1278;1280;1283;1285;1286;1344;1345;1348;1349;1372;1373,64,1
2bb31b69-fcda-4f54-8338-f590944df999,"In the video, is the poker game started before reshuffling the cards?",No,"No, the poker game is not started before reshuffling the cards.",16;17;49;51;53;55;388;391;525;526;708;711;744;747;825;826;832;835;932;933;956;957;969;970;974;975;1020;1021;1048;1049;1060;1063;1177;1179;1209;1210;1216;1217;1220;1223;1230;1231;1234;1235;1244;1245;1250;1251;1260;1261;1265;1266;1276;1278;1280;1283;1285;1286;1344;1345;1348;1349;1372;1373,64,1
2bb31b69-fcda-4f54-8338-f590944df999,"In the sequence, does the lady pick up her cards before the cards are laid out on the floor?",Yes,"No, the lady does not pick up her cards before the cards are laid out on the floor.",16;17;49;51;53;55;388;391;525;526;708;711;744;747;825;826;832;835;932;933;956;957;969;970;974;975;1020;1021;1048;1049;1060;1063;1177;1179;1209;1210;1216;1217;1220;1223;1230;1231;1234;1235;1244;1245;1250;1251;1260;1261;1265;1266;1276;1278;1280;1283;1285;1286;1344;1345;1348;1349;1372;1373,64,1
2bb31b69-fcda-4f54-8338-f590944df999,"In the clip, do the cards get scattered on the table before being picked up?",Yes,"No, the cards are not scattered on the table before being picked up. They are neatly arranged in a fan shape on the table.",16;17;49;51;53;55;388;391;525;526;608;609;708;711;744;747;825;826;832;835;932;933;956;957;969;970;974;975;1020;1021;1048;1049;1060;1063;1177;1179;1209;1210;1216;1217;1220;1223;1230;1231;1234;1235;1244;1245;1250;1251;1260;1261;1265;1266;1276;1278;1280;1283;1285;1286;1344;1345;1372;1373,64,1
2bb31b69-fcda-4f54-8338-f590944df999,Does the video show the lady with cards in hand before the cards are shuffled?,No,"Yes, the video shows the lady with cards in hand before the cards are shuffled.",16;17;49;51;388;391;525;526;548;549;708;711;744;747;825;826;832;835;932;933;956;957;969;970;974;975;1020;1021;1048;1049;1060;1063;1177;1179;1209;1210;1216;1217;1220;1223;1230;1231;1234;1235;1244;1245;1250;1251;1260;1261;1265;1266;1276;1278;1280;1283;1285;1286;1344;1345;1348;1349;1372;1373,64,1
2bb31b69-fcda-4f54-8338-f590944df999,What occurs just before the lady picks up her cards?,Cards are laid out on the floor,"Just before the lady picks up her cards, she is seen holding a small stack of cards and looking at them.",16;17;49;51;154;155;388;391;525;526;548;549;708;711;744;747;825;826;832;835;932;933;956;957;969;970;974;975;1020;1021;1048;1049;1060;1063;1177;1179;1209;1210;1216;1217;1220;1223;1234;1235;1244;1245;1250;1251;1260;1261;1265;1266;1276;1278;1280;1283;1285;1286;1344;1345;1348;1349;1372;1373,64,1
2bb31b69-fcda-4f54-8338-f590944df999,"In the video, what happens before the cards are reshuffled?",A round of poker is played,"Before the cards are reshuffled, the person in the striped sweater is seen holding a small stack of cards, possibly preparing to deal or shuffle them.",16;17;49;51;53;55;388;391;525;526;708;711;744;747;825;826;832;835;932;933;956;957;969;970;974;975;1020;1021;1048;1049;1060;1063;1177;1179;1209;1210;1216;1217;1220;1223;1230;1231;1234;1235;1244;1245;1250;1251;1260;1261;1265;1266;1276;1278;1280;1283;1285;1286;1344;1345;1348;1349;1372;1373,64,1
2bb31b69-fcda-4f54-8338-f590944df999,What event happens before the cards get scattered on the table?,The lady picks up her cards,"Before the cards get scattered on the table, the person in the striped socks is seen holding a card and gesturing towards the cards on the table, possibly indicating a moment of decision or realization.",49;51;154;155;388;391;525;526;548;549;608;609;708;711;744;747;825;826;832;835;932;933;956;957;969;970;974;975;1020;1021;1048;1049;1060;1063;1177;1179;1209;1210;1216;1217;1220;1223;1234;1235;1244;1245;1250;1251;1260;1261;1265;1266;1276;1278;1280;1283;1285;1286;1344;1345;1348;1349;1372;1373,64,1
2bb31b69-fcda-4f54-8338-f590944df999,What do we see happening before the cards are laid out on the floor?,Reshuffling of cards,"Before the cards are laid out on the floor, we see the person in the colorful sweater and striped socks holding a deck of cards, preparing to deal them.",16;17;49;51;53;55;388;391;525;526;708;711;744;747;825;826;832;835;932;933;956;957;969;970;974;975;1020;1021;1048;1049;1060;1063;1177;1179;1209;1210;1216;1217;1220;1223;1230;1231;1234;1235;1244;1245;1250;1251;1260;1261;1265;1266;1276;1278;1280;1283;1285;1286;1344;1345;1348;1349;1372;1373,64,1
2bb31b69-fcda-4f54-8338-f590944df999,What action takes place before the poker game starts?,Cards are reshuffled,"Before the poker game starts, the person in the striped socks shuffles the deck of cards.",49;51;154;155;388;391;525;526;548;549;608;609;708;711;744;747;825;826;832;835;932;933;956;957;969;970;974;975;1020;1021;1048;1049;1060;1063;1177;1179;1209;1210;1216;1217;1220;1223;1234;1235;1244;1245;1250;1251;1260;1261;1265;1266;1276;1278;1280;1283;1285;1286;1344;1345;1348;1349;1372;1373,64,1
2bb31b69-fcda-4f54-8338-f590944df999,What is the setting of this video clip?,I played cards with a woman inside a house.,"The setting of the video clip is a cozy indoor environment with a person sitting on a patterned rug, surrounded by various items such as a leopard print bag, a pink item, a white cup, and a pair of brown boots.",16;17;49;51;53;55;388;391;525;526;548;549;708;711;744;747;825;826;832;835;932;933;956;957;969;970;974;975;1020;1021;1048;1049;1060;1063;1177;1179;1209;1210;1216;1217;1220;1223;1230;1231;1234;1235;1244;1245;1250;1251;1260;1261;1265;1266;1276;1278;1280;1283;1285;1286;1344;1345;1372;1373,64,1
2bb31b69-fcda-4f54-8338-f590944df999,How many people are involved in the scene?,Two people are involved in the scene.,Two people are involved in the scene.,16;17;49;51;53;55;154;155;388;391;525;526;708;711;744;747;825;826;832;835;932;933;956;957;969;970;974;975;1020;1021;1048;1049;1060;1063;1177;1179;1209;1210;1216;1217;1220;1223;1230;1231;1234;1235;1244;1245;1250;1251;1260;1261;1265;1266;1276;1278;1280;1283;1285;1286;1344;1345;1372;1373,64,1
2bb31b69-fcda-4f54-8338-f590944df999,Is there a competitive element visible here?,"Yes, the card game implies a competitive interaction.","Yes, there is a competitive element visible in the video. The individuals are engaged in a card game, which typically involves strategy and competition. They are seen organizing their cards, making moves, and possibly trying to outmaneuver each other to win the game.",49;51;154;155;388;391;525;526;548;549;608;609;708;711;744;747;825;826;832;835;932;933;956;957;969;970;974;975;1020;1021;1048;1049;1060;1063;1177;1179;1209;1210;1216;1217;1220;1223;1234;1235;1244;1245;1250;1251;1260;1261;1265;1266;1276;1278;1280;1283;1285;1286;1344;1345;1348;1349;1372;1373,64,1
2bb31b69-fcda-4f54-8338-f590944df999,Did the individuals rearrange the furniture for playing?,No.,"No, the individuals did not rearrange the furniture for playing.",16;17;49;51;53;55;388;391;525;526;548;549;708;711;744;747;825;826;832;835;932;933;956;957;969;970;974;975;1020;1021;1048;1049;1060;1063;1177;1179;1209;1210;1216;1217;1220;1223;1230;1231;1234;1235;1244;1245;1250;1251;1260;1261;1265;1266;1276;1278;1280;1283;1285;1286;1344;1345;1372;1373,64,1
2bb31b69-fcda-4f54-8338-f590944df999,Did someone draw a card in the clip?,Yes.,"Yes, someone drew a card in the clip.",16;17;49;51;53;55;154;155;388;391;525;526;708;711;744;747;825;826;832;835;932;933;956;957;969;970;974;975;1020;1021;1048;1049;1060;1063;1177;1179;1209;1210;1216;1217;1220;1223;1230;1231;1234;1235;1244;1245;1250;1251;1260;1261;1265;1266;1276;1278;1280;1283;1285;1286;1344;1345;1372;1373,64,1
2bb31b69-fcda-4f54-8338-f590944df999,Did the scene involve any form of digital technology?,No.,"No, the scene did not involve any form of digital technology.",16;17;49;51;53;55;154;155;388;391;525;526;708;711;744;747;825;826;832;835;932;933;956;957;969;970;974;975;1020;1021;1048;1049;1060;1063;1177;1179;1209;1210;1216;1217;1220;1223;1230;1231;1234;1235;1244;1245;1250;1251;1260;1261;1265;1266;1276;1278;1280;1283;1285;1286;1344;1345;1372;1373,64,1
2bb31b69-fcda-4f54-8338-f590944df999,Did the people appear to be outdoors?,No.,No.,16;17;49;51;53;55;388;391;525;526;548;549;708;711;744;747;832;835;932;933;956;957;969;970;974;975;1020;1021;1048;1049;1060;1063;1177;1179;1209;1210;1216;1217;1220;1223;1230;1231;1234;1235;1244;1245;1250;1251;1260;1261;1265;1266;1276;1278;1280;1283;1285;1286;1344;1345;1348;1349;1372;1373,64,1
2bb31b69-fcda-4f54-8338-f590944df999,"In the video, did the shoe appear before the card deck on the carpet?",Yes,"No, the shoe appeared after the card deck on the carpet.",16;17;49;51;53;55;388;391;525;526;708;711;744;747;825;826;832;835;932;933;956;957;969;970;974;975;1020;1021;1048;1049;1060;1063;1177;1179;1209;1210;1216;1217;1220;1223;1230;1231;1234;1235;1244;1245;1250;1251;1260;1261;1265;1266;1276;1278;1280;1283;1285;1286;1344;1345;1348;1349;1372;1373,64,1
2bb31b69-fcda-4f54-8338-f590944df999,Was the hand holding cards before the bottle was seen?,Yes,"No, the hand holding cards was not mentioned before the bottle was seen.",49;51;388;391;525;526;548;549;608;609;708;711;744;747;825;826;832;835;932;933;956;957;969;970;974;975;1020;1021;1048;1049;1060;1063;1177;1179;1209;1210;1216;1217;1220;1223;1230;1231;1234;1235;1244;1245;1250;1251;1260;1261;1265;1266;1276;1278;1280;1283;1285;1286;1344;1345;1348;1349;1372;1373,64,1
2bb31b69-fcda-4f54-8338-f590944df999,"In the clip, did the playing of cards happen before the plant was visible?",No,"Yes, the playing of cards happened before the plant was visible.",16;17;49;51;154;155;388;391;525;526;548;549;708;711;744;747;825;826;832;835;932;933;956;957;969;970;974;975;1020;1021;1048;1049;1060;1063;1177;1179;1209;1210;1216;1217;1220;1223;1234;1235;1244;1245;1250;1251;1260;1261;1265;1266;1276;1278;1280;1283;1285;1286;1344;1345;1348;1349;1372;1373,64,1
2bb31b69-fcda-4f54-8338-f590944df999,What is shown before the bottle on the left side of the frame?,Cards on the floor,A white cup with a straw is shown before the bottle on the left side of the frame.,16;17;49;51;388;391;525;526;548;549;608;609;708;711;744;747;825;826;832;835;932;933;956;957;969;970;974;975;1020;1021;1048;1049;1060;1063;1177;1179;1209;1210;1216;1217;1220;1223;1234;1235;1244;1245;1250;1251;1260;1261;1265;1266;1276;1278;1280;1283;1285;1286;1344;1345;1348;1349;1372;1373,64,1
2bb31b69-fcda-4f54-8338-f590944df999,What do you see before the plant in the video's background?,A sofa,"Before the plant in the video's background, there is a blue object on the floor.",16;17;49;51;154;155;388;391;525;526;708;711;744;747;825;826;832;835;932;933;956;957;969;970;974;975;1020;1021;1048;1049;1060;1063;1177;1179;1209;1210;1216;1217;1220;1223;1230;1231;1234;1235;1244;1245;1250;1251;1260;1261;1265;1266;1276;1278;1280;1283;1285;1286;1344;1345;1348;1349;1372;1373,64,1
2bb31b69-fcda-4f54-8338-f590944df999,Was the rug straightened before I sat down to play?,No.,"Yes, the rug was straightened before you sat down to play.",49;51;154;155;388;391;525;526;548;549;708;711;744;747;825;826;832;835;932;933;956;957;969;970;974;975;1020;1021;1048;1049;1060;1063;1177;1179;1209;1210;1216;1217;1220;1223;1230;1231;1234;1235;1244;1245;1250;1251;1260;1261;1265;1266;1276;1278;1280;1283;1285;1286;1344;1345;1348;1349;1372;1373,64,1
2bb31b69-fcda-4f54-8338-f590944df999,Did I touch my foot before picking more cards from the pile?,No.,The video does not provide information about whether you touched your foot before picking more cards from the pile.,16;17;49;51;53;55;388;391;525;526;708;711;744;747;825;826;832;835;932;933;956;957;969;970;974;975;1020;1021;1048;1049;1060;1063;1177;1179;1209;1210;1216;1217;1220;1223;1230;1231;1234;1235;1244;1245;1250;1251;1260;1261;1265;1266;1276;1278;1280;1283;1285;1286;1344;1345;1348;1349;1372;1373,64,1
2bb31b69-fcda-4f54-8338-f590944df999,Were the cards spread out on the rug before the game started?,No.,"Yes, the cards were spread out on the rug before the game started.",16;17;49;51;53;55;388;391;525;526;708;711;744;747;825;826;832;835;932;933;956;957;969;970;974;975;1020;1021;1048;1049;1060;1063;1177;1179;1209;1210;1216;1217;1220;1223;1230;1231;1234;1235;1244;1245;1250;1251;1260;1261;1265;1266;1276;1278;1280;1283;1285;1286;1344;1345;1348;1349;1372;1373,64,1
2bb31b69-fcda-4f54-8338-f590944df999,Did I pick a card from my hand before the woman looked at hers?,Yes.,"No, the woman looked at her cards before you picked a card from your hand.",16;17;49;51;388;391;525;526;548;549;708;711;744;747;825;826;832;835;932;933;956;957;969;970;974;975;1020;1021;1048;1049;1060;1063;1177;1179;1209;1210;1216;1217;1220;1223;1230;1231;1234;1235;1244;1245;1250;1251;1260;1261;1265;1266;1276;1278;1280;1283;1285;1286;1344;1345;1348;1349;1372;1373,64,1
2bb31b69-fcda-4f54-8338-f590944df999,What occurs just before I look at my cards?,I pick them up.,"Just before I look at my cards, the other player is seen holding a stack of cards and appears to be in the process of dealing or organizing them.",16;17;49;51;154;155;388;391;525;526;548;549;708;711;744;747;825;826;832;835;932;933;956;957;969;970;974;975;1020;1021;1048;1049;1060;1063;1177;1179;1209;1210;1216;1217;1220;1223;1234;1235;1244;1245;1250;1251;1260;1261;1265;1266;1276;1278;1280;1283;1285;1286;1344;1345;1348;1349;1372;1373,64,1
2bb31b69-fcda-4f54-8338-f590944df999,What action takes place before the game begins?,Sitting down on the rug.,"Before the game begins, the person in the striped sweater shuffles the deck of cards.",49;51;154;155;388;391;525;526;548;549;608;609;708;711;744;747;825;826;832;835;932;933;956;957;969;970;974;975;1020;1021;1048;1049;1060;1063;1177;1179;1209;1210;1216;1217;1220;1223;1234;1235;1244;1245;1250;1251;1260;1261;1265;1266;1276;1278;1280;1283;1285;1286;1344;1345;1348;1349;1372;1373,64,1
2bb31b69-fcda-4f54-8338-f590944df999,What happens before more cards are picked from the pile?,Playing a round of cards.,"Before more cards are picked from the pile, the person in the striped socks and blue sweater picks up a card from the pile and examines it.",16;17;49;51;53;55;388;391;525;526;708;711;744;747;825;826;832;835;932;933;956;957;969;970;974;975;1020;1021;1048;1049;1060;1063;1177;1179;1209;1210;1216;1217;1220;1223;1230;1231;1234;1235;1244;1245;1250;1251;1260;1261;1265;1266;1276;1278;1280;1283;1285;1286;1344;1345;1348;1349;1372;1373,64,1
2bb31b69-fcda-4f54-8338-f590944df999,What activity takes place in this scene?,Playing cards in the house.,"The scene depicts two individuals playing a card game on a patterned rug. One person is holding a deck of cards and appears to be dealing or organizing them, while the other person is holding a hand of cards and seems to be contemplating their next move. The setting is casual, with personal items like shoes and a drink container visible around them, suggesting a relaxed, informal environment.",49;51;154;155;388;391;525;526;548;549;608;609;708;711;744;747;825;826;832;835;932;933;956;957;969;970;974;975;1020;1021;1048;1049;1060;1063;1177;1179;1209;1210;1216;1217;1220;1223;1234;1235;1244;1245;1250;1251;1260;1261;1265;1266;1276;1278;1280;1283;1285;1286;1344;1345;1348;1349;1372;1373,64,1
2bb31b69-fcda-4f54-8338-f590944df999,Where are the individuals in this scene?,Inside a house.,The individuals are sitting on a patterned rug on the floor in a room.,16;17;49;51;388;391;525;526;548;549;608;609;708;711;744;747;825;826;832;835;932;933;956;957;969;970;974;975;1020;1021;1048;1049;1060;1063;1177;1179;1209;1210;1216;1217;1220;1223;1230;1231;1234;1235;1244;1245;1250;1251;1260;1261;1265;1266;1276;1278;1280;1283;1285;1286;1344;1345;1372;1373,64,1
2bb31b69-fcda-4f54-8338-f590944df999,What objects are central in this scenario?,Cards on the floor.,The central objects in this scenario are the playing cards and the rug on which the game is being played.,16;17;49;51;53;55;388;391;525;526;708;711;744;747;825;826;832;835;932;933;956;957;969;970;974;975;1020;1021;1048;1049;1060;1063;1177;1179;1209;1210;1216;1217;1220;1223;1230;1231;1234;1235;1244;1245;1250;1251;1260;1261;1265;1266;1276;1278;1280;1283;1285;1286;1344;1345;1348;1349;1372;1373,64,1
2bb31b69-fcda-4f54-8338-f590944df999,How is the room in the clip furnished?,There's a bookshelf and a couch.,"The room is furnished with a gray armchair, a leopard print bag, and a pink item on the floor.",16;17;49;51;53;55;388;391;525;526;708;711;744;747;825;826;832;835;932;933;956;957;969;970;974;975;1020;1021;1048;1049;1060;1063;1177;1179;1209;1210;1216;1217;1220;1223;1230;1231;1234;1235;1244;1245;1250;1251;1260;1261;1265;1266;1276;1278;1280;1283;1285;1286;1344;1345;1348;1349;1372;1373,64,1
2bb31b69-fcda-4f54-8338-f590944df999,What action is the person opposite performing?,Holding and presumably playing cards.,The person opposite is holding a deck of cards and appears to be in the process of dealing or organizing them.,16;17;49;51;53;55;154;155;388;391;525;526;708;711;744;747;825;826;932;933;956;957;969;970;974;975;1020;1021;1048;1049;1060;1063;1177;1179;1209;1210;1216;1217;1220;1223;1230;1231;1234;1235;1244;1245;1250;1251;1260;1261;1265;1266;1276;1278;1280;1283;1285;1286;1344;1345;1348;1349;1372;1373,64,1
2bb31b69-fcda-4f54-8338-f590944df999,What seems to be the immediate action captured in the frame?,Dealing or picking up cards.,The immediate action captured in the frame is the person in the striped socks reaching out to pick up a card from the deck.,16;17;49;51;154;155;388;391;525;526;548;549;608;609;708;711;744;747;825;826;932;933;956;957;969;970;974;975;1020;1021;1048;1049;1060;1063;1177;1179;1209;1210;1216;1217;1220;1223;1234;1235;1244;1245;1250;1251;1260;1261;1265;1266;1276;1278;1280;1283;1285;1286;1344;1345;1348;1349;1372;1373,64,1
2bb31b69-fcda-4f54-8338-f590944df999,What can be said about the card game's progression?,It looks mid-game with several cards played.,"The card game is in progress, with players actively engaged in the game, and the cards are being dealt and played.",49;51;388;391;525;526;548;549;608;609;708;711;744;747;825;826;832;835;932;933;956;957;969;970;974;975;1020;1021;1048;1049;1060;1063;1177;1179;1209;1210;1216;1217;1220;1223;1230;1231;1234;1235;1244;1245;1250;1251;1260;1261;1265;1266;1276;1278;1280;1283;1285;1286;1344;1345;1348;1349;1372;1373,64,1
2bb31b69-fcda-4f54-8338-f590944df999,Is there a card game occurring?,Yes.,"Yes, there is a card game occurring. The video shows two individuals playing a card game on a patterned rug, with one person dealing cards and the other person holding a hand of cards.",16;17;49;51;154;155;388;391;525;526;548;549;708;711;744;747;825;826;832;835;932;933;956;957;969;970;974;975;1020;1021;1048;1049;1060;1063;1177;1179;1209;1210;1216;1217;1220;1223;1234;1235;1244;1245;1250;1251;1260;1261;1265;1266;1276;1278;1280;1283;1285;1286;1344;1345;1348;1349;1372;1373,64,1
2bb31b69-fcda-4f54-8338-f590944df999,Is there more than one participant in the game?,Yes.,Yes.,16;17;49;51;154;155;388;391;525;526;708;711;744;747;825;826;832;835;932;933;956;957;969;970;974;975;1020;1021;1048;1049;1060;1063;1177;1179;1209;1210;1216;1217;1220;1223;1230;1231;1234;1235;1244;1245;1250;1251;1260;1261;1265;1266;1276;1278;1280;1283;1285;1286;1344;1345;1348;1349;1372;1373,64,1
2bb31b69-fcda-4f54-8338-f590944df999,Have any cards been laid out on the floor?,Yes.,"Yes, there are several cards laid out on the floor.",16;17;49;51;53;55;388;391;525;526;708;711;744;747;825;826;832;835;932;933;956;957;969;970;974;975;1020;1021;1048;1049;1060;1063;1177;1179;1209;1210;1216;1217;1220;1223;1230;1231;1234;1235;1244;1245;1250;1251;1260;1261;1265;1266;1276;1278;1280;1283;1285;1286;1344;1345;1348;1349;1372;1373,64,1
2bb31b69-fcda-4f54-8338-f590944df999,Is the activity taking place indoors?,Yes.,Yes.,49;51;154;155;388;391;525;526;548;549;608;609;708;711;744;747;825;826;832;835;932;933;956;957;969;970;974;975;1020;1021;1048;1049;1060;1063;1177;1179;1209;1210;1216;1217;1220;1223;1234;1235;1244;1245;1250;1251;1260;1261;1265;1266;1276;1278;1280;1283;1285;1286;1344;1345;1348;1349;1372;1373,64,1
2bb31b69-fcda-4f54-8338-f590944df999,Does it appear to be a formal card-playing setting?,No.,"No, it does not appear to be a formal card-playing setting. The environment is casual and personal, with a cozy and lived-in atmosphere.",16;17;49;51;53;55;388;391;525;526;548;549;708;711;744;747;825;826;832;835;932;933;956;957;969;970;974;975;1020;1021;1048;1049;1060;1063;1177;1179;1209;1210;1216;1217;1220;1223;1230;1231;1234;1235;1244;1245;1250;1251;1260;1261;1265;1266;1276;1278;1280;1283;1285;1286;1344;1345;1372;1373,64,1
2bb31b69-fcda-4f54-8338-f590944df999,Was the rug visible before I started playing cards?,Yes.,"Yes, the rug was visible before you started playing cards.",49;51;154;155;388;391;525;526;548;549;708;711;744;747;825;826;832;835;932;933;956;957;969;970;974;975;1020;1021;1048;1049;1060;1063;1177;1179;1209;1210;1216;1217;1220;1223;1230;1231;1234;1235;1244;1245;1250;1251;1260;1261;1265;1266;1276;1278;1280;1283;1285;1286;1344;1345;1348;1349;1372;1373,64,1
2bb31b69-fcda-4f54-8338-f590944df999,Did the plant appear in the frame before the game began?,Yes.,"No, the plant appeared in the frame after the game began.",16;17;49;51;388;391;525;526;608;609;708;711;744;747;825;826;832;835;932;933;956;957;969;970;974;975;1020;1021;1048;1049;1060;1063;1177;1179;1209;1210;1216;1217;1220;1223;1230;1231;1234;1235;1244;1245;1250;1251;1260;1261;1265;1266;1276;1278;1280;1283;1285;1286;1344;1345;1348;1349;1372;1373,64,1
2bb31b69-fcda-4f54-8338-f590944df999,What happens before I sit on the floor?,The setting of the room is displayed.,"Before sitting on the floor, you are shown sitting on a chair with a patterned cushion, facing a person who is holding a deck of cards. The person is wearing a multicolored sweater with shades of pink, blue, and white, and dark pants. The setting appears to be a casual indoor environment with a rug on the floor, a patterned cushion, and various items scattered around, including a white cup with a straw, a pair of brown boots, and a pink object that could be a piece of clothing or a bag. The person is holding a deck of cards and seems to be preparing to play a card game.",16;17;49;51;388;391;525;526;548;549;608;609;708;711;744;747;825;826;832;835;932;933;956;957;969;970;974;975;1020;1021;1048;1049;1060;1063;1177;1179;1209;1210;1216;1217;1220;1223;1234;1235;1244;1245;1250;1251;1260;1261;1265;1266;1276;1278;1280;1283;1285;1286;1344;1345;1348;1349;1372;1373,64,1
2bb31b69-fcda-4f54-8338-f590944df999,"In the video, does the arrangement of cards on the floor change before a new card is drawn?",No,"No, the arrangement of cards on the floor remains the same before a new card is drawn.",16;17;49;51;53;55;388;391;525;526;708;711;744;747;825;826;832;835;932;933;956;957;969;970;974;975;1020;1021;1048;1049;1060;1063;1177;1179;1209;1210;1216;1217;1220;1223;1230;1231;1234;1235;1244;1245;1250;1251;1260;1261;1265;1266;1276;1278;1280;1283;1285;1286;1344;1345;1348;1349;1372;1373,64,1
2bb31b69-fcda-4f54-8338-f590944df999,"In the video, is the heart card shown before a player picks more cards?",Yes,"Yes, the heart card is shown before a player picks more cards.",16;17;49;51;53;55;154;155;388;391;525;526;708;711;744;747;825;826;832;835;932;933;956;957;969;970;974;975;1020;1021;1048;1049;1060;1063;1177;1179;1209;1210;1216;1217;1220;1223;1234;1235;1244;1245;1250;1251;1260;1261;1265;1266;1276;1278;1280;1283;1285;1286;1344;1345;1348;1349;1372;1373,64,1
2bb31b69-fcda-4f54-8338-f590944df999,Does the woman put down a card before all cards are laid out?,Yes,"No, the woman does not put down a card before all cards are laid out.",16;17;49;51;53;55;154;155;388;391;525;526;708;711;744;747;825;826;832;835;932;933;956;957;969;970;974;975;1020;1021;1048;1049;1060;1063;1177;1179;1209;1210;1216;1217;1220;1223;1234;1235;1244;1245;1250;1251;1260;1261;1265;1266;1276;1278;1280;1283;1285;1286;1344;1345;1348;1349;1372;1373,64,1
2bb31b69-fcda-4f54-8338-f590944df999,What occurs just before a new card is drawn from the deck?,Players examine their cards,"Just before a new card is drawn from the deck, the person in the striped socks is seen holding a card in their hand, possibly contemplating their next move.",16;17;49;51;53;55;154;155;388;391;525;526;708;711;744;747;825;826;832;835;932;933;956;957;969;970;974;975;1020;1021;1048;1049;1060;1063;1177;1179;1209;1210;1216;1217;1220;1223;1234;1235;1244;1245;1250;1251;1260;1261;1265;1266;1276;1278;1280;1283;1285;1286;1344;1345;1348;1349;1372;1373,64,1
2bb31b69-fcda-4f54-8338-f590944df999,"In the video sequence, what do we see happening before the cards are spread out?",A card is being placed down,"Before the cards are spread out, we see the person in the striped sweater and blue sleeves holding a deck of cards, preparing to deal.",16;17;49;51;53;55;154;155;388;391;525;526;708;711;744;747;825;826;832;835;932;933;956;957;969;970;974;975;1020;1021;1048;1049;1060;1063;1177;1179;1209;1210;1216;1217;1220;1223;1234;1235;1244;1245;1250;1251;1260;1261;1265;1266;1276;1278;1280;1283;1285;1286;1344;1345;1348;1349;1372;1373,64,1
2bb31b69-fcda-4f54-8338-f590944df999,What takes place right before more cards are picked from the deck?,The woman sorts her cards,The person in the striped socks is seen holding a card and examining it closely.,16;17;49;51;154;155;388;391;525;526;548;549;708;711;744;747;825;826;832;835;932;933;956;957;969;970;974;975;1020;1021;1048;1049;1060;1063;1177;1179;1209;1210;1216;1217;1220;1223;1234;1235;1244;1245;1250;1251;1260;1261;1265;1266;1276;1278;1280;1283;1285;1286;1344;1345;1348;1349;1372;1373,64,1
af400f98-3c57-46ad-acac-eaca6f940180,What location is shown in the video frame?,It shows a road.,"The video frame shows a dark, possibly outdoor location with a hint of a white object, which could be a piece of clothing or a light source.",0;1;6;7;10;11;14;15;17;18;22;23;32;33;37;38;41;42;46;47;52;53;56;58;61;62;64;65;69;70;72;74;76;78;89;91;93;94;98;99;101;102;104;107;108;110;112;113;117;119;120;121;124;125;130;131;132;133;136;137;141;143;268;270,64,1
af400f98-3c57-46ad-acac-eaca6f940180,Are there other people present in this scene?,"Yes, people are present.","No, there are no other people present in this scene.",0;1;6;7;10;11;14;15;17;18;22;23;32;33;37;38;41;42;46;47;52;53;56;58;61;62;64;65;69;70;72;74;76;78;89;91;93;94;98;99;101;102;104;107;108;110;112;113;117;119;120;121;124;125;132;133;136;137;141;143;188;189;268;270,64,1
af400f98-3c57-46ad-acac-eaca6f940180,Is the environment urban or rural?,The environment appears to be urban.,"Based on the video, the environment appears to be urban. The presence of a sidewalk, streetlights, and the density of the buildings suggest an urban setting.",0;1;6;7;10;11;14;15;17;18;22;23;32;33;37;38;41;42;46;47;52;53;56;58;61;62;64;65;69;70;72;74;76;78;89;91;93;94;98;99;101;102;104;107;108;110;112;113;117;119;120;121;124;125;130;131;132;133;136;137;141;143;268;270,64,1
af400f98-3c57-46ad-acac-eaca6f940180,Is the road busy or empty?,The road is busy with movement.,The road is empty.,0;1;6;7;10;11;14;15;17;18;22;23;32;33;37;38;41;42;46;47;52;53;56;58;61;62;64;65;69;70;72;74;76;78;89;91;93;94;98;99;101;102;104;107;108;110;112;113;117;119;120;121;124;125;130;131;132;133;136;137;141;143;268;270,64,1
af400f98-3c57-46ad-acac-eaca6f940180,What is the weather like in the scene?,The weather information is not provided.,"The weather in the scene appears to be clear, as there are no visible signs of rain or snow.",0;1;6;7;10;11;14;15;17;18;22;23;32;33;37;38;41;42;46;47;52;53;56;58;61;62;64;65;69;70;72;74;76;78;89;91;93;94;98;99;101;102;104;107;108;110;112;113;117;119;120;121;124;125;132;133;136;137;141;143;188;189;268;270,64,1
af400f98-3c57-46ad-acac-eaca6f940180,Who is walking in this clip?,I am walking along the road.,"The video shows a person walking, but due to the low light and the angle of the shot, it's not possible to identify the person or provide any details about them. The focus is on the movement and the environment rather than the individual.",0;1;6;7;10;11;14;15;17;18;22;23;32;33;37;38;41;42;46;47;52;53;56;58;61;62;64;65;69;70;72;74;76;78;89;91;93;94;98;99;101;102;104;107;108;110;112;113;117;119;120;121;124;125;130;131;132;133;136;137;141;143;268;270,64,1
af400f98-3c57-46ad-acac-eaca6f940180,What is the camera angle capturing?,The camera angle captures from the walker's perspective.,The camera angle is capturing the ground and the lower part of the person's body.,0;1;6;7;10;11;14;15;17;18;22;23;32;33;37;38;41;42;46;47;52;53;56;58;61;62;64;65;69;70;72;74;76;78;89;91;93;94;98;99;101;102;104;107;108;110;112;113;117;119;120;121;124;125;130;131;132;133;136;137;141;143;268;270,64,1
af400f98-3c57-46ad-acac-eaca6f940180,Is there interaction with the passerby?,No interaction is mentioned or shown.,No,0;1;6;7;10;11;14;15;17;18;22;23;32;33;37;38;41;42;46;47;52;53;56;58;61;62;64;65;69;70;72;74;76;78;89;91;93;94;98;99;101;102;104;107;108;110;112;113;117;119;120;121;124;125;130;131;132;133;136;137;141;143;268;270,64,1
af400f98-3c57-46ad-acac-eaca6f940180,Do any vehicles pass by closely?,"The summary indicates vehicles move past, but closeness isn't specified.","No, there are no vehicles passing by closely.",0;1;6;7;10;11;14;15;17;18;22;23;32;33;37;38;41;42;46;47;52;53;56;58;61;62;64;65;69;70;72;74;76;78;89;91;93;94;98;99;101;102;104;107;108;110;112;113;117;119;120;121;124;125;130;131;132;133;136;137;141;143;268;270,64,1
af400f98-3c57-46ad-acac-eaca6f940180,Is there an accident occurring in the video?,"No, no accident is mentioned.","No, there is no accident occurring in the video.",0;1;6;7;10;11;14;15;17;18;22;23;32;33;37;38;41;42;46;47;52;53;56;58;61;62;64;65;69;70;72;74;76;78;89;91;93;94;98;99;101;102;104;107;108;110;112;113;117;119;120;121;124;125;130;131;132;133;136;137;141;143;268;270,64,1
af400f98-3c57-46ad-acac-eaca6f940180,Is there any construction work shown in the video?,"No, no construction is mentioned.","No, there is no construction work shown in the video.",0;1;6;7;10;11;14;15;17;18;22;23;32;33;37;38;41;42;46;47;52;53;56;58;61;62;64;65;69;70;72;74;76;78;89;91;93;94;98;99;101;102;104;107;108;110;112;113;117;119;120;121;124;125;130;131;132;133;136;137;141;143;268;270,64,1
af400f98-3c57-46ad-acac-eaca6f940180,Does the video frame show clear skies?,The video frame does not provide this information.,"No, the video frame does not show clear skies.",0;1;6;7;10;11;14;15;17;18;22;23;32;33;37;38;41;42;46;47;52;53;56;58;61;62;64;65;69;70;72;74;76;78;89;91;93;94;98;99;101;102;104;107;108;110;112;113;117;119;120;121;124;125;130;131;132;133;136;137;141;143;268;270,64,1
af400f98-3c57-46ad-acac-eaca6f940180,What is the main event depicted in this video clip?,A walk on the road with a woman and interactions with passersby.,The main event depicted in this video clip is a nighttime walk.,0;1;6;7;10;11;14;15;17;18;22;23;37;38;41;42;46;47;52;53;56;58;61;62;64;65;69;70;72;74;76;78;89;91;93;94;98;99;104;107;108;110;112;113;117;119;120;121;124;125;132;133;136;137;141;143;532;535;672;674;872;873;1165;1166,64,1
af400f98-3c57-46ad-acac-eaca6f940180,Which location is primarily featured in this video clip?,The video clip features a road.,"The video primarily features a dark, possibly nighttime setting with minimal visibility.",0;1;6;7;10;11;14;15;17;18;22;23;37;38;41;42;46;47;52;53;56;58;61;62;64;65;69;70;72;74;76;78;89;91;93;94;98;99;104;107;108;110;112;113;117;119;120;121;124;125;132;133;136;137;141;143;532;535;672;674;872;873;1165;1166,64,1
af400f98-3c57-46ad-acac-eaca6f940180,How many main subjects are involved in this video scenario?,"Two main subjects, a man and a woman.",There are two main subjects involved in this video scenario.,0;1;6;7;10;11;14;15;17;18;22;23;37;38;41;42;46;47;52;53;56;58;61;62;64;65;69;70;72;74;76;78;89;91;93;94;98;99;104;107;108;110;112;113;117;119;120;121;124;125;132;133;136;137;141;143;532;535;672;674;872;873;1165;1166,64,1
af400f98-3c57-46ad-acac-eaca6f940180,Are there other individuals present in this video scene besides the subjects?,"Yes, there are passersby present.","Yes, there are other individuals present in the video scene. A person wearing a blue dress with a pattern and carrying a white bag is visible in the background, walking in the same direction as the subjects. Additionally, a motorcycle is parked on the side of the road, and another individual is seen walking away from the camera.",0;1;6;7;10;11;14;15;17;18;22;23;37;38;41;42;46;47;52;53;56;58;61;62;64;65;69;70;72;74;76;78;89;91;93;94;98;99;101;102;104;107;108;110;112;113;117;119;120;121;124;125;136;137;141;143;532;535;672;674;872;873;1165;1166,64,1
af400f98-3c57-46ad-acac-eaca6f940180,What actions are shown in these new frames?,A person is seen walking and reaching out to others.,"The new frames show a person walking on a path. The person is wearing a striped shirt and dark pants. The surroundings include a dark, possibly nighttime setting with some foliage on the sides of the path. There is a motorcycle parked on the side of the path in one of the frames. The person appears to be moving forward, and the perspective is from a low angle, possibly from the ground level.",0;1;6;7;10;11;14;15;17;18;22;23;37;38;41;42;46;47;52;53;56;58;61;62;64;65;69;70;72;74;76;78;89;91;93;94;98;99;104;107;108;110;112;113;117;119;120;121;124;125;132;133;136;137;141;143;532;535;672;674;872;873;1165;1166,64,1
af400f98-3c57-46ad-acac-eaca6f940180,Is there any communication depicted in the clip?,"Yes, there is interaction with passersby.","No, there is no communication depicted in the clip.",0;1;6;7;10;11;14;15;17;18;22;23;37;38;41;42;46;47;52;53;56;58;61;62;64;65;69;70;72;74;76;78;89;91;93;94;98;99;104;107;108;110;112;113;117;119;120;121;124;125;132;133;136;137;141;143;532;535;672;674;872;873;1165;1166,64,1
af400f98-3c57-46ad-acac-eaca6f940180,Can you describe the physical posture in this frame?,The person's arm is extended forward as if reaching out.,"The person is walking with a relaxed posture, with their arms hanging loosely by their sides.",0;1;6;7;10;11;14;15;17;18;22;23;37;38;41;42;46;47;52;53;56;58;61;62;64;65;69;70;72;74;76;78;89;91;93;94;98;99;104;107;108;110;112;113;117;119;120;121;124;125;132;133;136;137;141;143;532;535;672;674;872;873;1165;1166,64,1
af400f98-3c57-46ad-acac-eaca6f940180,Are the movements in the video leisurely or hurried?,They appear leisurely.,"The movements in the video are leisurely, as indicated by the slow and steady pace of the person walking.",0;1;6;7;10;11;14;15;17;18;22;23;37;38;41;42;46;47;52;53;56;58;61;62;64;65;69;70;72;74;76;78;89;91;93;94;98;99;104;107;108;110;112;113;117;119;120;121;124;125;132;133;136;137;141;143;532;535;672;674;872;873;1165;1166,64,1
af400f98-3c57-46ad-acac-eaca6f940180,Does the person in the video come into physical contact with others?,It is implied but not visible.,"No, the person in the video does not come into physical contact with others.",0;1;6;7;10;11;14;15;17;18;22;23;37;38;41;42;46;47;52;53;56;58;61;62;64;65;69;70;72;74;76;78;89;91;93;94;98;99;101;102;104;107;108;110;112;113;117;119;120;121;124;125;136;137;141;143;532;535;672;674;872;873;1165;1166,64,1
af400f98-3c57-46ad-acac-eaca6f940180,Is the person in the video engaging in a conversation?,Yes.,"No, the person in the video is not engaging in a conversation.",0;1;6;7;10;11;14;15;17;18;22;23;37;38;41;42;46;47;52;53;56;58;61;62;64;65;69;70;72;74;76;78;89;91;93;94;98;99;101;102;104;107;108;110;112;113;117;119;120;121;124;125;132;133;136;137;141;143;672;674;872;873;1165;1166,64,1
af400f98-3c57-46ad-acac-eaca6f940180,Does the person walk on a grassy path in the video?,No.,"No, the person does not walk on a grassy path in the video. The video shows the person walking on a dirt path.",0;1;6;7;10;11;14;15;17;18;22;23;37;38;41;42;46;47;52;53;56;58;61;62;64;65;69;70;72;74;76;78;89;91;93;94;98;99;101;102;104;107;108;110;112;113;117;119;120;121;124;125;136;137;141;143;532;535;672;674;872;873;1165;1166,64,1
af400f98-3c57-46ad-acac-eaca6f940180,Does the person in the video interact with more than one passerby?,Yes.,"No, the person in the video only interacts with one passerby.",0;1;6;7;10;11;14;15;17;18;22;23;37;38;41;42;46;47;52;53;56;58;61;62;64;65;69;70;72;74;76;78;89;91;93;94;98;99;101;102;104;107;108;110;112;113;117;119;120;121;124;125;132;133;136;137;141;143;672;674;872;873;1165;1166,64,1
af400f98-3c57-46ad-acac-eaca6f940180,What is the setting of this video clip?,It's on a road with a person walking and interacting with a woman.,"The setting of the video clip is a dark, possibly nighttime environment with limited visibility.",0;1;6;7;10;11;14;15;17;18;22;23;37;38;41;42;46;47;52;53;56;58;61;62;64;65;69;70;72;74;76;78;89;91;93;94;98;99;104;107;108;110;112;113;117;119;120;121;124;125;132;133;136;137;141;143;532;535;672;674;872;873;1165;1166,64,1
af400f98-3c57-46ad-acac-eaca6f940180,Is there any physical contact between the two individuals?,No.,"No, there is no physical contact between the two individuals.",0;1;6;7;10;11;14;15;17;18;22;23;37;38;41;42;46;47;52;53;56;58;61;62;64;65;69;70;72;74;76;78;89;91;93;94;98;99;101;102;104;107;108;110;112;113;117;119;120;121;124;125;136;137;141;143;532;535;672;674;872;873;1165;1166,64,1
af400f98-3c57-46ad-acac-eaca6f940180,Did the person in the video stop walking while interacting?,No.,"No, the person in the video continued walking while interacting.",0;1;6;7;10;11;14;15;17;18;22;23;37;38;41;42;46;47;52;53;56;58;61;62;64;65;69;70;72;74;76;78;89;91;93;94;98;99;104;107;108;110;112;113;117;119;120;121;124;125;132;133;136;137;141;143;532;535;672;674;872;873;1165;1166,64,1
af400f98-3c57-46ad-acac-eaca6f940180,Is the communication friendly and non-threatening?,Yes.,Yes,0;1;6;7;10;11;14;15;17;18;22;23;37;38;41;42;46;47;52;53;56;58;61;62;64;65;69;70;72;74;76;78;89;91;93;94;98;99;104;107;108;110;112;113;117;119;120;121;124;125;132;133;136;137;141;143;532;535;672;674;872;873;1165;1166,64,1
af400f98-3c57-46ad-acac-eaca6f940180,"In the video, do I interact with some passersby before walking with the woman on the road?",No,"No, there is no interaction with passersby before walking with the woman on the road.",0;1;6;7;10;11;14;15;17;18;22;23;37;38;41;42;46;47;52;53;56;58;61;62;64;65;69;70;72;74;76;78;89;91;93;94;98;99;101;102;104;107;108;110;112;113;117;119;120;121;124;125;136;137;141;143;532;535;672;674;872;873;1165;1166,64,1
af400f98-3c57-46ad-acac-eaca6f940180,"In the video, do I walk alone on the road before interacting with a woman?",Yes,"Yes, in the video, you walk alone on the road before interacting with a woman.",0;1;6;7;10;11;14;15;17;18;22;23;37;38;41;42;46;47;52;53;56;58;61;62;64;65;69;70;72;74;76;78;89;91;93;94;98;99;104;107;108;110;112;113;117;119;120;121;124;125;132;133;136;137;141;143;532;535;672;674;872;873;1165;1166,64,1
af400f98-3c57-46ad-acac-eaca6f940180,What do I do just before interacting with the woman on the road in the video?,Walk alone,"The video shows a sequence of images where the environment is dark, and the visibility is low. It appears to be nighttime or in a poorly lit area. The images show a person's hand reaching out towards the woman, who is wearing a patterned dress and carrying a white bag. The interaction seems to be taking place on a road, as indicated by the presence of a motorcycle parked on the side. The woman is walking away from the camera, and the person's hand is extended towards her, possibly in an attempt to grab her arm or to stop her. The exact context or intention of the interaction is not clear from the images alone.",0;1;6;7;10;11;14;15;17;18;22;23;37;38;41;42;46;47;52;53;56;58;61;62;64;65;69;70;72;74;76;78;89;91;93;94;98;99;101;102;104;107;108;110;112;113;117;119;120;121;124;125;136;137;141;143;532;535;672;674;872;873;1165;1166,64,1
20bc995f-c3de-4789-bd7a-34cf1a313b0c,Who is involved in the scene?,A man and some girls.,A man wearing a blue plaid shirt and a backpack is involved in the scene.,0;1;6;7;8;10;17;19;20;22;24;26;29;30;33;34;36;39;50;51;52;54;56;58;60;63;65;66;70;71;72;74;78;79;81;83;86;87;90;91;92;93;97;99;101;102;113;115;117;119;120;123;124;125;128;130;132;134;137;139;140;143;144;147,64,1
20bc995f-c3de-4789-bd7a-34cf1a313b0c,What activity is taking place?,Food preparation.,"The video shows a person standing near a food stall or cart, which appears to be a street food vendor's setup. The individual is wearing a plaid shirt and has a backpack, suggesting they might be a customer or a vendor. The scene includes various food items, such as what looks like pani puri (a popular Indian street food) and other snacks, as well as cooking utensils and containers. The environment suggests an informal, outdoor setting, possibly in an urban area. The person is seen interacting with the food stall, possibly ordering or preparing food.",0;1;6;7;8;10;17;19;20;22;24;26;29;30;33;34;36;39;50;51;52;54;56;58;60;63;65;66;70;71;72;74;78;79;81;83;86;87;90;91;92;93;97;99;101;102;113;115;117;119;120;123;124;125;128;130;132;134;137;139;140;143;144;147,64,1
20bc995f-c3de-4789-bd7a-34cf1a313b0c,What can be seen on the table in the scene?,Ingredients and cooking utensils.,"The table is cluttered with various items, including a large metal bowl with a dark liquid, a smaller bowl with a white substance, and a container with a red substance.",0;1;6;7;8;10;17;19;20;22;24;26;29;30;33;34;36;39;50;51;52;54;56;58;60;63;65;66;70;71;72;74;78;79;81;83;86;87;90;91;92;93;97;99;101;102;113;115;117;119;120;123;124;125;128;130;132;134;137;139;140;143;144;147,64,1
20bc995f-c3de-4789-bd7a-34cf1a313b0c,What is the camera wearer doing with the spoon?,Cooking food.,The camera wearer is using the spoon to scoop food from a large metal bowl.,0;1;6;7;8;10;17;19;20;22;24;26;29;30;33;34;36;39;50;51;52;54;56;58;60;63;65;66;70;71;72;74;78;79;81;83;86;87;90;91;92;93;97;99;101;102;113;115;117;119;120;123;124;125;128;130;132;134;137;139;140;143;144;147,64,1
20bc995f-c3de-4789-bd7a-34cf1a313b0c,What can be assumed about the pace of the activity?,It is fast-paced.,"The activity seems to be casual and unhurried, as indicated by the person's relaxed posture and the overall calm environment.",0;1;6;7;8;10;17;19;20;22;24;26;29;30;33;34;36;39;50;51;52;54;56;58;60;63;65;66;70;71;72;74;78;79;81;83;86;87;90;91;92;93;97;99;101;102;113;115;117;119;120;123;124;125;128;130;132;134;137;139;140;143;144;147,64,1
20bc995f-c3de-4789-bd7a-34cf1a313b0c,Does the video show any monetary transaction?,No.,"Yes, the video shows a hand holding a small container, possibly for payment, and a person in a pink shirt is seen holding a small container, likely for payment as well.",0;1;6;7;8;10;17;19;20;22;24;26;29;30;33;34;36;39;50;51;52;54;56;58;60;63;65;66;70;71;72;74;78;79;81;83;86;87;90;91;92;93;97;99;101;102;113;115;117;119;120;123;124;125;128;130;132;134;137;139;140;143;144;147,64,1
20bc995f-c3de-4789-bd7a-34cf1a313b0c,Is the food prepared for a large group?,Yes.,"Yes, the food is prepared for a large group as indicated by the large quantity of food items and the presence of multiple people.",0;1;6;7;8;10;17;19;20;22;24;26;29;30;33;34;36;39;50;51;52;54;56;58;60;63;65;66;70;71;72;74;78;79;81;83;86;87;90;91;92;93;97;99;101;102;113;115;117;119;120;123;124;125;128;130;132;134;137;139;140;143;144;147,64,1
20bc995f-c3de-4789-bd7a-34cf1a313b0c,Does the camera wearer handle more than one dish?,Yes.,"Yes, the camera wearer handles multiple dishes, including a bowl of chopped vegetables and a plate of cooked food.",0;1;6;7;8;10;17;19;20;22;24;26;29;30;33;34;36;39;50;51;52;54;56;58;60;63;65;66;70;71;72;74;78;79;81;83;86;87;90;91;92;93;97;99;101;102;113;115;117;119;120;123;124;125;128;130;132;134;137;139;140;143;144;147,64,1
20bc995f-c3de-4789-bd7a-34cf1a313b0c,What is the setting in this video clip?,A food tent with servings of food.,"The setting in this video clip is a street food stall at night, with various food items and utensils visible.",6;7;56;58;70;71;78;79;81;83;86;87;90;91;101;102;113;115;117;119;120;123;124;125;128;130;132;134;140;143;153;154;156;159;180;182;189;190;194;195;205;206;210;211;216;217;221;223;234;235;236;238;240;242;244;246;265;267;268;270;273;274;280;282,64,1
20bc995f-c3de-4789-bd7a-34cf1a313b0c,Is the person serving food to more than one person?,Yes.,"Yes, the person serving food is seen interacting with multiple customers, indicating that they are serving food to more than one person.",6;7;56;58;70;71;78;79;81;83;86;87;90;91;101;102;113;115;117;119;120;123;124;125;128;130;132;134;140;143;153;154;156;159;180;182;189;190;194;195;205;206;210;211;216;217;221;223;234;235;236;238;240;242;244;246;265;267;268;270;273;274;280;282,64,1
20bc995f-c3de-4789-bd7a-34cf1a313b0c,Is there a pot included in the food items being served?,Yes.,Yes.,56;58;70;71;78;79;81;83;86;87;90;91;97;99;101;102;113;115;117;119;120;123;124;125;128;130;132;134;140;143;153;154;156;159;180;182;189;190;194;195;205;206;210;211;216;217;221;223;234;235;236;238;240;242;244;246;265;267;268;270;273;274;280;282,64,1
20bc995f-c3de-4789-bd7a-34cf1a313b0c,Is the setting of this video during a nighttime event?,Yes.,Yes.,6;7;56;58;70;71;78;79;81;83;86;87;90;91;101;102;113;115;117;119;120;123;124;125;128;130;132;134;140;143;153;154;156;159;180;182;189;190;194;195;205;206;210;211;216;217;221;223;234;235;236;238;240;242;244;246;265;267;268;270;273;274;280;282,64,1
20bc995f-c3de-4789-bd7a-34cf1a313b0c,Is the food made for a man and some girls before serving food under the tent?,Yes,The video does not provide information about the gender of the individuals involved in the food preparation or serving. It focuses on the food preparation process and the environment of the street food stall.,56;58;70;71;78;79;81;83;86;87;90;91;97;99;101;102;113;115;117;119;120;123;124;125;128;130;132;134;140;143;153;154;156;159;180;182;189;190;194;195;205;206;210;211;216;217;221;223;234;235;236;238;240;242;244;246;265;267;268;270;273;274;280;282,64,1
20bc995f-c3de-4789-bd7a-34cf1a313b0c,What is the setting of the video clip?,At a roadside food stall.,"The setting of the video clip is a street food stall at night, with a variety of snacks and drinks available for purchase.",56;58;101;102;113;115;117;119;120;123;124;125;128;130;180;182;205;206;210;211;216;217;221;223;240;242;244;246;292;293;298;299;300;303;309;311;312;315;316;318;320;323;324;326;332;334;337;338;340;343;344;346;352;354;360;361;365;367;380;381;404;407;409;411,64,1
20bc995f-c3de-4789-bd7a-34cf1a313b0c,Who is the main person interacting with others in the scene?,A food stall vendor.,The main person interacting with others in the scene is a woman wearing a pink top.,56;58;101;102;113;115;120;123;124;125;128;130;180;182;189;190;205;206;210;211;216;217;221;223;240;242;244;246;292;293;298;299;300;303;309;311;312;315;316;318;320;323;324;326;332;334;337;338;340;343;344;346;352;354;360;361;365;367;380;381;404;407;409;411,64,1
20bc995f-c3de-4789-bd7a-34cf1a313b0c,What type of interaction occurs between the vendor and customers?,Serving food and conversing.,"The vendor interacts with customers by serving them food, specifically dollops of the curry-like mixture onto small, round, fried snacks.",56;58;101;102;113;115;117;119;120;123;124;125;128;130;180;182;205;206;210;211;216;217;221;223;240;242;244;246;292;293;298;299;300;303;309;311;312;315;316;318;320;323;324;326;332;334;337;338;340;343;344;346;352;354;360;361;365;367;380;381;404;407;409;411,64,1
20bc995f-c3de-4789-bd7a-34cf1a313b0c,How is the stall vendor engaging with the customers besides serving food?,Talking with them.,"The stall vendor is engaging with customers by serving food, interacting with them, and ensuring they have a pleasant experience.",56;58;101;102;113;115;117;119;120;123;124;125;128;130;180;182;205;206;210;211;216;217;221;223;240;242;244;246;292;293;298;299;300;303;309;311;312;315;316;318;320;323;324;326;332;334;337;338;340;343;344;346;352;354;360;361;365;367;380;381;404;407;409;411,64,1
20bc995f-c3de-4789-bd7a-34cf1a313b0c,Is the vendor wearing gloves while handling food?,No.,"No, the vendor is not wearing gloves while handling food.",56;58;101;102;113;115;120;123;124;125;128;130;140;143;180;182;205;206;210;211;216;217;221;223;240;242;244;246;292;293;298;299;300;303;309;311;312;315;316;318;320;323;324;326;332;334;337;338;340;343;344;346;352;354;360;361;365;367;380;381;404;407;409;411,64,1
20bc995f-c3de-4789-bd7a-34cf1a313b0c,Does the video show a customer receiving change after payment?,No.,"Yes, the video shows a customer receiving change after payment.",56;58;101;102;113;115;120;123;124;125;128;130;180;182;189;190;205;206;210;211;216;217;221;223;240;242;244;246;292;293;298;299;300;303;309;311;312;315;316;318;320;323;324;326;332;334;337;338;340;343;344;346;352;354;360;361;365;367;380;381;404;407;409;411,64,1
20bc995f-c3de-4789-bd7a-34cf1a313b0c,Is there any interaction between the customers in the frame?,No.,"Yes, there is a customer in a pink shirt and another in a red and black checkered shirt interacting with the vendor.",56;58;101;102;113;115;120;123;124;125;128;130;180;182;189;190;205;206;210;211;216;217;221;223;240;242;244;246;292;293;298;299;300;303;309;311;312;315;316;318;320;323;324;326;332;334;337;338;340;343;344;346;352;354;360;361;365;367;380;381;404;407;409;411,64,1
20bc995f-c3de-4789-bd7a-34cf1a313b0c,Does the stall have a digital payment option displayed?,Yes.,Yes.,56;58;101;102;113;115;120;123;124;125;128;130;140;143;180;182;205;206;210;211;216;217;221;223;240;242;244;246;292;293;298;299;300;303;309;311;312;315;316;318;320;323;324;326;332;334;337;338;340;343;344;346;352;354;360;361;365;367;380;381;404;407;409;411,64,1
20bc995f-c3de-4789-bd7a-34cf1a313b0c,Does the interaction with woman B happen before serving to woman C?,Yes,"Yes, the interaction with woman B happens before serving to woman C.",56;58;101;102;113;115;120;123;124;125;128;130;180;182;205;206;210;211;216;217;221;223;236;238;240;242;244;246;292;293;298;299;300;303;309;311;312;315;316;318;320;323;324;326;332;334;337;338;340;343;344;346;352;354;360;361;365;367;380;381;404;407;409;411,64,1
20bc995f-c3de-4789-bd7a-34cf1a313b0c,Do I serve food to a group of people before the roadside food stall scene?,No,"No, the video does not depict you serving food to a group of people before the roadside food stall scene. The scene begins with a close-up of a food stall at night, showcasing various dishes and the preparation process.",56;58;101;102;113;115;120;123;124;125;128;130;140;143;180;182;205;206;210;211;216;217;221;223;240;242;244;246;292;293;298;299;300;303;309;311;312;315;316;318;320;323;324;326;332;334;337;338;340;343;344;346;352;354;360;361;365;367;380;381;404;407;409;411,64,1
20bc995f-c3de-4789-bd7a-34cf1a313b0c,"In the video, did I serve food under the tent before talking to man A at the stand?",No,"No, you did not serve food under the tent before talking to man A at the stand.",56;58;101;102;113;115;120;123;124;125;128;130;140;143;180;182;205;206;210;211;216;217;221;223;240;242;244;246;292;293;298;299;300;303;309;311;312;315;316;318;320;323;324;326;332;334;337;338;340;343;344;346;352;354;360;361;365;367;380;381;404;407;409;411,64,1
20bc995f-c3de-4789-bd7a-34cf1a313b0c,"In the video, does serving pani puri occur before making food for the man and girls?",Yes,"No, serving pani puri occurs after making food for the man and girls.",56;58;101;102;113;115;120;123;124;125;128;130;140;143;180;182;205;206;210;211;216;217;221;223;240;242;244;246;292;293;298;299;300;303;309;311;312;315;316;318;320;323;324;326;332;334;337;338;340;343;344;346;352;354;360;361;365;367;380;381;404;407;409;411,64,1
20bc995f-c3de-4789-bd7a-34cf1a313b0c,"What happens before interacting with woman A, B, and C at the roadside stall?",I serve food to a group of people.,"Before interacting with woman A, B, and C at the roadside stall, the video shows a person holding a small bowl of chopped vegetables, a large metal plate with a mixture of food, and a large brown pot. The person is seen scooping the mixture from the plate and placing it into the small bowl. The background includes a variety of items such as packaged snacks, a QR code sign, and a plastic container. The person continues to scoop the mixture and place it into the bowl, with the background remaining consistent throughout.",56;58;101;102;113;115;117;119;120;123;124;125;128;130;180;182;205;206;210;211;216;217;221;223;240;242;244;246;292;293;298;299;300;303;309;311;312;315;316;318;320;323;324;326;332;334;337;338;340;343;344;346;352;354;360;361;365;367;380;381;404;407;409;411,64,1
20bc995f-c3de-4789-bd7a-34cf1a313b0c,Describe the setting of this video clip.,A roadside food stall at night.,The video begins with a scene of a kitchen where a person is preparing food. The kitchen is well-lit and has various utensils and ingredients on the counter. The person is seen chopping vegetables on a cutting board. The scene then transitions to a close-up of the person's hands as they mix ingredients in a bowl. The person is wearing a white apron and has short hair. The video then cuts to a shot of a person's hands as they knead dough on a wooden surface. The person is wearing a white shirt and has short hair. The scene then transitions to a shot of a person's hands as they mix ingredients in a bowl. The person is wearing a white apron and has short hair. The video then cuts to a shot of a person's hands as they knead dough on a wooden surface. The person is wearing a white shirt and has short hair. The scene then transitions to a shot of a person's hands as they mix ingredients in a bowl. The person is wearing a white apron and has short hair. The video then cuts to a shot of a person's hands as they knead dough on a wooden surface. The person is wearing a white shirt and has short hair. The scene then transitions to a shot of a person,532;533;536;537;540;541;544;545;548;549;552;555;556;557;560;561;564;566;568;569;572;574;576;578;580;581;584;585;588;589;592;593;596;597;600;601;604;605;608;609;612;613;616;617;620;621;624;625;628;629;632;633;636;637;640;641;644;645;648;649;652;653;656;657,64,1
20bc995f-c3de-4789-bd7a-34cf1a313b0c,Could you summarize the depicted scenario?,A person serving and conversing at a food stall.,"The image provided is a series of black screens with no visible content. There are no objects, people, or any discernible details to describe. The entire image is uniformly black, indicating that there is no visual information to summarize or describe.",532;533;536;537;540;541;544;545;548;549;552;555;556;557;560;561;564;566;568;569;572;574;576;578;580;581;584;585;588;589;592;593;596;597;600;601;604;605;608;609;612;613;616;617;620;621;624;625;628;629;632;633;636;637;640;641;644;645;648;649;652;653;656;657,64,1
20bc995f-c3de-4789-bd7a-34cf1a313b0c,Did the vendor converse with two individuals?,Yes.,"Yes, the vendor conversed with two individuals.",532;533;536;537;540;541;544;545;548;549;552;555;556;557;560;561;564;566;568;569;572;574;576;578;580;581;584;585;588;589;592;593;596;597;600;601;604;605;608;609;612;613;616;617;620;621;624;625;628;629;632;633;636;637;640;641;644;645;648;649;652;653;656;657,64,1
20bc995f-c3de-4789-bd7a-34cf1a313b0c,"In the sequence, is food served at the roadside stall before the food tent?",No,"Yes, food is served at the roadside stall before the food tent.",532;533;536;537;540;541;544;545;548;549;552;555;556;557;560;561;564;566;568;569;572;574;576;578;580;581;584;585;588;589;592;593;596;597;600;601;604;605;608;609;612;613;616;617;620;621;624;625;628;629;632;633;636;637;640;641;644;645;648;649;652;653;656;657,64,1
20bc995f-c3de-4789-bd7a-34cf1a313b0c,What scene is captured in the video clip?,A food stand with cooking in progress.,The video clip captures a scene of a person standing in front of a black background.,532;533;536;537;540;541;544;545;548;549;552;555;556;557;560;561;564;566;568;569;572;574;576;578;580;581;584;585;588;589;592;593;596;597;600;601;604;605;608;609;612;613;616;617;620;621;624;625;628;629;632;633;636;637;640;641;644;645;648;649;652;653;656;657,64,1
20bc995f-c3de-4789-bd7a-34cf1a313b0c,What's the brief of the depicted scenario?,Food preparation at a stand with a customer waiting.,"The image you've provided appears to be a series of black screens with no visible content. If there is supposed to be an image or a scenario depicted here, it is not visible. Please provide a different image or clarify the scenario you're referring to.",532;533;536;537;540;541;544;545;548;549;552;555;556;557;560;561;564;566;568;569;572;574;576;578;580;581;584;585;588;589;592;593;596;597;600;601;604;605;608;609;612;613;616;617;620;621;624;625;628;629;632;633;636;637;640;641;644;645;648;649;652;653;656;657,64,1
20bc995f-c3de-4789-bd7a-34cf1a313b0c,Does the scene capture a customer receiving their order?,No.,"Yes, the scene captures a customer receiving their order.",532;533;536;537;540;541;544;545;548;549;552;555;556;557;560;561;564;566;568;569;572;574;576;578;580;581;584;585;588;589;592;593;596;597;600;601;604;605;608;609;612;613;616;617;620;621;624;625;628;629;632;633;636;637;640;641;644;645;648;649;652;653;656;657,64,1
20bc995f-c3de-4789-bd7a-34cf1a313b0c,Is there any indication of a payment transaction in the video?,No.,"Yes, there is a glimpse of a credit card reader in the video, suggesting a payment transaction.",532;533;536;537;540;541;544;545;548;549;552;555;556;557;560;561;564;566;568;569;572;574;576;578;580;581;584;585;588;589;592;593;596;597;600;601;604;605;608;609;612;613;616;617;620;621;624;625;628;629;632;633;636;637;640;641;644;645;648;649;652;653;656;657,64,1
20bc995f-c3de-4789-bd7a-34cf1a313b0c,Does the video show the cook finishing the dish?,No.,"No, the video does not show the cook finishing the dish. It ends with the cook leaving the kitchen area.",532;533;536;537;540;541;544;545;548;549;552;555;556;557;560;561;564;566;568;569;572;574;576;578;580;581;584;585;588;589;592;593;596;597;600;601;604;605;608;609;612;613;616;617;620;621;624;625;628;629;632;633;636;637;640;641;644;645;648;649;652;653;656;657,64,1
20bc995f-c3de-4789-bd7a-34cf1a313b0c,Is the cook multitasking between cooking and another activity?,Yes.,"No, the cook is not multitasking between cooking and another activity. The video focuses solely on the cooking process.",532;533;536;537;540;541;544;545;548;549;552;555;556;557;560;561;564;566;568;569;572;574;576;578;580;581;584;585;588;589;592;593;596;597;600;601;604;605;608;609;612;613;616;617;620;621;624;625;628;629;632;633;636;637;640;641;644;645;648;649;652;653;656;657,64,1
20bc995f-c3de-4789-bd7a-34cf1a313b0c,Does the cook appear to be preparing food for more than one person?,Yes.,"Yes, the cook appears to be preparing food for more than one person.",532;533;536;537;540;541;544;545;548;549;552;555;556;557;560;561;564;566;568;569;572;574;576;578;580;581;584;585;588;589;592;593;596;597;600;601;604;605;608;609;612;613;616;617;620;621;624;625;628;629;632;633;636;637;640;641;644;645;648;649;652;653;656;657,64,1
20bc995f-c3de-4789-bd7a-34cf1a313b0c,Did the discussion with man X and man Y happen before serving woman Z?,No,"No, the discussion with man X and man Y did not happen before serving woman Z.",532;533;536;537;540;541;544;545;548;549;552;555;556;557;560;561;564;566;568;569;572;574;576;578;580;581;584;585;588;589;592;593;596;597;600;601;604;605;608;609;612;613;616;617;620;621;624;625;628;629;632;633;636;637;640;641;644;645;648;649;652;653;656;657,64,1
20bc995f-c3de-4789-bd7a-34cf1a313b0c,What event happened before the phone conversation?,Serving a different customer,The event that happened before the phone conversation was the person being in a dark room.,532;533;536;537;540;541;544;545;548;549;552;555;556;557;560;561;564;566;568;569;572;574;576;578;580;581;584;585;588;589;592;593;596;597;600;601;604;605;608;609;612;613;616;617;620;621;624;625;628;629;632;633;636;637;640;641;644;645;648;649;652;653;656;657,64,1
20bc995f-c3de-4789-bd7a-34cf1a313b0c,Was food made for woman A after the interaction with woman B?,Yes,The video caption does not provide information about whether food was made for woman A after the interaction with woman B.,532;533;536;537;540;541;544;545;548;549;552;555;556;557;560;561;564;566;568;569;572;574;576;578;580;581;584;585;588;589;592;593;596;597;600;601;604;605;608;609;612;613;616;617;620;621;624;625;628;629;632;633;636;637;640;641;644;645;648;649;652;653;656;657,64,1
20bc995f-c3de-4789-bd7a-34cf1a313b0c,Did the phone conversation occur before discussing with man Y?,Yes,The information provided does not specify the sequence of events regarding the phone conversation and discussing with man Y.,532;533;536;537;540;541;544;545;548;549;552;555;556;557;560;561;564;566;568;569;572;574;576;578;580;581;584;585;588;589;592;593;596;597;600;601;604;605;608;609;612;613;616;617;620;621;624;625;628;629;632;633;636;637;640;641;644;645;648;649;652;653;656;657,64,1
20bc995f-c3de-4789-bd7a-34cf1a313b0c,What is seen happening before making food for man B?,Talked on the phone,"Before making food for man B, a person is seen preparing ingredients and cooking utensils, and then the food is being cooked on a stove.",532;533;536;537;540;541;544;545;548;549;552;555;556;557;560;561;564;566;568;569;572;574;576;578;580;581;584;585;588;589;592;593;596;597;600;601;604;605;608;609;612;613;616;617;620;621;624;625;628;629;632;633;636;637;640;641;644;645;648;649;652;653;656;657,64,1
20bc995f-c3de-4789-bd7a-34cf1a313b0c,What took place just before making food for woman A?,Talked on the phone,The video caption does not provide information about what took place just before making food for woman A.,532;533;536;537;540;541;544;545;548;549;552;555;556;557;560;561;564;566;568;569;572;574;576;578;580;581;584;585;588;589;592;593;596;597;600;601;604;605;608;609;612;613;616;617;620;621;624;625;628;629;632;633;636;637;640;641;644;645;648;649;652;653;656;657,64,1
20bc995f-c3de-4789-bd7a-34cf1a313b0c,What is the location of the scene in the video?,The location is at a food stand.,The scene in the video is set in a dimly lit room with a black background.,532;533;536;537;540;541;544;545;548;549;552;555;556;557;560;561;564;566;568;569;572;574;576;578;580;581;584;585;588;589;592;593;596;597;600;601;604;605;608;609;612;613;616;617;620;621;624;625;628;629;632;633;636;637;640;641;644;645;648;649;652;653;656;657,64,1
20bc995f-c3de-4789-bd7a-34cf1a313b0c,How many customers are being interacted with?,Three customers are being interacted with.,1,532;533;536;537;540;541;544;545;548;549;552;555;556;557;560;561;564;566;568;569;572;574;576;578;580;581;584;585;588;589;592;593;596;597;600;601;604;605;608;609;612;613;616;617;620;621;624;625;628;629;632;633;636;637;640;641;644;645;648;649;652;653;656;657,64,1
20bc995f-c3de-4789-bd7a-34cf1a313b0c,Does the frame show the server handing pani puris to a customer?,Yes.,"No, the frame does not show the server handing pani puris to a customer.",532;533;536;537;540;541;544;545;548;549;552;555;556;557;560;561;564;566;568;569;572;574;576;578;580;581;584;585;588;589;592;593;596;597;600;601;604;605;608;609;612;613;616;617;620;621;624;625;628;629;632;633;636;637;640;641;644;645;648;649;652;653;656;657,64,1
20bc995f-c3de-4789-bd7a-34cf1a313b0c,Is the shown frame depicting an indoor activity?,No.,"Yes, the shown frame depicts an indoor activity.",532;533;536;537;540;541;544;545;548;549;552;555;556;557;560;561;564;566;568;569;572;574;576;578;580;581;584;585;588;589;592;593;596;597;600;601;604;605;608;609;612;613;616;617;620;621;624;625;628;629;632;633;636;637;640;641;644;645;648;649;652;653;656;657,64,1
20bc995f-c3de-4789-bd7a-34cf1a313b0c,Does the video involve interaction between the server and customers?,Yes.,"No, the video does not involve interaction between the server and customers.",532;533;536;537;540;541;544;545;548;549;552;555;556;557;560;561;564;566;568;569;572;574;576;578;580;581;584;585;588;589;592;593;596;597;600;601;604;605;608;609;612;613;616;617;620;621;624;625;628;629;632;633;636;637;640;641;644;645;648;649;652;653;656;657,64,1
20bc995f-c3de-4789-bd7a-34cf1a313b0c,Is the phone conversation happening before making food for woman A?,Yes,"Yes, the phone conversation is happening before making food for woman A.",532;533;536;537;540;541;544;545;548;549;552;555;556;557;560;561;564;566;568;569;572;574;576;578;580;581;584;585;588;589;592;593;596;597;600;601;604;605;608;609;612;613;616;617;620;621;624;625;628;629;632;633;636;637;640;641;644;645;648;649;652;653;656;657,64,1
20bc995f-c3de-4789-bd7a-34cf1a313b0c,Does man Z get served before the phone conversation starts?,No,"No, man Z does not get served before the phone conversation starts.",532;533;536;537;540;541;544;545;548;549;552;555;556;557;560;561;564;566;568;569;572;574;576;578;580;581;584;585;588;589;592;593;596;597;600;601;604;605;608;609;612;613;616;617;620;621;624;625;628;629;632;633;636;637;640;641;644;645;648;649;652;653;656;657,64,1
20bc995f-c3de-4789-bd7a-34cf1a313b0c,"In the video, is the interaction with man X and Y before the food preparation for woman A and man B?",No,"No, the interaction with man X and Y is after the food preparation for woman A and man B.",532;533;536;537;540;541;544;545;548;549;552;555;556;557;560;561;564;566;568;569;572;574;576;578;580;581;584;585;588;589;592;593;596;597;600;601;604;605;608;609;612;613;616;617;620;621;624;625;628;629;632;633;636;637;640;641;644;645;648;649;652;653;656;657,64,1
20bc995f-c3de-4789-bd7a-34cf1a313b0c,Do I talk to man Z before making food for woman A and man B?,No.,"It seems like you're asking if you should talk to a person referred to as ""man Z"" before preparing food for two other individuals, ""woman A"" and ""man B."" However, the context of your question is a bit unclear. If you're asking whether you should communicate with man Z before cooking for woman A and man B, the answer would depend on the nature of your relationship with man Z and the purpose of your cooking. If man Z is involved in the situation or needs to be informed about the food preparation, then yes, you should talk to him. Otherwise, it's not necessary. If you could provide more context or clarify your question, I'd be happy to help further.",532;533;536;537;540;541;544;545;548;549;552;555;556;557;560;561;564;566;568;569;572;574;576;578;580;581;584;585;588;589;592;593;596;597;600;601;604;605;608;609;612;613;616;617;620;621;624;625;628;629;632;633;636;637;640;641;644;645;648;649;652;653;656;657,64,1
20bc995f-c3de-4789-bd7a-34cf1a313b0c,Is the food prepared for woman Z before the interaction with man Z?,Yes.,"Yes, the food is prepared for woman Z before the interaction with man Z.",532;533;536;537;540;541;544;545;548;549;552;555;556;557;560;561;564;566;568;569;572;574;576;578;580;581;584;585;588;589;592;593;596;597;600;601;604;605;608;609;612;613;616;617;620;621;624;625;628;629;632;633;636;637;640;641;644;645;648;649;652;653;656;657,64,1
20bc995f-c3de-4789-bd7a-34cf1a313b0c,What do I do before making food for woman A and man B?,Talking on the phone.,"Before making food for woman A and man B, you should follow these steps:1. **Plan the Meal**: Decide on the type of meal you want to prepare. Consider their dietary preferences, restrictions, and any specific requests they might have.2. **Gather Ingredients**: Make a list of all the ingredients you will need for the meal. Check if you have everything at home or if you need to go grocery shopping.3. **Prepare the Kitchen**: Clean and organize the kitchen. Wash dishes, wipe down surfaces, and make sure everything is in order.4. **Cooking**: Start cooking the meal. Follow recipes or use your own cooking techniques. Make sure to cook the food to the appropriate temperature and texture.5. **Serve the Meal**: Once the food is cooked, serve it on plates or in bowls. Set the table with appropriate utensils and napkins.6. **Clean Up**: After the meal, clean up the kitchen. Wash dishes, clean surfaces, and put away any leftover food.7. **Enjoy the Meal**: If possible, enjoy the meal together with woman A and man B. This can be a great opportunity for conversation and bonding.Remember to be mindful of any dietary restrictions or preferences that might affect the meal preparation.",532;533;536;537;540;541;544;545;548;549;552;555;556;557;560;561;564;566;568;569;572;574;576;578;580;581;584;585;588;589;592;593;596;597;600;601;604;605;608;609;612;613;616;617;620;621;624;625;628;629;632;633;636;637;640;641;644;645;648;649;652;653;656;657,64,1
20bc995f-c3de-4789-bd7a-34cf1a313b0c,How many individuals does the camera wearer interact with?,Three individuals.,The camera wearer interacts with at least two individuals.,532;533;536;537;540;541;544;545;548;549;552;555;556;557;560;561;564;566;568;569;572;574;576;578;580;581;584;585;588;589;592;593;596;597;600;601;604;605;608;609;612;613;616;617;620;621;624;625;628;629;632;633;636;637;640;641;644;645;648;649;652;653;656;657,64,1
20bc995f-c3de-4789-bd7a-34cf1a313b0c,Are there any objects visible in the scene?,"Yes, food and serving utensils.","No, there are no objects visible in the scene.",532;533;536;537;540;541;544;545;548;549;552;555;556;557;560;561;564;566;568;569;572;574;576;578;580;581;584;585;588;589;592;593;596;597;600;601;604;605;608;609;612;613;616;617;620;621;624;625;628;629;632;633;636;637;640;641;644;645;648;649;652;653;656;657,64,1
20bc995f-c3de-4789-bd7a-34cf1a313b0c,Is the environment depicted busy or calm?,"Busy, with serving and conversation happening.","The environment depicted is calm, with no visible movement or activity.",532;533;536;537;540;541;544;545;548;549;552;555;556;557;560;561;564;566;568;569;572;574;576;578;580;581;584;585;588;589;592;593;596;597;600;601;604;605;608;609;612;613;616;617;620;621;624;625;628;629;632;633;636;637;640;641;644;645;648;649;652;653;656;657,64,1
20bc995f-c3de-4789-bd7a-34cf1a313b0c,Did the camera wearer carry out more than one task?,"Yes, serving and conversing.","Yes, the camera wearer carried out more than one task.",532;533;536;537;540;541;544;545;548;549;552;555;556;557;560;561;564;566;568;569;572;574;576;578;580;581;584;585;588;589;592;593;596;597;600;601;604;605;608;609;612;613;616;617;620;621;624;625;628;629;632;633;636;637;640;641;644;645;648;649;652;653;656;657,64,1
20bc995f-c3de-4789-bd7a-34cf1a313b0c,Did the serving of food appear organized or haphazard?,"Organized, with food laid out.","The serving of food appeared organized, with each dish neatly presented.",532;533;536;537;540;541;544;545;548;549;552;555;556;557;560;561;564;566;568;569;572;574;576;578;580;581;584;585;588;589;592;593;596;597;600;601;604;605;608;609;612;613;616;617;620;621;624;625;628;629;632;633;636;637;640;641;644;645;648;649;652;653;656;657,64,1
20bc995f-c3de-4789-bd7a-34cf1a313b0c,Are all men engaged in eating or just conversing?,"Only one is shown eating, others converse.",The video caption does not provide information about the activities of all men. It only mentions that some men are eating while others are conversing.,532;533;536;537;540;541;544;545;548;549;552;555;556;557;560;561;564;566;568;569;572;574;576;578;580;581;584;585;588;589;592;593;596;597;600;601;604;605;608;609;612;613;616;617;620;621;624;625;628;629;632;633;636;637;640;641;644;645;648;649;652;653;656;657,64,1
20bc995f-c3de-4789-bd7a-34cf1a313b0c,Was there verbal exchange under the tent?,Yes.,"No, there was no verbal exchange under the tent.",532;533;536;537;540;541;544;545;548;549;552;555;556;557;560;561;564;566;568;569;572;574;576;578;580;581;584;585;588;589;592;593;596;597;600;601;604;605;608;609;612;613;616;617;620;621;624;625;628;629;632;633;636;637;640;641;644;645;648;649;652;653;656;657,64,1
20bc995f-c3de-4789-bd7a-34cf1a313b0c,Is there visible evidence of food being consumed in the frame?,Yes.,"No, there is no visible evidence of food being consumed in the frame.",532;533;536;537;540;541;544;545;548;549;552;555;556;557;560;561;564;566;568;569;572;574;576;578;580;581;584;585;588;589;592;593;596;597;600;601;604;605;608;609;612;613;616;617;620;621;624;625;628;629;632;633;636;637;640;641;644;645;648;649;652;653;656;657,64,1
20bc995f-c3de-4789-bd7a-34cf1a313b0c,Does the scene suggest any sign of a rush or urgency?,"No, it appears orderly.","No, the scene does not suggest any sign of a rush or urgency.",532;533;536;537;540;541;544;545;548;549;552;555;556;557;560;561;564;566;568;569;572;574;576;578;580;581;584;585;588;589;592;593;596;597;600;601;604;605;608;609;612;613;616;617;620;621;624;625;628;629;632;633;636;637;640;641;644;645;648;649;652;653;656;657,64,1
20bc995f-c3de-4789-bd7a-34cf1a313b0c,Is the preparation of pani puris shown before serving them to man X and Y?,Yes,"No, the preparation of pani puris is not shown before serving them to man X and Y.",532;533;536;537;540;541;544;545;548;549;552;555;556;557;560;561;564;566;568;569;572;574;576;578;580;581;584;585;588;589;592;593;596;597;600;601;604;605;608;609;612;613;616;617;620;621;624;625;628;629;632;633;636;637;640;641;644;645;648;649;652;653;656;657,64,1
20bc995f-c3de-4789-bd7a-34cf1a313b0c,Do I talk on the phone prior to serving food under the food tent?,Yes,"No, you do not talk on the phone prior to serving food under the food tent.",532;533;536;537;540;541;544;545;548;549;552;555;556;557;560;561;564;566;568;569;572;574;576;578;580;581;584;585;588;589;592;593;596;597;600;601;604;605;608;609;612;613;616;617;620;621;624;625;628;629;632;633;636;637;640;641;644;645;648;649;652;653;656;657,64,1
20bc995f-c3de-4789-bd7a-34cf1a313b0c,What occurs just before serving food to man A under the food tent?,Preparing food,"A person is seen holding a plate, possibly preparing to serve food to man A.",532;533;536;537;540;541;544;545;548;549;552;555;556;557;560;561;564;566;568;569;572;574;576;578;580;581;584;585;588;589;592;593;596;597;600;601;604;605;608;609;612;613;616;617;620;621;624;625;628;629;632;633;636;637;640;641;644;645;648;649;652;653;656;657,64,1
20bc995f-c3de-4789-bd7a-34cf1a313b0c,What activity is taking place at the stall?,A person is serving potato balls and gruel.,The activity taking place at the stall is the preparation and sale of food.,532;533;536;537;540;541;544;545;548;549;552;555;556;557;560;561;564;566;568;569;572;574;576;578;580;581;584;585;588;589;592;593;596;597;600;601;604;605;608;609;612;613;616;617;620;621;624;625;628;629;632;633;636;637;640;641;644;645;648;649;652;653;656;657,64,1
20bc995f-c3de-4789-bd7a-34cf1a313b0c,Who is interacting at the food stall?,"A server, a woman, and a girl.",A man and a woman are interacting at the food stall.,532;533;536;537;540;541;544;545;548;549;552;555;556;557;560;561;564;566;568;569;572;574;576;578;580;581;584;585;588;589;592;593;596;597;600;601;604;605;608;609;612;613;616;617;620;621;624;625;628;629;632;633;636;637;640;641;644;645;648;649;652;653;656;657,64,1
20bc995f-c3de-4789-bd7a-34cf1a313b0c,What type of service is depicted at the stall?,Food service involving potato balls and gruel.,"The service depicted at the stall is a food service, specifically a hot dog stand.",532;533;536;537;540;541;544;545;548;549;552;555;556;557;560;561;564;566;568;569;572;574;576;578;580;581;584;585;588;589;592;593;596;597;600;601;604;605;608;609;612;613;616;617;620;621;624;625;628;629;632;633;636;637;640;641;644;645;648;649;652;653;656;657,64,1
20bc995f-c3de-4789-bd7a-34cf1a313b0c,Who is preparing the food in the video clip?,The server at the stall.,The video caption does not provide information about the identity of the person preparing the food.,532;533;536;537;540;541;544;545;548;549;552;555;556;557;560;561;564;566;568;569;572;574;576;578;580;581;584;585;588;589;592;593;596;597;600;601;604;605;608;609;612;613;616;617;620;621;624;625;628;629;632;633;636;637;640;641;644;645;648;649;652;653;656;657,64,1
20bc995f-c3de-4789-bd7a-34cf1a313b0c,What actions can be seen in the frame provided?,Preparing and serving food at the stall.,"The image provided is completely black, and there are no visible actions, objects, or details that can be described. If there is supposed to be an image with content, it is not visible in this frame.",532;533;536;537;540;541;544;545;548;549;552;555;556;557;560;561;564;566;568;569;572;574;576;578;580;581;584;585;588;589;592;593;596;597;600;601;604;605;608;609;612;613;616;617;620;621;624;625;628;629;632;633;636;637;640;641;644;645;648;649;652;653;656;657,64,1
20bc995f-c3de-4789-bd7a-34cf1a313b0c,Is the food being freshly prepared or pre-packaged?,"Freshly prepared, as seen in the video.","Based on the image, it appears that the food is being freshly prepared. The presence of a person actively cooking, the use of a stove, and the visible ingredients and utensils suggest that the food is being made on the spot rather than being pre-packaged.",532;533;536;537;540;541;544;545;548;549;552;555;556;557;560;561;564;566;568;569;572;574;576;578;580;581;584;585;588;589;592;593;596;597;600;601;604;605;608;609;612;613;616;617;620;621;624;625;628;629;632;633;636;637;640;641;644;645;648;649;652;653;656;657,64,1
20bc995f-c3de-4789-bd7a-34cf1a313b0c,Does the server use any special tools for serving?,Not evident in the provided frame.,"Yes, the server uses a special tool for serving.",532;533;536;537;540;541;544;545;548;549;552;555;556;557;560;561;564;566;568;569;572;574;576;578;580;581;584;585;588;589;592;593;596;597;600;601;604;605;608;609;612;613;616;617;620;621;624;625;628;629;632;633;636;637;640;641;644;645;648;649;652;653;656;657,64,1
20bc995f-c3de-4789-bd7a-34cf1a313b0c,Does the video show the server using a foam plate for serving?,Yes.,"No, the video does not show the server using a foam plate for serving.",532;533;536;537;540;541;544;545;548;549;552;555;556;557;560;561;564;566;568;569;572;574;576;578;580;581;584;585;588;589;592;593;596;597;600;601;604;605;608;609;612;613;616;617;620;621;624;625;628;629;632;633;636;637;640;641;644;645;648;649;652;653;656;657,64,1
20bc995f-c3de-4789-bd7a-34cf1a313b0c,Can we see any cooking equipment in the video?,"Yes, in the provided frame.","Yes, there is a cooking pot on the stove in the video.",532;533;536;537;540;541;544;545;548;549;552;555;556;557;560;561;564;566;568;569;572;574;576;578;580;581;584;585;588;589;592;593;596;597;600;601;604;605;608;609;612;613;616;617;620;621;624;625;628;629;632;633;636;637;640;641;644;645;648;649;652;653;656;657,64,1
20bc995f-c3de-4789-bd7a-34cf1a313b0c,Did the serving of potato balls occur before serving gruel?,Yes,"No, the serving of potato balls did not occur before serving gruel.",532;533;536;537;540;541;544;545;548;549;552;555;556;557;560;561;564;566;568;569;572;574;576;578;580;581;584;585;588;589;592;593;596;597;600;601;604;605;608;609;612;613;616;617;620;621;624;625;628;629;632;633;636;637;640;641;644;645;648;649;652;653;656;657,64,1
20bc995f-c3de-4789-bd7a-34cf1a313b0c,Was the conversation with man E before serving food to the woman Z?,No,The conversation with man E was before serving food to the woman Z.,532;533;536;537;540;541;544;545;548;549;552;555;556;557;560;561;564;566;568;569;572;574;576;578;580;581;584;585;588;589;592;593;596;597;600;601;604;605;608;609;612;613;616;617;620;621;624;625;628;629;632;633;636;637;640;641;644;645;648;649;652;653;656;657,64,1
20bc995f-c3de-4789-bd7a-34cf1a313b0c,What event occurs just before serving food to man A?,Being under a food tent,The event that occurs just before serving food to man A is the man in the white shirt holding a plate of food.,532;533;536;537;540;541;544;545;548;549;552;555;556;557;560;561;564;566;568;569;572;574;576;578;580;581;584;585;588;589;592;593;596;597;600;601;604;605;608;609;612;613;616;617;620;621;624;625;628;629;632;633;636;637;640;641;644;645;648;649;652;653;656;657,64,1
20bc995f-c3de-4789-bd7a-34cf1a313b0c,What happens right before serving potato balls?,Interacting with a group of people,"Right before serving potato balls, they are typically deep-fried to achieve a crispy exterior.",532;533;536;537;540;541;544;545;548;549;552;555;556;557;560;561;564;566;568;569;572;574;576;578;580;581;584;585;588;589;592;593;596;597;600;601;604;605;608;609;612;613;616;617;620;621;624;625;628;629;632;633;636;637;640;641;644;645;648;649;652;653;656;657,64,1
20bc995f-c3de-4789-bd7a-34cf1a313b0c,What event happens before interacting with a group of people?,Being at a stall,"Before interacting with a group of people, the event that happens is walking towards a group of people.",532;533;536;537;540;541;544;545;548;549;552;555;556;557;560;561;564;566;568;569;572;574;576;578;580;581;584;585;588;589;592;593;596;597;600;601;604;605;608;609;612;613;616;617;620;621;624;625;628;629;632;633;636;637;640;641;644;645;648;649;652;653;656;657,64,1
20bc995f-c3de-4789-bd7a-34cf1a313b0c,Did the serving of potato balls happen before the gruel in foam plates?,No,"No, the serving of potato balls did not happen before the gruel in foam plates.",532;533;536;537;540;541;544;545;548;549;552;555;556;557;560;561;564;566;568;569;572;574;576;578;580;581;584;585;588;589;592;593;596;597;600;601;604;605;608;609;612;613;616;617;620;621;624;625;628;629;632;633;636;637;640;641;644;645;648;649;652;653;656;657,64,1
20bc995f-c3de-4789-bd7a-34cf1a313b0c,"In the video, is the food tent scene before the interaction with the group of people?",No,"Yes, the food tent scene is before the interaction with the group of people.",532;533;536;537;540;541;544;545;548;549;552;555;556;557;560;561;564;566;568;569;572;574;576;578;580;581;584;585;588;589;592;593;596;597;600;601;604;605;608;609;612;613;616;617;620;621;624;625;628;629;632;633;636;637;640;641;644;645;648;649;652;653;656;657,64,1
20bc995f-c3de-4789-bd7a-34cf1a313b0c,What do we see happening just before the food stand scene?,Serving at a stall,"Just before the food stand scene, we see a person in a red shirt and black pants walking away from the camera, passing by a black trash can.",532;533;536;537;540;541;544;545;548;549;552;555;556;557;560;561;564;566;568;569;572;574;576;578;580;581;584;585;588;589;592;593;596;597;600;601;604;605;608;609;612;613;616;617;620;621;624;625;628;629;632;633;636;637;640;641;644;645;648;649;652;653;656;657,64,1
20bc995f-c3de-4789-bd7a-34cf1a313b0c,What's the setting of the video clip?,Inside a food kiosk.,The setting of the video clip is a kitchen.,532;533;536;537;540;541;544;545;548;549;552;555;556;557;560;561;564;566;568;569;572;574;576;578;580;581;584;585;588;589;592;593;596;597;600;601;604;605;608;609;612;613;616;617;620;621;624;625;628;629;632;633;636;637;640;641;644;645;648;649;652;653;656;657,64,1
20bc995f-c3de-4789-bd7a-34cf1a313b0c,What is the primary activity occurring?,Food preparation and sales.,The primary activity occurring is the preparation and serving of food.,532;533;536;537;540;541;544;545;548;549;552;555;556;557;560;561;564;566;568;569;572;574;576;578;580;581;584;585;588;589;592;593;596;597;600;601;604;605;608;609;612;613;616;617;620;621;624;625;628;629;632;633;636;637;640;641;644;645;648;649;652;653;656;657,64,1
20bc995f-c3de-4789-bd7a-34cf1a313b0c,Are there any customers present in the video?,"Yes, a group of people.","No, there are no customers present in the video.",532;533;536;537;540;541;544;545;548;549;552;555;556;557;560;561;564;566;568;569;572;574;576;578;580;581;584;585;588;589;592;593;596;597;600;601;604;605;608;609;612;613;616;617;620;621;624;625;628;629;632;633;636;637;640;641;644;645;648;649;652;653;656;657,64,1
20bc995f-c3de-4789-bd7a-34cf1a313b0c,What can be seen in the kiosk besides the food?,Food ingredients and cooking utensils.,The kiosk has a digital menu board and a cash register.,532;533;536;537;540;541;544;545;548;549;552;555;556;557;560;561;564;566;568;569;572;574;576;578;580;581;584;585;588;589;592;593;596;597;600;601;604;605;608;609;612;613;616;617;620;621;624;625;628;629;632;633;636;637;640;641;644;645;648;649;652;653;656;657,64,1
20bc995f-c3de-4789-bd7a-34cf1a313b0c,What type of food is being sold?,It is not specified.,The video does not provide information about the type of food being sold.,532;533;536;537;540;541;544;545;548;549;552;555;556;557;560;561;564;566;568;569;572;574;576;578;580;581;584;585;588;589;592;593;596;597;600;601;604;605;608;609;612;613;616;617;620;621;624;625;628;629;632;633;636;637;640;641;644;645;648;649;652;653;656;657,64,1
20bc995f-c3de-4789-bd7a-34cf1a313b0c,Is the food seller working alone?,It's not clear from the clip.,"Yes, the food seller is working alone.",532;533;536;537;540;541;544;545;548;549;552;555;556;557;560;561;564;566;568;569;572;574;576;578;580;581;584;585;588;589;592;593;596;597;600;601;604;605;608;609;612;613;616;617;620;621;624;625;628;629;632;633;636;637;640;641;644;645;648;649;652;653;656;657,64,1
20bc995f-c3de-4789-bd7a-34cf1a313b0c,Does the video show the exchange of goods for payment?,It is not confirmed.,"No, the video does not show the exchange of goods for payment.",532;533;536;537;540;541;544;545;548;549;552;555;556;557;560;561;564;566;568;569;572;574;576;578;580;581;584;585;588;589;592;593;596;597;600;601;604;605;608;609;612;613;616;617;620;621;624;625;628;629;632;633;636;637;640;641;644;645;648;649;652;653;656;657,64,1
20bc995f-c3de-4789-bd7a-34cf1a313b0c,Does the video show the food being cooked?,No.,"No, the video does not show the food being cooked. It only shows the food being prepared and served.",532;533;536;537;540;541;544;545;548;549;552;555;556;557;560;561;564;566;568;569;572;574;576;578;580;581;584;585;588;589;592;593;596;597;600;601;604;605;608;609;612;613;616;617;620;621;624;625;628;629;632;633;636;637;640;641;644;645;648;649;652;653;656;657,64,1
20bc995f-c3de-4789-bd7a-34cf1a313b0c,Does the video show the food being packaged?,"No, it shows it being prepared.","No, the video does not show the food being packaged.",532;533;536;537;540;541;544;545;548;549;552;555;556;557;560;561;564;566;568;569;572;574;576;578;580;581;584;585;588;589;592;593;596;597;600;601;604;605;608;609;612;613;616;617;620;621;624;625;628;629;632;633;636;637;640;641;644;645;648;649;652;653;656;657,64,1
20bc995f-c3de-4789-bd7a-34cf1a313b0c,Is there any indication of the kiosk's location being outdoors?,No.,"Yes, the kiosk is situated outdoors, as indicated by the presence of a clear sky and the absence of any interior elements.",532;533;536;537;540;541;544;545;548;549;552;555;556;557;560;561;564;566;568;569;572;574;576;578;580;581;584;585;588;589;592;593;596;597;600;601;604;605;608;609;612;613;616;617;620;621;624;625;628;629;632;633;636;637;640;641;644;645;648;649;652;653;656;657,64,1
20bc995f-c3de-4789-bd7a-34cf1a313b0c,"In the video, is the gruel served after the interaction with the group of people?",Yes,"Yes, the gruel is served after the interaction with the group of people.",532;533;536;537;540;541;544;545;548;549;552;555;556;557;560;561;564;566;568;569;572;574;576;578;580;581;584;585;588;589;592;593;596;597;600;601;604;605;608;609;612;613;616;617;620;621;624;625;628;629;632;633;636;637;640;641;644;645;648;649;652;653;656;657,64,1
20bc995f-c3de-4789-bd7a-34cf1a313b0c,Was I at the kiosk before serving potato balls and gruel?,No,"No, you were not at the kiosk before serving potato balls and gruel.",532;533;536;537;540;541;544;545;548;549;552;555;556;557;560;561;564;566;568;569;572;574;576;578;580;581;584;585;588;589;592;593;596;597;600;601;604;605;608;609;612;613;616;617;620;621;624;625;628;629;632;633;636;637;640;641;644;645;648;649;652;653;656;657,64,1
20bc995f-c3de-4789-bd7a-34cf1a313b0c,Did I sell food before I prepared it in the kiosk?,No,"No, you did not sell food before you prepared it in the kiosk.",532;533;536;537;540;541;544;545;548;549;552;555;556;557;560;561;564;566;568;569;572;574;576;578;580;581;584;585;588;589;592;593;596;597;600;601;604;605;608;609;612;613;616;617;620;621;624;625;628;629;632;633;636;637;640;641;644;645;648;649;652;653;656;657,64,1
20bc995f-c3de-4789-bd7a-34cf1a313b0c,Is the food sold to the group of people after I prepared it?,Yes,The video does not provide information about whether the food was sold to the group of people after it was prepared.,532;533;536;537;540;541;544;545;548;549;552;555;556;557;560;561;564;566;568;569;572;574;576;578;580;581;584;585;588;589;592;593;596;597;600;601;604;605;608;609;612;613;616;617;620;621;624;625;628;629;632;633;636;637;640;641;644;645;648;649;652;653;656;657,64,1
20bc995f-c3de-4789-bd7a-34cf1a313b0c,What event took place before serving food to a group of people?,Prepared food in the kiosk,The event that took place before serving food to a group of people was a gathering where people were seated around a table.,532;533;536;537;540;541;544;545;548;549;552;555;556;557;560;561;564;566;568;569;572;574;576;578;580;581;584;585;588;589;592;593;596;597;600;601;604;605;608;609;612;613;616;617;620;621;624;625;628;629;632;633;636;637;640;641;644;645;648;649;652;653;656;657,64,1
20bc995f-c3de-4789-bd7a-34cf1a313b0c,Did I serve gruel before serving potato balls?,No,"No, you did not serve gruel before serving potato balls.",532;533;536;537;540;541;544;545;548;549;552;555;556;557;560;561;564;566;568;569;572;574;576;578;580;581;584;585;588;589;592;593;596;597;600;601;604;605;608;609;612;613;616;617;620;621;624;625;628;629;632;633;636;637;640;641;644;645;648;649;652;653;656;657,64,1
