video_id,question,answer,pred_answer,retrieved_blocks,retrieve_size,chunk_size
9198b9a4-8d8f-4ba6-9924-4c86982d890a,What task is being performed with vegetables?,Chopping vegetables.,The person is chopping vegetables on a cutting board.,1;10;13;17;18;20;21;25;31;45;46;50;51;53;54;55;56;58;59;60;61;62;63;65;68;69;70;71;72;74;76;77;78;81;91;92;93;94;96;97;98;104;106;107;108;109;110;111;112;113;115;117;118;119;124;127;129;133;134;135;141;142;143;145,64,1
9198b9a4-8d8f-4ba6-9924-4c86982d890a,What step is being taken with flatbread?,Wrapping sauce in flatbread.,The flatbread is being filled with the cooked mixture.,1;10;13;17;18;20;25;31;45;46;50;51;53;54;55;56;58;59;60;61;62;63;65;68;69;70;71;72;74;76;77;78;81;91;92;93;94;95;96;97;103;104;106;107;108;109;110;111;112;113;115;117;118;119;124;127;129;133;134;135;141;142;143;145,64,1
9198b9a4-8d8f-4ba6-9924-4c86982d890a,What kitchen fixture is being utilized?,Opening a cabinet.,stove,1;10;13;17;18;20;25;31;45;46;50;51;53;54;55;56;58;59;60;61;62;63;65;68;69;70;71;72;74;76;77;78;81;91;92;93;94;95;96;97;103;104;106;107;108;109;110;111;112;113;115;117;118;119;124;127;129;133;134;135;141;142;143;145,64,1
9198b9a4-8d8f-4ba6-9924-4c86982d890a,What's the overview of the action in the clip?,Preparing ingredients for a meal.,"The video begins with a person preparing a meal in a kitchen. They start by chopping red bell peppers on a wooden cutting board, which is placed on a kitchen counter. The counter is cluttered with various ingredients and utensils, including a bowl of chopped onions, a bottle of oil, and a container of eggs. The person uses a large knife to slice the bell peppers into thin strips and then gathers the strips into a pile on the cutting board.Next, the person picks up a tortilla from a stack of tortillas on the counter and places it on a black grill pan. They then scoop some of the chopped bell peppers from the cutting board and place them into the tortilla. The person continues to add more bell peppers to the tortilla, preparing it for cooking.The scene transitions to the person chopping garlic cloves on the same wooden cutting board. The counter remains cluttered with the same ingredients and utensils. The person uses the large knife to finely chop the garlic cloves, which are then placed into a bowl of chopped onions on the counter.The video then shows the person adding the chopped garlic to the bowl of onions. The counter still has the same items, including the bottle of oil, container of eggs, and a bowl of chopped bell peppers. The",10;12;13;17;18;19;20;25;31;45;46;50;51;53;54;55;56;58;59;60;61;62;63;65;68;69;70;71;72;74;76;77;78;81;91;92;93;94;95;96;103;104;106;107;108;109;110;111;112;113;115;117;118;119;124;127;129;133;134;135;141;142;143;145,64,1
9198b9a4-8d8f-4ba6-9924-4c86982d890a,Does the video show someone chopping vegetables?,Yes.,Yes.,1;10;13;17;18;20;25;31;45;46;50;51;53;54;55;56;58;59;60;61;62;63;65;68;69;70;71;72;74;76;77;78;81;91;92;93;94;95;96;97;103;104;106;107;108;109;110;111;112;113;115;117;118;119;124;127;129;133;134;135;141;142;143;145,64,1
9198b9a4-8d8f-4ba6-9924-4c86982d890a,Did the individual successfully open a kitchen cabinet?,Yes.,Yes.,1;10;13;17;18;19;20;25;31;45;46;50;51;53;54;55;56;58;59;60;61;62;63;65;68;69;70;71;72;74;76;77;78;81;91;92;93;94;95;96;103;104;106;107;108;109;110;111;112;113;115;117;118;119;124;127;129;133;134;135;141;142;143;145,64,1
9198b9a4-8d8f-4ba6-9924-4c86982d890a,Is the flatbread being seasoned with sauce?,Yes.,"No, the flatbread is being filled with a mixture of cooked ingredients.",1;10;13;17;18;20;25;31;45;46;50;51;53;54;55;56;58;59;60;61;62;63;65;68;69;70;71;72;74;76;77;78;81;84;91;92;93;94;95;96;97;103;104;106;107;108;109;110;111;112;115;117;118;119;124;127;129;133;134;135;141;142;143;145,64,1
9198b9a4-8d8f-4ba6-9924-4c86982d890a,Is there an occurrence of food being wrapped?,Yes.,"Yes, there is an occurrence of food being wrapped.",1;10;13;17;18;20;25;31;45;46;50;51;53;54;55;56;58;59;60;61;62;63;65;68;69;70;71;72;74;76;77;78;81;84;91;92;93;94;95;96;97;103;104;106;107;108;109;110;111;112;115;117;118;119;124;127;129;133;134;135;141;142;143;145,64,1
9198b9a4-8d8f-4ba6-9924-4c86982d890a,Is the person using a knife for cooking tasks?,Yes.,Yes.,1;10;13;17;18;20;25;31;45;46;50;51;53;54;55;56;58;59;60;61;62;63;65;68;69;70;71;72;74;76;77;78;81;84;91;92;93;94;95;96;97;103;104;106;107;108;109;110;111;112;115;117;118;119;124;127;129;133;134;135;141;142;143;145,64,1
9198b9a4-8d8f-4ba6-9924-4c86982d890a,What is the location in the video clip?,A kitchen.,The location in the video clip is a kitchen.,10;50;53;54;59;62;65;68;70;72;76;77;78;81;91;92;93;94;109;112;115;117;124;133;134;149;169;170;182;190;193;195;196;197;198;199;200;202;203;207;211;215;216;217;218;219;220;221;222;226;237;238;240;242;243;245;259;262;263;264;271;278;279;280,64,1
9198b9a4-8d8f-4ba6-9924-4c86982d890a,What kitchen activity is underway in the clip?,Cutting vegetables.,"The clip shows the preparation of a meal involving filling and cooking tortillas, with a focus on the meticulous process of filling and arranging the tortillas on a grill pan.",10;50;53;54;59;62;65;68;70;72;76;77;78;81;91;92;93;94;109;112;115;117;118;124;133;134;149;169;170;182;190;193;196;197;198;199;200;202;203;207;211;215;216;217;218;219;220;221;222;226;237;238;240;242;243;245;259;262;263;264;271;278;279;280,64,1
9198b9a4-8d8f-4ba6-9924-4c86982d890a,What tool does the person in the video use?,Knives.,The person in the video uses a spatula to stir the mixture in the pan.,10;50;53;54;59;62;65;68;70;72;76;77;78;81;91;92;93;94;109;112;115;117;124;133;134;149;169;170;182;190;193;195;196;197;198;199;200;202;203;207;211;215;216;217;218;219;220;221;222;226;237;238;240;242;243;245;259;262;263;264;271;278;279;280,64,1
9198b9a4-8d8f-4ba6-9924-4c86982d890a,What appliance does the person in the video handle?,The heat regulator of the cooker.,The person in the video handles a smartphone.,50;53;54;59;62;65;68;70;72;76;77;78;81;91;92;93;94;109;112;115;117;124;133;134;149;169;170;182;190;193;195;196;197;198;199;200;202;203;207;208;211;215;216;217;218;219;220;221;222;226;237;238;240;242;243;245;259;262;263;264;271;278;279;280,64,1
9198b9a4-8d8f-4ba6-9924-4c86982d890a,What part of the kitchen furniture does the person interact with?,Drawers.,The person interacts with the stove and countertop.,50;53;54;59;62;65;68;70;72;76;77;78;81;91;92;93;94;109;112;115;117;118;124;133;134;149;169;170;182;190;193;196;197;198;199;200;202;203;205;207;211;215;216;217;218;219;220;221;222;226;237;238;240;242;243;245;259;262;263;264;271;278;279;280,64,1
9198b9a4-8d8f-4ba6-9924-4c86982d890a,How is the person controlling the cooking temperature?,Operating the heat regulator.,The person is using a spatula to stir the contents of the pan and adjusting the stove's temperature.,50;53;54;59;62;65;68;70;71;72;76;77;78;81;91;92;93;94;109;112;115;117;118;133;134;135;169;170;182;190;193;196;197;198;199;200;202;203;207;211;215;216;217;218;219;220;221;222;226;237;238;239;240;242;243;245;259;262;263;264;271;278;279;280,64,1
9198b9a4-8d8f-4ba6-9924-4c86982d890a,What can be inferred from the person's actions with the drawers?,Searching or organizing.,"The person's actions with the drawers suggest they are organizing or retrieving items, possibly related to the cooking process.",50;53;54;59;62;65;68;70;72;76;77;78;81;91;92;93;94;109;112;115;117;118;124;133;134;149;169;170;182;190;193;196;197;198;199;200;202;203;207;208;211;215;216;217;218;219;220;221;222;226;237;238;240;242;243;245;259;262;263;264;271;278;279;280,64,1
9198b9a4-8d8f-4ba6-9924-4c86982d890a,Does the clip show any cooking taking place?,"No direct cooking, only preparation.","Yes, the clip shows the person cooking by placing the rolled tortillas on a grill pan and spreading the filling inside them.",50;53;54;59;62;65;68;70;72;76;77;78;81;91;92;93;94;109;112;115;117;118;133;134;149;169;170;182;190;193;195;196;197;198;199;200;202;203;207;208;211;215;216;217;218;219;220;221;222;226;237;238;240;242;243;245;259;262;263;264;271;278;279;280,64,1
9198b9a4-8d8f-4ba6-9924-4c86982d890a,Did the person successfully cut the vegetables?,Yes.,"Yes, the person successfully cut the vegetables into smaller pieces.",50;53;54;59;62;65;68;70;72;76;77;78;81;91;92;93;94;109;112;115;117;118;133;134;149;169;170;182;190;193;196;197;198;199;200;202;203;205;207;211;215;216;217;218;219;220;221;222;226;237;238;239;240;242;243;245;259;262;263;264;271;278;279;280,64,1
9198b9a4-8d8f-4ba6-9924-4c86982d890a,Was the heat regulator adjusted to a specific level?,"Yes, it was operated.","Yes, the heat regulator was adjusted to a specific level, as indicated by the digital display showing ""230"" on the stove.",50;53;54;59;62;65;68;70;72;76;77;78;81;91;92;93;94;109;112;115;117;118;124;133;134;149;169;170;182;190;193;196;197;198;199;200;202;203;207;208;211;215;216;217;218;219;220;221;222;226;237;238;240;242;243;245;259;262;263;264;271;278;279;280,64,1
9198b9a4-8d8f-4ba6-9924-4c86982d890a,Did the person use any other kitchen tools besides knives?,Heat regulator only mentioned.,"Yes, the person used a spatula to stir the mixture in the pan.",50;53;54;59;62;65;68;70;72;76;77;78;81;91;92;93;94;109;112;115;117;118;124;133;134;149;169;170;182;190;193;196;197;198;199;200;202;203;207;211;215;216;217;218;219;220;221;222;226;237;238;239;240;242;243;245;259;262;263;264;271;278;279;280,64,1
9198b9a4-8d8f-4ba6-9924-4c86982d890a,Is the cabinet opened before wrapping the sauce in flat bread?,No,"Yes, the cabinet is opened before wrapping the sauce in flat bread.",50;53;54;59;62;65;68;70;71;72;76;77;78;81;91;92;93;94;109;112;117;118;133;134;135;149;169;170;182;190;193;196;197;198;199;200;202;203;207;211;215;216;217;218;219;220;221;222;226;237;238;239;240;242;243;245;259;262;263;264;271;278;279;280,64,1
9198b9a4-8d8f-4ba6-9924-4c86982d890a,Do I cut vegetables before operating the heat regulator on the cooker?,Yes,"Yes, you cut vegetables before operating the heat regulator on the cooker.",50;53;54;59;62;65;68;70;71;72;76;77;78;81;91;92;93;94;109;112;117;118;133;134;149;169;170;182;190;193;196;197;198;199;200;202;203;207;208;211;215;216;217;218;219;220;221;222;226;237;238;239;240;242;243;245;259;262;263;264;271;278;279;280,64,1
9198b9a4-8d8f-4ba6-9924-4c86982d890a,Is the drawer opened before the vegetables are chopped?,No,No.,50;53;54;59;62;65;68;70;71;72;76;77;78;81;91;92;93;94;109;112;115;117;118;133;134;149;169;170;182;190;193;196;197;198;199;200;202;203;207;211;215;216;217;218;219;220;221;222;226;237;238;239;240;242;243;245;259;262;263;264;271;278;279;280,64,1
9198b9a4-8d8f-4ba6-9924-4c86982d890a,Does wrapping sauce in flat bread happen after cutting vegetables?,Yes,"Yes, wrapping sauce in flat bread happens after cutting vegetables.",50;53;54;59;62;65;68;71;72;76;77;78;81;91;92;93;94;109;112;117;118;124;133;134;135;149;169;170;182;190;193;196;197;198;199;200;202;203;207;211;215;216;217;218;219;220;221;222;226;237;238;239;240;242;243;245;259;262;263;264;271;278;279;280,64,1
9198b9a4-8d8f-4ba6-9924-4c86982d890a,Do I open the cabinet before chopping the vegetables?,No,"No, you should open the cabinet after chopping the vegetables.",50;53;54;59;62;65;68;70;72;76;77;78;81;91;92;93;94;109;112;115;117;118;124;133;134;149;169;170;182;190;193;196;197;198;199;200;202;203;207;211;215;216;217;218;219;220;221;222;226;237;238;239;240;242;243;245;259;262;263;264;271;278;279;280,64,1
9198b9a4-8d8f-4ba6-9924-4c86982d890a,What occurs just before wrapping the sauce in flat bread?,Chopping vegetables,The sauce is scooped into the flat bread.,50;53;54;59;62;65;68;70;72;76;77;78;81;91;92;93;94;109;112;115;117;118;133;134;149;169;170;182;190;193;196;197;198;199;200;202;203;205;207;208;211;215;216;217;218;219;220;221;222;226;237;238;240;242;243;245;259;262;263;264;271;278;279;280,64,1
9198b9a4-8d8f-4ba6-9924-4c86982d890a,What takes place right before operating the heat regulator of the cooker?,Cutting vegetables with knives,"Right before operating the heat regulator of the cooker, the person is seen holding a spatula and a spoon, likely preparing to adjust the heat or stir the contents of the pan.",50;53;54;59;62;65;68;70;72;76;77;78;81;91;92;93;94;109;112;115;117;118;124;133;134;149;169;170;182;190;193;196;197;198;199;200;202;203;207;208;211;215;216;217;218;219;220;221;222;226;237;238;240;242;243;245;259;262;263;264;271;278;279;280,64,1
9198b9a4-8d8f-4ba6-9924-4c86982d890a,What setting is shown in this video clip?,A kitchen.,The video clip shows a kitchen setting where a person is preparing food.,50;54;72;76;77;91;92;93;109;117;134;169;182;190;193;196;197;198;199;200;202;203;207;216;217;218;219;220;221;226;237;238;240;245;262;264;271;278;279;280;289;291;297;300;303;305;307;308;309;310;316;317;318;319;328;330;333;334;338;344;373;388;389;418,64,1
9198b9a4-8d8f-4ba6-9924-4c86982d890a,What task is being performed with tomatoes?,Cutting tomatoes.,The tomatoes are being chopped and added to the pan with the other ingredients.,50;54;72;76;77;91;92;93;109;117;134;169;182;190;193;196;197;198;199;200;202;203;207;216;217;218;219;220;221;226;237;238;240;245;262;264;271;278;279;280;289;291;297;300;303;305;307;308;309;310;316;317;318;319;328;330;333;334;338;344;373;388;389;418,64,1
9198b9a4-8d8f-4ba6-9924-4c86982d890a,Is there an electronic device being used in this scene?,"Yes, a mobile phone.",Yes.,50;54;72;76;77;91;92;93;109;117;134;169;182;190;193;196;197;198;199;200;202;203;207;216;217;218;219;220;221;226;237;238;240;242;245;262;264;271;278;279;280;289;291;297;300;303;305;307;308;309;310;317;318;319;328;330;333;334;338;344;373;388;389;418,64,1
9198b9a4-8d8f-4ba6-9924-4c86982d890a,How is the sauce being utilized in the cooking process?,By spreading it on flatbreads.,"The sauce is being used to fill the tortillas, which are then placed on a grill pan to be cooked.",50;54;72;76;77;91;92;93;109;117;134;169;182;190;193;196;197;198;199;200;202;203;207;216;217;218;219;220;221;226;237;238;240;245;262;264;271;278;279;280;289;291;297;300;301;303;305;307;308;309;310;316;317;318;319;328;333;334;338;344;373;388;389;418,64,1
9198b9a4-8d8f-4ba6-9924-4c86982d890a,What activity is occurring aside from food preparation?,Operating a mobile phone.,The person is also seen washing vegetables at the sink.,50;54;72;76;77;91;92;93;109;117;134;169;182;190;193;196;197;198;199;200;202;203;207;216;217;218;219;220;221;226;237;238;240;245;262;264;271;278;279;280;289;291;297;300;303;305;307;308;309;310;316;317;318;319;328;330;333;334;338;344;373;388;389;418,64,1
9198b9a4-8d8f-4ba6-9924-4c86982d890a,What manual task is depicted involving food items?,"Cutting vegetables, specifically tomatoes.","The manual task depicted involves preparing and cooking food items, specifically filling and cooking tortillas with a meat mixture and sautéing vegetables.",50;54;72;76;77;92;93;109;117;134;169;182;190;193;196;197;198;199;200;202;203;207;216;217;218;219;220;221;226;237;238;240;245;262;264;271;278;279;280;289;291;297;300;302;303;305;307;308;309;310;316;317;318;319;328;330;333;334;338;344;373;388;389;418,64,1
9198b9a4-8d8f-4ba6-9924-4c86982d890a,Is someone chopping vegetables in the video?,Yes.,Yes.,50;54;72;76;77;91;92;93;109;117;134;169;182;190;193;197;198;199;200;202;203;207;216;217;218;219;220;221;226;237;238;240;245;262;264;271;278;279;280;289;291;297;300;303;305;306;307;308;309;310;316;317;318;319;328;330;333;334;338;344;373;388;389;418,64,1
9198b9a4-8d8f-4ba6-9924-4c86982d890a,Is the sauce being poured into a bowl?,"No, it's being rolled in flatbreads.","No, the sauce is being poured into a pan.",50;54;72;76;77;91;92;93;109;117;134;169;182;190;193;196;197;198;199;200;202;203;207;216;217;218;219;220;221;226;237;238;240;245;262;264;271;278;279;280;289;291;297;300;303;305;306;307;308;309;310;317;318;319;328;330;333;334;338;344;373;388;389;418,64,1
9198b9a4-8d8f-4ba6-9924-4c86982d890a,Is a cooking activity happening in a bedroom?,"No, it's happening in a kitchen.",no,50;54;72;76;77;91;92;93;109;117;134;169;182;190;193;196;197;198;199;200;202;203;207;216;217;218;219;220;221;226;237;238;240;245;262;264;271;278;279;280;289;291;297;300;303;305;306;307;308;309;310;316;317;318;319;328;333;334;338;344;373;388;389;418,64,1
9198b9a4-8d8f-4ba6-9924-4c86982d890a,Does the frame capture the act of grilling or frying?,No.,"The frame captures the act of grilling or frying, as the tortillas are being cooked on a grill pan.",50;54;72;76;77;81;91;92;93;109;117;134;169;182;190;193;197;198;199;200;202;203;207;216;217;218;219;220;221;226;237;238;240;245;262;264;271;278;279;280;289;291;297;300;303;305;307;308;309;310;316;317;318;319;328;330;333;334;338;344;373;388;389;418,64,1
9198b9a4-8d8f-4ba6-9924-4c86982d890a,"In the video, are vegetables cut before the heat regulator is operated?",Yes,"Yes, vegetables are cut before the heat regulator is operated.",50;54;72;76;77;91;92;93;109;117;134;169;182;190;193;196;197;198;199;200;202;203;207;216;217;218;219;220;221;226;237;238;240;245;262;264;271;278;279;280;289;291;297;300;302;303;305;307;308;309;310;316;317;318;319;328;333;334;338;344;373;388;389;418,64,1
9198b9a4-8d8f-4ba6-9924-4c86982d890a,Does rolling sauce in flatbreads occur after cutting tomatoes?,Yes,"Yes, rolling sauce in flatbreads occurs after cutting tomatoes.",50;54;72;76;77;81;91;92;93;109;117;134;169;182;190;193;197;198;199;200;202;203;207;216;217;218;219;220;221;226;237;238;240;245;262;264;271;278;279;280;289;291;297;300;303;305;306;307;308;309;310;317;318;319;328;330;333;334;338;344;373;388;389;418,64,1
9198b9a4-8d8f-4ba6-9924-4c86982d890a,Does the opening of the drawers happen before using the mobile phone?,No,"No, the opening of the drawers happens after using the mobile phone.",50;54;72;76;77;91;92;93;109;117;134;169;182;190;193;196;197;198;199;200;202;203;207;216;217;218;219;220;221;226;237;238;240;245;262;264;271;278;279;280;289;291;297;300;303;305;307;308;309;310;316;317;318;319;328;330;333;334;338;344;373;388;389;418,64,1
9198b9a4-8d8f-4ba6-9924-4c86982d890a,Is the heat regulator operated before rolling sauce in flatbreads?,No,Yes.,50;54;72;76;77;91;92;93;109;117;134;169;182;190;193;196;197;198;199;200;202;203;207;216;217;218;219;220;221;226;237;238;240;245;262;264;271;278;279;280;289;291;297;300;303;305;307;308;309;310;316;317;318;319;328;330;333;334;338;344;373;388;389;418,64,1
9198b9a4-8d8f-4ba6-9924-4c86982d890a,What occurs just before rolling sauce in flatbreads?,Cutting tomatoes with a knife.,The sauce is scooped into the flatbreads.,50;54;72;76;77;91;92;93;109;117;134;169;182;190;193;196;197;198;199;200;202;203;207;216;217;218;219;220;221;226;237;238;240;245;262;264;271;278;279;280;289;291;297;300;303;305;307;308;309;310;316;317;318;319;328;330;333;334;338;344;373;388;389;418,64,1
9198b9a4-8d8f-4ba6-9924-4c86982d890a,What happens just before operating the heat regulator?,Cutting vegetables with knives.,"Just before operating the heat regulator, the person is seen holding a spatula and a stack of tortillas, preparing to cook the tortillas.",50;54;72;76;77;91;92;93;109;117;134;169;182;190;193;197;198;199;200;202;203;207;216;217;218;219;220;221;226;237;238;240;245;262;264;271;278;279;280;288;289;291;297;300;303;305;307;308;309;310;316;317;318;319;328;330;333;334;338;344;373;388;389;418,64,1
9198b9a4-8d8f-4ba6-9924-4c86982d890a,What is done just before opening drawers in the kitchen?,Operating the heat regulator of the cooker.,"Just before opening drawers in the kitchen, a hand is seen holding a red lid, possibly preparing to place it on a container or lid.",50;54;72;76;77;91;92;93;109;117;134;169;182;190;193;196;197;198;199;200;202;203;207;216;217;218;219;220;221;226;237;238;240;245;262;264;271;278;279;280;289;291;297;300;303;305;307;308;309;310;316;317;318;319;328;330;333;334;338;344;373;388;389;418,64,1
9198b9a4-8d8f-4ba6-9924-4c86982d890a,What activity occurs just before operating a mobile phone?,Rolling sauce in flatbreads.,The person washes their hands under the faucet.,50;54;72;76;77;91;92;93;109;117;134;169;182;190;193;196;197;198;199;200;202;203;207;216;217;218;219;220;221;226;237;238;240;242;245;262;264;271;278;279;280;289;291;297;300;303;305;307;308;309;310;317;318;319;328;330;333;334;338;344;373;388;389;418,64,1
9198b9a4-8d8f-4ba6-9924-4c86982d890a,Is the cabinet opened before the vegetables are chopped?,No,No.,50;54;72;76;77;91;92;93;109;117;134;169;182;190;193;197;198;199;200;202;203;207;216;217;218;219;220;221;226;237;238;240;245;262;264;271;278;279;280;289;291;297;300;303;305;306;307;308;309;310;316;317;318;319;328;330;333;334;338;344;373;388;389;418,64,1
9198b9a4-8d8f-4ba6-9924-4c86982d890a,Does operating the heat regulator happen after chopping vegetables?,Yes,"Yes, operating the heat regulator happens after chopping vegetables.",50;54;72;76;77;91;92;93;109;117;134;169;182;190;193;197;198;199;200;202;203;207;216;217;218;219;220;221;226;237;238;240;245;259;262;264;271;278;279;280;289;291;297;300;303;305;306;307;308;309;310;317;318;319;328;330;333;334;338;344;373;388;389;418,64,1
9198b9a4-8d8f-4ba6-9924-4c86982d890a,Is wrapping sauce in flat bread before cutting vegetables?,No,"No, wrapping sauce in flat bread is not mentioned before cutting vegetables.",50;54;72;76;77;91;92;93;109;117;134;169;182;190;193;197;198;199;200;202;203;207;216;217;218;219;220;221;226;237;238;240;245;259;262;264;271;278;279;280;289;291;297;300;303;305;306;307;308;309;310;317;318;319;328;330;333;334;338;344;373;388;389;418,64,1
9198b9a4-8d8f-4ba6-9924-4c86982d890a,Do I use the mobile phone before opening drawers?,Yes,"No, you should not use the mobile phone before opening drawers.",50;54;72;76;77;81;91;92;93;109;117;134;169;182;190;193;196;197;198;199;200;202;203;207;216;217;218;219;220;221;226;237;238;240;245;262;264;271;278;279;280;289;291;297;300;303;305;307;308;309;310;317;318;319;328;330;333;334;338;344;373;388;389;418,64,1
9198b9a4-8d8f-4ba6-9924-4c86982d890a,What happens just before the cabinet is opened in the video?,Chopping vegetables,A hand reaches for a container of tortillas.,50;54;72;76;77;91;92;93;109;117;134;169;182;190;193;196;197;198;199;200;202;203;207;216;217;218;219;220;221;226;237;238;240;245;262;264;271;278;279;280;289;291;297;300;303;305;307;308;309;310;316;317;318;319;328;330;333;334;338;344;373;388;389;418,64,1
9198b9a4-8d8f-4ba6-9924-4c86982d890a,What occurs immediately before operating the heat regulator?,Cutting vegetables with knives,"Immediately before operating the heat regulator, the person is seen holding a spatula and a bowl of chopped vegetables, preparing to add them to the pan.",50;54;72;76;77;91;92;93;109;117;134;169;182;190;193;197;198;199;200;202;203;207;216;217;218;219;220;221;226;237;238;240;242;245;262;264;271;278;279;280;289;291;297;300;303;305;307;308;309;310;316;317;318;319;328;330;333;334;338;344;373;388;389;418,64,1
9198b9a4-8d8f-4ba6-9924-4c86982d890a,What do I do right before rolling sauce in flat breads?,Cutting tomatoes,"It looks like you're preparing to make tacos or a similar dish. Here are the steps you should follow right before rolling the sauce in flat breads:1. **Prepare the Toppings**: Ensure that all your toppings are ready, such as diced onions, cilantro, lime wedges, and any other garnishes you prefer.2. **Heat the Flatbreads**: If your flatbreads are not already warm, you can heat them in a pan or under a broiler for a few seconds to make them more pliable.3. **Add the Toppings**: Place a spoonful of the sauce onto the center of the flatbread, then add your desired toppings. Be careful not to overfill the flatbread, as this can make it difficult to roll and may cause the filling to spill out.4. **Fold the Flatbread**: Fold the flatbread over the filling, starting with one side and then the other, to create a neat roll. You can tuck in the sides to secure the filling.5. **Serve**: Place the rolled flatbread on a plate and serve immediately. You can also add more toppings on top of the roll if desired.Remember to keep the flatbreads warm while you assemble the rolls, and",50;54;72;76;77;81;91;92;93;109;117;134;169;182;190;193;196;197;198;199;200;202;203;207;216;217;218;219;220;221;226;237;238;240;245;262;264;271;278;279;280;289;291;297;300;303;305;307;308;309;310;317;318;319;328;330;333;334;338;344;373;388;389;418,64,1
9198b9a4-8d8f-4ba6-9924-4c86982d890a,What action takes place just before using the mobile phone?,Rolling sauce in flat breads,"Just before using the mobile phone, the person is seen holding a bowl of chopped vegetables.",50;54;72;76;77;91;92;93;109;117;134;169;182;190;193;196;197;198;199;202;203;207;216;217;218;219;220;221;226;237;238;240;242;245;262;264;271;278;279;280;288;289;291;297;300;303;305;307;308;309;310;317;318;319;328;330;333;334;338;344;373;388;389;418,64,1
9198b9a4-8d8f-4ba6-9924-4c86982d890a,What is done directly before opening drawers in the kitchen?,Operating the heat regulator.,"Directly before opening drawers in the kitchen, a person is seen holding a red lid, possibly preparing to place it on a container or lid.",50;54;72;76;77;91;92;93;109;117;134;169;182;190;193;196;197;198;199;200;202;203;207;216;217;218;219;220;221;226;237;238;240;245;262;264;271;278;279;280;289;291;297;300;303;305;307;308;309;310;316;317;318;319;328;330;333;334;338;344;373;388;389;418,64,1
9198b9a4-8d8f-4ba6-9924-4c86982d890a,What is the setting of the latest video frame?,A kitchen.,"The setting of the latest video frame is a kitchen with a tiled backsplash, a stove with a pot of chili, a pan with a colorful vegetable mixture, and a tray of rolled tortillas.",50;54;72;77;92;93;134;169;190;193;198;202;203;216;217;218;220;221;237;240;262;264;278;279;289;291;297;300;303;305;307;309;310;317;318;319;333;334;344;373;388;389;418;427;429;435;446;448;449;458;459;462;463;470;473;475;478;481;482;484;487;539;540;547,64,1
9198b9a4-8d8f-4ba6-9924-4c86982d890a,What can be seen on the stove in the video clip?,A pan with shawarma filling and bread.,A pot of chili and a pan of mixed vegetables can be seen on the stove.,50;54;72;77;92;93;134;169;190;193;198;202;203;216;217;218;220;221;237;240;262;264;278;279;291;297;300;303;305;307;308;309;310;317;318;319;333;334;344;373;388;389;418;427;429;435;446;448;449;458;459;462;463;470;473;475;478;481;482;484;487;539;540;547,64,1
9198b9a4-8d8f-4ba6-9924-4c86982d890a,How many pans are on the stove in the video?,Two pans.,There are two pans on the stove in the video.,50;54;72;77;92;93;134;169;190;193;198;202;203;216;217;218;220;221;237;240;262;264;278;279;280;291;297;300;303;305;307;309;310;317;318;319;333;334;344;373;388;389;418;427;429;435;446;448;449;458;459;462;463;470;473;475;478;481;482;484;487;539;540;547,64,1
9198b9a4-8d8f-4ba6-9924-4c86982d890a,What objects are visible on the kitchen counter in the video?,Ingredients and utensils.,"A plastic container with tortillas, a bowl of chopped vegetables, and a bottle of oil are visible on the kitchen counter.",50;54;72;77;92;93;134;169;190;193;198;202;203;216;217;218;220;221;237;240;262;264;278;279;280;291;297;300;303;305;307;308;309;310;317;318;319;333;334;344;373;388;389;418;427;429;435;446;448;449;458;459;462;463;470;473;478;481;482;484;487;539;540;547,64,1
9198b9a4-8d8f-4ba6-9924-4c86982d890a,What cooking process is happening in the new frames?,Shawarma filling is being prepared.,"In the new frames, the person is preparing to cook the tortillas by placing them on a black grill pan.",50;54;72;76;77;92;93;134;169;190;193;198;202;203;216;217;218;220;221;237;262;264;278;279;291;297;300;303;305;307;308;309;310;317;318;319;333;334;344;373;388;389;418;427;429;435;446;448;449;458;459;462;463;470;473;475;478;481;482;484;487;539;540;547,64,1
9198b9a4-8d8f-4ba6-9924-4c86982d890a,What action was the cook performing?,Adding bread to the shawarma filling.,"The cook was preparing a dish by filling tortillas with a meat mixture, cooking vegetables, and arranging the filled tortillas on a stovetop.",50;54;72;77;92;93;134;169;190;193;198;202;203;216;217;218;220;221;237;240;262;264;278;279;291;297;300;303;305;307;308;309;310;317;318;319;333;334;338;344;373;388;389;418;427;429;435;446;448;449;458;459;462;463;470;473;478;481;482;484;487;539;540;547,64,1
9198b9a4-8d8f-4ba6-9924-4c86982d890a,How is the cook interacting with the food?,By stirring and combining ingredients.,"The cook is interacting with the food by scooping the meat mixture with a spatula, placing it into the tortillas, and spreading it evenly.",50;54;72;77;92;93;134;169;190;193;198;202;203;216;217;218;220;221;237;240;262;264;278;279;291;297;300;303;305;307;308;309;310;317;318;319;333;334;344;373;388;389;418;427;429;435;446;448;449;458;459;462;463;470;473;475;478;481;482;484;487;539;540;547,64,1
9198b9a4-8d8f-4ba6-9924-4c86982d890a,Describe the cook's technique in the video clip.,Carefully scooping and spreading filling onto bread.,"The cook in the video clip is seen preparing a dish that involves filling tortillas with a mixture of cooked meat and vegetables. The process begins with the cook holding a tortilla in one hand and scooping a portion of the meat mixture with the other. The meat mixture appears to be a combination of ground meat and vegetables, possibly including onions and peppers, cooked in a pan on the stove. The cook then places the meat mixture onto the tortilla and folds it to form a burrito or taco. The tortillas are laid out on a countertop, and the cook repeats this process with several tortillas, filling them with the meat mixture and folding them neatly. The video shows the cook's hands as they handle the tortillas and the meat mixture, indicating a careful and methodical approach to the cooking process. The cook's technique is focused on ensuring that the tortillas are filled evenly and properly, and the meat mixture is well-cooked and evenly distributed.",50;54;72;77;92;93;134;169;190;193;198;202;203;216;217;218;220;221;237;240;262;264;278;279;291;297;300;303;305;307;308;309;310;317;318;319;333;334;344;373;388;389;418;427;429;435;446;448;449;458;459;462;463;470;473;475;478;481;482;484;487;539;540;547,64,1
9198b9a4-8d8f-4ba6-9924-4c86982d890a,Is there more than one dish being cooked simultaneously?,Yes.,Yes.,50;54;72;77;92;93;134;169;190;193;198;202;203;216;217;218;220;221;237;240;262;264;278;279;289;291;297;300;303;305;307;309;310;317;318;319;333;334;344;373;388;389;418;427;429;435;446;448;449;458;459;462;463;470;473;475;478;481;482;484;487;539;540;547,64,1
9198b9a4-8d8f-4ba6-9924-4c86982d890a,Is the cook wearing any protective gloves in the video?,No.,"No, the cook is not wearing any protective gloves in the video.",50;54;72;76;77;92;93;134;169;190;193;198;202;203;216;217;218;220;221;237;240;262;264;278;279;291;297;300;303;305;307;309;310;317;318;319;333;334;344;373;388;389;418;427;429;435;446;448;449;458;459;462;463;470;473;475;478;481;482;484;487;539;540;547,64,1
9198b9a4-8d8f-4ba6-9924-4c86982d890a,Does the video capture the addition of toppings to the shawarma?,No.,"Yes, the video captures the addition of toppings to the shawarma, as the person is seen adding toppings to the shawarma on the grill.",50;54;72;77;92;93;134;169;190;193;198;202;203;216;217;218;220;221;237;240;262;264;278;279;289;291;297;300;303;305;307;309;310;317;318;319;333;334;373;388;389;418;427;429;435;446;448;449;458;459;462;463;470;473;475;478;480;481;482;484;487;539;540;547,64,1
9198b9a4-8d8f-4ba6-9924-4c86982d890a,Is the mobile phone operated before rolling sauce in flat breads?,No,No.,50;54;72;76;77;92;93;134;169;190;193;198;202;203;216;217;218;220;221;237;240;262;264;278;279;291;297;300;303;305;307;309;310;317;318;319;333;334;344;373;388;389;418;427;429;435;446;448;449;458;459;462;463;470;473;475;478;481;482;484;487;539;540;547,64,1
9198b9a4-8d8f-4ba6-9924-4c86982d890a,Do I cut the tomatoes before preparing the shawarma?,Yes,"Yes, you should cut the tomatoes before preparing the shawarma.",50;54;72;76;77;92;93;134;169;190;193;198;202;203;216;217;218;220;221;237;262;264;278;279;289;291;297;300;303;305;307;309;310;317;318;319;333;334;344;373;388;389;418;427;429;435;446;448;449;458;459;462;463;470;473;475;478;481;482;484;487;539;540;547,64,1
9198b9a4-8d8f-4ba6-9924-4c86982d890a,Is the shawarma prepared before cutting tomatoes?,No,"Yes, the shawarma is prepared before cutting tomatoes.",50;54;72;76;77;92;93;134;169;190;193;198;202;203;216;217;218;220;221;237;262;264;278;279;289;291;297;300;303;305;307;309;310;317;318;319;333;334;344;373;388;389;418;427;429;435;446;448;449;458;459;462;463;470;473;475;478;481;482;484;487;539;540;547,64,1
9198b9a4-8d8f-4ba6-9924-4c86982d890a,Do I roll sauce in flat breads after cutting tomatoes?,Yes,"No, you do not roll sauce in flat breads after cutting tomatoes. The video shows the preparation of a dish involving flat breads, but it does not include rolling sauce in flat breads after cutting tomatoes.",50;54;72;76;77;92;93;134;169;190;193;198;202;203;216;217;218;220;221;237;240;262;264;278;279;291;297;300;303;305;307;309;310;317;318;319;333;334;344;373;388;389;418;427;429;435;446;448;449;458;459;462;463;470;473;475;478;481;482;484;487;539;540;547,64,1
9198b9a4-8d8f-4ba6-9924-4c86982d890a,Is the mobile phone operated after preparing the shawarma?,Yes,"No, the mobile phone is not operated after preparing the shawarma.",50;54;72;76;77;92;93;134;169;190;193;198;202;203;216;217;218;220;221;237;240;262;264;278;279;289;291;297;300;303;305;307;309;310;317;318;319;333;334;373;388;389;418;427;429;435;446;448;449;458;459;462;463;470;473;475;478;481;482;484;487;539;540;547,64,1
9198b9a4-8d8f-4ba6-9924-4c86982d890a,What action occurs just before I operated the mobile phone?,Rolling sauce in flat breads,The person is seen holding a tortilla and scooping meat from the pot.,50;54;72;77;92;93;134;169;190;193;198;202;203;216;217;218;220;221;237;240;262;264;278;279;291;297;300;303;305;307;309;310;317;318;319;333;334;338;344;373;388;389;418;427;429;435;446;448;449;458;459;462;463;470;473;475;478;481;482;484;487;539;540;547,64,1
9198b9a4-8d8f-4ba6-9924-4c86982d890a,What do I do before cutting the tomatoes?,"Nothing, it is the first action.","Before cutting the tomatoes, you should first wash them thoroughly under running water to remove any dirt or debris. Then, you can use a sharp knife to slice them. If you want to cut them into smaller pieces or wedges, you can do so by making vertical and horizontal cuts, creating smaller sections. If you prefer to dice the tomatoes, you can cut them into halves, quarters, or smaller pieces, and then chop them into smaller cubes. Make sure to handle the knife carefully to avoid any accidents.",50;54;72;77;92;93;134;169;190;193;198;202;203;216;217;218;220;221;237;240;262;264;278;279;289;291;297;300;303;305;307;309;310;317;318;319;333;334;344;373;388;389;418;427;429;435;446;448;449;458;459;462;463;470;473;475;478;481;482;484;487;539;540;547,64,1
9198b9a4-8d8f-4ba6-9924-4c86982d890a,What occurs just before preparing the shawarma?,Operating the mobile phone,"The person is seen holding a tortilla and scooping the meat from the pan, preparing to assemble the shawarma.",50;54;72;77;92;93;134;169;190;193;198;202;203;216;217;218;220;221;237;262;264;278;279;289;291;297;300;303;305;307;309;310;317;318;319;333;334;338;344;373;388;389;418;427;429;435;446;448;449;458;459;462;463;470;473;475;478;481;482;484;487;539;540;547,64,1
9198b9a4-8d8f-4ba6-9924-4c86982d890a,"In the video, did I open the kitchen drawers before cutting vegetables?",No,"No, you did not open the kitchen drawers before cutting vegetables.",50;54;72;76;77;92;93;134;169;190;193;198;202;203;216;217;218;220;221;237;262;264;278;279;291;297;300;303;305;307;308;309;310;317;318;319;333;334;344;373;388;389;418;427;429;435;446;448;449;458;459;462;463;470;473;475;478;481;482;484;487;539;540;547,64,1
9198b9a4-8d8f-4ba6-9924-4c86982d890a,Does the cooking of shawarma happen before regulating the cooker's heat?,Yes,"No, the cooking of shawarma happens after regulating the cooker's heat.",50;54;72;76;77;92;93;134;169;190;193;198;202;203;216;217;218;220;221;237;240;262;264;278;279;291;297;300;303;305;307;309;310;317;318;319;333;334;344;373;388;389;418;427;429;435;446;448;449;458;459;462;463;470;473;475;478;481;482;484;487;539;540;547,64,1
9198b9a4-8d8f-4ba6-9924-4c86982d890a,"In the video, is the mobile phone operated after the sauce is rolled in flatbreads?",Yes,"No, the mobile phone is not operated after the sauce is rolled in flatbreads.",50;54;72;77;92;93;134;169;190;193;198;202;203;216;217;218;220;221;237;240;262;264;278;279;291;297;300;303;305;307;309;310;317;318;319;333;334;344;373;388;389;418;427;429;435;446;448;449;458;459;462;463;470;473;475;478;480;481;482;484;487;539;540;547,64,1
9198b9a4-8d8f-4ba6-9924-4c86982d890a,Is heat regulation done before cutting tomatoes with a knife?,No,"Yes, heat regulation is done before cutting tomatoes with a knife.",50;54;72;76;77;92;93;134;169;190;193;198;202;203;216;217;218;220;221;237;240;262;264;278;279;291;297;300;303;305;307;309;310;317;318;319;333;334;344;373;388;389;418;427;429;435;446;448;449;458;459;462;463;470;473;475;478;481;482;484;487;539;540;547,64,1
9198b9a4-8d8f-4ba6-9924-4c86982d890a,"In the video sequence, what do I do before cooking shawarma?",Cut vegetables,"In the video sequence, the preparation for cooking shawarma involves several steps before the actual cooking process. Here's a breakdown of the steps shown:1. **Preparation of Ingredients**: The video starts with the preparation of ingredients, including chopping vegetables and preparing the shawarma meat. The vegetables are diced and placed in a bowl, and the shawarma meat is seasoned and ready for cooking.2. **Cooking the Vegetables**: The diced vegetables are sautéed in a pan, likely to soften them and add flavor. This step is crucial for the shawarma as it provides a flavorful base for the dish.3. **Cooking the Meat**: The seasoned shawarma meat is cooked in a pan or on a grill. The meat is likely to be grilled or pan-fried to achieve a crispy exterior and a juicy interior.4. **Assembly of Shawarma**: Once the meat and vegetables are cooked, they are assembled in a pita bread, which is a traditional accompaniment for shawarma. The meat and vegetables are placed inside the pita, and the pita is folded over the filling.5. **Cooking the Shawarma**: The assembled shawarma is then cooked on a grill or in a pan",50;54;72;77;92;93;134;169;190;193;198;202;203;216;217;218;220;221;237;240;262;264;278;279;289;291;297;300;303;305;307;309;310;317;318;319;333;334;344;373;388;389;418;427;429;435;446;448;449;458;459;462;463;470;473;475;478;481;482;484;487;539;540;547,64,1
9198b9a4-8d8f-4ba6-9924-4c86982d890a,Describe the setting shown in the video clip.,A kitchen where shawarma is being prepared.,"The video takes place in a kitchen with a tiled backsplash and various cooking utensils and ingredients visible on the counter. The main focus is on the preparation of a dish involving tortillas and a mixture of cooked vegetables and meat. The person in the video is seen handling tortillas, scooping a mixture from a pan, and placing it into the tortillas. The kitchen counter has a bowl of chopped vegetables, a container of tortillas, and a blender with a mixture inside. The stove has a pan with a mixture of cooked vegetables and meat, and a pot with a similar mixture. The person is wearing a black sleeve and has red nail polish.",54;72;134;169;190;193;198;202;203;216;217;218;221;237;262;264;278;279;291;297;300;303;305;307;309;310;317;318;319;333;334;373;388;389;418;427;429;446;448;449;458;459;462;463;470;473;478;481;482;484;487;539;540;547;556;557;604;606;610;618;621;626;627;630,64,1
9198b9a4-8d8f-4ba6-9924-4c86982d890a,What is happening in these new frames?,Shawarma is being filled with ingredients.,"In the new frames, we see a person in a kitchen preparing food. They are holding a tortilla and appear to be filling it with a mixture of cooked meat and vegetables from a pan. The kitchen counter is cluttered with various cooking ingredients and utensils, including a bowl of chopped vegetables, a container of tortillas, and a blender. The person is using a spatula to transfer the filling from the pan into the tortilla. The scene suggests that they are in the process of making tacos or a similar dish.",54;72;134;169;190;198;202;203;216;217;218;220;221;237;262;264;278;279;291;297;300;303;305;307;309;310;317;318;319;333;334;373;388;389;418;427;429;446;448;449;458;459;462;463;470;473;478;481;482;484;487;539;540;547;556;557;604;606;610;618;621;626;627;630,64,1
9198b9a4-8d8f-4ba6-9924-4c86982d890a,Is the person in the video making a meal?,Yes.,Yes.,54;72;134;169;190;198;202;203;216;217;218;220;221;237;262;264;278;279;291;297;300;303;305;307;309;310;317;318;319;333;334;373;388;389;418;427;429;446;448;449;458;459;462;463;470;473;478;481;482;484;487;539;540;547;556;557;604;606;610;618;621;626;627;630,64,1
9198b9a4-8d8f-4ba6-9924-4c86982d890a,Is the kitchen the main location in these frames?,Yes.,Yes.,54;72;134;169;190;198;202;203;216;217;218;220;221;237;262;264;278;279;291;297;300;303;305;307;309;310;317;318;319;333;334;373;388;389;418;427;429;446;448;449;458;459;462;463;470;473;478;481;482;484;487;539;540;547;556;557;604;606;610;618;621;626;627;630,64,1
9198b9a4-8d8f-4ba6-9924-4c86982d890a,Does the video capture the moment of grilling meat for the shawarma?,No.,"No, the video does not capture the moment of grilling meat for the shawarma. It focuses on the preparation and cooking of the shawarma filling and the vegetables.",54;72;134;169;190;198;202;203;216;217;218;220;221;237;262;264;278;279;291;297;300;303;305;307;309;310;317;318;319;333;334;373;388;389;418;427;429;446;448;449;458;459;462;463;470;473;478;481;482;484;487;539;540;547;556;557;604;606;610;618;621;626;627;630,64,1
9198b9a4-8d8f-4ba6-9924-4c86982d890a,Are spices being added to the food in this clip?,No.,"Yes, spices are being added to the food in this clip.",50;54;72;134;169;190;202;203;216;217;218;220;221;237;262;264;278;279;291;297;300;303;305;307;309;310;317;318;319;333;334;373;388;389;418;427;429;446;448;449;458;459;462;463;470;473;478;481;482;484;487;539;540;547;556;557;604;606;610;618;621;626;627;630,64,1
9198b9a4-8d8f-4ba6-9924-4c86982d890a,"In the video, is the shawarma filling added to the bread before wrapping it?",Yes,"Yes, the shawarma filling is added to the bread before wrapping it.",54;72;134;169;190;198;202;203;216;217;218;220;221;237;262;264;278;279;291;297;300;303;305;307;309;310;317;318;319;333;334;373;388;389;418;427;429;446;448;449;458;459;462;463;470;473;478;481;482;484;487;539;540;547;556;557;604;606;610;618;621;626;627;630,64,1
9198b9a4-8d8f-4ba6-9924-4c86982d890a,Does the chopping of vegetables occur before heating the pan?,No,"Yes, the chopping of vegetables occurs before heating the pan.",54;72;134;169;190;193;198;202;203;216;217;218;220;221;237;262;264;278;279;291;297;300;303;305;307;309;310;317;318;319;333;334;373;388;389;418;427;429;446;448;449;458;459;462;463;470;473;478;481;484;487;539;540;547;556;557;604;606;610;618;621;626;627;630,64,1
9198b9a4-8d8f-4ba6-9924-4c86982d890a,Is the stove turned off before removing the pan from heat?,Yes,Yes.,50;54;72;134;169;190;193;198;202;203;216;217;218;221;237;262;264;278;279;291;297;300;303;305;307;309;310;317;318;319;333;334;373;388;389;418;427;429;446;448;449;458;459;462;463;470;473;478;481;482;484;487;539;540;547;556;557;606;610;618;621;626;627;630,64,1
9198b9a4-8d8f-4ba6-9924-4c86982d890a,"In the video, is the bread placed on the pan before adding fillings?",Yes,"No, the bread is placed on the pan after the fillings have been added.",50;54;72;134;169;190;198;202;203;216;217;218;221;237;262;264;278;279;291;297;300;303;305;307;309;310;317;318;319;333;334;373;388;389;418;427;429;446;448;449;458;459;462;463;470;473;478;481;482;484;487;539;540;547;556;557;604;606;610;618;621;626;627;630,64,1
9198b9a4-8d8f-4ba6-9924-4c86982d890a,Is the shawarma served before adding sauce?,No,"Yes, the shawarma is served before adding sauce.",54;72;134;169;190;193;198;202;203;216;217;218;220;221;237;262;264;279;291;297;300;303;305;307;309;310;317;318;319;333;334;373;388;389;418;427;429;446;448;449;458;459;462;463;470;473;478;481;482;484;487;539;540;547;556;557;604;606;610;618;621;626;627;630,64,1
9198b9a4-8d8f-4ba6-9924-4c86982d890a,What do I do before adding the shawarma filling to the bread?,Chop vegetables,"Before adding the shawarma filling to the bread, you should ensure that the bread is warm and ready to be filled. In the video, the bread is shown on a tray next to the stove, indicating that it has been heated. You can also see a pan with a mixture of vegetables being cooked, which could be part of the filling. Once the bread is warm, you can start assembling the shawarma by placing the cooked shawarma meat onto the bread, followed by the vegetable mixture, and then any additional toppings or sauces as desired.",54;72;134;169;190;193;198;202;203;216;217;218;221;237;262;264;278;279;291;297;300;303;305;307;309;310;317;318;319;333;334;373;388;389;418;427;429;446;448;449;458;459;462;463;470;473;478;481;482;484;487;539;540;547;556;557;604;606;610;618;621;626;627;630,64,1
9198b9a4-8d8f-4ba6-9924-4c86982d890a,What is done before turning off the stove?,Cook shawarma,"Before turning off the stove, the person ensures that the food is well-cooked and ready to be served.",50;54;72;134;169;190;193;198;202;203;216;217;218;221;237;262;264;278;279;291;297;300;303;305;307;309;310;317;318;319;333;334;373;388;389;418;427;429;446;448;449;458;459;462;463;470;473;478;481;482;484;487;539;540;547;556;557;606;610;618;621;626;627;630,64,1
9198b9a4-8d8f-4ba6-9924-4c86982d890a,What is the immediate step before serving the shawarma?,Add sauce,The immediate step before serving the shawarma is to scoop the meat mixture onto the flatbread.,54;72;134;169;190;193;198;202;203;216;217;218;221;237;262;264;278;279;291;297;300;303;305;307;309;310;317;318;319;333;334;373;388;389;418;427;429;446;448;449;458;459;462;463;470;473;478;481;482;484;487;539;540;547;556;557;604;606;610;618;621;626;627;630,64,1
9198b9a4-8d8f-4ba6-9924-4c86982d890a,"In the video, is the sauce added to the flat bread before cutting the tomatoes?",No,"No, the sauce is added to the flat bread after cutting the tomatoes.",54;72;93;134;169;190;202;203;216;217;218;220;221;237;262;264;278;279;291;297;300;303;305;307;309;310;317;318;319;333;334;373;388;389;418;427;429;446;448;449;458;459;462;463;470;473;478;481;482;484;487;539;540;547;556;557;604;606;610;618;621;626;627;630,64,1
9198b9a4-8d8f-4ba6-9924-4c86982d890a,Does the person operate the mobile phone after rolling the sauce in the flat breads?,Yes,"Yes, the person operates the mobile phone after rolling the sauce in the flat breads.",54;72;93;134;169;190;198;202;203;216;217;218;220;221;237;262;264;278;279;291;297;300;303;305;307;309;310;317;318;319;333;334;373;388;389;418;427;429;446;448;449;458;459;462;463;470;473;478;481;482;484;487;539;540;547;556;557;604;606;610;621;626;627;630,64,1
9198b9a4-8d8f-4ba6-9924-4c86982d890a,Is the shawarma prepared before the tomatoes are cut with a knife?,Yes,"Yes, the shawarma is prepared before the tomatoes are cut with a knife.",54;72;134;169;190;198;202;203;216;217;218;220;221;237;262;264;278;279;291;297;300;303;305;307;309;310;317;318;319;333;334;373;388;389;418;427;429;446;448;449;458;459;462;463;470;473;478;481;482;484;487;539;540;547;556;557;604;606;610;618;621;626;627;630,64,1
9198b9a4-8d8f-4ba6-9924-4c86982d890a,"In the video, does rolling the sauce happen before the shawarma preparation?",No,"No, rolling the sauce happens after the shawarma preparation.",54;72;134;169;190;193;198;202;203;216;217;218;221;237;262;264;278;279;291;297;300;303;305;307;309;310;317;318;319;333;334;373;388;389;418;427;429;446;448;449;458;459;462;463;470;473;478;481;482;484;487;539;540;547;556;557;604;606;610;618;621;626;627;630,64,1
9198b9a4-8d8f-4ba6-9924-4c86982d890a,Is the flat bread used before operating the mobile phone?,Yes,No.,54;72;134;169;190;193;198;202;203;216;217;218;220;221;237;262;264;278;279;291;297;300;303;305;307;309;310;317;318;319;333;334;373;388;389;418;427;429;446;448;449;458;459;462;463;470;473;478;481;482;484;487;539;540;547;556;557;604;606;610;621;626;627;630,64,1
9198b9a4-8d8f-4ba6-9924-4c86982d890a,What setting is portrayed in the latest clip?,A kitchen setting.,"The latest clip portrays a kitchen setting with a tiled backsplash, a stove with a pot of chili, a pan with a mixture of vegetables, and a countertop with various ingredients and utensils.",54;72;134;169;190;202;203;216;218;221;237;262;264;278;279;291;297;300;303;305;307;309;310;317;318;319;334;373;388;389;427;429;446;448;449;458;459;462;463;470;473;478;481;484;487;539;540;547;556;557;604;606;610;621;626;627;630;694;717;718;746;764;766;770,64,1
9198b9a4-8d8f-4ba6-9924-4c86982d890a,What activity is featured in the frame?,Preparing shawarma.,The activity featured in the frame is cooking.,50;54;72;134;169;190;202;203;216;217;218;221;237;262;264;278;279;291;297;300;303;305;307;309;310;318;319;334;373;388;389;418;427;429;446;448;449;458;462;463;470;473;478;481;484;487;539;540;547;556;557;606;610;621;626;627;630;694;717;718;746;764;766;770,64,1
9198b9a4-8d8f-4ba6-9924-4c86982d890a,Is the shawarma preparation process completed in the clip?,No.,"No, the clip ends with the person still in the process of preparing the shawarma, with the filling being added to the wraps.",54;72;134;169;190;202;203;216;217;218;220;221;237;262;264;279;291;297;300;303;305;307;309;310;317;318;319;333;334;373;388;389;418;427;429;446;448;449;458;459;462;463;470;473;478;481;484;487;539;540;547;556;557;606;610;618;621;626;627;630;694;746;766;770,64,1
9198b9a4-8d8f-4ba6-9924-4c86982d890a,Is there more than one person visible in the kitchen?,No.,"Yes, there is another person visible in the kitchen, holding a plate of tortillas.",54;72;134;169;190;202;203;216;217;218;221;237;262;264;278;279;291;297;300;303;305;307;309;310;317;318;333;334;373;388;389;418;427;429;446;448;449;458;459;462;463;470;473;478;481;484;487;539;540;547;556;557;596;604;606;610;621;626;627;630;694;764;766;770,64,1
9198b9a4-8d8f-4ba6-9924-4c86982d890a,Does the clip show any cooking appliances being used?,No.,"Yes, the clip shows the use of a stove and a pan for cooking.",54;72;134;169;190;202;203;216;217;218;221;237;262;264;279;291;297;300;303;305;307;309;310;317;318;319;333;334;373;388;389;418;427;429;446;448;449;458;459;462;463;470;473;478;481;482;484;487;539;540;547;556;557;604;606;610;618;621;626;627;630;694;766;770,64,1
9198b9a4-8d8f-4ba6-9924-4c86982d890a,Is there any sign of food already cooked in the scene?,No.,"Yes, there is a pot of chili on the stove and a plate of cooked food on the counter.",54;72;134;169;190;202;203;216;217;218;221;237;262;264;278;279;291;297;300;303;305;307;309;310;317;318;319;333;334;373;388;389;418;427;429;446;448;449;458;462;463;470;473;478;481;482;484;487;539;540;547;556;557;606;610;621;626;627;630;694;717;764;766;770,64,1
9198b9a4-8d8f-4ba6-9924-4c86982d890a,Is the person in the frame wearing gloves?,No.,"No, the person is not wearing gloves.",54;72;134;169;190;202;203;216;218;221;237;262;264;278;279;291;297;300;303;305;307;309;310;317;318;319;333;334;373;388;389;418;427;429;446;448;449;458;459;462;463;470;473;478;481;484;487;539;540;547;556;557;604;606;610;621;626;627;630;694;746;764;766;770,64,1
9198b9a4-8d8f-4ba6-9924-4c86982d890a,"In the video, is the meat added to the shawarma wrap before chopping the herbs?",No,"No, the meat is added to the shawarma wrap after chopping the herbs.",54;72;134;169;190;202;203;216;218;220;221;237;262;264;279;291;297;300;303;305;307;309;310;317;318;319;333;334;373;388;389;418;427;429;446;448;449;458;459;462;463;470;473;478;481;484;487;539;540;547;556;557;604;606;610;618;621;626;627;630;694;746;766;770,64,1
9198b9a4-8d8f-4ba6-9924-4c86982d890a,"In the video, is the shawarma wrap prepared before the vegetables are chopped?",Yes,"No, the shawarma wrap is not prepared before the vegetables are chopped. The video shows the preparation of the shawarma wrap after the vegetables are chopped.",54;72;134;169;190;202;203;216;218;220;221;237;262;264;279;291;297;300;303;305;307;309;310;317;318;319;333;334;373;388;389;418;427;429;446;448;449;458;459;462;463;470;473;478;481;484;487;539;540;547;556;557;604;606;610;618;621;626;627;630;694;746;766;770,64,1
9198b9a4-8d8f-4ba6-9924-4c86982d890a,Does chopping herbs happen after the vegetables are mixed in the bowl?,No,"No, chopping herbs happens before the vegetables are mixed in the bowl.",54;72;134;169;190;198;202;203;216;218;220;221;237;262;264;279;291;297;300;303;305;307;309;310;317;318;319;333;334;373;388;389;418;427;429;446;448;449;458;459;462;463;470;473;478;481;484;487;539;540;547;556;557;604;606;610;618;621;626;627;630;694;766;770,64,1
9198b9a4-8d8f-4ba6-9924-4c86982d890a,Is the shawarma meat cooked before the vegetables are cut?,Yes,"Yes, the shawarma meat is cooked before the vegetables are cut.",54;72;134;169;190;198;202;203;216;217;218;220;221;237;262;264;279;291;297;300;303;305;307;309;310;317;318;319;333;334;373;388;389;418;427;429;446;448;449;458;459;462;463;470;473;478;481;484;487;539;540;547;556;557;604;606;610;621;626;627;630;694;766;770,64,1
9198b9a4-8d8f-4ba6-9924-4c86982d890a,What happens just before the shawarma meat is added to the wrap in the video?,The vegetables are mixed in a bowl,The shawarma meat is scooped from a pan and placed into a tortilla.,54;72;134;169;190;198;202;203;216;217;218;221;237;262;264;278;279;291;297;300;303;305;307;309;310;317;318;319;333;334;373;388;389;418;427;429;446;448;449;458;459;462;463;470;473;478;481;484;487;539;540;547;556;557;606;610;621;626;627;630;694;764;766;770,64,1
9198b9a4-8d8f-4ba6-9924-4c86982d890a,What action takes place before the wrap is rolled up in the video?,The meat and vegetables are added to it,"Before the wrap is rolled up, the person scoops the meat mixture from the pan and places it onto the tortilla.",50;54;72;134;169;190;198;202;203;216;217;218;221;237;262;264;278;279;291;297;300;303;305;307;309;310;318;319;333;334;373;388;389;418;427;429;446;448;449;458;462;463;470;473;478;481;482;484;487;539;540;547;556;557;606;610;621;626;627;630;694;764;766;770,64,1
9198b9a4-8d8f-4ba6-9924-4c86982d890a,"In the video, is the meat placed on the bread before adding vegetables?",No,"Yes, the meat is placed on the bread before adding vegetables.",54;72;134;169;190;202;203;216;217;218;221;237;262;264;278;279;291;297;300;303;305;307;309;310;317;318;319;334;373;388;389;418;427;429;446;448;449;458;459;462;463;470;473;478;481;482;484;487;539;540;547;556;557;604;606;610;621;626;627;630;694;764;766;770,64,1
9198b9a4-8d8f-4ba6-9924-4c86982d890a,Is the bread toasted before spreading the meat on it?,No,"No, the bread is not toasted before spreading the meat on it.",54;72;134;169;190;202;203;216;217;218;220;221;237;262;264;278;279;291;297;300;303;305;307;309;310;317;318;319;333;334;373;388;389;418;427;429;446;448;449;458;459;462;463;470;473;478;481;484;487;539;540;547;556;557;604;606;610;621;626;627;630;694;766;770,64,1
9198b9a4-8d8f-4ba6-9924-4c86982d890a,"In the clip, is the chopping of vegetables shown before the frying of meat?",Yes,"No, the chopping of vegetables is shown after the frying of meat.",54;72;93;134;169;190;202;203;216;218;220;221;237;262;264;279;291;297;300;303;305;307;309;310;317;318;319;334;373;388;389;418;427;429;446;448;449;458;459;462;463;470;473;478;481;484;487;539;540;547;556;557;604;606;610;621;626;627;630;694;746;764;766;770,64,1
9198b9a4-8d8f-4ba6-9924-4c86982d890a,Does the video show adding condiments after the meat is placed on the bread?,Yes,"Yes, the video shows the person adding condiments after the meat is placed on the bread.",54;72;134;169;190;202;203;216;217;218;221;237;262;264;278;279;291;297;300;303;305;307;309;310;317;318;319;333;334;373;388;389;418;427;429;446;448;449;458;459;462;463;470;473;478;481;482;484;487;539;540;547;556;557;604;606;610;621;626;627;630;694;766;770,64,1
9198b9a4-8d8f-4ba6-9924-4c86982d890a,What occurs just before the meat is added to the bread in the video?,Vegetables are chopped,The meat is scooped from a pan and placed into a bowl.,50;54;72;134;169;190;202;203;216;217;218;221;237;262;264;278;279;291;297;300;303;305;307;309;310;318;319;333;334;373;388;389;418;427;429;446;448;449;458;459;462;463;470;473;478;481;484;487;539;540;547;556;557;606;610;621;626;627;630;694;718;764;766;770,64,1
9198b9a4-8d8f-4ba6-9924-4c86982d890a,"In the video sequence, what do we see happening before the bread is picked up?",Vegetables being sautéed,"Before the bread is picked up, we see a close-up of a hand holding a piece of bread over a pan with a mixture of beans and vegetables.",54;72;134;169;190;202;203;216;217;218;221;237;262;264;278;279;291;297;300;303;305;307;309;310;318;319;333;334;373;388;389;418;427;429;446;448;449;458;459;462;463;470;473;478;481;484;487;539;540;547;556;557;604;606;610;621;626;627;630;694;718;764;766;770,64,1
9198b9a4-8d8f-4ba6-9924-4c86982d890a,"Before the chopping of vegetables, what event is shown in the clip?",Preparing other ingredients,"Before the chopping of vegetables, the clip shows a person holding a bowl of chopped vegetables over a pan on the stove.",54;72;134;169;190;202;203;216;218;221;237;262;264;278;279;291;297;300;303;305;307;309;310;317;318;319;334;373;388;389;418;427;429;446;448;449;458;459;462;463;470;473;478;481;482;484;487;539;540;547;556;557;604;606;610;621;626;627;630;694;746;764;766;770,64,1
9198b9a4-8d8f-4ba6-9924-4c86982d890a,What does the cook do before adding condiments to the shawarma?,Place meat on the bread,The cook spreads a sauce on the shawarma before adding condiments.,54;72;134;169;190;198;202;203;216;217;218;221;237;262;264;278;279;291;297;300;303;305;307;309;310;317;318;319;333;334;373;388;389;418;427;429;446;448;449;458;459;462;463;470;473;478;481;484;487;539;540;547;556;557;606;610;618;621;626;627;630;694;766;770,64,1
9198b9a4-8d8f-4ba6-9924-4c86982d890a,What is the setting of this scene?,A kitchen.,The setting of this scene is a kitchen where a person is preparing food.,50;54;72;134;169;190;198;202;203;216;217;218;221;237;262;264;278;279;291;297;300;303;305;307;309;310;317;318;319;334;373;388;389;418;427;429;446;448;449;458;459;462;463;470;473;478;481;484;487;539;540;547;556;557;606;610;621;626;627;630;694;764;766;770,64,1
9198b9a4-8d8f-4ba6-9924-4c86982d890a,What culinary activity is taking place?,Preparing shawarma.,The video shows the preparation of a meal involving filling tortillas with a meat mixture and cooking vegetables in a pan.,54;72;134;169;190;193;198;202;203;216;217;218;221;237;262;264;279;291;297;300;303;305;307;309;310;318;319;333;334;373;388;389;418;427;429;446;448;449;458;462;463;470;473;478;481;484;487;539;540;547;556;557;610;621;626;627;630;694;717;718;746;764;766;770,64,1
9198b9a4-8d8f-4ba6-9924-4c86982d890a,Which type of cuisine is being worked on?,"Middle Eastern, specifically shawarma.",Mexican cuisine,54;72;134;169;190;202;203;216;217;218;221;237;262;264;278;279;291;297;300;303;305;307;309;310;317;318;319;333;334;373;388;389;418;427;429;446;448;449;458;462;463;470;473;478;481;484;487;539;540;547;556;557;610;621;626;627;630;694;717;718;746;764;766;770,64,1
9198b9a4-8d8f-4ba6-9924-4c86982d890a,Are any other tasks being carried out besides cooking?,"No, just cooking.","Yes, besides cooking, the person is also preparing a bowl of chopped vegetables and handling a stack of tortillas.",54;72;134;169;190;202;203;216;218;221;237;262;264;278;279;291;297;300;303;305;307;309;310;317;318;319;333;334;373;388;389;418;427;429;446;448;449;458;459;462;463;470;473;478;481;484;487;539;540;547;556;557;604;606;610;621;626;627;630;694;746;764;766;770,64,1
9198b9a4-8d8f-4ba6-9924-4c86982d890a,Is the kitchen residential or commercial?,It appears residential.,Residential,54;72;134;169;190;198;202;203;216;218;220;221;237;262;264;279;291;297;300;303;305;307;309;310;317;318;319;333;334;373;388;389;427;429;446;448;449;458;459;462;463;470;473;478;481;484;487;539;540;547;556;557;604;606;610;618;621;626;627;630;694;746;766;770,64,1
9198b9a4-8d8f-4ba6-9924-4c86982d890a,Is any equipment being used in the action?,"Yes, a knife for chopping.","Yes, a blender is being used to blend the vegetables.",54;72;134;169;190;193;202;203;216;217;218;221;237;262;264;278;279;291;297;300;303;305;307;309;310;318;319;333;334;373;388;389;418;427;429;446;448;449;458;462;463;470;473;478;481;482;484;487;539;540;547;556;557;610;621;626;627;630;694;718;746;764;766;770,64,1
9198b9a4-8d8f-4ba6-9924-4c86982d890a,Is the person cooking alone or with others?,The clip only shows one person cooking.,The video does not provide information about whether the person is cooking alone or with others.,54;72;134;169;190;202;203;216;218;221;237;262;264;278;279;291;297;300;303;305;307;309;310;317;318;319;333;334;373;388;389;418;427;429;446;448;449;458;459;462;463;470;473;478;481;484;487;539;540;547;556;557;604;610;621;626;627;630;694;718;746;764;766;770,64,1
9198b9a4-8d8f-4ba6-9924-4c86982d890a,Is there more than one person in this scene?,No.,"Yes, there is another person in the scene who is holding a plate of tortillas and assisting with the cooking process.",54;72;134;169;190;202;203;216;217;218;221;237;262;264;278;279;291;297;300;303;305;307;309;310;317;318;319;333;334;373;388;389;418;427;429;446;448;449;458;459;462;463;470;473;478;481;484;487;539;540;547;556;557;604;606;610;621;626;627;630;694;764;766;770,64,1
9198b9a4-8d8f-4ba6-9924-4c86982d890a,Has the meal been completed in this frame?,No.,"No, the meal has not been completed in this frame. The video shows the preparation of a dish involving filling tortillas with a meat mixture and cooking vegetables, but the final steps of cooking the tortillas and the vegetables are not shown.",54;72;134;169;190;202;203;216;217;218;221;237;262;264;278;279;291;297;300;303;305;307;309;310;317;318;319;334;373;388;389;418;427;429;446;448;449;458;459;462;463;470;473;478;481;484;487;539;540;547;556;557;604;606;610;618;621;626;627;630;694;746;766;770,64,1
9198b9a4-8d8f-4ba6-9924-4c86982d890a,Is the person in the video cleaning?,No.,"No, the person in the video is cooking.",54;72;134;169;190;202;203;216;217;218;221;237;262;264;278;279;291;297;300;303;305;307;309;310;317;318;319;333;334;373;388;389;418;427;429;446;448;449;458;459;462;463;470;473;478;481;484;487;539;540;547;556;557;610;621;626;627;630;694;718;746;764;766;770,64,1
9198b9a4-8d8f-4ba6-9924-4c86982d890a,Does this clip show the finished shawarma dish?,No.,"No, the clip does not show the finished shawarma dish. It shows the preparation process, including the cooking of the meat and vegetables, but the final dish is not presented.",54;72;134;169;190;198;202;203;216;218;220;221;237;262;264;279;291;297;300;303;305;307;309;310;317;318;319;333;334;373;388;389;418;427;429;446;448;449;458;459;462;463;470;473;478;481;484;487;539;540;547;556;557;604;606;610;618;621;626;627;630;694;766;770,64,1
9198b9a4-8d8f-4ba6-9924-4c86982d890a,Are there any children present in this video?,No.,"No, there are no children present in this video.",54;72;134;169;190;202;203;216;217;218;221;237;262;264;278;279;291;297;300;303;305;307;309;310;317;318;319;333;334;373;388;389;427;429;446;448;449;458;459;462;463;470;473;478;481;484;487;539;540;547;556;557;606;610;621;626;627;630;694;717;746;764;766;770,64,1
9198b9a4-8d8f-4ba6-9924-4c86982d890a,"In the video, is the shawarma prepared after I washed the vegetables?",No,"No, the shawarma is prepared before the vegetables are washed.",54;72;134;169;190;198;202;203;216;217;218;221;237;262;264;279;291;297;300;303;305;307;309;310;317;318;319;333;334;373;388;389;418;427;429;446;448;449;458;459;462;463;470;473;478;481;484;487;539;540;547;556;557;604;606;610;618;621;626;627;630;694;766;770,64,1
9198b9a4-8d8f-4ba6-9924-4c86982d890a,"In the video, do I chop the parsley before assembling the shawarma?",Yes,"Yes, in the video, the parsley is chopped before being used to assemble the shawarma.",54;72;134;169;190;198;202;203;216;218;220;221;237;262;264;279;291;297;300;303;305;307;309;310;317;318;319;333;334;373;388;389;418;427;429;446;448;458;459;462;463;470;473;478;481;484;487;539;540;547;556;557;604;606;610;618;621;626;627;630;694;746;766;770,64,1
9198b9a4-8d8f-4ba6-9924-4c86982d890a,Does cutting tomatoes occur before the marinating of meat?,Yes,"No, cutting tomatoes occurs after the marinating of meat.",54;72;134;169;190;198;202;203;216;217;218;220;221;237;262;264;279;291;297;300;303;305;307;309;310;317;318;319;333;334;373;388;389;427;429;446;448;449;458;459;462;463;470;473;478;481;484;487;539;540;547;556;557;604;606;610;618;621;626;627;630;694;766;770,64,1
9198b9a4-8d8f-4ba6-9924-4c86982d890a,"In the clip, is the garlic crushed before the tzatziki sauce is mixed?",Yes,"Yes, the garlic is crushed before the tzatziki sauce is mixed.",54;72;134;169;190;202;203;216;218;220;221;237;262;264;279;291;297;300;303;305;307;309;310;317;318;319;334;373;388;389;418;427;429;446;448;449;458;459;462;463;470;473;478;481;484;487;539;540;547;556;557;604;606;610;618;621;626;627;630;694;718;746;766;770,64,1
9198b9a4-8d8f-4ba6-9924-4c86982d890a,Is the lettuce shredded after the hummus is spread on the bread?,Yes,"No, the lettuce is not shredded after the hummus is spread on the bread.",54;72;134;169;190;202;203;216;217;218;220;221;237;262;264;278;279;291;297;300;303;305;307;309;310;317;318;319;333;334;373;388;389;418;427;429;446;448;449;458;459;462;463;470;473;478;481;484;487;539;540;547;556;557;604;606;610;621;626;627;630;694;766;770,64,1
9198b9a4-8d8f-4ba6-9924-4c86982d890a,What happens before I season the shawarma meat?,Chopping onions,"Before seasoning the shawarma meat, the person is seen holding a piece of meat over a pan on the stove, likely preparing to cook or season it.",54;72;134;169;190;198;202;203;216;218;220;221;237;262;264;279;291;297;300;303;305;307;309;310;317;318;319;333;334;373;388;389;427;429;446;448;449;458;459;462;463;470;473;478;481;484;487;539;540;547;556;557;604;606;610;618;621;626;627;630;694;746;766;770,64,1
9198b9a4-8d8f-4ba6-9924-4c86982d890a,What do I do just before wrapping the shawarma?,Adding sauces,"Just before wrapping the shawarma, you typically assemble the ingredients in the order that you prefer. This usually includes placing the meat inside a pita bread, followed by any desired vegetables, sauces, and garnishes. The exact order can vary based on personal preference, but it's common to start with a sauce or spread, followed by vegetables, and then the meat. After adding all the ingredients, you would then fold the pita bread over the filling to create a neat wrap.",54;72;134;169;190;198;202;203;216;218;221;237;262;264;278;279;291;297;300;303;305;307;309;310;317;318;333;334;373;388;389;418;427;429;446;448;449;458;459;462;463;470;473;478;481;484;487;539;540;547;556;557;606;610;618;621;626;627;630;694;746;764;766;770,64,1
9198b9a4-8d8f-4ba6-9924-4c86982d890a,What occurs before I put the shawarma on the grill?,Skewing meat,"Before putting the shawarma on the grill, the person is seen preparing the shawarma by placing it on a plate and then onto a grill pan. The grill pan is already on the stove, and the shawarma is being cooked. The person is using a spatula to handle the shawarma, ensuring it is cooked evenly. The background shows a kitchen setting with various cooking utensils and ingredients, including a bowl of chopped vegetables and a pot of beans. The person is also seen adding more shawarma to the grill pan, indicating that multiple pieces are being cooked simultaneously.",54;72;134;169;190;198;202;203;216;217;218;221;237;262;264;278;279;291;297;300;303;305;307;309;310;317;318;319;333;334;373;388;389;418;427;429;446;448;449;458;459;462;463;470;473;478;481;484;487;539;540;547;556;557;604;606;610;621;626;627;630;694;766;770,64,1
9198b9a4-8d8f-4ba6-9924-4c86982d890a,"In the video, what action precedes slicing the cooked shawarma?",Removing from heat,"The action that precedes slicing the cooked shawarma is the person holding a spatula and a piece of cooked shawarma, preparing to slice it.",54;72;134;169;190;198;202;203;216;218;220;221;237;262;264;279;291;297;300;303;305;307;309;310;317;318;319;333;334;373;388;389;418;427;429;446;448;449;458;459;462;463;470;473;478;481;484;487;539;540;547;556;557;604;606;610;621;626;627;630;694;746;766;770,64,1
9198b9a4-8d8f-4ba6-9924-4c86982d890a,What task is completed before garnishing the dish with parsley?,Placing the shawarma on the plate.,"Before garnishing the dish with parsley, the person completes the task of adding a white sauce to the pan with the meat mixture.",54;72;134;169;190;202;203;216;217;218;220;221;237;262;264;279;291;297;300;303;305;307;309;310;317;318;319;333;334;373;388;389;418;427;429;446;448;449;458;459;462;463;470;473;478;481;484;487;539;540;547;556;557;604;610;621;626;627;630;694;718;746;766;770,64,1
9198b9a4-8d8f-4ba6-9924-4c86982d890a,"In the kitchen, is shawarma added to the pita before chopping the herbs?",No,"No, shawarma is added to the pita after chopping the herbs.",54;72;134;169;190;198;202;203;216;218;220;221;237;262;264;279;291;297;300;303;305;307;309;310;317;318;319;333;334;373;388;389;418;427;429;446;448;449;458;459;462;463;470;473;478;481;484;487;539;540;547;556;557;604;606;610;618;621;626;627;630;694;766;770,64,1
9198b9a4-8d8f-4ba6-9924-4c86982d890a,Are the herbs chopped before the shawarma is cooked?,Yes,"Yes, the herbs are chopped before the shawarma is cooked.",54;72;134;169;190;198;202;203;216;218;220;221;237;262;264;279;291;297;300;303;305;307;309;310;317;318;319;333;334;373;388;389;418;427;429;446;448;449;458;459;462;463;470;473;478;481;484;487;539;540;547;556;557;604;606;610;621;626;627;630;694;746;766;770,64,1
9198b9a4-8d8f-4ba6-9924-4c86982d890a,Is the pita prepared before any cooking starts?,No,"Yes, the pita is prepared before any cooking starts, as it is shown in a plastic container on the counter.",54;72;134;169;190;193;198;202;203;216;217;218;221;237;262;264;279;291;297;300;303;305;307;309;310;318;319;333;334;373;388;389;418;427;429;446;448;449;458;459;462;463;470;473;478;481;484;487;539;540;547;556;557;606;610;618;621;626;627;630;694;718;766;770,64,1
9198b9a4-8d8f-4ba6-9924-4c86982d890a,Is the pan on the stove before chopping the herbs?,Yes,No.,54;72;134;169;190;202;203;216;218;220;221;237;262;264;278;279;291;297;300;303;305;307;309;310;317;318;319;333;334;373;388;389;418;427;429;446;448;449;458;459;462;463;470;473;478;481;484;487;539;540;547;556;557;604;606;610;621;626;627;630;694;746;766;770,64,1
9198b9a4-8d8f-4ba6-9924-4c86982d890a,What happens before the pita is filled with shawarma?,Shawarma is cooked.,"Before the pita is filled with shawarma, the person scoops the shawarma from the pan and places it into the pita.",54;72;134;169;190;198;202;203;216;217;218;220;221;237;262;264;278;279;291;297;300;303;305;307;309;310;317;318;319;333;334;373;388;389;418;427;429;446;448;449;458;459;462;463;470;473;478;481;484;487;539;540;547;556;557;606;610;621;626;627;630;694;766;770,64,1
9198b9a4-8d8f-4ba6-9924-4c86982d890a,What is the action performed after placing the pan on the stove?,Cooking shawarma.,"After placing the pan on the stove, the person stirs the contents of the pan with a spatula.",50;54;72;134;169;190;193;202;203;216;217;218;221;237;262;264;278;279;291;297;300;303;305;307;309;310;318;319;333;334;373;388;389;418;427;429;446;448;449;458;462;463;470;473;478;481;482;484;487;539;540;547;556;557;606;610;621;626;627;630;694;764;766;770,64,1
9198b9a4-8d8f-4ba6-9924-4c86982d890a,What is the setting shown in the video clip?,A kitchen.,The setting shown in the video clip is a kitchen.,54;72;134;169;190;202;203;216;217;218;221;237;262;264;278;279;291;297;300;303;305;307;309;310;318;319;334;373;388;389;418;427;429;446;448;449;458;459;462;463;470;473;478;481;482;484;487;539;540;547;556;557;606;610;621;626;627;630;694;717;746;764;766;770,64,1
9198b9a4-8d8f-4ba6-9924-4c86982d890a,Which dish is being prepared in this video?,Shawarma.,"The video shows the preparation of a dish that includes filling tortillas with a meat mixture and cooking a vegetable mixture, possibly for a taco or burrito filling.",50;54;72;134;169;190;202;203;216;217;218;221;237;262;264;278;279;291;297;300;303;305;307;309;310;318;319;333;334;373;388;389;418;427;429;446;448;449;458;462;463;470;473;478;481;482;484;487;539;540;547;556;557;610;621;626;627;630;694;717;746;764;766;770,64,1
9198b9a4-8d8f-4ba6-9924-4c86982d890a,Are there any decorations visible in the video scene?,"Yes, a Christmas tree.","Yes, there is a Christmas tree visible in the background.",54;72;134;169;190;198;202;203;216;217;218;221;237;262;264;279;291;297;300;303;305;307;309;310;317;318;319;333;334;373;388;389;418;427;429;446;448;449;458;462;463;470;473;478;481;482;484;487;539;540;547;556;557;606;610;621;626;627;630;694;746;764;766;770,64,1
9198b9a4-8d8f-4ba6-9924-4c86982d890a,What appliances are present in the video scene?,A stove and fridge are visible.,"The video scene includes a stove with a pot of chili, a pan with a mixture of vegetables, and a countertop with various ingredients and utensils.",54;72;134;169;190;202;203;216;217;218;221;237;262;264;279;291;297;300;303;305;307;309;310;317;318;319;334;373;388;389;418;427;429;446;448;449;458;459;462;463;470;473;478;481;482;484;487;539;540;547;556;557;606;610;621;626;627;630;694;718;746;764;766;770,64,1
9198b9a4-8d8f-4ba6-9924-4c86982d890a,Is the kitchen depicted as clean or messy?,It appears clean.,The kitchen is depicted as clean and organized.,54;72;134;169;190;198;202;203;216;218;220;221;237;262;264;279;291;297;300;303;305;307;309;310;317;318;319;333;334;373;388;389;427;429;446;448;449;458;459;462;463;470;473;478;481;484;487;539;540;547;556;557;604;606;610;618;621;626;627;630;694;746;766;770,64,1
9198b9a4-8d8f-4ba6-9924-4c86982d890a,Is any cooking appliance being used in the frames?,The stove is being used.,"Yes, a stove is being used in the frames.",54;72;134;169;190;202;203;216;217;218;221;237;262;264;279;291;297;300;303;305;307;309;310;317;318;319;333;334;373;388;389;418;427;429;446;448;449;458;459;462;463;470;473;478;481;482;484;487;539;540;547;556;557;604;606;610;621;626;627;630;694;746;766;770,64,1
9198b9a4-8d8f-4ba6-9924-4c86982d890a,Is there any evidence of recent cooking in the video?,"Yes, a pan is on the stovetop.","Yes, there is evidence of recent cooking in the video. The stove has remnants of food, and the kitchen counter is cluttered with various cooking utensils and ingredients.",54;72;134;169;190;202;203;216;217;218;221;237;262;264;279;291;297;300;303;305;307;309;310;317;318;319;333;334;373;388;389;418;427;429;446;448;449;458;459;462;463;470;473;478;481;484;487;539;540;547;556;557;606;610;621;626;627;630;694;718;746;764;766;770,64,1
9198b9a4-8d8f-4ba6-9924-4c86982d890a,Is food being cooked or assembled?,"Assembled, as shawarma is being prepared.","Yes, food is being cooked and assembled.",54;72;134;169;190;202;203;216;218;221;237;262;264;279;291;297;300;303;305;307;309;310;317;318;319;333;334;373;388;389;418;427;429;446;448;449;458;459;462;463;470;473;478;481;482;484;487;539;540;547;556;557;610;618;621;626;627;630;694;718;746;764;766;770,64,1
9198b9a4-8d8f-4ba6-9924-4c86982d890a,Does the clip show any ingredient being chopped or sliced?,"No, not depicted in the clip.","No, the clip does not show any ingredient being chopped or sliced.",54;72;134;169;190;202;203;216;218;220;221;237;262;264;279;291;297;300;303;305;307;309;310;317;318;319;333;334;373;388;389;427;429;446;448;449;458;459;462;463;470;473;478;481;484;487;539;540;547;556;557;604;606;610;618;621;626;627;630;694;746;764;766;770,64,1
9198b9a4-8d8f-4ba6-9924-4c86982d890a,Is there a person visible in the video clip?,No.,"Yes, there is a person visible in the video clip.",54;72;134;169;190;202;203;216;217;218;221;237;262;264;279;291;297;300;303;305;307;309;310;318;333;334;373;388;389;418;427;429;446;448;449;458;459;462;463;470;473;478;481;482;484;487;539;540;547;556;557;606;610;621;626;627;630;694;717;718;746;764;766;770,64,1
9198b9a4-8d8f-4ba6-9924-4c86982d890a,Does the clip include any festive decorations?,Yes.,"Yes, the clip includes a Christmas tree in the background.",54;72;134;169;190;202;203;216;218;220;221;237;262;264;279;291;297;300;303;305;307;309;310;317;318;319;333;334;373;388;389;427;429;446;448;449;458;459;462;463;470;473;478;481;484;487;539;540;547;556;557;604;606;610;618;621;626;627;630;694;746;764;766;770,64,1
9198b9a4-8d8f-4ba6-9924-4c86982d890a,Can you see any finished dish in the clip?,No.,"Yes, there is a finished dish of a colorful vegetable mixture in a pan on the stove.",54;72;134;169;190;202;203;216;218;221;237;262;264;279;291;297;300;303;305;307;309;310;317;318;333;334;373;388;389;418;427;429;446;448;449;458;459;462;463;470;473;478;481;484;487;539;540;547;556;557;604;606;610;618;621;626;627;630;694;718;746;764;766;770,64,1
9198b9a4-8d8f-4ba6-9924-4c86982d890a,Does the clip show someone doing the dishes?,No.,"No, the clip does not show someone doing the dishes. It focuses on the cooking process.",54;72;134;169;190;202;203;216;218;220;221;237;262;264;278;279;291;297;300;303;305;307;309;310;317;318;319;334;373;388;389;418;427;429;446;448;449;458;459;462;463;470;473;478;481;482;484;487;539;540;547;556;557;604;606;610;618;621;626;627;630;694;766;770,64,1
9198b9a4-8d8f-4ba6-9924-4c86982d890a,Is there any visible flame or food being cooked directly?,No.,"No, there is no visible flame or food being cooked directly.",54;72;134;169;190;193;198;202;203;216;217;218;221;237;262;264;279;291;297;300;303;305;307;309;310;317;318;319;333;334;373;388;389;418;427;429;446;448;449;458;459;462;463;470;473;478;481;482;484;487;539;540;547;556;557;610;621;626;627;630;694;764;766;770,64,1
9198b9a4-8d8f-4ba6-9924-4c86982d890a,What is the setting of the latest video clip?,The setting is a kitchen.,The setting of the latest video clip is a kitchen with a tiled backsplash and various cooking utensils and ingredients on the counter.,54;72;134;169;190;202;203;216;217;218;221;237;262;264;278;279;291;297;300;303;305;307;309;310;317;318;319;334;373;388;389;418;427;429;446;448;449;458;459;462;463;470;473;478;481;484;487;539;540;547;556;557;604;606;610;621;626;627;630;694;746;764;766;770,64,1
9198b9a4-8d8f-4ba6-9924-4c86982d890a,Describe the activity being carried out.,Cooking or food preparation is being performed.,"The video begins with a person preparing a meal in a kitchen. The scene shows a countertop with various ingredients and utensils, including a container of tortillas, a bowl of chopped vegetables, and a blender. The person is seen holding a tortilla and scooping a mixture of meat and vegetables from a pan using a spatula. They place the mixture onto the tortilla and fold it over. The person continues to prepare multiple tortillas, each filled with the meat and vegetable mixture.The video then transitions to a close-up of the person's hands as they handle the tortillas. The person is seen holding a tortilla and scooping the meat and vegetable mixture from the pan using a spatula. They place the mixture onto the tortilla and fold it over. The person continues to prepare multiple tortillas, each filled with the meat and vegetable mixture.The video continues with a close-up of the person's hands as they handle the tortillas. The person is seen holding a tortilla and scooping the meat and vegetable mixture from the pan using a spatula. They place the mixture onto the tortilla and fold it over. The person continues to prepare multiple tortillas, each filled with the meat and vegetable mixture.The video then transitions to a close-up",54;72;134;169;190;193;202;203;216;218;221;237;262;264;278;279;291;297;300;303;305;307;309;310;317;318;319;333;334;373;388;389;418;427;429;446;448;449;458;459;462;463;470;473;478;481;482;484;487;539;540;547;556;557;606;610;621;626;627;630;694;746;766;770,64,1
9198b9a4-8d8f-4ba6-9924-4c86982d890a,Does the person open the refrigerator in the video?,Yes.,"No, the person does not open the refrigerator in the video.",54;72;134;169;190;198;202;203;216;217;218;221;237;262;264;278;279;291;297;300;303;305;307;309;310;317;318;319;334;373;388;389;418;427;429;446;448;449;458;459;462;463;470;473;478;481;484;487;539;540;547;556;557;604;606;610;621;626;627;630;694;764;766;770,64,1
9198b9a4-8d8f-4ba6-9924-4c86982d890a,"In the video, is the refrigerator opened before the cheese is retrieved?",Yes,"No, the refrigerator is not opened before the cheese is retrieved.",54;72;134;169;190;202;203;216;217;218;221;237;262;264;278;279;291;297;300;303;305;307;309;310;317;318;319;334;373;388;389;418;427;429;446;448;449;458;459;462;463;470;473;478;481;484;487;539;540;547;556;557;604;606;610;621;626;627;630;694;746;764;766;770,64,1
9198b9a4-8d8f-4ba6-9924-4c86982d890a,Is the kitchen light turned on after I enter the room?,No,"Yes, the kitchen light is turned on after you enter the room.",50;54;72;134;169;190;193;198;202;203;216;217;218;221;237;262;264;278;279;291;297;300;303;305;307;309;310;318;319;333;334;373;388;389;418;427;429;446;448;449;458;462;463;470;473;478;481;482;484;487;539;540;547;556;557;610;621;626;627;630;694;718;766;770,64,1
9198b9a4-8d8f-4ba6-9924-4c86982d890a,Do I start preparing shawarma before setting the ingredients on the counter?,No,"No, you start preparing shawarma after setting the ingredients on the counter.",54;72;134;169;190;198;202;203;216;217;218;221;237;262;264;278;279;291;297;300;303;305;307;309;310;317;318;319;333;334;373;388;389;418;427;429;446;448;449;458;459;462;463;470;473;478;481;482;484;487;539;540;547;556;557;606;610;621;626;627;630;694;766;770,64,1
9198b9a4-8d8f-4ba6-9924-4c86982d890a,"In the video, is the tree decorated before I begin cooking?",Yes,"Yes, the tree is decorated before you begin cooking.",54;72;134;169;190;202;203;216;217;218;221;237;262;264;278;279;291;297;300;303;305;307;309;310;317;318;319;334;373;388;389;418;427;429;446;448;449;458;459;462;463;470;473;478;481;484;487;539;540;547;556;557;604;606;610;621;626;627;630;694;718;746;766;770,64,1
9198b9a4-8d8f-4ba6-9924-4c86982d890a,What's the setting of the video clip?,In a kitchen.,The setting of the video clip is a kitchen where a person is preparing food.,54;72;134;169;190;198;202;203;216;218;221;237;262;264;278;279;291;297;300;303;305;307;309;310;317;318;319;334;373;388;389;418;427;429;446;448;449;458;459;462;463;470;473;478;481;484;487;539;540;547;556;557;604;606;610;621;626;627;630;694;746;764;766;770,64,1
9198b9a4-8d8f-4ba6-9924-4c86982d890a,What objects are present in this scene?,"Glass cup, glass bowls, steel bowls, whipping cream, flour, eggs, whisker.","In the scene, there are several objects present:1. A stove with a pot of chili and a pan with a mixture of vegetables.2. A cutting board with rolled tortillas.3. A container with a lid, possibly containing cheese or another ingredient.4. A bowl with chopped vegetables, including what appears to be tomatoes and green peppers.5. A spatula and a spoon for cooking.6. A bottle of oil or cooking spray.7. A container with spices or seasonings.8. A bowl with a white substance, which could be sour cream or another condiment.9. A plate with a partially eaten meal, including a piece of bread or tortilla.10. A person's hands, one holding a tortilla and the other stirring the vegetable mixture.The scene suggests that the person is preparing a meal, possibly involving tortillas and a vegetable mixture, and is in the process of cooking or assembling the dish.",54;72;134;169;190;198;202;203;216;217;218;221;237;262;264;278;279;291;297;300;303;305;307;309;310;317;318;319;333;334;373;388;389;427;429;446;448;449;458;459;462;463;470;473;478;481;484;487;539;540;547;556;557;606;610;621;626;627;630;694;746;764;766;770,64,1
9198b9a4-8d8f-4ba6-9924-4c86982d890a,What is the main activity taking place?,Baking preparation.,"The main activity is the preparation and cooking of a meal, specifically making tacos.",50;54;72;134;169;190;193;202;203;216;217;218;221;237;262;264;278;279;291;297;300;303;305;307;309;310;318;333;334;373;388;389;418;427;429;446;448;449;458;462;463;470;473;478;481;484;487;539;540;547;556;557;606;610;621;626;627;630;694;717;718;764;766;770,64,1
9198b9a4-8d8f-4ba6-9924-4c86982d890a,Are there any kitchen appliances visible?,"Yes, a stove and a sink.","Yes, there are kitchen appliances visible, including a stove and a blender.",54;72;134;169;190;198;202;203;216;218;220;221;237;262;264;279;291;297;300;303;305;307;309;310;317;318;319;333;334;373;388;389;427;429;446;448;458;459;462;463;470;473;478;481;484;487;539;540;547;556;557;604;606;610;618;621;626;627;630;694;746;764;766;770,64,1
9198b9a4-8d8f-4ba6-9924-4c86982d890a,Can you identify the ingredients used?,"Heavy whipping cream, flour, and eggs.","The video shows a cooking process involving several ingredients, which are not explicitly named but can be inferred from the context. Here are some of the ingredients and items visible in the video:1. Tortillas: There are several tortillas laid out on a tray, which are likely to be used for making tacos or burritos.2. Ground meat: A pan on the stove contains what appears to be cooked ground meat, which is a common filling for tacos or burritos.3. Vegetables: There are chopped vegetables, including what looks like diced onions, bell peppers, and possibly tomatoes, being sautéed in a pan.4. Cheese: There is a bowl of shredded cheese, which is often used as a topping or filling for tacos or burritos.5. Spices and seasonings: Various spices and seasonings are visible in the background, suggesting that they are being used to flavor the dish.6. Tortilla chips: There is a container of tortilla chips, which might be used as a side dish or for dipping.7. Jalapeños: There are whole jalapeños visible, indicating that they might be used to add heat to the dish.8. Other kitchen items: Various kitchen utensils and containers are visible, such as",54;72;134;169;190;202;203;216;218;221;237;262;264;278;279;291;297;300;303;305;307;309;310;317;318;319;333;334;373;388;389;427;429;446;448;449;458;459;462;463;470;473;478;481;484;487;539;540;547;556;557;604;606;610;618;621;626;627;630;694;746;764;766;770,64,1
9198b9a4-8d8f-4ba6-9924-4c86982d890a,What is being prepared in the kitchen?,A baking recipe.,Tortillas are being prepared in the kitchen.,50;54;72;134;169;190;202;203;216;217;218;221;237;262;264;278;279;291;297;300;303;305;307;309;310;318;319;334;373;388;389;418;427;429;446;448;449;458;462;463;470;473;478;481;484;487;539;540;547;556;557;606;610;621;626;627;630;694;717;718;746;764;766;770,64,1
9198b9a4-8d8f-4ba6-9924-4c86982d890a,What action does the person perform with the eggs?,Cracking and whipping them.,The person cracks eggs into a bowl and then pours them into a pan.,54;72;134;169;190;202;203;216;217;218;221;237;262;264;278;279;291;297;300;303;305;307;309;310;317;318;319;333;334;373;388;389;418;427;429;446;448;449;458;459;462;463;470;473;478;481;482;484;487;539;540;547;556;557;606;610;621;626;627;630;694;764;766;770,64,1
9198b9a4-8d8f-4ba6-9924-4c86982d890a,What tool is used for whipping the eggs?,A whisker.,A whisk is used for whipping the eggs.,54;72;134;169;190;202;203;216;217;218;221;237;262;264;278;279;291;297;300;303;305;307;309;310;317;318;319;333;334;373;388;389;418;427;429;446;448;449;458;459;462;463;470;473;478;481;484;487;539;540;547;556;557;604;606;610;621;626;627;630;694;746;766;770,64,1
9198b9a4-8d8f-4ba6-9924-4c86982d890a,Where are the ingredients placed after being prepared?,In glass and steel bowls.,"The ingredients are placed in a plastic container labeled ""Corn Tortillas"" and a bowl of chopped vegetables.",54;72;134;169;190;193;202;203;216;217;218;221;237;262;264;278;279;291;297;300;303;305;307;309;310;318;319;333;334;373;388;389;418;427;429;446;448;449;458;459;462;463;470;473;478;481;482;484;487;539;540;547;556;557;606;610;621;626;627;630;694;764;766;770,64,1
9198b9a4-8d8f-4ba6-9924-4c86982d890a,How are the ingredients combined?,Poured into bowls and whipped.,The ingredients are combined by scooping the meat mixture onto the tortillas and then folding them.,54;72;134;169;190;202;203;216;218;220;221;237;262;264;278;279;291;297;300;303;305;307;309;310;317;318;319;334;373;388;389;427;429;446;448;449;458;459;462;463;470;473;478;481;484;487;539;540;547;556;557;604;606;610;618;621;626;627;630;694;746;764;766;770,64,1
9198b9a4-8d8f-4ba6-9924-4c86982d890a,Is there an egg crate visible in the scene?,Yes.,"No, there is no egg crate visible in the scene.",54;72;134;169;190;198;202;203;216;217;218;221;237;262;264;279;291;297;300;303;305;307;309;310;317;318;319;333;334;373;388;389;418;427;429;446;448;449;458;459;462;463;470;473;478;481;484;487;539;540;547;556;557;604;606;610;621;626;627;630;694;746;766;770,64,1
9198b9a4-8d8f-4ba6-9924-4c86982d890a,Did the person crack eggs from both a slab and the fridge?,Yes.,"No, the person cracked eggs from a slab and not from the fridge.",54;72;134;169;190;198;202;203;216;218;220;221;237;262;264;278;279;291;297;300;303;305;307;309;310;317;318;319;333;334;373;388;389;418;427;429;446;448;449;458;459;462;463;470;473;478;481;484;487;539;540;547;556;557;604;606;610;621;626;627;630;694;766;770,64,1
9198b9a4-8d8f-4ba6-9924-4c86982d890a,Were the flour and whipping cream poured into separate containers?,Yes.,"Yes, the flour was poured into a container and the whipping cream was poured into another container.",54;72;77;134;169;190;198;202;203;216;217;218;220;221;237;262;264;279;291;297;300;303;305;307;309;310;317;318;319;333;334;373;388;389;427;429;446;448;449;458;459;462;463;470;473;478;481;484;487;539;540;547;556;557;604;610;618;621;626;627;630;694;766;770,64,1
9198b9a4-8d8f-4ba6-9924-4c86982d890a,Is the heavy whipping cream poured before cracking the eggs?,Yes,"No, the heavy whipping cream is not poured before cracking the eggs.",54;72;134;169;190;198;202;203;216;218;220;221;237;262;264;279;291;297;300;303;305;307;309;310;317;318;319;333;334;373;388;389;427;429;446;448;449;458;459;462;463;470;473;478;481;484;487;539;540;547;556;557;604;606;610;618;621;626;627;630;694;746;766;770,64,1
9198b9a4-8d8f-4ba6-9924-4c86982d890a,Is the flour added to the bowl before the eggs are cracked?,Yes,"No, the flour is added to the bowl after the eggs are cracked.",54;72;134;169;190;198;202;203;216;217;218;220;221;237;262;264;279;291;297;300;303;305;307;309;310;317;318;319;333;334;373;388;389;418;427;429;446;448;449;458;459;462;463;470;473;478;481;484;487;539;540;547;556;557;604;606;610;621;626;627;630;694;766;770,64,1
9198b9a4-8d8f-4ba6-9924-4c86982d890a,What did I do just before whipping the eggs in the video?,Crack the eggs into steel bowls,"Just before whipping the eggs in the video, you were seen holding a bowl of chopped vegetables, likely preparing to add them to the pan. The scene transitions to you cracking eggs into a bowl, indicating that you were about to whip the eggs as part of the cooking process.",54;72;134;169;190;202;203;216;217;218;221;237;262;264;278;279;291;297;300;303;305;307;309;310;318;319;333;334;373;388;389;418;427;429;446;448;449;458;459;462;463;470;473;478;481;484;487;539;540;547;556;557;606;610;621;626;627;630;694;718;746;764;766;770,64,1
9198b9a4-8d8f-4ba6-9924-4c86982d890a,What takes place just before flour is poured into a bowl?,Pouring cream into a glass cup,A hand is seen holding a bowl of flour.,54;72;134;169;190;198;202;203;216;217;218;221;237;262;264;278;279;291;297;300;303;305;307;309;310;317;318;319;333;334;373;388;389;418;427;429;446;448;449;458;462;463;470;473;478;481;482;484;487;539;540;547;556;557;610;621;626;627;630;694;717;764;766;770,64,1
9198b9a4-8d8f-4ba6-9924-4c86982d890a,What do we see happening before the egg crate is put in the fridge?,Cracking eggs on the slab,"Before the egg crate is put in the fridge, we see a person holding a carton of eggs and placing it on the kitchen counter.",54;72;134;169;190;202;203;216;217;218;221;237;262;264;278;279;291;297;300;303;305;307;309;310;317;318;319;333;334;373;388;389;427;429;446;448;449;458;459;462;463;470;473;478;481;484;487;539;540;547;556;557;604;606;610;621;626;627;630;694;746;764;766;770,64,1
9198b9a4-8d8f-4ba6-9924-4c86982d890a,What occurs just before the shawarma preparation in the video?,Taking the egg crate out of the fridge,"The shawarma preparation occurs after the person is seen holding a plate with a piece of dough and a spoonful of filling, ready to assemble the shawarma.",54;72;134;169;190;202;203;216;217;218;221;237;262;264;279;291;297;300;303;305;307;309;310;317;318;319;333;334;373;388;389;418;427;429;446;448;449;458;459;462;463;470;473;478;481;484;487;539;540;547;556;557;604;606;610;621;626;627;630;694;746;764;766;770,64,1
9198b9a4-8d8f-4ba6-9924-4c86982d890a,"In the video, is the egg cracked into the bowl before the cream is poured?",No,"No, the egg is cracked into the bowl after the cream is poured.",54;72;134;169;190;198;202;203;216;217;218;220;221;237;262;264;278;279;291;297;300;303;305;307;309;310;317;318;319;334;373;388;389;418;427;429;446;448;449;458;459;462;463;470;473;478;481;484;487;539;540;547;556;557;604;606;610;621;626;627;630;694;766;770,64,1
9198b9a4-8d8f-4ba6-9924-4c86982d890a,Does the egg crate go back into the fridge after the eggs are cracked?,Yes,"Yes, the egg crate is placed back into the fridge after the eggs are cracked.",54;72;134;169;190;198;202;203;216;218;220;221;237;262;264;278;279;291;297;300;303;305;307;309;310;317;318;319;333;334;373;388;389;418;427;429;446;448;449;458;459;462;463;470;473;478;481;484;487;539;540;547;556;557;604;606;610;621;626;627;630;694;766;770,64,1
9198b9a4-8d8f-4ba6-9924-4c86982d890a,"In the video, is the flour poured into the bowl after the egg is cracked?",Yes,"No, the flour is poured into the bowl before the egg is cracked.",54;72;134;169;190;202;203;216;217;218;220;221;237;262;264;278;279;291;297;300;303;305;307;309;310;317;318;319;334;373;388;389;418;427;429;446;448;449;458;459;462;463;470;473;478;481;484;487;539;540;547;556;557;604;606;610;618;621;626;627;630;694;766;770,64,1
9198b9a4-8d8f-4ba6-9924-4c86982d890a,Does the preparation of shawarma occur before the cream is poured into the cup?,Yes,"No, the preparation of shawarma does not occur before the cream is poured into the cup. The video shows the preparation of shawarma after the cream is poured into the cup.",54;72;134;169;190;198;202;203;216;217;218;221;237;262;264;278;279;291;297;300;303;305;307;309;310;317;318;319;333;334;373;388;389;418;427;429;446;448;449;458;459;462;463;470;473;478;481;484;487;539;540;547;556;557;604;606;610;621;626;627;630;694;766;770,64,1
9198b9a4-8d8f-4ba6-9924-4c86982d890a,What happens just before the egg crate is put back in the fridge?,The eggs are cracked.,The person removes the egg crate from the fridge.,54;72;134;169;190;202;203;216;218;221;237;262;264;278;279;291;297;300;303;305;307;309;310;317;318;319;333;334;373;388;389;418;427;429;446;448;449;458;459;462;463;470;473;478;481;484;487;539;540;547;556;557;606;610;621;626;627;630;694;718;746;764;766;770,64,1
9198b9a4-8d8f-4ba6-9924-4c86982d890a,What occurs just before the whipping of the egg?,The egg is cracked into the bowl.,The person is seen cracking an egg into a bowl.,54;72;134;169;190;202;203;216;218;220;221;237;262;264;279;291;297;300;303;305;307;309;310;317;318;319;334;373;388;389;418;427;429;446;448;449;458;459;462;463;470;473;478;481;484;487;539;540;547;556;557;604;606;610;618;621;626;627;630;694;746;764;766;770,64,1
9198b9a4-8d8f-4ba6-9924-4c86982d890a,"In the video, what do we see happening before the flour is poured into the bowl?",The cream is poured into a cup.,"Before the flour is poured into the bowl, we see a hand holding a bowl of flour over a stove.",54;72;134;169;190;202;203;216;217;218;221;237;262;264;278;279;291;297;300;303;305;307;309;310;317;318;319;334;373;388;389;418;427;429;446;448;449;458;459;462;463;470;473;478;481;484;487;539;540;547;556;557;604;606;610;621;626;627;630;694;746;764;766;770,64,1
9198b9a4-8d8f-4ba6-9924-4c86982d890a,What happens just before the cream is poured into the cup?,Shawarma is prepared.,The person is seen pouring a liquid from a carton into a cup.,54;72;134;169;190;198;202;203;216;217;218;221;237;262;264;278;279;291;297;300;303;305;307;309;310;318;319;333;334;373;388;389;418;427;429;446;448;449;458;459;462;463;470;473;478;481;484;487;539;540;547;556;557;606;610;618;621;626;627;630;694;764;766;770,64,1
9198b9a4-8d8f-4ba6-9924-4c86982d890a,What is the setting of the video clip?,In a kitchen.,The setting of the video clip is a kitchen.,54;72;134;169;190;202;203;216;217;218;221;237;262;264;278;279;291;297;300;303;305;307;309;310;317;318;319;334;373;388;389;418;427;429;446;448;449;458;459;462;463;470;473;478;481;484;487;539;540;547;556;557;606;610;621;626;627;630;694;717;746;764;766;770,64,1
9198b9a4-8d8f-4ba6-9924-4c86982d890a,What ingredients are combined in the mixture?,"Egg, cheese, baking soda, cream, sugar, vegetables.","The mixture contains cooked meat, diced vegetables, and possibly cheese.",54;72;134;169;190;202;203;216;218;220;221;237;262;264;279;291;297;300;303;305;307;309;310;317;318;319;334;373;388;389;427;429;446;448;449;458;459;462;463;470;473;478;481;484;487;539;540;547;556;557;604;606;610;618;621;626;627;630;694;718;746;764;766;770,64,1
9198b9a4-8d8f-4ba6-9924-4c86982d890a,What utensil is used to stir the mixture?,A spatula.,A spatula is used to stir the mixture.,54;72;134;169;190;202;203;216;218;220;221;237;262;264;279;291;297;300;303;305;307;309;310;317;318;319;333;334;373;388;389;418;427;429;446;448;449;458;459;462;463;470;473;478;481;484;487;539;540;547;556;557;610;621;626;627;630;694;717;718;746;764;766;770,64,1
9198b9a4-8d8f-4ba6-9924-4c86982d890a,Where is the dough placed after removal from the fridge?,On a board on a slab in the kitchen.,The dough is placed on a countertop.,54;72;134;169;190;202;203;216;217;218;220;221;237;262;264;278;279;291;297;300;303;305;307;309;310;317;318;319;333;334;373;388;389;418;427;429;446;448;449;458;459;462;463;470;473;478;481;484;487;539;540;547;556;557;604;606;610;621;626;627;630;694;766;770,64,1
9198b9a4-8d8f-4ba6-9924-4c86982d890a,What does the person do with the dough and mixture?,Stir the mixture; place dough on board.,"The person places the dough on a flat surface, spreads the mixture onto it, and then folds it over the mixture.",54;72;134;169;190;202;203;216;218;220;221;237;262;264;278;279;291;297;300;303;305;307;309;310;317;318;319;334;373;388;389;418;427;429;446;448;449;458;459;462;463;470;473;478;481;484;487;539;540;547;556;557;604;606;610;621;626;627;630;694;746;764;766;770,64,1
9198b9a4-8d8f-4ba6-9924-4c86982d890a,What preparation is shown in the video clip?,Making some food involving a mixed batter.,"The video clip shows the preparation of a dish involving tortillas, a mixture of meat and vegetables, and a colorful vegetable mixture.",54;72;134;169;190;202;203;216;217;218;221;237;262;264;279;291;297;300;303;305;307;309;310;318;319;334;373;388;389;427;429;446;448;449;458;459;462;463;470;473;478;481;482;484;487;539;540;547;556;557;606;610;618;621;626;627;630;694;717;718;746;764;766;770,64,1
9198b9a4-8d8f-4ba6-9924-4c86982d890a,What sequence of actions is depicted in the clip?,"Stirring mixture, retrieving, placing dough.","The clip depicts the preparation of a meal, starting with the person holding a tortilla and scooping meat from a pot, then placing the meat onto the tortilla. The scene transitions to the person using a spatula to mix vegetables in a pan, with the tortillas and meat being prepared on the stovetop. The person continues to handle the tortillas, placing the meat inside, and then proceeds to crack eggs into a bowl. The clip concludes with the person cracking more eggs into the bowl, with the tortillas, meat, and vegetables being prepared on the stovetop.",54;72;134;169;190;202;203;216;217;218;221;237;262;264;278;279;291;297;300;303;305;307;309;310;317;318;319;334;373;388;389;427;429;446;448;449;458;459;462;463;470;473;478;481;484;487;539;540;547;556;557;606;610;621;626;627;630;694;717;718;746;764;766;770,64,1
9198b9a4-8d8f-4ba6-9924-4c86982d890a,Does the person whip cream into the mixture?,Yes.,"No, the person does not whip cream into the mixture.",54;72;134;169;190;198;202;203;216;218;220;221;237;262;264;278;279;291;297;300;303;305;307;309;310;317;318;319;333;334;373;388;389;418;427;429;446;448;449;458;459;462;463;470;473;478;481;484;487;539;540;547;556;557;604;606;610;621;626;627;630;694;766;770,64,1
9198b9a4-8d8f-4ba6-9924-4c86982d890a,Does the person transfer the mixture to another container?,No.,"No, the person transfers the mixture to a pan on the stove.",54;72;134;169;190;198;202;203;216;218;221;237;262;264;278;279;291;297;300;303;305;307;309;310;317;318;319;333;334;373;388;389;418;427;429;446;448;449;458;459;462;463;470;473;478;481;484;487;539;540;547;556;557;604;606;610;618;621;626;627;630;694;766;770,64,1
9198b9a4-8d8f-4ba6-9924-4c86982d890a,Is the dough placed in an oven?,No.,No.,54;72;134;169;190;202;203;216;218;220;221;237;262;264;279;291;297;300;303;305;307;309;310;317;318;319;333;334;373;388;389;418;427;429;446;448;449;458;459;462;463;470;473;478;481;484;539;540;547;556;557;604;606;610;618;621;626;627;630;694;718;746;766;770,64,1
9198b9a4-8d8f-4ba6-9924-4c86982d890a,Does the person knead the dough in the clip?,No.,"No, the person does not knead the dough in the clip.",54;72;134;169;190;202;203;216;218;220;221;237;262;264;278;279;291;297;300;303;305;307;309;310;317;318;319;333;334;373;388;389;418;427;429;446;448;449;458;459;462;463;470;473;478;481;484;487;539;540;547;556;557;604;606;610;621;626;627;630;694;746;766;770,64,1
9198b9a4-8d8f-4ba6-9924-4c86982d890a,Is there a moment when sugar is added to the mixture?,No (sugar was already added before).,"No, there is no mention of sugar being added to the mixture in the video caption.",54;72;134;169;190;202;203;216;217;218;221;237;262;264;279;291;297;300;303;305;307;309;310;317;318;319;333;334;373;388;389;418;427;429;446;448;449;458;459;462;463;470;473;478;481;484;487;539;540;547;556;557;610;621;626;627;630;694;717;718;746;764;766;770,64,1
9198b9a4-8d8f-4ba6-9924-4c86982d890a,Was the cream poured into a cup before the eggs were cracked?,Yes,"No, the cream was poured into a cup after the eggs were cracked.",54;72;134;169;190;198;202;203;216;217;218;221;237;262;264;278;279;291;297;300;303;305;307;309;310;317;318;319;333;334;373;388;389;418;427;429;446;448;449;458;459;462;463;470;473;478;481;482;484;487;539;540;547;556;557;606;610;621;626;627;630;694;766;770,64,1
9198b9a4-8d8f-4ba6-9924-4c86982d890a,Was the mixture stirred before the dough was brought out?,Yes,"Yes, the mixture was stirred before the dough was brought out.",54;72;134;169;190;202;203;216;217;218;220;221;237;262;264;279;291;297;300;303;305;307;309;310;317;318;319;333;334;373;388;389;418;427;429;446;448;449;458;459;462;463;470;473;478;481;484;487;539;540;547;556;557;604;610;621;626;627;630;694;718;746;766;770,64,1
9198b9a4-8d8f-4ba6-9924-4c86982d890a,Did the whipping of eggs happen after the flour was poured?,Yes,"No, the whipping of eggs happened before the flour was poured.",54;72;134;169;190;202;203;216;217;218;220;221;237;262;264;279;291;297;300;303;305;307;309;310;317;318;319;333;334;373;388;389;418;427;429;446;448;458;459;462;463;470;473;478;481;484;487;539;540;547;556;557;604;606;610;618;621;626;627;630;694;746;766;770,64,1
9198b9a4-8d8f-4ba6-9924-4c86982d890a,Is sugar added to the mixture after the egg is whipped?,Yes,"No, sugar is not added to the mixture after the egg is whipped.",54;72;134;169;190;202;203;216;218;220;221;237;262;264;279;291;297;300;303;305;307;309;310;317;318;319;333;334;373;388;389;418;427;429;446;448;449;458;459;462;463;470;473;478;481;484;487;539;540;547;556;557;604;610;618;621;626;627;630;694;718;746;766;770,64,1
9198b9a4-8d8f-4ba6-9924-4c86982d890a,What happened before the dough was placed on the board?,Stirring the mixture,"Before the dough was placed on the board, it was rolled out on a surface.",50;54;72;134;169;190;193;202;203;216;217;218;221;237;262;264;278;279;291;297;300;303;305;307;309;310;317;318;319;333;334;373;388;389;418;427;429;446;448;449;458;462;463;470;473;478;481;482;484;487;539;540;547;556;557;606;610;621;626;627;630;694;766;770,64,1
9198b9a4-8d8f-4ba6-9924-4c86982d890a,What occurs just before the eggs are whipped?,Cracking eggs into bowls,The eggs are cracked into a bowl.,50;54;72;134;169;190;202;203;216;217;218;221;237;262;264;278;279;291;297;300;303;305;307;309;310;317;318;319;333;334;373;388;389;418;427;429;446;448;449;458;459;462;463;470;473;478;481;484;487;539;540;547;556;557;606;610;621;626;627;630;694;718;766;770,64,1
9198b9a4-8d8f-4ba6-9924-4c86982d890a,What is done just before cracking eggs from the fridge?,Pouring cream into a cup,"Just before cracking eggs from the fridge, the person is seen holding a carton of eggs.",54;72;134;169;190;202;203;216;217;218;220;221;237;262;264;278;279;291;297;300;303;305;307;309;310;317;318;319;333;334;373;388;389;418;427;429;446;448;449;458;459;462;463;470;473;478;481;484;487;539;540;547;556;557;604;610;621;626;627;630;694;764;766;770,64,1
9198b9a4-8d8f-4ba6-9924-4c86982d890a,What is done right before adding grated cheese to the mixture?,Stirring the mixture,"Right before adding grated cheese to the mixture, the person stirs the mixture with a spatula.",54;72;134;169;190;198;202;203;216;218;221;237;262;264;279;291;297;300;303;305;307;309;310;317;318;319;333;334;373;388;389;418;427;429;446;448;449;458;459;462;463;470;473;478;481;484;487;539;540;547;556;557;604;606;610;621;626;627;630;694;746;764;766;770,64,1
9198b9a4-8d8f-4ba6-9924-4c86982d890a,"In the video, does the cheese get grated before the eggs are cracked?",No,"No, the cheese is grated after the eggs are cracked.",54;72;134;169;190;202;203;216;217;218;221;237;262;264;278;279;291;297;300;303;305;307;309;310;317;318;319;333;334;373;388;389;418;427;429;446;448;449;458;459;462;463;470;473;478;481;484;487;539;540;547;556;557;604;606;610;618;621;626;627;630;694;766;770,64,1
9198b9a4-8d8f-4ba6-9924-4c86982d890a,Is the heavy whipping cream poured into a cup after the flour?,Yes,Yes.,54;72;134;169;190;198;202;203;216;218;220;221;237;262;264;279;291;297;300;303;305;307;309;310;317;318;319;333;334;373;388;389;418;427;429;446;448;449;458;459;462;463;470;473;478;481;484;487;539;540;547;556;557;604;606;610;618;621;626;627;630;694;766;770,64,1
9198b9a4-8d8f-4ba6-9924-4c86982d890a,Does the dough come out of the fridge before the eggs are whipped?,No,"No, the dough comes out of the fridge after the eggs are whisked.",54;72;134;169;190;198;202;203;216;217;218;220;221;237;262;264;278;279;291;297;300;303;305;307;309;310;317;318;319;334;373;388;389;418;427;429;446;448;449;458;459;462;463;470;473;478;481;484;487;539;540;547;556;557;604;606;610;621;626;627;630;694;766;770,64,1
9198b9a4-8d8f-4ba6-9924-4c86982d890a,"In the video, is the sugar added to the mixture before the vegetables?",Yes,"No, the sugar is added to the mixture after the vegetables.",54;72;134;169;190;202;203;216;217;218;221;237;262;264;279;291;297;300;303;305;307;309;310;317;318;319;334;373;388;389;418;427;429;446;448;449;458;459;462;463;470;473;478;481;484;487;539;540;547;556;557;604;606;610;618;621;626;627;630;694;746;764;766;770,64,1
9198b9a4-8d8f-4ba6-9924-4c86982d890a,Does the mixture get stirred before the eggs are cracked?,No,"Yes, the mixture is stirred before the eggs are cracked.",54;72;134;169;190;198;202;203;216;218;220;221;237;262;264;279;291;297;300;303;305;307;309;310;317;318;319;333;334;373;388;389;418;427;429;446;448;449;458;459;462;463;470;473;478;481;484;487;539;540;547;556;557;604;606;610;618;621;626;627;630;694;766;770,64,1
9198b9a4-8d8f-4ba6-9924-4c86982d890a,What happens just before the dough is placed on the board?,The mixture is stirred,The dough is rolled out on a wooden board.,50;54;72;134;169;190;193;202;203;216;217;218;221;237;262;264;278;279;291;297;300;303;305;307;309;310;318;319;333;334;373;388;389;418;427;429;446;448;449;458;459;462;463;470;473;478;481;484;487;539;540;547;556;557;606;610;621;626;627;630;694;764;766;770,64,1
9198b9a4-8d8f-4ba6-9924-4c86982d890a,"In the video sequence, what action is taken before pouring flour into a glass bowl?",Preparing shawarma,"Before pouring flour into a glass bowl, the person is seen holding a glass bowl and a spoon, likely preparing to mix ingredients.",54;72;134;169;190;202;203;216;217;218;221;237;262;264;278;279;291;297;300;303;305;307;309;310;317;318;319;333;334;373;388;389;418;427;429;446;448;449;458;459;462;463;470;473;478;481;482;484;487;539;540;547;556;557;610;621;626;627;630;694;718;746;766;770,64,1
9198b9a4-8d8f-4ba6-9924-4c86982d890a,What occurs just before grating the cheese?,Stirring the mixture,"Just before grating the cheese, the person is seen holding a plate with tortillas and a bowl with shredded cheese.",54;72;134;169;190;193;198;202;203;216;218;221;237;262;264;278;279;291;297;300;303;305;307;309;310;317;318;333;334;373;388;389;418;427;429;446;448;449;458;459;462;463;470;473;478;481;484;487;539;540;547;556;557;604;606;610;621;626;627;630;694;764;766;770,64,1
9198b9a4-8d8f-4ba6-9924-4c86982d890a,"In the video, what happens right before whipping the egg?",Cracking the eggs,"Right before whipping the egg, the person is seen cracking an egg into a bowl.",54;72;134;169;190;202;203;216;218;221;237;262;264;278;279;291;297;300;303;305;307;309;310;317;318;319;334;373;388;389;427;429;446;448;449;458;459;462;463;470;473;478;481;484;487;539;540;547;556;557;604;606;610;618;621;626;627;630;694;718;746;764;766;770,64,1
9198b9a4-8d8f-4ba6-9924-4c86982d890a,What do we see happening before the heavy whipping cream is poured?,Preparing shawarma,"Before the heavy whipping cream is poured, we see a person holding a container of heavy whipping cream, preparing to add it to the pan with the cooked vegetables.",54;72;134;169;190;198;202;203;216;217;218;220;221;237;262;264;279;291;297;300;303;305;307;309;310;317;318;319;333;334;373;388;389;427;429;446;448;449;458;459;462;463;470;473;478;481;484;487;539;540;547;556;557;610;618;621;626;627;630;694;746;764;766;770,64,1
9198b9a4-8d8f-4ba6-9924-4c86982d890a,What is the setting of the video clip?,The setting is a kitchen.,The setting of the video clip is a kitchen.,54;72;134;169;190;202;203;216;217;218;221;237;262;264;278;279;291;297;300;303;305;307;309;310;317;318;319;334;373;388;389;418;427;429;446;448;449;458;459;462;463;470;473;478;481;484;487;539;540;547;556;557;606;610;621;626;627;630;694;717;746;764;766;770,64,1
9198b9a4-8d8f-4ba6-9924-4c86982d890a,What ingredients are being used?,Dough and mixtures in bowls.,"The video shows the preparation of a dish that includes tortillas, a filling that appears to be a mixture of meat and beans, and a colorful vegetable mixture that includes diced carrots, green bell peppers, and possibly onions. The person is also using a blender to process some ingredients, which could be part of the vegetable mixture or other components of the dish.",54;72;134;169;190;202;203;216;217;218;221;237;262;264;278;279;291;297;300;303;305;307;309;310;317;318;319;333;334;373;388;389;418;427;429;446;448;449;458;459;462;463;470;473;478;481;484;487;539;540;547;556;557;606;610;621;626;627;630;694;746;764;766;770,64,1
9198b9a4-8d8f-4ba6-9924-4c86982d890a,What equipment is being utilized?,Rolling pin and spatulas.,stove,50;54;72;134;169;190;193;202;203;216;217;218;221;237;262;264;278;279;291;297;300;303;305;307;309;310;318;319;334;373;388;389;418;427;429;446;448;449;458;462;463;470;473;478;481;484;487;539;540;547;556;610;618;621;626;627;630;694;717;718;746;764;766;770,64,1
9198b9a4-8d8f-4ba6-9924-4c86982d890a,What is the main activity occurring?,Preparing dough and mixtures for baking.,"The main activity is the preparation of a meal, specifically filling and cooking tortillas with a mixture of meat and vegetables.",54;72;134;169;190;202;203;216;218;221;237;262;264;279;291;297;300;303;305;307;309;310;317;318;319;334;373;388;389;418;427;429;446;448;449;458;459;462;463;470;473;478;481;484;487;539;540;547;556;557;604;606;610;618;621;626;627;630;694;718;746;764;766;770,64,1
9198b9a4-8d8f-4ba6-9924-4c86982d890a,What task is being performed with the dough?,Rolling the dough with a rolling pin.,The dough is being used to make tacos.,50;54;72;134;169;190;202;203;216;217;218;221;237;262;264;278;279;291;297;300;303;305;307;309;310;318;319;333;334;373;388;389;418;427;429;446;448;449;458;462;463;470;473;478;481;484;487;539;540;547;556;557;610;621;626;627;630;694;717;718;746;764;766;770,64,1
9198b9a4-8d8f-4ba6-9924-4c86982d890a,What is being done to the mixtures?,The mixtures are being stirred in steel bowls.,The mixtures are being cooked and stirred in pans on the stove.,54;72;134;169;190;202;203;216;217;218;221;237;262;264;278;279;291;297;300;303;305;307;309;310;317;318;319;334;373;388;389;418;427;429;446;448;449;458;459;462;463;470;473;478;481;484;487;539;540;547;556;557;606;610;621;626;627;630;694;717;746;764;766;770,64,1
9198b9a4-8d8f-4ba6-9924-4c86982d890a,Is the dough being prepared for baking?,Yes.,"No, the dough is being prepared for cooking, as it is being filled with a meat mixture.",54;134;169;190;193;202;203;216;217;218;220;221;237;262;264;279;291;297;300;303;305;307;309;310;317;318;319;333;334;373;388;389;418;427;429;446;448;449;458;462;463;470;473;478;481;484;487;539;540;547;556;557;610;621;626;627;630;694;717;718;746;764;766;770,64,1
9198b9a4-8d8f-4ba6-9924-4c86982d890a,Is only one type of spatula being used?,"No, two different spatulas are being used.","No, there are two types of spatulas being used: a metal spatula and a wooden spatula.",54;72;134;169;190;202;203;216;217;218;221;237;262;264;278;279;291;297;300;303;305;307;309;310;317;318;333;334;373;388;389;418;427;429;446;448;449;458;459;462;463;470;473;478;481;484;487;539;540;547;556;557;610;621;626;627;630;694;717;718;746;764;766;770,64,1
9198b9a4-8d8f-4ba6-9924-4c86982d890a,Did the same person handle all tasks shown in the summary?,Yes.,"Yes, the same person is shown handling all the tasks in the video summary, from preparing the ingredients to cooking the food.",54;72;134;169;190;202;203;216;218;221;237;262;264;278;279;291;297;300;303;305;307;309;310;317;318;319;333;334;373;388;389;418;427;429;446;448;449;458;459;462;463;470;473;478;481;482;484;487;539;540;547;556;557;604;606;610;621;626;627;630;694;764;766;770,64,1
9198b9a4-8d8f-4ba6-9924-4c86982d890a,Is anything being cooked in the clip?,"No, only preparation steps are shown.","Yes, the clip shows a person cooking food on a stovetop.",54;72;134;169;190;202;203;216;217;218;221;237;262;264;279;291;297;300;303;305;307;309;310;317;318;319;333;334;373;388;389;427;429;446;448;449;458;459;462;463;470;473;478;481;484;487;539;540;547;556;557;610;618;621;626;627;630;694;717;718;746;764;766;770,64,1
9198b9a4-8d8f-4ba6-9924-4c86982d890a,Is the dough placed on the board before the mixture is stirred?,No,"No, the dough is placed on the board after the mixture is stirred.",54;72;134;169;190;202;203;216;217;218;220;221;237;262;264;278;279;291;297;300;303;305;307;309;310;317;318;319;333;334;373;388;389;418;427;429;446;448;449;458;459;462;463;470;473;478;481;484;487;539;540;547;556;557;604;606;610;621;626;627;630;694;766;770,64,1
9198b9a4-8d8f-4ba6-9924-4c86982d890a,Is the doe taken out of the fridge before the rolling pin is used?,Yes,"No, the dough is taken out of the fridge after the rolling pin is used.",54;72;134;169;190;202;203;216;217;218;220;221;237;262;264;278;279;291;297;300;303;305;307;309;310;317;318;319;333;334;373;388;389;418;427;429;446;448;449;458;459;462;463;470;473;478;481;484;487;539;540;547;556;557;604;606;610;621;626;627;630;694;766;770,64,1
9198b9a4-8d8f-4ba6-9924-4c86982d890a,What do we see happening before the spatula stirs the mixture in the steel bowls?,The rolling pin rolls on the dough,"Before the spatula stirs the mixture, we see the person holding a spatula and a bowl of chopped vegetables, preparing to add them to the steel bowls.",54;72;134;169;190;198;202;203;216;218;220;221;237;262;264;279;291;297;300;303;305;307;309;310;317;318;319;333;334;373;388;389;418;427;429;446;448;449;458;459;462;463;470;473;478;481;484;487;539;540;547;556;557;604;606;610;621;626;627;630;694;746;766;770,64,1
9198b9a4-8d8f-4ba6-9924-4c86982d890a,Did I pour heavy whipping cream before cracking eggs?,Yes,"No, you did not pour heavy whipping cream before cracking eggs.",54;72;134;169;190;198;202;203;216;217;218;220;221;237;262;264;279;291;297;300;303;305;307;309;310;317;318;319;333;334;373;388;389;427;429;446;448;449;458;459;462;463;470;473;478;481;484;487;539;540;547;556;557;604;610;618;621;626;627;630;694;746;766;770,64,1
9198b9a4-8d8f-4ba6-9924-4c86982d890a,Is the dough rolled before stirring mixtures in bowls?,Yes,"No, the dough is not rolled before stirring mixtures in bowls.",54;72;134;169;190;202;203;216;218;220;221;237;262;264;279;291;297;300;303;305;307;309;310;317;318;319;333;334;373;388;389;418;427;429;446;448;458;459;462;463;470;473;478;481;484;487;539;540;547;556;557;604;606;610;618;621;626;627;630;694;718;746;766;770,64,1
9198b9a4-8d8f-4ba6-9924-4c86982d890a,Do I place the dough on the board after pouring flour?,Yes,"Yes, after pouring flour, you should place the dough on the board.",54;72;134;169;190;198;202;203;216;217;218;220;221;237;262;264;278;279;291;297;300;303;305;307;309;310;317;318;319;333;334;373;388;389;418;427;429;446;448;449;458;459;462;463;470;473;478;481;482;484;487;539;540;547;556;557;610;621;626;627;630;694;766;770,64,1
9198b9a4-8d8f-4ba6-9924-4c86982d890a,What happens just before I place the dough on the board?,I bring out the dough from the fridge.,"Just before placing the dough on the board, the person is seen holding a piece of dough and a bowl of filling, preparing to assemble the burritos.",50;54;72;134;169;190;193;202;203;216;217;218;221;237;262;264;278;279;291;297;300;303;305;307;309;310;318;319;333;334;373;388;389;418;427;429;446;448;449;458;462;463;470;473;478;481;482;484;487;539;540;547;556;557;606;610;621;626;627;630;694;764;766;770,64,1
9198b9a4-8d8f-4ba6-9924-4c86982d890a,What is the setting of the video clip?,A kitchen with a board and cooking items.,The setting of the video clip is a kitchen.,54;72;134;169;190;202;203;216;217;218;221;237;262;264;278;279;291;297;300;303;305;307;309;310;317;318;319;334;373;388;389;418;427;429;446;448;449;458;459;462;463;470;473;478;481;484;487;539;540;547;556;557;606;610;621;626;627;630;694;717;746;764;766;770,64,1
9198b9a4-8d8f-4ba6-9924-4c86982d890a,What object is primarily shown in the scene?,A doe laid out on a mat on a kitchen board.,The scene primarily shows a kitchen stove with a pot of chili and a pan of mixed vegetables.,54;72;134;169;190;202;203;216;217;218;221;237;262;264;278;279;291;297;300;303;305;307;309;310;317;318;319;333;334;373;388;389;418;427;429;446;448;449;458;459;462;463;470;473;478;481;484;487;539;540;547;556;557;606;610;621;626;627;630;694;746;764;766;770,64,1
9198b9a4-8d8f-4ba6-9924-4c86982d890a,Which item is used in the scene?,A knife to trim edges of the doe.,spoon,54;72;134;169;190;198;202;203;216;217;218;221;237;262;264;278;279;291;297;300;303;305;307;309;310;317;318;319;333;334;373;388;389;418;427;429;446;448;449;458;462;463;470;473;478;481;482;484;487;539;540;547;556;557;606;610;621;626;627;630;694;764;766;770,64,1
9198b9a4-8d8f-4ba6-9924-4c86982d890a,What stage of the process is shown?,Trimming and folding the prepared doe.,The video shows the preparation and cooking stages of making tacos.,54;72;134;169;190;202;203;216;217;218;221;237;262;264;278;279;291;297;300;303;305;307;309;310;317;318;319;333;334;373;388;389;418;427;429;446;448;449;458;459;462;463;470;473;478;481;482;484;487;539;540;547;556;557;606;610;621;626;627;630;694;764;766;770,64,1
9198b9a4-8d8f-4ba6-9924-4c86982d890a,Can you describe the main task at hand?,Trimming rough edges of the doe.,"The video showcases a detailed cooking process, focusing on the preparation and cooking of a dish that includes tortillas, a mixture of meat and vegetables, and a colorful vegetable mixture. The scene is set in a kitchen with a tiled backsplash and various cooking utensils and ingredients visible on the counter. The main task involves cooking tortillas, preparing a meat and vegetable mixture, and adding a colorful vegetable mixture to the dish. The video provides a step-by-step guide to the cooking process, highlighting the preparation of each component and the assembly of the final dish.",54;72;134;169;190;193;202;203;216;217;218;221;237;262;264;278;279;291;297;300;303;305;307;309;310;318;333;334;373;388;389;418;427;429;446;448;449;458;459;462;463;470;473;478;481;484;487;539;540;547;556;557;606;610;618;621;626;627;630;694;746;764;766;770,64,1
9198b9a4-8d8f-4ba6-9924-4c86982d890a,What preparation step is shown in the clip?,Folding the trimmed doe together.,The clip shows the preparation of a dish involving filling tortillas with a meat mixture and cooking a vegetable mixture in a pan.,54;134;169;190;202;203;216;217;218;221;237;262;264;278;279;291;297;300;303;305;307;309;310;318;333;334;373;388;389;427;429;446;448;449;458;459;462;463;470;473;478;481;482;484;487;539;540;547;556;557;606;610;618;621;626;627;630;694;717;718;746;764;766;770,64,1
9198b9a4-8d8f-4ba6-9924-4c86982d890a,Did the person use a knife in the video?,Yes.,"No, the person did not use a knife in the video.",54;72;134;169;190;202;203;216;217;218;221;237;262;264;278;279;291;297;300;303;305;307;309;310;317;318;319;333;334;373;388;389;418;427;429;446;448;449;458;459;462;463;470;473;478;481;482;484;487;539;540;547;556;557;604;606;610;621;626;627;630;694;766;770,64,1
9198b9a4-8d8f-4ba6-9924-4c86982d890a,Is there any folding action happening?,Yes.,"Yes, there is a folding action happening. The person is folding tortillas around the meat mixture.",54;72;134;169;190;193;198;202;203;216;217;218;221;237;262;264;279;291;297;300;303;305;307;309;310;317;318;319;333;334;373;388;389;418;427;429;446;448;458;459;462;463;470;473;478;481;484;487;539;540;547;556;557;606;610;618;621;626;627;630;694;746;766;770,64,1
9198b9a4-8d8f-4ba6-9924-4c86982d890a,Did the person complete the trimming action?,Yes.,"Yes, the person completed the trimming action.",54;72;134;169;190;198;202;203;216;218;220;221;237;262;264;279;291;297;300;303;305;307;309;310;317;318;319;333;334;373;388;389;427;429;446;448;449;458;459;462;463;470;473;478;481;484;487;539;540;547;556;557;604;606;610;621;626;627;630;694;746;764;766;770,64,1
9198b9a4-8d8f-4ba6-9924-4c86982d890a,Is the dough folded before trimming the rough edges?,No,"Yes, the dough is folded before trimming the rough edges.",54;72;134;169;190;202;203;216;218;220;221;237;262;264;279;291;297;300;303;305;307;309;310;317;318;319;333;334;373;388;389;418;427;429;446;448;449;458;459;462;463;470;473;478;481;484;487;539;540;547;556;557;604;606;610;618;621;626;627;630;694;746;766;770,64,1
9198b9a4-8d8f-4ba6-9924-4c86982d890a,Does stirring in the steel bowls happen after folding the dough?,No,"No, stirring in the steel bowls happens before folding the dough.",54;72;134;169;190;202;203;216;218;220;221;237;262;264;279;291;297;300;303;305;307;309;310;317;318;319;333;334;373;388;389;418;427;429;446;448;449;458;459;462;463;470;473;478;481;484;487;539;540;547;556;557;604;606;610;618;621;626;627;630;694;746;766;770,64,1
9198b9a4-8d8f-4ba6-9924-4c86982d890a,What occurs just before folding the dough?,Trimming the rough edges with a knife,"Just before folding the dough, the person scoops the meat mixture from the pan and places it onto the dough.",54;72;134;169;190;193;202;203;216;218;221;237;262;264;279;291;297;300;303;305;307;309;310;317;318;319;333;334;373;388;389;418;427;429;446;448;449;458;459;462;463;470;473;478;481;484;487;539;540;547;556;557;606;610;618;621;626;627;630;694;718;746;766;770,64,1
9198b9a4-8d8f-4ba6-9924-4c86982d890a,What happens before stirring mixtures in steel bowls?,Rolling the pin on the dough,"Before stirring mixtures in steel bowls, the person holds a spatula and a bowl of ingredients, likely preparing to add them to the bowl.",54;134;169;190;193;202;203;216;218;220;221;237;262;264;279;291;297;300;303;305;307;309;310;317;318;319;333;334;373;388;389;427;429;446;448;449;458;459;462;463;470;473;478;481;484;487;539;540;547;556;557;604;606;610;618;621;626;627;630;694;746;764;766;770,64,1
9198b9a4-8d8f-4ba6-9924-4c86982d890a,Does rolling the dough with a rolling pin happen before trimming its edges?,Yes,"No, rolling the dough with a rolling pin happens after trimming its edges.",54;72;134;169;190;202;203;216;218;220;221;237;262;264;278;279;291;297;300;303;305;307;309;310;317;318;319;333;334;373;388;389;418;427;429;446;448;449;458;459;462;463;470;473;478;481;482;484;487;539;540;547;556;557;604;606;610;621;626;627;630;694;766;770,64,1
9198b9a4-8d8f-4ba6-9924-4c86982d890a,Is the trimmed dough folded before stirring the mixture?,No,"Yes, the trimmed dough is folded before stirring the mixture.",54;72;134;169;190;202;203;216;218;220;221;237;262;264;279;291;297;300;303;305;307;309;310;317;318;319;333;334;373;388;389;418;427;429;446;448;458;459;462;463;470;473;478;481;484;487;539;540;547;556;557;604;606;610;618;621;626;627;630;694;718;746;766;770,64,1
9198b9a4-8d8f-4ba6-9924-4c86982d890a,Do I take out the dough from the fridge before preparing mixtures?,Yes,"Yes, you should take out the dough from the fridge before preparing the mixtures.",54;72;134;169;190;202;203;216;217;218;220;221;237;262;264;278;279;291;297;300;303;305;307;309;310;317;318;319;333;334;373;388;389;418;427;429;446;448;449;458;459;462;463;470;473;478;481;484;487;539;540;547;556;557;604;606;610;621;626;627;630;694;766;770,64,1
9198b9a4-8d8f-4ba6-9924-4c86982d890a,What occurs before folding the trimmed dough?,Trimming the rough edges with a knife,"Before folding the trimmed dough, the person scoops the meat mixture from the pan and places it onto the dough.",54;72;134;169;190;193;202;203;216;218;220;221;237;262;264;279;291;297;300;303;305;307;309;310;317;318;319;333;334;373;388;389;427;429;446;448;458;459;462;463;470;473;478;481;484;487;539;540;547;556;557;604;606;610;618;621;626;627;630;694;718;746;766;770,64,1
9198b9a4-8d8f-4ba6-9924-4c86982d890a,What is the first thing I do with the dough after taking it out from the fridge?,Placing it on a board,The first thing you do with the dough after taking it out from the fridge is to let it rest at room temperature for a few minutes before rolling it out.,54;72;134;169;190;202;203;216;217;218;221;237;262;264;278;279;291;297;300;303;305;307;309;310;317;318;319;333;334;373;388;389;418;427;429;446;448;449;458;459;462;463;470;473;478;481;484;487;539;540;547;556;557;604;610;621;626;627;630;694;717;764;766;770,64,1
0fa75cb3-c4a0-4232-bdc4-15116ed39d88,What is the setting of the video clip?,It is in an outdoor field.,"The setting of the video clip is a coastal area with palm trees, a paved road, and a clear sky.",23;24;26;28;39;44;47;69;74;91;93;94;100;102;175;218;219;223;226;227;228;233;234;235;236;237;238;239;243;244;245;246;250;270;271;272;273;274;276;277;278;281;283;284;285;288;289;290;291;330;333;336;337;340;343;361;368;393;395;396;397;398;405;410,64,1
0fa75cb3-c4a0-4232-bdc4-15116ed39d88,Is the scene occurring in an urban or rural environment?,Rural environment.,"The scene is occurring in an urban environment, as indicated by the presence of well-maintained roads, streetlights, and buildings.",23;24;26;28;39;44;47;69;74;87;91;93;94;100;102;175;218;223;225;226;227;228;233;234;235;236;237;238;239;243;244;245;246;250;270;271;272;273;276;277;278;281;283;284;285;288;289;290;291;308;330;333;336;337;340;343;361;393;395;396;397;398;405;410,64,1
0fa75cb3-c4a0-4232-bdc4-15116ed39d88,What time of day does the scene appear to be set in?,It appears to be set in the evening.,"The scene appears to be set in the evening, as indicated by the soft, warm light and the long shadows cast by the palm trees and street lamps.",23;24;28;39;44;47;69;74;87;90;91;93;94;100;102;175;218;223;226;227;228;233;234;235;236;237;238;239;243;244;245;246;250;270;271;272;273;276;277;278;281;283;284;285;288;290;291;322;330;333;336;337;340;343;361;368;388;393;395;396;397;398;405;410,64,1
0fa75cb3-c4a0-4232-bdc4-15116ed39d88,How is the subject navigating the outdoor space?,The subject is walking on the field and then heads home.,"The subject is navigating the outdoor space by walking along a sidewalk, passing by palm trees, and moving along a paved path.",23;24;26;28;39;44;47;69;74;91;93;94;100;102;175;218;219;223;226;227;228;233;234;235;236;237;238;239;243;244;245;246;250;270;271;272;273;274;276;277;278;281;283;284;285;288;289;290;291;330;333;336;337;340;343;361;368;393;395;396;397;398;405;410,64,1
0fa75cb3-c4a0-4232-bdc4-15116ed39d88,Can you provide an overview of the action in this clip?,"Subject walks outdoors, across a field, and returns home.","The video begins with a view of a paved road lined with palm trees and street lamps. The sky is clear, and the sun is low on the horizon, indicating either early morning or late evening. The road curves gently to the right, and there are no visible vehicles or pedestrians. The sidewalk is adjacent to the road, and there are some greenery patches and a few buildings in the distance. The scene is calm and serene, with the focus on the natural and urban elements blending harmoniously.As the video progresses, the camera moves along the road, maintaining the same serene atmosphere. The palm trees and street lamps remain consistent, and the road continues to curve gently. The sky remains clear, and the sun continues to be low on the horizon. The video captures the peacefulness of the area, with no significant changes in the scenery or lighting.The video then transitions to a view of a beachfront area. The beach is sandy, and the water appears calm. Palm trees are visible along the beachfront, and there are street lamps and a few buildings in the distance. The sky is clear, and the sun is low on the horizon, indicating either early morning or late evening. The scene is tranquil, with no visible people or activity on the beach. The focus",23;24;26;28;39;44;47;69;74;91;93;94;100;102;175;218;219;223;226;227;228;233;234;235;236;237;238;239;243;244;245;246;250;251;270;271;272;273;274;276;277;278;281;283;284;285;288;289;290;291;330;333;336;337;340;343;361;368;395;396;397;398;405;410,64,1
0fa75cb3-c4a0-4232-bdc4-15116ed39d88,Does the video show the subject entering a building?,No.,"No, the video does not show the subject entering a building.",23;24;28;39;44;47;69;74;91;93;94;100;102;175;218;223;225;226;227;228;233;234;235;236;237;238;239;243;244;245;246;250;270;271;272;273;274;276;277;278;281;283;284;285;288;289;290;291;308;322;330;333;336;337;340;343;361;368;395;396;397;398;405;410,64,1
0fa75cb3-c4a0-4232-bdc4-15116ed39d88,Is the subject interacting with other people in the video?,No.,"No, the subject is not interacting with other people in the video.",23;24;26;28;39;44;47;69;74;91;93;94;100;102;175;218;223;225;226;227;228;233;234;235;236;237;238;239;243;244;245;246;250;270;271;272;273;274;276;277;278;281;283;284;285;288;289;290;291;330;333;336;337;340;343;361;368;393;395;396;397;398;405;410,64,1
0fa75cb3-c4a0-4232-bdc4-15116ed39d88,Does the video capture the subject engaging in a sport?,No.,"No, the video does not capture the subject engaging in a sport.",23;24;26;28;39;44;47;69;74;87;91;93;94;100;102;175;218;219;223;226;227;228;233;234;235;236;237;238;239;243;244;245;246;250;251;270;271;272;273;274;276;277;278;281;283;284;285;288;289;290;291;330;333;336;337;340;343;361;395;396;397;398;405;410,64,1
0fa75cb3-c4a0-4232-bdc4-15116ed39d88,Is the subject seen leaving the field in the video?,Yes.,"No, the subject is not seen leaving the field in the video.",23;24;26;28;39;44;47;69;74;87;91;93;94;100;102;175;218;223;225;226;227;228;233;234;235;236;237;238;239;243;244;245;246;250;270;271;272;273;274;276;277;278;281;283;284;285;288;289;290;291;330;333;336;337;340;343;361;393;395;396;397;398;405;410,64,1
0fa75cb3-c4a0-4232-bdc4-15116ed39d88,Does the video show the subject at home?,"No, just heading home.",No.,23;24;26;28;39;44;47;69;74;91;93;94;100;102;175;218;219;223;225;226;227;228;233;234;235;236;237;238;239;243;244;245;246;250;270;271;272;273;274;276;277;278;281;283;284;285;288;289;290;291;330;333;336;337;340;343;361;368;395;396;397;398;405;410,64,1
0fa75cb3-c4a0-4232-bdc4-15116ed39d88,What is the location of the video clip?,The video clip is in a field with a walkway.,"The video clip is set in a coastal area with palm trees, a road, and a beach.",23;24;28;39;44;47;69;74;91;93;94;100;102;175;218;219;223;226;227;228;233;234;235;236;237;238;239;243;244;245;246;250;270;271;272;273;274;276;277;278;281;283;284;285;288;289;290;291;322;330;333;336;337;340;343;361;368;393;395;396;397;398;405;410,64,1
0fa75cb3-c4a0-4232-bdc4-15116ed39d88,What activity is shown in the video?,Walking on a walkway and looking around.,The video shows a person walking along a sidewalk next to a road.,23;24;28;39;44;47;69;74;91;93;94;100;102;175;218;219;223;226;227;228;233;234;235;236;237;238;239;243;244;245;246;250;270;271;272;273;274;276;277;278;281;283;284;285;288;289;290;291;322;330;333;336;337;340;343;361;368;393;395;396;397;398;405;410,64,1
0fa75cb3-c4a0-4232-bdc4-15116ed39d88,What time of day does the video depict?,The video depicts evening or dusk.,"The video depicts either dawn or dusk, as indicated by the soft, warm light and the long shadows cast by the palm trees and street lamps.",23;24;28;39;44;47;69;74;91;93;94;100;102;175;218;223;226;227;228;233;234;235;236;237;238;239;243;244;245;246;250;270;271;272;273;276;277;278;281;283;284;285;288;290;291;308;322;330;333;336;337;338;340;343;361;368;388;393;395;396;397;398;405;410,64,1
0fa75cb3-c4a0-4232-bdc4-15116ed39d88,What natural features can be seen in the video?,There is a body of water visible.,"Palm trees, a sandy beach, and a calm sea can be seen in the video.",23;24;28;39;44;47;69;74;87;91;93;94;100;102;175;218;223;225;226;227;228;233;234;235;236;237;238;239;243;244;245;246;250;270;271;272;273;276;277;278;281;283;284;285;288;290;291;322;330;333;336;337;340;343;361;368;388;393;395;396;397;398;405;410,64,1
0fa75cb3-c4a0-4232-bdc4-15116ed39d88,Does the person stop to observe a specific scene?,Yes.,"Yes, the person stops to observe a specific scene.",23;24;28;39;44;47;69;74;91;93;94;100;102;175;218;223;225;226;227;228;233;234;235;236;237;238;239;243;244;245;246;250;270;271;272;273;276;277;278;281;283;284;285;288;289;290;291;308;322;330;333;336;337;340;343;361;368;393;395;396;397;398;405;410,64,1
0fa75cb3-c4a0-4232-bdc4-15116ed39d88,"In the video, did I look at the scenes before walking on the field?",No,"Yes, you looked at the scenes before walking on the field.",23;24;26;28;39;44;47;69;74;91;93;94;100;102;175;218;219;223;225;226;227;228;233;234;235;236;237;238;239;243;244;245;246;250;270;271;272;273;274;276;277;278;281;283;284;285;288;289;290;291;330;333;336;337;340;343;360;361;395;396;397;398;405;410,64,1
0fa75cb3-c4a0-4232-bdc4-15116ed39d88,"In the video, was I indoors before going to the field?",No,"No, you were not indoors before going to the field. The video shows you walking on a sidewalk next to a road, passing by palm trees and buildings, and eventually reaching a field.",23;24;26;28;39;44;47;69;74;91;93;94;100;102;175;218;219;223;226;227;228;233;234;235;236;237;238;239;243;244;245;246;250;270;271;272;273;274;276;277;278;281;283;284;285;287;288;289;290;291;330;333;336;337;340;343;360;361;395;396;397;398;405;410,64,1
0fa75cb3-c4a0-4232-bdc4-15116ed39d88,What happened before I walked on the walkway in the video?,I was in the field,"Before you walked on the walkway in the video, you were standing on a paved area with a clear view of the surrounding environment. The sky was clear, suggesting it might be early morning or late afternoon. There were palm trees lining the walkway, and the area appeared to be a well-maintained public space with street lamps and a few vehicles parked in the distance. The walkway itself was empty, and there were no people visible in the immediate vicinity. The overall atmosphere was calm and serene, with no apparent activity or movement.",23;24;26;28;39;44;47;69;74;87;91;93;94;100;102;175;218;223;225;226;227;228;233;234;235;236;237;238;239;243;244;245;246;250;270;271;272;273;274;276;277;278;281;283;284;285;288;289;290;291;330;333;336;337;340;343;361;368;395;396;397;398;405;410,64,1
0fa75cb3-c4a0-4232-bdc4-15116ed39d88,What is depicted in the current frame?,It shows a sidewalk lined with palm trees and buildings.,"The current frame shows a wide, paved road with a clear sky above. On the left side of the road, there is a sidewalk with a row of palm trees, and on the right side, there is a grassy area with more palm trees. The road is lined with street lamps, and there are buildings visible in the distance. The setting appears to be a sunny day with a calm atmosphere, possibly in a suburban or resort area.",23;28;39;44;47;69;74;91;93;94;100;102;175;218;223;226;227;228;233;234;235;236;237;238;239;243;244;245;246;250;270;271;272;273;276;277;278;281;283;284;285;288;290;291;330;333;336;337;340;343;361;395;396;397;398;405;410;650;652;654;673;678;680;681,64,1
0fa75cb3-c4a0-4232-bdc4-15116ed39d88,What activity is taking place in these frames?,Walking along a residential sidewalk.,"The frames depict a tranquil urban scene with a focus on a road lined with palm trees and modern buildings. The sky is overcast, suggesting it might be early morning or late afternoon. There are no visible people or moving vehicles, which gives the scene a calm and serene atmosphere. The road appears to be a main thoroughfare with a median strip, and there are street lamps and traffic signs along the side. The architecture of the buildings suggests a contemporary design, possibly in a residential or commercial area. The palm trees are well-maintained, indicating a well-kept urban environment.",23;28;39;44;47;69;74;91;93;94;100;102;175;218;223;226;227;228;233;234;235;236;237;238;239;243;244;245;246;250;270;271;272;273;276;277;278;281;283;284;285;288;290;291;330;333;336;337;340;343;361;395;396;397;405;410;650;652;654;673;678;680;681;687,64,1
0fa75cb3-c4a0-4232-bdc4-15116ed39d88,Does this video show a busy city street?,No.,"No, the video does not show a busy city street. It shows a quiet, possibly residential area with a wide road, palm trees, and a few buildings. The streets are mostly empty, and there are no visible pedestrians or heavy traffic.",23;28;44;47;69;74;91;93;94;100;102;175;218;223;226;227;228;233;234;235;236;237;238;239;243;244;245;246;250;270;271;272;273;276;277;278;281;283;284;285;288;290;291;330;333;336;337;340;343;361;395;396;397;398;405;410;650;652;654;673;678;680;681;687,64,1
0fa75cb3-c4a0-4232-bdc4-15116ed39d88,Does the clip capture any interaction with people?,No.,"No, the clip does not capture any interaction with people.",23;28;39;44;47;69;74;91;93;94;100;102;175;218;223;226;227;228;233;234;235;236;237;238;239;243;244;245;246;250;270;271;272;273;276;277;278;281;283;284;285;288;290;291;330;333;336;337;340;343;361;395;396;397;398;405;410;650;652;654;673;678;680;681,64,1
0fa75cb3-c4a0-4232-bdc4-15116ed39d88,Is the person entering a building in this scene?,No.,no,23;28;39;44;47;69;74;91;93;94;100;102;175;218;223;226;227;228;233;234;235;236;237;238;239;243;244;245;246;250;270;271;272;273;276;277;278;281;283;284;285;288;290;291;330;333;336;337;340;343;361;395;396;397;405;410;650;652;654;673;678;680;681;687,64,1
0fa75cb3-c4a0-4232-bdc4-15116ed39d88,Was I in the field after walking on the walkway?,No.,"Yes, after walking on the walkway, you entered the field.",23;28;39;44;47;69;74;91;93;94;100;102;175;218;223;226;227;228;233;234;235;236;237;238;239;243;244;245;246;250;270;271;272;273;276;277;278;281;283;284;285;288;290;291;330;333;336;337;340;343;361;395;396;397;405;410;650;652;654;673;678;680;681;687,64,1
0fa75cb3-c4a0-4232-bdc4-15116ed39d88,Did I go home before looking at the scenes?,No.,"It seems like you've been describing a series of scenes, possibly from a video or a series of images, and you've asked if you went home before looking at those scenes. However, without more context, it's not possible for me to determine if you went home before looking at the scenes. If you're asking whether you went home before watching a video or viewing a series of images, the answer would depend on your actions leading up to that point. If you're asking if you went home before engaging with a specific scene or series of scenes, I would need more information to provide a definitive answer.",23;28;39;44;47;69;74;91;93;94;100;102;175;218;223;226;227;228;233;234;235;236;237;238;239;243;244;245;246;250;270;271;272;273;276;277;278;281;283;284;285;288;290;291;330;333;337;340;343;361;395;396;397;398;405;410;650;652;654;673;678;680;681;687,64,1
0fa75cb3-c4a0-4232-bdc4-15116ed39d88,What occurs just before I look at the scenes?,I walk on the walkway.,"The video begins with a view of a street lined with palm trees and modern buildings. The sky is clear, and the sun is low on the horizon, indicating either early morning or late evening. The street is empty, and there are no visible pedestrians or vehicles. The palm trees are tall and evenly spaced along the sidewalk, and the buildings have a contemporary architectural style with clean lines and minimal ornamentation. The street is well-maintained with a smooth surface and clear lane markings. The lighting suggests that the sun is either rising or setting, casting a warm glow over the scene.",23;28;39;44;47;69;74;91;93;94;100;102;175;218;223;226;227;228;233;234;235;236;237;238;239;243;244;245;246;250;270;271;272;273;276;277;278;281;283;284;285;288;290;291;330;333;337;340;343;361;395;396;397;398;405;410;650;652;654;673;678;680;681;687,64,1
0fa75cb3-c4a0-4232-bdc4-15116ed39d88,What do I do before walking on the walkway?,I am in the field.,"Before walking on the walkway, you should ensure that you are wearing appropriate footwear for walking, such as comfortable shoes or sandals, depending on the weather and the surface of the walkway. It's also a good idea to check the weather forecast to ensure it's safe and comfortable to be outdoors. If you're carrying any personal items, you might want to secure them in a bag or backpack to keep them safe while walking. Additionally, if you're in a public area, it's always a good idea to be aware of your surroundings and follow any posted signs or guidelines for the area.",23;28;44;47;69;74;91;93;94;100;102;175;218;223;226;227;228;233;234;235;236;237;238;239;243;244;245;246;250;270;271;272;273;276;277;278;281;283;284;285;288;290;291;330;333;336;337;340;343;361;395;396;397;398;405;410;650;652;654;673;678;680;681;687,64,1
0fa75cb3-c4a0-4232-bdc4-15116ed39d88,Did I walk on the field before looking at the scenes?,Yes,"No, you did not walk on the field before looking at the scenes. The scenes you described are part of a video walkthrough, and the actions are implied to be part of the video content rather than actual physical actions taken by someone.",23;28;39;44;47;69;74;91;93;94;100;102;175;218;223;226;227;228;233;234;235;236;237;238;239;243;244;245;246;250;270;271;272;273;276;277;278;281;283;284;285;288;290;291;330;333;336;337;340;343;361;395;396;397;405;410;650;652;654;673;678;680;681;687,64,1
0fa75cb3-c4a0-4232-bdc4-15116ed39d88,Is the walk on the walkway shown before going home in the video?,Yes,"Yes, the walk on the walkway shown before going home in the video is the first scene.",23;28;39;44;47;69;74;91;93;94;100;102;175;218;223;226;227;228;233;234;235;236;237;238;239;243;244;245;246;250;270;271;272;273;276;277;278;281;283;284;285;288;290;291;330;333;336;337;340;343;361;395;396;397;405;410;650;652;654;673;678;680;681;687,64,1
0fa75cb3-c4a0-4232-bdc4-15116ed39d88,"In the video, do we see walking through the walkways before walking on the field?",No,"Yes, the video shows walking through the walkways before walking on the field.",23;28;39;44;47;69;74;91;93;94;100;102;175;218;223;226;227;228;233;234;235;236;237;238;239;243;244;245;246;250;270;271;272;273;276;277;278;281;283;284;285;288;290;291;330;333;337;340;343;361;395;396;397;398;405;410;650;652;654;673;678;680;681;687,64,1
0fa75cb3-c4a0-4232-bdc4-15116ed39d88,Do I walk along the water before walking under the trees as shown in the clip?,Yes,"The video does not show you walking along the water before walking under the trees. It starts with a view of a road with palm trees on the side, and then it transitions to a view of a sidewalk with palm trees and a street lamp. The scene does not depict walking along the water.",23;28;39;44;47;69;91;93;94;100;102;175;218;223;226;227;228;233;234;235;236;237;238;239;243;244;245;246;250;270;271;272;273;276;277;278;281;283;284;285;288;290;291;330;333;336;337;340;343;361;395;396;397;398;405;410;650;652;654;673;678;680;681;687,64,1
0fa75cb3-c4a0-4232-bdc4-15116ed39d88,"In the video sequence, what occurs before walking on the field?",Being outdoors,"Before walking on the field, the video shows a person standing on the sidewalk, looking towards the field.",23;28;39;44;47;69;74;91;93;94;100;102;175;223;226;227;228;233;234;235;236;237;238;239;243;244;245;246;250;270;271;272;273;276;277;278;281;283;284;285;288;289;290;291;330;333;337;340;343;361;395;396;397;398;405;410;650;652;654;673;678;680;681;687,64,1
0fa75cb3-c4a0-4232-bdc4-15116ed39d88,What event takes place before walking under the trees in the clip?,Walking along the water,"Before walking under the trees in the clip, the event that takes place is riding a bicycle on the road.",23;28;39;44;47;69;74;91;93;94;100;102;175;218;223;226;227;228;233;234;235;236;237;238;239;243;244;245;246;250;270;271;272;273;276;277;278;281;283;284;285;288;290;291;330;333;336;337;340;343;361;395;396;397;405;410;650;652;654;673;678;680;681;687,64,1
0fa75cb3-c4a0-4232-bdc4-15116ed39d88,What is the setting of the scenario seen in the video?,A residential area with palm trees and walkways.,"The setting of the scenario seen in the video is a coastal area with palm trees, a paved road, and a clear sky.",23;28;47;91;93;100;102;175;226;227;233;234;235;236;237;238;243;246;250;270;271;272;273;276;277;278;281;283;284;285;288;290;291;330;333;337;340;343;361;395;397;405;410;650;652;654;673;678;680;711;712;713;716;717;719;722;725;744;751;753;790;806;813;815,64,1
0fa75cb3-c4a0-4232-bdc4-15116ed39d88,What can be seen in the background of the video frame?,"Houses, streetlights, and a clear sky.","In the background of the video frame, there is a clear sky with a gradient from light to dark blue, indicating either early morning or late evening.",23;28;44;47;91;93;100;102;175;226;227;233;234;235;236;237;238;243;246;270;271;272;276;277;278;281;283;284;285;288;290;291;330;333;337;343;361;395;397;405;410;650;652;654;673;678;680;711;712;713;716;717;719;722;725;744;751;753;790;793;806;813;815;818,64,1
0fa75cb3-c4a0-4232-bdc4-15116ed39d88,What are the dominant features of the environment in this clip?,"Landscaped pathways, streetlamps, and tropical foliage.","The dominant features of the environment in this clip are palm trees, street lamps, and a clear sky.",23;28;47;91;93;100;102;175;226;227;233;234;235;236;237;238;243;246;250;270;271;272;273;276;277;278;281;283;284;285;288;290;291;330;333;337;340;343;361;395;397;405;410;650;652;654;673;678;680;711;712;713;716;717;719;722;725;744;751;753;790;806;813;815,64,1
0fa75cb3-c4a0-4232-bdc4-15116ed39d88,Can you characterize the location shown in the video?,A well-maintained suburban neighborhood.,"The video shows a well-maintained urban area with a wide, clean road that runs parallel to a landscaped area with palm trees and other greenery. The road is lined with street lamps and there are sidewalks on both sides. The area appears to be a residential or possibly a commercial district, given the presence of buildings in the background. The sky is overcast, suggesting it might be early morning or late afternoon. The overall atmosphere is calm and serene, with no visible traffic or pedestrians. The architecture of the buildings and the style of the street lamps suggest a modern, possibly affluent neighborhood.",23;28;44;47;91;93;100;102;175;226;227;233;234;235;236;237;238;243;246;250;270;271;272;273;276;277;278;281;283;284;285;288;290;291;330;333;337;343;361;395;397;405;410;650;652;654;673;678;680;711;712;713;716;717;719;722;725;744;751;753;790;806;813;815,64,1
0fa75cb3-c4a0-4232-bdc4-15116ed39d88,What action is being undertaken in the new frames?,Walking along a residential street.,"The new frames depict a view of a road with palm trees on the side, a sidewalk, and a clear sky. There are street lamps and a few buildings in the background. The road appears to be empty, and the lighting suggests it might be early morning or late afternoon. The focus is on the natural scenery and the urban environment, with no specific action being undertaken.",23;28;47;69;91;93;100;102;175;226;227;233;234;235;236;237;238;243;246;250;270;271;272;273;276;278;281;283;284;285;288;290;291;330;333;337;340;343;361;395;397;405;410;650;652;654;673;678;680;711;712;713;716;717;719;722;725;744;751;753;790;806;813;815,64,1
0fa75cb3-c4a0-4232-bdc4-15116ed39d88,Is there any sign of wildlife in the frames provided?,No.,"No, there is no sign of wildlife in the frames provided.",23;28;44;47;91;93;100;102;175;223;226;227;233;234;235;236;237;238;243;246;270;271;272;276;277;278;281;283;284;285;288;290;291;330;333;337;340;343;361;395;397;405;410;650;652;654;673;678;680;711;712;713;716;717;719;722;725;744;751;753;790;806;813;815,64,1
0fa75cb3-c4a0-4232-bdc4-15116ed39d88,Did the person in the video use any transportation other than walking?,No.,"Yes, the person in the video used a bicycle for transportation.",23;28;44;47;91;93;100;102;175;226;227;233;234;235;236;237;238;243;244;246;270;271;272;276;277;278;281;283;284;285;288;290;291;330;333;337;343;361;395;397;405;410;650;652;654;673;678;680;681;711;712;713;716;717;719;722;725;744;751;753;790;806;813;815,64,1
0fa75cb3-c4a0-4232-bdc4-15116ed39d88,Does the footage include any sporting activities?,No.,"No, the footage does not include any sporting activities.",23;28;47;69;91;93;100;102;175;226;227;233;234;235;236;237;238;243;246;250;270;271;272;273;276;277;278;281;283;284;285;288;290;291;330;333;337;340;343;361;395;397;405;410;650;652;654;673;678;680;712;713;716;717;719;722;725;744;751;753;790;806;813;815,64,1
0fa75cb3-c4a0-4232-bdc4-15116ed39d88,"Is the person in the video engaging with the environment, like sitting or touching?",No.,"No, the person in the video is not engaging with the environment in a way that suggests sitting or touching.",23;28;47;69;91;93;100;102;175;226;227;233;234;235;236;237;238;243;246;250;270;271;272;273;276;278;281;283;284;285;288;290;291;330;333;337;340;343;361;395;397;405;410;650;652;654;673;678;680;711;712;713;716;717;719;722;725;744;751;753;790;806;813;815,64,1
0fa75cb3-c4a0-4232-bdc4-15116ed39d88,Did I tour the park before walking on the walkways?,Yes,"It seems like you've been describing a tour of a park or a similar outdoor area, but you haven't explicitly mentioned walking on the walkways. You've mentioned various elements of the park such as the landscape, the lighting, and the overall atmosphere, but there's no direct mention of walking on the walkways. If you did walk on the walkways, it would typically be the last part of the tour, as it would involve exploring the paths and enjoying the scenery from a closer perspective.",23;28;44;47;91;93;100;102;175;226;227;233;234;235;236;237;238;243;246;250;270;271;272;273;276;278;281;283;284;285;288;290;291;330;333;337;343;361;395;397;405;410;650;652;654;673;678;680;711;712;713;716;717;719;722;725;743;744;751;753;790;806;813;815,64,1
0fa75cb3-c4a0-4232-bdc4-15116ed39d88,What do I do before touring the park?,"Nothing, it is the first activity","Before touring the park, you should ensure you have a clear understanding of the park's layout and any specific rules or guidelines for visitors. This might include checking the park's website or visitor information for details on hours of operation, entry fees, prohibited activities, and any special events or closures. Additionally, it's a good idea to plan your route, considering the distance and time you have available, and to bring any necessary items such as water, sunscreen, and comfortable clothing. If you're planning to rent a bike or take a guided tour, make sure to book in advance as these services may have limited availability. Lastly, familiarize yourself with the park's emergency procedures and the location of first aid stations or other emergency services.",23;28;44;47;91;93;100;102;175;223;226;227;233;234;235;236;237;238;243;244;246;270;271;272;276;278;281;283;284;285;288;290;291;330;333;337;340;343;361;395;397;405;410;650;652;654;673;678;680;711;712;713;716;717;719;722;725;744;751;753;790;806;813;815,64,1
0fa75cb3-c4a0-4232-bdc4-15116ed39d88,Did I walk through the park before going home?,Yes,"It seems like you've been describing a journey through a park and a residential area, but you haven't explicitly mentioned walking through a park before going home. Based on the information provided, it appears you might have been walking along a path or street, but not necessarily through a park. If you could provide more details or clarify your question, I'd be happy to help further!",23;28;44;47;91;93;100;102;175;223;226;227;233;234;235;236;237;238;243;246;270;271;272;276;278;281;283;284;285;288;290;291;330;333;337;340;343;361;395;397;405;410;650;652;654;673;678;680;711;712;713;716;717;719;722;725;743;744;751;753;790;806;813;815,64,1
0fa75cb3-c4a0-4232-bdc4-15116ed39d88,What environment is depicted in this video clip?,"An outdoor, paved area with street lamps.","The video clip depicts a coastal urban environment during what appears to be either dawn or dusk, given the soft lighting and long shadows. The setting includes a wide, paved road with street lamps, palm trees, and a sidewalk. There are buildings with traditional architectural features, such as arched windows and flat roofs, which suggest a location in a region with a warm climate. The area is well-maintained with landscaped gardens and a clear, open space that could be a park or promenade. The sky is overcast, and the overall atmosphere is calm and serene.",23;28;47;91;93;100;102;175;226;227;233;234;235;236;237;238;246;250;270;271;272;273;276;278;281;283;284;285;288;290;291;330;333;337;340;343;361;397;405;410;650;652;654;673;678;680;712;713;716;717;719;722;725;744;751;753;790;806;813;815;829;830;835;899,64,1
0fa75cb3-c4a0-4232-bdc4-15116ed39d88,What action am I performing in this clip?,Walking on a pavement outdoors.,"In the clip, you are riding a bicycle. The video shows a first-person perspective of cycling along a road lined with palm trees and street lamps. The environment suggests a calm, possibly early morning or late afternoon setting, with the sky showing a gradient of colors that could indicate either sunrise or sunset. The road appears to be in a residential or park area, given the presence of well-maintained landscaping and the absence of heavy traffic.",23;28;47;91;93;100;102;175;226;227;233;234;235;236;237;238;246;250;270;271;272;273;276;278;281;283;284;285;288;290;291;330;333;337;343;361;395;397;405;410;650;652;654;673;678;680;712;713;716;717;719;722;725;744;751;753;790;806;813;815;829;830;835;899,64,1
0fa75cb3-c4a0-4232-bdc4-15116ed39d88,Do I interact with anyone in this video clip?,No.,"No, there is no interaction with anyone in this video clip. The video shows a series of scenes from a street view, including palm trees, street lamps, and a sidewalk, with no people visible.",23;28;47;91;93;100;102;175;226;227;233;234;235;236;237;238;243;246;250;270;271;272;273;276;278;281;283;284;285;288;290;291;330;337;340;343;361;397;405;410;650;652;654;673;678;680;712;713;716;717;719;722;725;744;751;753;790;806;813;815;829;830;835;899,64,1
0fa75cb3-c4a0-4232-bdc4-15116ed39d88,What is the setting of this video clip?,The setting is an outdoor pavement in a residential area.,"The setting of the video clip is a coastal area with a wide, paved road running parallel to a sandy beach. The road is lined with palm trees and street lamps, and there are buildings with traditional architecture in the background. The sky is overcast, and the lighting suggests it could be either dawn or dusk.",23;28;47;91;93;100;102;175;226;227;233;234;235;236;237;238;243;246;250;270;271;272;273;276;278;281;283;284;285;288;290;291;330;333;337;343;361;397;405;410;650;652;654;673;678;680;711;712;713;717;719;722;725;744;751;753;790;806;813;815;829;830;835;899,64,1
0fa75cb3-c4a0-4232-bdc4-15116ed39d88,What time of day is depicted in this frame?,It appears to be twilight or early evening.,"The time of day depicted in this frame is dusk, as indicated by the soft, warm light and the long shadows cast by the palm trees and street lamps.",23;28;47;91;93;100;102;175;226;227;233;234;235;236;237;238;243;246;270;271;272;276;281;283;284;285;288;290;291;330;333;337;340;343;361;397;405;410;650;652;654;673;678;680;711;712;713;716;717;719;722;725;744;751;753;790;806;813;815;829;830;835;847;899,64,1
0fa75cb3-c4a0-4232-bdc4-15116ed39d88,What elements indicate that this is a residential area?,The presence of housing structures and lack of commercial signs.,"The presence of well-maintained sidewalks, street lamps, and the absence of commercial signage or heavy traffic suggest that this is a residential area.",23;28;47;91;93;100;102;175;226;227;233;234;235;236;237;238;243;246;250;270;271;272;273;276;278;281;283;284;285;288;290;291;330;333;337;343;361;397;405;410;650;652;654;673;678;680;712;713;716;717;719;722;725;744;751;753;790;806;813;815;829;830;835;899,64,1
0fa75cb3-c4a0-4232-bdc4-15116ed39d88,What type of path is the person on in the video?,The person is on a paved walkway.,The person is on a paved path.,23;28;47;91;93;100;102;175;226;227;233;234;235;236;237;238;243;246;270;271;272;276;278;281;283;284;285;288;290;291;330;333;337;343;361;395;397;405;410;650;652;654;673;678;680;711;712;713;717;719;722;725;744;751;753;790;806;813;815;829;830;835;847;899,64,1
0fa75cb3-c4a0-4232-bdc4-15116ed39d88,Does the scene suggest a leisurely or rushed pace?,The scene suggests a leisurely pace.,The scene suggests a leisurely pace.,23;28;47;91;93;100;102;175;226;227;233;234;235;236;237;238;243;246;270;271;272;273;276;278;281;283;284;285;288;290;291;330;333;337;340;343;361;397;405;410;650;652;654;673;678;680;712;713;716;717;719;722;725;744;751;753;790;806;813;815;829;830;835;899,64,1
0fa75cb3-c4a0-4232-bdc4-15116ed39d88,Does the person interact with any objects in the scene?,No.,"No, the person does not interact with any objects in the scene.",23;28;47;91;93;100;102;175;226;227;233;234;235;236;237;238;243;246;270;271;272;273;276;278;281;283;284;285;288;290;291;330;333;337;340;343;361;397;405;410;650;652;654;673;678;680;712;713;717;719;722;725;744;751;753;790;806;813;815;829;830;835;847;899,64,1
0fa75cb3-c4a0-4232-bdc4-15116ed39d88,Is the person traveling with someone else?,No.,"No, the person is traveling alone.",23;28;47;69;91;93;100;102;175;226;227;233;234;235;236;237;238;246;250;270;271;272;273;276;278;281;283;284;285;288;290;291;330;333;337;340;343;361;397;405;410;650;652;654;673;678;680;712;713;716;717;719;722;725;744;751;753;790;806;815;829;830;835;899,64,1
0fa75cb3-c4a0-4232-bdc4-15116ed39d88,Does the video capture any animals in the scene?,No.,"No, the video does not capture any animals in the scene.",23;28;47;91;93;100;102;175;226;227;233;234;235;236;237;238;243;246;250;270;271;272;273;276;278;281;283;284;285;288;290;291;330;333;337;340;343;361;397;405;410;650;652;654;673;678;680;712;713;719;722;725;744;751;753;790;806;813;815;829;830;835;847;899,64,1
0fa75cb3-c4a0-4232-bdc4-15116ed39d88,Does the individual seem to be lost or searching for directions?,No.,"No, the individual does not seem to be lost or searching for directions.",23;28;47;69;91;93;100;102;175;226;227;233;234;235;236;237;238;243;246;270;271;272;276;281;283;284;285;288;290;291;330;333;337;343;361;395;397;405;410;650;652;654;673;678;680;712;713;716;717;719;722;725;744;751;753;790;806;813;815;829;830;835;847;899,64,1
